/*
 * Copyright (c) 2025 CTCaer, Asa
 *
 * This program is free software; you can redistribute it and/or modify it
 * under the terms and conditions of the GNU General Public License,
 * version 2, as published by the Free Software Foundation.
 *
 * This program is distributed in the hope it will be useful, but WITHOUT
 * ANY WARRANTY; without even the implied warranty of MERCHANTABILITY or
 * FITNESS FOR A PARTICULAR PURPOSE.  See the GNU General Public License for
 * more details.
 *
 * You should have received a copy of the GNU General Public License
 * along with this program.  If not, see <http://www.gnu.org/licenses/>.
 */

#include "../lv_misc/lv_font.h"

#include <memory_map.h>

#if USE_INTERUI_20 != 0	/*Can be enabled in lv_conf.h*/

/***********************************************************************************
 * font/NotoSansKR-Bold.ttf 21 px Font in U+0020 ( ) .. U+ff54 (ｔ)  range with 8 bpp
 * Sparse font with only these characters:  !"#$%&'()*+,-./0123456789:;<=>?@ABCDEFGHIJKLMNOPQRSTUVWXYZ[\]^_`abcdefghijklmnopqrstuvwxyz{|}~°·×è℃ⒶⒷⒹⒻⓁⓂⓅⓊ　가간갑개거건게결경고과구권그금기까꺼나내낸너녹눅는능니다당대더데도돌동되된됨됩두뒤듈드든등딩뛰량런레려력로료류륨를리린링마만맷메며면모목뮤뮬미및바반방배백버범변별보복본볼부분브블사상생샷서선설성세섹션소손송수스습시신십쓰아안않앨어업없었에여연오와완외요용우운원월웨위유으은을의이인일읽임입있자작장재저적전정제조종주중즉지진처체초최충치카커케콘크킵택터텀템토톡통투트튼티팅파판펌페포폴표필하한할합해행현형호혹홈화확활후ＨＬＵ
***********************************************************************************/

/*Store the image of the letters (glyph)*/
static const uint8_t interui_20_glyph_bitmap[] =
{
#if USE_INTERUI_20 == 8
  /*Unicode: U+0020 ( ) , Width: 6 */
  0x00, 0x00, 0x00, 0x00, 0x00, 0x00,  //...... 
  0x00, 0x00, 0x00, 0x00, 0x00, 0x00,  //...... 
  0x00, 0x00, 0x00, 0x00, 0x00, 0x00,  //...... 
  0x00, 0x00, 0x00, 0x00, 0x00, 0x00,  //...... 
  0x00, 0x00, 0x00, 0x00, 0x00, 0x00,  //...... 
  0x00, 0x00, 0x00, 0x00, 0x00, 0x00,  //...... 
  0x00, 0x00, 0x00, 0x00, 0x00, 0x00,  //...... 
  0x00, 0x00, 0x00, 0x00, 0x00, 0x00,  //...... 
  0x00, 0x00, 0x00, 0x00, 0x00, 0x00,  //...... 
  0x00, 0x00, 0x00, 0x00, 0x00, 0x00,  //...... 
  0x00, 0x00, 0x00, 0x00, 0x00, 0x00,  //...... 
  0x00, 0x00, 0x00, 0x00, 0x00, 0x00,  //...... 
  0x00, 0x00, 0x00, 0x00, 0x00, 0x00,  //...... 
  0x00, 0x00, 0x00, 0x00, 0x00, 0x00,  //...... 
  0x00, 0x00, 0x00, 0x00, 0x00, 0x00,  //...... 
  0x00, 0x00, 0x00, 0x00, 0x00, 0x00,  //...... 
  0x00, 0x00, 0x00, 0x00, 0x00, 0x00,  //...... 
  0x00, 0x00, 0x00, 0x00, 0x00, 0x00,  //...... 
  0x00, 0x00, 0x00, 0x00, 0x00, 0x00,  //...... 
  0x00, 0x00, 0x00, 0x00, 0x00, 0x00,  //...... 
  0x00, 0x00, 0x00, 0x00, 0x00, 0x00,  //...... 


  /*Unicode: U+0021 (!) , Width: 4 */
  0x00, 0x00, 0x00, 0x00,  //.... 
  0x00, 0x00, 0x00, 0x00,  //.... 
  0x00, 0x00, 0x00, 0x00,  //.... 
  0x00, 0x00, 0x00, 0x00,  //.... 
  0x20, 0x6a, 0x5e, 0x00,  //.++. 
  0x4c, 0xff, 0xda, 0x00,  //+@@. 
  0x44, 0xff, 0xd0, 0x00,  //+@@. 
  0x36, 0xff, 0xc2, 0x00,  //.@@. 
  0x28, 0xff, 0xb4, 0x00,  //.@%. 
  0x18, 0xff, 0xa6, 0x00,  //.@%. 
  0x08, 0xff, 0x96, 0x00,  //.@%. 
  0x00, 0xfa, 0x88, 0x00,  //.@%. 
  0x00, 0x32, 0x1a, 0x00,  //.... 
  0x16, 0x98, 0x62, 0x00,  //.%+. 
  0x86, 0xff, 0xfc, 0x12,  //%@@. 
  0x5a, 0xff, 0xdc, 0x04,  //+@@. 
  0x00, 0x20, 0x0a, 0x00,  //.... 
  0x00, 0x00, 0x00, 0x00,  //.... 
  0x00, 0x00, 0x00, 0x00,  //.... 
  0x00, 0x00, 0x00, 0x00,  //.... 
  0x00, 0x00, 0x00, 0x00,  //.... 


  /*Unicode: U+0022 (") , Width: 7 */
  0x00, 0x00, 0x00, 0x00, 0x00, 0x00, 0x00,  //....... 
  0x00, 0x00, 0x00, 0x00, 0x00, 0x00, 0x00,  //....... 
  0x00, 0x00, 0x00, 0x00, 0x00, 0x00, 0x00,  //....... 
  0x00, 0x00, 0x00, 0x00, 0x00, 0x00, 0x00,  //....... 
  0x76, 0xae, 0x5e, 0x00, 0xa2, 0xae, 0x32,  //+%+.%%. 
  0xa6, 0xff, 0x82, 0x00, 0xe6, 0xff, 0x42,  //%@%.@@+ 
  0x98, 0xff, 0x74, 0x00, 0xd8, 0xff, 0x34,  //%@+.@@. 
  0x78, 0xff, 0x54, 0x00, 0xb8, 0xff, 0x14,  //+@+.%@. 
  0x56, 0xff, 0x30, 0x00, 0x96, 0xf0, 0x00,  //+@..%@. 
  0x22, 0x9e, 0x0c, 0x00, 0x4a, 0x84, 0x00,  //.%..+%. 
  0x00, 0x00, 0x00, 0x00, 0x00, 0x00, 0x00,  //....... 
  0x00, 0x00, 0x00, 0x00, 0x00, 0x00, 0x00,  //....... 
  0x00, 0x00, 0x00, 0x00, 0x00, 0x00, 0x00,  //....... 
  0x00, 0x00, 0x00, 0x00, 0x00, 0x00, 0x00,  //....... 
  0x00, 0x00, 0x00, 0x00, 0x00, 0x00, 0x00,  //....... 
  0x00, 0x00, 0x00, 0x00, 0x00, 0x00, 0x00,  //....... 
  0x00, 0x00, 0x00, 0x00, 0x00, 0x00, 0x00,  //....... 
  0x00, 0x00, 0x00, 0x00, 0x00, 0x00, 0x00,  //....... 
  0x00, 0x00, 0x00, 0x00, 0x00, 0x00, 0x00,  //....... 
  0x00, 0x00, 0x00, 0x00, 0x00, 0x00, 0x00,  //....... 
  0x00, 0x00, 0x00, 0x00, 0x00, 0x00, 0x00,  //....... 


  /*Unicode: U+0023 (#) , Width: 9 */
  0x00, 0x00, 0x00, 0x00, 0x00, 0x00, 0x00, 0x00, 0x00,  //......... 
  0x00, 0x00, 0x00, 0x00, 0x00, 0x00, 0x00, 0x00, 0x00,  //......... 
  0x00, 0x00, 0x00, 0x00, 0x00, 0x00, 0x00, 0x00, 0x00,  //......... 
  0x00, 0x00, 0x00, 0x00, 0x00, 0x00, 0x00, 0x00, 0x00,  //......... 
  0x00, 0x00, 0x00, 0x0e, 0x00, 0x00, 0x0e, 0x04, 0x00,  //......... 
  0x00, 0x00, 0x3c, 0xff, 0x0c, 0x06, 0xfc, 0x40, 0x00,  //...@..@+. 
  0x00, 0x00, 0x5c, 0xee, 0x00, 0x26, 0xff, 0x22, 0x00,  //..+@..@.. 
  0x00, 0x2a, 0x90, 0xda, 0x2a, 0x64, 0xff, 0x32, 0x0e,  //..%@.+@.. 
  0x0e, 0xff, 0xff, 0xff, 0xff, 0xff, 0xff, 0xff, 0x56,  //.@@@@@@@+ 
  0x02, 0x3e, 0xce, 0xa8, 0x3e, 0xaa, 0xd2, 0x3e, 0x14,  //..@%.%@.. 
  0x00, 0x00, 0xda, 0x6e, 0x00, 0xaa, 0xa6, 0x00, 0x00,  //..@+.%%.. 
  0x48, 0xae, 0xf8, 0xca, 0xae, 0xea, 0xdc, 0xae, 0x00,  //+%@@%@@%. 
  0x50, 0xc8, 0xff, 0xca, 0xbe, 0xfc, 0xd6, 0xbe, 0x00,  //+@@@%@@%. 
  0x00, 0x36, 0xff, 0x16, 0x06, 0xfc, 0x48, 0x00, 0x00,  //..@..@+.. 
  0x00, 0x54, 0xf6, 0x00, 0x22, 0xff, 0x2a, 0x00, 0x00,  //.+@..@... 
  0x00, 0x74, 0xda, 0x00, 0x40, 0xff, 0x0c, 0x00, 0x00,  //.+@.+@... 
  0x00, 0x00, 0x00, 0x00, 0x00, 0x00, 0x00, 0x00, 0x00,  //......... 
  0x00, 0x00, 0x00, 0x00, 0x00, 0x00, 0x00, 0x00, 0x00,  //......... 
  0x00, 0x00, 0x00, 0x00, 0x00, 0x00, 0x00, 0x00, 0x00,  //......... 
  0x00, 0x00, 0x00, 0x00, 0x00, 0x00, 0x00, 0x00, 0x00,  //......... 
  0x00, 0x00, 0x00, 0x00, 0x00, 0x00, 0x00, 0x00, 0x00,  //......... 


  /*Unicode: U+0024 ($) , Width: 8 */
  0x00, 0x00, 0x00, 0x00, 0x00, 0x00, 0x00, 0x00,  //........ 
  0x00, 0x00, 0x00, 0x00, 0x00, 0x00, 0x00, 0x00,  //........ 
  0x00, 0x00, 0x00, 0x00, 0x00, 0x00, 0x00, 0x00,  //........ 
  0x00, 0x00, 0x00, 0x36, 0xae, 0x1c, 0x00, 0x00,  //....%... 
  0x00, 0x00, 0x00, 0x4e, 0xff, 0x2a, 0x00, 0x00,  //...+@... 
  0x00, 0x00, 0x74, 0xff, 0xff, 0xff, 0x7e, 0x02,  //..+@@@+. 
  0x00, 0x66, 0xff, 0xfa, 0xd0, 0xf2, 0xff, 0x66,  //.+@@@@@+ 
  0x00, 0xc2, 0xff, 0x64, 0x00, 0x08, 0x6a, 0x00,  //.@@+..+. 
  0x00, 0xc2, 0xff, 0x76, 0x00, 0x00, 0x00, 0x00,  //.@@+.... 
  0x00, 0x68, 0xff, 0xfc, 0x9a, 0x1c, 0x00, 0x00,  //.+@@%... 
  0x00, 0x00, 0x70, 0xf2, 0xff, 0xf8, 0x78, 0x00,  //..+@@@+. 
  0x00, 0x00, 0x00, 0x16, 0x9c, 0xff, 0xff, 0x64,  //....%@@+ 
  0x00, 0x00, 0x00, 0x00, 0x00, 0x8a, 0xff, 0xb8,  //.....%@% 
  0x00, 0x48, 0x24, 0x00, 0x00, 0x64, 0xff, 0xbc,  //.+...+@% 
  0x14, 0xee, 0xf6, 0xb0, 0xa2, 0xf0, 0xff, 0x6a,  //.@@%%@@+ 
  0x00, 0x66, 0xdc, 0xff, 0xff, 0xff, 0x8c, 0x00,  //.+@@@@%. 
  0x00, 0x00, 0x00, 0x6c, 0xff, 0x36, 0x00, 0x00,  //...+@... 
  0x00, 0x00, 0x00, 0x42, 0xda, 0x24, 0x00, 0x00,  //...+@... 
  0x00, 0x00, 0x00, 0x00, 0x00, 0x00, 0x00, 0x00,  //........ 
  0x00, 0x00, 0x00, 0x00, 0x00, 0x00, 0x00, 0x00,  //........ 
  0x00, 0x00, 0x00, 0x00, 0x00, 0x00, 0x00, 0x00,  //........ 


  /*Unicode: U+0025 (%) , Width: 14 */
  0x00, 0x00, 0x00, 0x00, 0x00, 0x00, 0x00, 0x00, 0x00, 0x00, 0x00, 0x00, 0x00, 0x00,  //.............. 
  0x00, 0x00, 0x00, 0x00, 0x00, 0x00, 0x00, 0x00, 0x00, 0x00, 0x00, 0x00, 0x00, 0x00,  //.............. 
  0x00, 0x00, 0x00, 0x00, 0x00, 0x00, 0x00, 0x00, 0x00, 0x00, 0x00, 0x00, 0x00, 0x00,  //.............. 
  0x00, 0x00, 0x00, 0x00, 0x00, 0x00, 0x00, 0x00, 0x00, 0x00, 0x00, 0x00, 0x00, 0x00,  //.............. 
  0x00, 0x00, 0x2c, 0x42, 0x06, 0x00, 0x00, 0x00, 0x00, 0x26, 0x3e, 0x00, 0x00, 0x00,  //...+.......... 
  0x00, 0x98, 0xff, 0xfa, 0xdc, 0x1a, 0x00, 0x00, 0x00, 0xd4, 0x76, 0x00, 0x00, 0x00,  //.%@@@....@+... 
  0x36, 0xff, 0x68, 0x1a, 0xf2, 0x96, 0x00, 0x00, 0x5e, 0xe4, 0x08, 0x00, 0x00, 0x00,  //.@+.@%..+@.... 
  0x72, 0xff, 0x14, 0x00, 0xba, 0xd2, 0x00, 0x04, 0xde, 0x68, 0x00, 0x00, 0x00, 0x00,  //+@..%@..@+.... 
  0x7a, 0xff, 0x0c, 0x00, 0xb2, 0xda, 0x00, 0x6a, 0xdc, 0x04, 0x00, 0x00, 0x00, 0x00,  //+@..%@.+@..... 
  0x56, 0xff, 0x34, 0x00, 0xda, 0xb6, 0x08, 0xe6, 0x5c, 0x28, 0xae, 0xca, 0x76, 0x00,  //+@..@%.@+.%@+. 
  0x0a, 0xe0, 0xd4, 0xac, 0xff, 0x4c, 0x76, 0xd4, 0x0c, 0xe2, 0xce, 0x88, 0xfc, 0x6e,  //.@@%@++@.@@%@+ 
  0x00, 0x20, 0x96, 0xaa, 0x50, 0x0e, 0xec, 0x50, 0x4e, 0xff, 0x3e, 0x00, 0xba, 0xd0,  //..%%+.@++@..%@ 
  0x00, 0x00, 0x00, 0x00, 0x00, 0x82, 0xca, 0x00, 0x6c, 0xff, 0x20, 0x00, 0x9c, 0xf0,  //.....%@.+@..%@ 
  0x00, 0x00, 0x00, 0x00, 0x14, 0xf2, 0x44, 0x00, 0x5e, 0xff, 0x2e, 0x00, 0xaa, 0xe0,  //.....@+.+@..%@ 
  0x00, 0x00, 0x00, 0x00, 0x8e, 0xbe, 0x00, 0x00, 0x1e, 0xfa, 0x92, 0x2a, 0xec, 0x9a,  //....%%...@%.@% 
  0x00, 0x00, 0x00, 0x1c, 0xf6, 0x38, 0x00, 0x00, 0x00, 0x6e, 0xf8, 0xff, 0xd2, 0x18,  //....@....+@@@. 
  0x00, 0x00, 0x00, 0x12, 0x2e, 0x00, 0x00, 0x00, 0x00, 0x00, 0x12, 0x28, 0x00, 0x00,  //.............. 
  0x00, 0x00, 0x00, 0x00, 0x00, 0x00, 0x00, 0x00, 0x00, 0x00, 0x00, 0x00, 0x00, 0x00,  //.............. 
  0x00, 0x00, 0x00, 0x00, 0x00, 0x00, 0x00, 0x00, 0x00, 0x00, 0x00, 0x00, 0x00, 0x00,  //.............. 
  0x00, 0x00, 0x00, 0x00, 0x00, 0x00, 0x00, 0x00, 0x00, 0x00, 0x00, 0x00, 0x00, 0x00,  //.............. 
  0x00, 0x00, 0x00, 0x00, 0x00, 0x00, 0x00, 0x00, 0x00, 0x00, 0x00, 0x00, 0x00, 0x00,  //.............. 


  /*Unicode: U+0026 (&) , Width: 11 */
  0x00, 0x00, 0x00, 0x00, 0x00, 0x00, 0x00, 0x00, 0x00, 0x00, 0x00,  //........... 
  0x00, 0x00, 0x00, 0x00, 0x00, 0x00, 0x00, 0x00, 0x00, 0x00, 0x00,  //........... 
  0x00, 0x00, 0x00, 0x00, 0x00, 0x00, 0x00, 0x00, 0x00, 0x00, 0x00,  //........... 
  0x00, 0x00, 0x00, 0x00, 0x00, 0x00, 0x00, 0x00, 0x00, 0x00, 0x00,  //........... 
  0x00, 0x00, 0x00, 0x12, 0x44, 0x2c, 0x00, 0x00, 0x00, 0x00, 0x00,  //....+...... 
  0x00, 0x00, 0x4e, 0xf4, 0xff, 0xff, 0xa2, 0x00, 0x00, 0x00, 0x00,  //..+@@@%.... 
  0x00, 0x04, 0xec, 0xea, 0x40, 0xa6, 0xff, 0x30, 0x00, 0x00, 0x00,  //..@@+%@.... 
  0x00, 0x1e, 0xff, 0xb0, 0x00, 0x7c, 0xff, 0x40, 0x00, 0x00, 0x00,  //..@%.+@+... 
  0x00, 0x06, 0xf6, 0xdc, 0x52, 0xf2, 0xd4, 0x04, 0x00, 0x00, 0x00,  //..@@+@@.... 
  0x00, 0x00, 0xc0, 0xff, 0xff, 0xd4, 0x1e, 0x00, 0x10, 0x32, 0x20,  //..@@@@..... 
  0x00, 0x46, 0xff, 0xff, 0xff, 0x34, 0x00, 0x00, 0x96, 0xff, 0x68,  //.+@@@...%@+ 
  0x22, 0xf2, 0xfc, 0xc6, 0xff, 0xe6, 0x26, 0x0c, 0xf0, 0xf0, 0x0c,  //.@@@@@..@@. 
  0x78, 0xff, 0xa6, 0x00, 0x84, 0xff, 0xea, 0xf0, 0xff, 0x84, 0x00,  //+@%.%@@@@%. 
  0x7c, 0xff, 0xba, 0x00, 0x00, 0x84, 0xff, 0xff, 0xff, 0x1e, 0x00,  //+@%..%@@@.. 
  0x2c, 0xfa, 0xff, 0xb8, 0x88, 0xcc, 0xff, 0xff, 0xff, 0xf6, 0x82,  //.@@%%@@@@@% 
  0x00, 0x52, 0xe6, 0xff, 0xff, 0xf4, 0x9e, 0x2a, 0x92, 0xec, 0x76,  //.+@@@@%.%@+ 
  0x00, 0x00, 0x02, 0x24, 0x26, 0x08, 0x00, 0x00, 0x00, 0x04, 0x0a,  //........... 
  0x00, 0x00, 0x00, 0x00, 0x00, 0x00, 0x00, 0x00, 0x00, 0x00, 0x00,  //........... 
  0x00, 0x00, 0x00, 0x00, 0x00, 0x00, 0x00, 0x00, 0x00, 0x00, 0x00,  //........... 
  0x00, 0x00, 0x00, 0x00, 0x00, 0x00, 0x00, 0x00, 0x00, 0x00, 0x00,  //........... 
  0x00, 0x00, 0x00, 0x00, 0x00, 0x00, 0x00, 0x00, 0x00, 0x00, 0x00,  //........... 


  /*Unicode: U+0027 (') , Width: 3 */
  0x00, 0x00, 0x00,  //... 
  0x00, 0x00, 0x00,  //... 
  0x00, 0x00, 0x00,  //... 
  0x00, 0x00, 0x00,  //... 
  0x76, 0xae, 0x5e,  //+%+ 
  0xa6, 0xff, 0x82,  //%@% 
  0x98, 0xff, 0x74,  //%@+ 
  0x78, 0xff, 0x54,  //+@+ 
  0x56, 0xff, 0x30,  //+@. 
  0x22, 0x9e, 0x0c,  //.%. 
  0x00, 0x00, 0x00,  //... 
  0x00, 0x00, 0x00,  //... 
  0x00, 0x00, 0x00,  //... 
  0x00, 0x00, 0x00,  //... 
  0x00, 0x00, 0x00,  //... 
  0x00, 0x00, 0x00,  //... 
  0x00, 0x00, 0x00,  //... 
  0x00, 0x00, 0x00,  //... 
  0x00, 0x00, 0x00,  //... 
  0x00, 0x00, 0x00,  //... 
  0x00, 0x00, 0x00,  //... 


  /*Unicode: U+0028 (() , Width: 4 */
  0x00, 0x00, 0x00, 0x00,  //.... 
  0x00, 0x00, 0x00, 0x00,  //.... 
  0x00, 0x00, 0x00, 0x00,  //.... 
  0x00, 0x00, 0x3e, 0x18,  //.... 
  0x00, 0x10, 0xee, 0xac,  //..@% 
  0x00, 0x7e, 0xff, 0x34,  //.+@. 
  0x00, 0xe0, 0xd6, 0x00,  //.@@. 
  0x36, 0xff, 0x88, 0x00,  //.@%. 
  0x70, 0xff, 0x54, 0x00,  //+@+. 
  0x98, 0xff, 0x2c, 0x00,  //%@.. 
  0xaa, 0xff, 0x1a, 0x00,  //%@.. 
  0xb2, 0xff, 0x12, 0x00,  //%@.. 
  0xa2, 0xff, 0x20, 0x00,  //%@.. 
  0x8a, 0xff, 0x3a, 0x00,  //%@.. 
  0x56, 0xff, 0x68, 0x00,  //+@+. 
  0x18, 0xfc, 0xa8, 0x00,  //.@%. 
  0x00, 0xb6, 0xf2, 0x08,  //.%@. 
  0x00, 0x48, 0xff, 0x6c,  //.+@+ 
  0x00, 0x00, 0xb8, 0x82,  //..%% 
  0x00, 0x00, 0x00, 0x00,  //.... 
  0x00, 0x00, 0x00, 0x00,  //.... 


  /*Unicode: U+0029 ()) , Width: 5 */
  0x00, 0x00, 0x00, 0x00, 0x00,  //..... 
  0x00, 0x00, 0x00, 0x00, 0x00,  //..... 
  0x00, 0x00, 0x00, 0x00, 0x00,  //..... 
  0x00, 0x36, 0x20, 0x00, 0x00,  //..... 
  0x0e, 0xf2, 0xaa, 0x00, 0x00,  //.@%.. 
  0x00, 0x8a, 0xfc, 0x28, 0x00,  //.%@.. 
  0x00, 0x2e, 0xff, 0x8c, 0x00,  //..@%. 
  0x00, 0x00, 0xe0, 0xde, 0x00,  //..@@. 
  0x00, 0x00, 0xac, 0xff, 0x18,  //..%@. 
  0x00, 0x00, 0x82, 0xff, 0x42,  //..%@+ 
  0x00, 0x00, 0x70, 0xff, 0x54,  //..+@+ 
  0x00, 0x00, 0x68, 0xff, 0x5c,  //..+@+ 
  0x00, 0x00, 0x76, 0xff, 0x4c,  //..+@+ 
  0x00, 0x00, 0x92, 0xff, 0x34,  //..%@. 
  0x00, 0x00, 0xc0, 0xf6, 0x06,  //..@@. 
  0x00, 0x0a, 0xf6, 0xbe, 0x00,  //..@%. 
  0x00, 0x52, 0xff, 0x5e, 0x00,  //.+@+. 
  0x00, 0xc2, 0xe6, 0x08, 0x00,  //.@@.. 
  0x0e, 0xc0, 0x6a, 0x00, 0x00,  //.@+.. 
  0x00, 0x00, 0x00, 0x00, 0x00,  //..... 
  0x00, 0x00, 0x00, 0x00, 0x00,  //..... 


  /*Unicode: U+002a (*) , Width: 7 */
  0x00, 0x00, 0x00, 0x00, 0x00, 0x00, 0x00,  //....... 
  0x00, 0x00, 0x00, 0x00, 0x00, 0x00, 0x00,  //....... 
  0x00, 0x00, 0x00, 0x00, 0x00, 0x00, 0x00,  //....... 
  0x00, 0x00, 0x00, 0x18, 0x0a, 0x00, 0x00,  //....... 
  0x00, 0x00, 0x00, 0xdc, 0x72, 0x00, 0x00,  //...@+.. 
  0x00, 0x76, 0x42, 0xf4, 0x9e, 0x5a, 0x4e,  //.++@%++ 
  0x18, 0xda, 0xff, 0xff, 0xff, 0xfc, 0x92,  //.@@@@@% 
  0x00, 0x00, 0xb8, 0xff, 0xff, 0x4e, 0x00,  //..%@@+. 
  0x00, 0x2a, 0xfa, 0x9a, 0xde, 0xbe, 0x00,  //..@%@%. 
  0x00, 0x18, 0x7c, 0x00, 0x26, 0x72, 0x00,  //..+..+. 
  0x00, 0x00, 0x00, 0x00, 0x00, 0x00, 0x00,  //....... 
  0x00, 0x00, 0x00, 0x00, 0x00, 0x00, 0x00,  //....... 
  0x00, 0x00, 0x00, 0x00, 0x00, 0x00, 0x00,  //....... 
  0x00, 0x00, 0x00, 0x00, 0x00, 0x00, 0x00,  //....... 
  0x00, 0x00, 0x00, 0x00, 0x00, 0x00, 0x00,  //....... 
  0x00, 0x00, 0x00, 0x00, 0x00, 0x00, 0x00,  //....... 
  0x00, 0x00, 0x00, 0x00, 0x00, 0x00, 0x00,  //....... 
  0x00, 0x00, 0x00, 0x00, 0x00, 0x00, 0x00,  //....... 
  0x00, 0x00, 0x00, 0x00, 0x00, 0x00, 0x00,  //....... 
  0x00, 0x00, 0x00, 0x00, 0x00, 0x00, 0x00,  //....... 
  0x00, 0x00, 0x00, 0x00, 0x00, 0x00, 0x00,  //....... 


  /*Unicode: U+002b (+) , Width: 9 */
  0x00, 0x00, 0x00, 0x00, 0x00, 0x00, 0x00, 0x00, 0x00,  //......... 
  0x00, 0x00, 0x00, 0x00, 0x00, 0x00, 0x00, 0x00, 0x00,  //......... 
  0x00, 0x00, 0x00, 0x00, 0x00, 0x00, 0x00, 0x00, 0x00,  //......... 
  0x00, 0x00, 0x00, 0x00, 0x00, 0x00, 0x00, 0x00, 0x00,  //......... 
  0x00, 0x00, 0x00, 0x00, 0x00, 0x00, 0x00, 0x00, 0x00,  //......... 
  0x00, 0x00, 0x00, 0x00, 0x00, 0x00, 0x00, 0x00, 0x00,  //......... 
  0x00, 0x00, 0x00, 0x3c, 0x96, 0x22, 0x00, 0x00, 0x00,  //....%.... 
  0x00, 0x00, 0x00, 0x66, 0xff, 0x3a, 0x00, 0x00, 0x00,  //...+@.... 
  0x00, 0x00, 0x00, 0x66, 0xff, 0x3a, 0x00, 0x00, 0x00,  //...+@.... 
  0x2a, 0x66, 0x66, 0xa4, 0xff, 0x8a, 0x66, 0x66, 0x1a,  //.++%@%++. 
  0x6a, 0xff, 0xff, 0xff, 0xff, 0xff, 0xff, 0xff, 0x42,  //+@@@@@@@+ 
  0x10, 0x2a, 0x2a, 0x80, 0xff, 0x5c, 0x2a, 0x2a, 0x0a,  //...%@+... 
  0x00, 0x00, 0x00, 0x66, 0xff, 0x3a, 0x00, 0x00, 0x00,  //...+@.... 
  0x00, 0x00, 0x00, 0x66, 0xff, 0x3a, 0x00, 0x00, 0x00,  //...+@.... 
  0x00, 0x00, 0x00, 0x22, 0x56, 0x12, 0x00, 0x00, 0x00,  //....+.... 
  0x00, 0x00, 0x00, 0x00, 0x00, 0x00, 0x00, 0x00, 0x00,  //......... 
  0x00, 0x00, 0x00, 0x00, 0x00, 0x00, 0x00, 0x00, 0x00,  //......... 
  0x00, 0x00, 0x00, 0x00, 0x00, 0x00, 0x00, 0x00, 0x00,  //......... 
  0x00, 0x00, 0x00, 0x00, 0x00, 0x00, 0x00, 0x00, 0x00,  //......... 
  0x00, 0x00, 0x00, 0x00, 0x00, 0x00, 0x00, 0x00, 0x00,  //......... 
  0x00, 0x00, 0x00, 0x00, 0x00, 0x00, 0x00, 0x00, 0x00,  //......... 


  /*Unicode: U+002c (,) , Width: 5 */
  0x00, 0x00, 0x00, 0x00, 0x00,  //..... 
  0x00, 0x00, 0x00, 0x00, 0x00,  //..... 
  0x00, 0x00, 0x00, 0x00, 0x00,  //..... 
  0x00, 0x00, 0x00, 0x00, 0x00,  //..... 
  0x00, 0x00, 0x00, 0x00, 0x00,  //..... 
  0x00, 0x00, 0x00, 0x00, 0x00,  //..... 
  0x00, 0x00, 0x00, 0x00, 0x00,  //..... 
  0x00, 0x00, 0x00, 0x00, 0x00,  //..... 
  0x00, 0x00, 0x00, 0x00, 0x00,  //..... 
  0x00, 0x00, 0x00, 0x00, 0x00,  //..... 
  0x00, 0x00, 0x00, 0x00, 0x00,  //..... 
  0x00, 0x00, 0x00, 0x00, 0x00,  //..... 
  0x00, 0x00, 0x00, 0x00, 0x00,  //..... 
  0x00, 0x42, 0x9e, 0x3e, 0x00,  //.+%.. 
  0x00, 0xdc, 0xff, 0xe8, 0x00,  //.@@@. 
  0x00, 0x7e, 0xff, 0xff, 0x0e,  //.+@@. 
  0x00, 0x00, 0x8a, 0xec, 0x00,  //..%@. 
  0x00, 0x5e, 0xf6, 0x7e, 0x00,  //.+@+. 
  0x0c, 0xee, 0x8a, 0x00, 0x00,  //.@%.. 
  0x00, 0x0c, 0x00, 0x00, 0x00,  //..... 
  0x00, 0x00, 0x00, 0x00, 0x00,  //..... 


  /*Unicode: U+002d (-) , Width: 5 */
  0x00, 0x00, 0x00, 0x00, 0x00,  //..... 
  0x00, 0x00, 0x00, 0x00, 0x00,  //..... 
  0x00, 0x00, 0x00, 0x00, 0x00,  //..... 
  0x00, 0x00, 0x00, 0x00, 0x00,  //..... 
  0x00, 0x00, 0x00, 0x00, 0x00,  //..... 
  0x00, 0x00, 0x00, 0x00, 0x00,  //..... 
  0x00, 0x00, 0x00, 0x00, 0x00,  //..... 
  0x00, 0x00, 0x00, 0x00, 0x00,  //..... 
  0x00, 0x00, 0x00, 0x00, 0x00,  //..... 
  0x00, 0x00, 0x00, 0x00, 0x00,  //..... 
  0x04, 0x12, 0x12, 0x12, 0x0e,  //..... 
  0x42, 0xff, 0xff, 0xff, 0xd2,  //+@@@@ 
  0x20, 0x7e, 0x7e, 0x7e, 0x68,  //.++++ 
  0x00, 0x00, 0x00, 0x00, 0x00,  //..... 
  0x00, 0x00, 0x00, 0x00, 0x00,  //..... 
  0x00, 0x00, 0x00, 0x00, 0x00,  //..... 
  0x00, 0x00, 0x00, 0x00, 0x00,  //..... 
  0x00, 0x00, 0x00, 0x00, 0x00,  //..... 
  0x00, 0x00, 0x00, 0x00, 0x00,  //..... 
  0x00, 0x00, 0x00, 0x00, 0x00,  //..... 
  0x00, 0x00, 0x00, 0x00, 0x00,  //..... 


  /*Unicode: U+002e (.) , Width: 3 */
  0x00, 0x00, 0x00,  //... 
  0x00, 0x00, 0x00,  //... 
  0x00, 0x00, 0x00,  //... 
  0x00, 0x00, 0x00,  //... 
  0x00, 0x00, 0x00,  //... 
  0x00, 0x00, 0x00,  //... 
  0x00, 0x00, 0x00,  //... 
  0x00, 0x00, 0x00,  //... 
  0x00, 0x00, 0x00,  //... 
  0x00, 0x00, 0x00,  //... 
  0x00, 0x00, 0x00,  //... 
  0x00, 0x00, 0x00,  //... 
  0x00, 0x00, 0x00,  //... 
  0x42, 0x9e, 0x30,  //+%. 
  0xde, 0xff, 0xbe,  //@@% 
  0xb0, 0xff, 0x8e,  //%@% 
  0x02, 0x26, 0x00,  //... 
  0x00, 0x00, 0x00,  //... 
  0x00, 0x00, 0x00,  //... 
  0x00, 0x00, 0x00,  //... 
  0x00, 0x00, 0x00,  //... 


  /*Unicode: U+002f (/) , Width: 6 */
  0x00, 0x00, 0x00, 0x00, 0x00, 0x00,  //...... 
  0x00, 0x00, 0x00, 0x00, 0x00, 0x00,  //...... 
  0x00, 0x00, 0x00, 0x00, 0x00, 0x00,  //...... 
  0x00, 0x00, 0x00, 0x00, 0x16, 0x08,  //...... 
  0x00, 0x00, 0x00, 0x36, 0xff, 0x40,  //....@+ 
  0x00, 0x00, 0x00, 0x76, 0xf6, 0x06,  //...+@. 
  0x00, 0x00, 0x00, 0xb6, 0xc0, 0x00,  //...%@. 
  0x00, 0x00, 0x02, 0xf2, 0x7e, 0x00,  //...@+. 
  0x00, 0x00, 0x38, 0xff, 0x3e, 0x00,  //...@.. 
  0x00, 0x00, 0x78, 0xf6, 0x06, 0x00,  //..+@.. 
  0x00, 0x00, 0xb8, 0xbe, 0x00, 0x00,  //..%%.. 
  0x00, 0x04, 0xf2, 0x7e, 0x00, 0x00,  //..@+.. 
  0x00, 0x3a, 0xff, 0x3e, 0x00, 0x00,  //..@... 
  0x00, 0x7a, 0xf6, 0x06, 0x00, 0x00,  //.+@... 
  0x00, 0xba, 0xbe, 0x00, 0x00, 0x00,  //.%%... 
  0x04, 0xf4, 0x7c, 0x00, 0x00, 0x00,  //.@+... 
  0x3c, 0xff, 0x3c, 0x00, 0x00, 0x00,  //.@.... 
  0x7c, 0xf4, 0x06, 0x00, 0x00, 0x00,  //+@.... 
  0x80, 0x8e, 0x00, 0x00, 0x00, 0x00,  //%%.... 
  0x00, 0x00, 0x00, 0x00, 0x00, 0x00,  //...... 
  0x00, 0x00, 0x00, 0x00, 0x00, 0x00,  //...... 


  /*Unicode: U+0030 (0) , Width: 9 */
  0x00, 0x00, 0x00, 0x00, 0x00, 0x00, 0x00, 0x00, 0x00,  //......... 
  0x00, 0x00, 0x00, 0x00, 0x00, 0x00, 0x00, 0x00, 0x00,  //......... 
  0x00, 0x00, 0x00, 0x00, 0x00, 0x00, 0x00, 0x00, 0x00,  //......... 
  0x00, 0x00, 0x00, 0x00, 0x00, 0x00, 0x00, 0x00, 0x00,  //......... 
  0x00, 0x00, 0x00, 0x24, 0x44, 0x1c, 0x00, 0x00, 0x00,  //....+.... 
  0x00, 0x02, 0xa2, 0xff, 0xff, 0xfa, 0x84, 0x00, 0x00,  //..%@@@%.. 
  0x00, 0x7e, 0xff, 0xcc, 0x70, 0xde, 0xff, 0x56, 0x00,  //.+@@+@@+. 
  0x00, 0xec, 0xff, 0x22, 0x00, 0x48, 0xff, 0xc4, 0x00,  //.@@..+@@. 
  0x2c, 0xff, 0xe0, 0x00, 0x00, 0x0a, 0xfc, 0xfa, 0x08,  //.@@...@@. 
  0x48, 0xff, 0xc6, 0x00, 0x00, 0x00, 0xf0, 0xff, 0x1e,  //+@@...@@. 
  0x52, 0xff, 0xc0, 0x00, 0x00, 0x00, 0xe8, 0xff, 0x2a,  //+@@...@@. 
  0x44, 0xff, 0xca, 0x00, 0x00, 0x00, 0xf2, 0xff, 0x1a,  //+@@...@@. 
  0x22, 0xff, 0xe8, 0x00, 0x00, 0x12, 0xff, 0xf4, 0x04,  //.@@...@@. 
  0x00, 0xe0, 0xff, 0x36, 0x00, 0x5c, 0xff, 0xb8, 0x00,  //.@@..+@%. 
  0x00, 0x68, 0xff, 0xe0, 0x90, 0xec, 0xff, 0x42, 0x00,  //.+@@%@@+. 
  0x00, 0x00, 0x86, 0xf8, 0xff, 0xf2, 0x68, 0x00, 0x00,  //..%@@@+.. 
  0x00, 0x00, 0x00, 0x0e, 0x28, 0x08, 0x00, 0x00, 0x00,  //......... 
  0x00, 0x00, 0x00, 0x00, 0x00, 0x00, 0x00, 0x00, 0x00,  //......... 
  0x00, 0x00, 0x00, 0x00, 0x00, 0x00, 0x00, 0x00, 0x00,  //......... 
  0x00, 0x00, 0x00, 0x00, 0x00, 0x00, 0x00, 0x00, 0x00,  //......... 
  0x00, 0x00, 0x00, 0x00, 0x00, 0x00, 0x00, 0x00, 0x00,  //......... 


  /*Unicode: U+0031 (1) , Width: 7 */
  0x00, 0x00, 0x00, 0x00, 0x00, 0x00, 0x00,  //....... 
  0x00, 0x00, 0x00, 0x00, 0x00, 0x00, 0x00,  //....... 
  0x00, 0x00, 0x00, 0x00, 0x00, 0x00, 0x00,  //....... 
  0x00, 0x00, 0x00, 0x00, 0x00, 0x00, 0x00,  //....... 
  0x00, 0x00, 0x00, 0x18, 0x14, 0x00, 0x00,  //....... 
  0x16, 0x68, 0xc4, 0xff, 0xce, 0x00, 0x00,  //.+@@@.. 
  0x62, 0xff, 0xff, 0xff, 0xce, 0x00, 0x00,  //+@@@@.. 
  0x10, 0x2e, 0x7c, 0xff, 0xce, 0x00, 0x00,  //..+@@.. 
  0x00, 0x00, 0x5e, 0xff, 0xce, 0x00, 0x00,  //..+@@.. 
  0x00, 0x00, 0x5e, 0xff, 0xce, 0x00, 0x00,  //..+@@.. 
  0x00, 0x00, 0x5e, 0xff, 0xce, 0x00, 0x00,  //..+@@.. 
  0x00, 0x00, 0x5e, 0xff, 0xce, 0x00, 0x00,  //..+@@.. 
  0x00, 0x00, 0x5e, 0xff, 0xce, 0x00, 0x00,  //..+@@.. 
  0x00, 0x00, 0x5e, 0xff, 0xce, 0x00, 0x00,  //..+@@.. 
  0x9a, 0xca, 0xde, 0xff, 0xf4, 0xca, 0xb6,  //%@@@@@% 
  0xc2, 0xff, 0xff, 0xff, 0xff, 0xff, 0xe6,  //@@@@@@@ 
  0x00, 0x00, 0x00, 0x00, 0x00, 0x00, 0x00,  //....... 
  0x00, 0x00, 0x00, 0x00, 0x00, 0x00, 0x00,  //....... 
  0x00, 0x00, 0x00, 0x00, 0x00, 0x00, 0x00,  //....... 
  0x00, 0x00, 0x00, 0x00, 0x00, 0x00, 0x00,  //....... 
  0x00, 0x00, 0x00, 0x00, 0x00, 0x00, 0x00,  //....... 


  /*Unicode: U+0032 (2) , Width: 9 */
  0x00, 0x00, 0x00, 0x00, 0x00, 0x00, 0x00, 0x00, 0x00,  //......... 
  0x00, 0x00, 0x00, 0x00, 0x00, 0x00, 0x00, 0x00, 0x00,  //......... 
  0x00, 0x00, 0x00, 0x00, 0x00, 0x00, 0x00, 0x00, 0x00,  //......... 
  0x00, 0x00, 0x00, 0x00, 0x00, 0x00, 0x00, 0x00, 0x00,  //......... 
  0x00, 0x00, 0x0c, 0x3e, 0x42, 0x0e, 0x00, 0x00, 0x00,  //....+.... 
  0x00, 0x72, 0xf4, 0xff, 0xff, 0xf4, 0x64, 0x00, 0x00,  //.+@@@@+.. 
  0x34, 0xfa, 0xde, 0x7e, 0xa6, 0xff, 0xfc, 0x2e, 0x00,  //.@@+%@@.. 
  0x00, 0x46, 0x10, 0x00, 0x00, 0xba, 0xff, 0x7c, 0x00,  //.+...%@+. 
  0x00, 0x00, 0x00, 0x00, 0x00, 0x9c, 0xff, 0x80, 0x00,  //.....%@%. 
  0x00, 0x00, 0x00, 0x00, 0x00, 0xdc, 0xff, 0x4a, 0x00,  //.....@@+. 
  0x00, 0x00, 0x00, 0x00, 0x68, 0xff, 0xd8, 0x02, 0x00,  //....+@@.. 
  0x00, 0x00, 0x00, 0x30, 0xf4, 0xfc, 0x40, 0x00, 0x00,  //....@@+.. 
  0x00, 0x00, 0x24, 0xe4, 0xff, 0x76, 0x00, 0x00, 0x00,  //...@@+... 
  0x00, 0x26, 0xe2, 0xff, 0x90, 0x00, 0x00, 0x00, 0x00,  //..@@%.... 
  0x28, 0xea, 0xff, 0xfc, 0xc8, 0xd6, 0xda, 0xda, 0x10,  //.@@@@@@@. 
  0x5a, 0xff, 0xff, 0xff, 0xff, 0xff, 0xff, 0xff, 0x12,  //+@@@@@@@. 
  0x00, 0x00, 0x00, 0x00, 0x00, 0x00, 0x00, 0x00, 0x00,  //......... 
  0x00, 0x00, 0x00, 0x00, 0x00, 0x00, 0x00, 0x00, 0x00,  //......... 
  0x00, 0x00, 0x00, 0x00, 0x00, 0x00, 0x00, 0x00, 0x00,  //......... 
  0x00, 0x00, 0x00, 0x00, 0x00, 0x00, 0x00, 0x00, 0x00,  //......... 
  0x00, 0x00, 0x00, 0x00, 0x00, 0x00, 0x00, 0x00, 0x00,  //......... 


  /*Unicode: U+0033 (3) , Width: 8 */
  0x00, 0x00, 0x00, 0x00, 0x00, 0x00, 0x00, 0x00,  //........ 
  0x00, 0x00, 0x00, 0x00, 0x00, 0x00, 0x00, 0x00,  //........ 
  0x00, 0x00, 0x00, 0x00, 0x00, 0x00, 0x00, 0x00,  //........ 
  0x00, 0x00, 0x00, 0x00, 0x00, 0x00, 0x00, 0x00,  //........ 
  0x00, 0x00, 0x0a, 0x40, 0x44, 0x16, 0x00, 0x00,  //...++... 
  0x02, 0x7e, 0xf4, 0xff, 0xff, 0xfc, 0x98, 0x02,  //.+@@@@%. 
  0x0e, 0xd6, 0xe2, 0x80, 0x8e, 0xf8, 0xff, 0x66,  //.@@%%@@+ 
  0x00, 0x1c, 0x10, 0x00, 0x00, 0xa2, 0xff, 0x9c,  //.....%@% 
  0x00, 0x00, 0x00, 0x00, 0x00, 0xc8, 0xff, 0x7a,  //.....@@+ 
  0x00, 0x00, 0x1e, 0x8c, 0xce, 0xff, 0xc2, 0x0c,  //...%@@@. 
  0x00, 0x00, 0x3e, 0xff, 0xff, 0xf6, 0x68, 0x00,  //...@@@+. 
  0x00, 0x00, 0x04, 0x22, 0x4e, 0xd2, 0xff, 0x80,  //....+@@% 
  0x00, 0x00, 0x00, 0x00, 0x00, 0x44, 0xff, 0xf0,  //.....+@@ 
  0x00, 0x7c, 0x10, 0x00, 0x00, 0x6a, 0xff, 0xee,  //.+...+@@ 
  0x60, 0xff, 0xea, 0xa4, 0xb2, 0xfa, 0xff, 0x8e,  //+@@%%@@% 
  0x04, 0x84, 0xf0, 0xff, 0xff, 0xf4, 0x8c, 0x02,  //.%@@@@%. 
  0x00, 0x00, 0x04, 0x20, 0x28, 0x06, 0x00, 0x00,  //........ 
  0x00, 0x00, 0x00, 0x00, 0x00, 0x00, 0x00, 0x00,  //........ 
  0x00, 0x00, 0x00, 0x00, 0x00, 0x00, 0x00, 0x00,  //........ 
  0x00, 0x00, 0x00, 0x00, 0x00, 0x00, 0x00, 0x00,  //........ 
  0x00, 0x00, 0x00, 0x00, 0x00, 0x00, 0x00, 0x00,  //........ 


  /*Unicode: U+0034 (4) , Width: 9 */
  0x00, 0x00, 0x00, 0x00, 0x00, 0x00, 0x00, 0x00, 0x00,  //......... 
  0x00, 0x00, 0x00, 0x00, 0x00, 0x00, 0x00, 0x00, 0x00,  //......... 
  0x00, 0x00, 0x00, 0x00, 0x00, 0x00, 0x00, 0x00, 0x00,  //......... 
  0x00, 0x00, 0x00, 0x00, 0x00, 0x00, 0x00, 0x00, 0x00,  //......... 
  0x00, 0x00, 0x00, 0x00, 0x0e, 0x1a, 0x1a, 0x02, 0x00,  //......... 
  0x00, 0x00, 0x00, 0x0a, 0xe0, 0xff, 0xff, 0x1a, 0x00,  //....@@@.. 
  0x00, 0x00, 0x00, 0x88, 0xff, 0xfa, 0xff, 0x1a, 0x00,  //...%@@@.. 
  0x00, 0x00, 0x2a, 0xfa, 0xc2, 0xe4, 0xff, 0x1a, 0x00,  //...@@@@.. 
  0x00, 0x00, 0xc2, 0xff, 0x44, 0xec, 0xff, 0x1a, 0x00,  //..@@+@@.. 
  0x00, 0x60, 0xff, 0xaa, 0x00, 0xee, 0xff, 0x1a, 0x00,  //.+@%.@@.. 
  0x12, 0xea, 0xee, 0x18, 0x00, 0xee, 0xff, 0x1a, 0x00,  //.@@..@@.. 
  0x90, 0xff, 0xd0, 0x8e, 0x8e, 0xff, 0xff, 0xaa, 0x3e,  //%@@%%@@%. 
  0xae, 0xff, 0xff, 0xff, 0xff, 0xff, 0xff, 0xff, 0x6e,  //%@@@@@@@+ 
  0x14, 0x1e, 0x1e, 0x1e, 0x1e, 0xff, 0xff, 0x3a, 0x0c,  //.....@@.. 
  0x00, 0x00, 0x00, 0x00, 0x00, 0xee, 0xff, 0x1a, 0x00,  //.....@@.. 
  0x00, 0x00, 0x00, 0x00, 0x00, 0xee, 0xff, 0x1a, 0x00,  //.....@@.. 
  0x00, 0x00, 0x00, 0x00, 0x00, 0x00, 0x00, 0x00, 0x00,  //......... 
  0x00, 0x00, 0x00, 0x00, 0x00, 0x00, 0x00, 0x00, 0x00,  //......... 
  0x00, 0x00, 0x00, 0x00, 0x00, 0x00, 0x00, 0x00, 0x00,  //......... 
  0x00, 0x00, 0x00, 0x00, 0x00, 0x00, 0x00, 0x00, 0x00,  //......... 
  0x00, 0x00, 0x00, 0x00, 0x00, 0x00, 0x00, 0x00, 0x00,  //......... 


  /*Unicode: U+0035 (5) , Width: 8 */
  0x00, 0x00, 0x00, 0x00, 0x00, 0x00, 0x00, 0x00,  //........ 
  0x00, 0x00, 0x00, 0x00, 0x00, 0x00, 0x00, 0x00,  //........ 
  0x00, 0x00, 0x00, 0x00, 0x00, 0x00, 0x00, 0x00,  //........ 
  0x00, 0x00, 0x00, 0x00, 0x00, 0x00, 0x00, 0x00,  //........ 
  0x00, 0x0a, 0x1a, 0x1a, 0x1a, 0x1a, 0x1a, 0x0c,  //........ 
  0x00, 0x74, 0xff, 0xff, 0xff, 0xff, 0xff, 0x82,  //.+@@@@@% 
  0x00, 0x82, 0xff, 0xdc, 0xbe, 0xbe, 0xbe, 0x62,  //.%@@%%%+ 
  0x00, 0x90, 0xff, 0x68, 0x00, 0x00, 0x00, 0x00,  //.%@+.... 
  0x00, 0x9e, 0xff, 0x58, 0x2a, 0x14, 0x00, 0x00,  //.%@+.... 
  0x00, 0xac, 0xff, 0xfa, 0xff, 0xfc, 0xae, 0x0e,  //.%@@@@%. 
  0x00, 0x5c, 0xc4, 0x6c, 0x78, 0xee, 0xff, 0x9c,  //.+@++@@% 
  0x00, 0x00, 0x00, 0x00, 0x00, 0x60, 0xff, 0xee,  //.....+@@ 
  0x00, 0x00, 0x00, 0x00, 0x00, 0x3c, 0xff, 0xfa,  //......@@ 
  0x00, 0x72, 0x06, 0x00, 0x00, 0x8a, 0xff, 0xd6,  //.+...%@@ 
  0x5e, 0xff, 0xe4, 0xa4, 0xbe, 0xff, 0xff, 0x60,  //+@@%%@@+ 
  0x04, 0x7e, 0xec, 0xff, 0xff, 0xec, 0x6c, 0x00,  //.+@@@@+. 
  0x00, 0x00, 0x00, 0x1c, 0x28, 0x04, 0x00, 0x00,  //........ 
  0x00, 0x00, 0x00, 0x00, 0x00, 0x00, 0x00, 0x00,  //........ 
  0x00, 0x00, 0x00, 0x00, 0x00, 0x00, 0x00, 0x00,  //........ 
  0x00, 0x00, 0x00, 0x00, 0x00, 0x00, 0x00, 0x00,  //........ 
  0x00, 0x00, 0x00, 0x00, 0x00, 0x00, 0x00, 0x00,  //........ 


  /*Unicode: U+0036 (6) , Width: 9 */
  0x00, 0x00, 0x00, 0x00, 0x00, 0x00, 0x00, 0x00, 0x00,  //......... 
  0x00, 0x00, 0x00, 0x00, 0x00, 0x00, 0x00, 0x00, 0x00,  //......... 
  0x00, 0x00, 0x00, 0x00, 0x00, 0x00, 0x00, 0x00, 0x00,  //......... 
  0x00, 0x00, 0x00, 0x00, 0x00, 0x00, 0x00, 0x00, 0x00,  //......... 
  0x00, 0x00, 0x00, 0x08, 0x3e, 0x42, 0x10, 0x00, 0x00,  //.....+... 
  0x00, 0x00, 0x54, 0xec, 0xff, 0xff, 0xf6, 0x70, 0x00,  //..+@@@@+. 
  0x00, 0x38, 0xfc, 0xfa, 0x9a, 0x8a, 0xe4, 0x90, 0x00,  //..@@%%@%. 
  0x00, 0xb8, 0xff, 0x6e, 0x00, 0x00, 0x10, 0x00, 0x00,  //.%@+..... 
  0x08, 0xfa, 0xf8, 0x08, 0x00, 0x00, 0x00, 0x00, 0x00,  //.@@...... 
  0x2c, 0xff, 0xd4, 0x6c, 0xde, 0xec, 0xa4, 0x14, 0x00,  //.@@+@@%.. 
  0x3a, 0xff, 0xff, 0xe8, 0x9c, 0xd8, 0xff, 0xbe, 0x00,  //.@@@%@@%. 
  0x32, 0xff, 0xfa, 0x18, 0x00, 0x10, 0xf6, 0xff, 0x18,  //.@@...@@. 
  0x10, 0xff, 0xee, 0x00, 0x00, 0x00, 0xd6, 0xff, 0x30,  //.@@...@@. 
  0x00, 0xc8, 0xff, 0x46, 0x00, 0x0c, 0xf6, 0xfc, 0x14,  //.@@+..@@. 
  0x00, 0x4a, 0xff, 0xea, 0x84, 0xc8, 0xff, 0xae, 0x00,  //.+@@%@@%. 
  0x00, 0x00, 0x62, 0xee, 0xff, 0xff, 0xb0, 0x10, 0x00,  //..+@@@%.. 
  0x00, 0x00, 0x00, 0x04, 0x2a, 0x16, 0x00, 0x00, 0x00,  //......... 
  0x00, 0x00, 0x00, 0x00, 0x00, 0x00, 0x00, 0x00, 0x00,  //......... 
  0x00, 0x00, 0x00, 0x00, 0x00, 0x00, 0x00, 0x00, 0x00,  //......... 
  0x00, 0x00, 0x00, 0x00, 0x00, 0x00, 0x00, 0x00, 0x00,  //......... 
  0x00, 0x00, 0x00, 0x00, 0x00, 0x00, 0x00, 0x00, 0x00,  //......... 


  /*Unicode: U+0037 (7) , Width: 9 */
  0x00, 0x00, 0x00, 0x00, 0x00, 0x00, 0x00, 0x00, 0x00,  //......... 
  0x00, 0x00, 0x00, 0x00, 0x00, 0x00, 0x00, 0x00, 0x00,  //......... 
  0x00, 0x00, 0x00, 0x00, 0x00, 0x00, 0x00, 0x00, 0x00,  //......... 
  0x00, 0x00, 0x00, 0x00, 0x00, 0x00, 0x00, 0x00, 0x00,  //......... 
  0x06, 0x1a, 0x1a, 0x1a, 0x1a, 0x1a, 0x1a, 0x1a, 0x02,  //......... 
  0x3e, 0xff, 0xff, 0xff, 0xff, 0xff, 0xff, 0xff, 0x1e,  //.@@@@@@@. 
  0x2e, 0xbe, 0xbe, 0xbe, 0xbe, 0xd4, 0xff, 0xdc, 0x08,  //.%%%%@@@. 
  0x00, 0x00, 0x00, 0x00, 0x00, 0xbe, 0xfa, 0x34, 0x00,  //.....%@.. 
  0x00, 0x00, 0x00, 0x00, 0x5a, 0xff, 0x94, 0x00, 0x00,  //....+@%.. 
  0x00, 0x00, 0x00, 0x00, 0xd2, 0xfa, 0x1c, 0x00, 0x00,  //....@@... 
  0x00, 0x00, 0x00, 0x3c, 0xff, 0xbc, 0x00, 0x00, 0x00,  //....@%... 
  0x00, 0x00, 0x00, 0x8e, 0xff, 0x82, 0x00, 0x00, 0x00,  //...%@%... 
  0x00, 0x00, 0x00, 0xc6, 0xff, 0x52, 0x00, 0x00, 0x00,  //...@@+... 
  0x00, 0x00, 0x00, 0xf6, 0xff, 0x2c, 0x00, 0x00, 0x00,  //...@@.... 
  0x00, 0x00, 0x10, 0xff, 0xff, 0x18, 0x00, 0x00, 0x00,  //...@@.... 
  0x00, 0x00, 0x28, 0xff, 0xff, 0x08, 0x00, 0x00, 0x00,  //...@@.... 
  0x00, 0x00, 0x00, 0x00, 0x00, 0x00, 0x00, 0x00, 0x00,  //......... 
  0x00, 0x00, 0x00, 0x00, 0x00, 0x00, 0x00, 0x00, 0x00,  //......... 
  0x00, 0x00, 0x00, 0x00, 0x00, 0x00, 0x00, 0x00, 0x00,  //......... 
  0x00, 0x00, 0x00, 0x00, 0x00, 0x00, 0x00, 0x00, 0x00,  //......... 
  0x00, 0x00, 0x00, 0x00, 0x00, 0x00, 0x00, 0x00, 0x00,  //......... 


  /*Unicode: U+0038 (8) , Width: 9 */
  0x00, 0x00, 0x00, 0x00, 0x00, 0x00, 0x00, 0x00, 0x00,  //......... 
  0x00, 0x00, 0x00, 0x00, 0x00, 0x00, 0x00, 0x00, 0x00,  //......... 
  0x00, 0x00, 0x00, 0x00, 0x00, 0x00, 0x00, 0x00, 0x00,  //......... 
  0x00, 0x00, 0x00, 0x00, 0x00, 0x00, 0x00, 0x00, 0x00,  //......... 
  0x00, 0x00, 0x00, 0x26, 0x44, 0x24, 0x00, 0x00, 0x00,  //....+.... 
  0x00, 0x10, 0xbe, 0xff, 0xff, 0xff, 0xb0, 0x06, 0x00,  //..%@@@%.. 
  0x00, 0x98, 0xff, 0xa8, 0x4c, 0xb8, 0xff, 0x76, 0x00,  //.%@%+%@+. 
  0x00, 0xd2, 0xff, 0x24, 0x00, 0x28, 0xff, 0xa8, 0x00,  //.@@...@%. 
  0x00, 0xb2, 0xff, 0x6c, 0x00, 0x3e, 0xff, 0x82, 0x00,  //.%@+..@%. 
  0x00, 0x2c, 0xee, 0xfc, 0xa2, 0xc8, 0xe0, 0x12, 0x00,  //..@@%@@.. 
  0x00, 0x08, 0xb0, 0xfc, 0xff, 0xff, 0xa2, 0x06, 0x00,  //..%@@@%.. 
  0x00, 0xae, 0xf6, 0x36, 0x58, 0xe0, 0xff, 0x9c, 0x00,  //.%@.+@@%. 
  0x2e, 0xff, 0xae, 0x00, 0x00, 0x1e, 0xfc, 0xfa, 0x06,  //.@%...@@. 
  0x3e, 0xff, 0xc0, 0x00, 0x00, 0x04, 0xf4, 0xff, 0x1a,  //.@@...@@. 
  0x08, 0xe4, 0xff, 0xa2, 0x64, 0xb2, 0xff, 0xca, 0x00,  //.@@%+%@@. 
  0x00, 0x2a, 0xc8, 0xff, 0xff, 0xfc, 0xba, 0x1a, 0x00,  //..@@@@%.. 
  0x00, 0x00, 0x00, 0x18, 0x2c, 0x12, 0x00, 0x00, 0x00,  //......... 
  0x00, 0x00, 0x00, 0x00, 0x00, 0x00, 0x00, 0x00, 0x00,  //......... 
  0x00, 0x00, 0x00, 0x00, 0x00, 0x00, 0x00, 0x00, 0x00,  //......... 
  0x00, 0x00, 0x00, 0x00, 0x00, 0x00, 0x00, 0x00, 0x00,  //......... 
  0x00, 0x00, 0x00, 0x00, 0x00, 0x00, 0x00, 0x00, 0x00,  //......... 


  /*Unicode: U+0039 (9) , Width: 9 */
  0x00, 0x00, 0x00, 0x00, 0x00, 0x00, 0x00, 0x00, 0x00,  //......... 
  0x00, 0x00, 0x00, 0x00, 0x00, 0x00, 0x00, 0x00, 0x00,  //......... 
  0x00, 0x00, 0x00, 0x00, 0x00, 0x00, 0x00, 0x00, 0x00,  //......... 
  0x00, 0x00, 0x00, 0x00, 0x00, 0x00, 0x00, 0x00, 0x00,  //......... 
  0x00, 0x00, 0x02, 0x3a, 0x42, 0x0a, 0x00, 0x00, 0x00,  //....+.... 
  0x00, 0x32, 0xde, 0xff, 0xff, 0xf0, 0x5a, 0x00, 0x00,  //..@@@@+.. 
  0x06, 0xe2, 0xff, 0x9c, 0x72, 0xee, 0xfa, 0x32, 0x00,  //.@@%+@@.. 
  0x48, 0xff, 0xcc, 0x00, 0x00, 0x60, 0xff, 0xa6, 0x00,  //+@@..+@%. 
  0x60, 0xff, 0xaa, 0x00, 0x00, 0x12, 0xff, 0xe8, 0x00,  //+@%...@@. 
  0x42, 0xff, 0xde, 0x08, 0x00, 0x4a, 0xff, 0xff, 0x08,  //+@@..+@@. 
  0x04, 0xd8, 0xff, 0xde, 0xc0, 0xf2, 0xff, 0xff, 0x0c,  //.@@@@@@@. 
  0x00, 0x1a, 0xa2, 0xd8, 0xba, 0x3c, 0xfa, 0xfa, 0x00,  //..%@%.@@. 
  0x00, 0x00, 0x00, 0x00, 0x00, 0x34, 0xff, 0xce, 0x00,  //......@@. 
  0x00, 0x14, 0x14, 0x00, 0x00, 0xaa, 0xff, 0x7c, 0x00,  //.....%@+. 
  0x08, 0xc8, 0xe8, 0xa6, 0xce, 0xff, 0xe0, 0x0e, 0x00,  //.@@%@@@.. 
  0x00, 0x74, 0xf2, 0xff, 0xff, 0xc8, 0x24, 0x00, 0x00,  //.+@@@@... 
  0x00, 0x00, 0x06, 0x2a, 0x1c, 0x00, 0x00, 0x00, 0x00,  //......... 
  0x00, 0x00, 0x00, 0x00, 0x00, 0x00, 0x00, 0x00, 0x00,  //......... 
  0x00, 0x00, 0x00, 0x00, 0x00, 0x00, 0x00, 0x00, 0x00,  //......... 
  0x00, 0x00, 0x00, 0x00, 0x00, 0x00, 0x00, 0x00, 0x00,  //......... 
  0x00, 0x00, 0x00, 0x00, 0x00, 0x00, 0x00, 0x00, 0x00,  //......... 


  /*Unicode: U+003a (:) , Width: 3 */
  0x00, 0x00, 0x00,  //... 
  0x00, 0x00, 0x00,  //... 
  0x00, 0x00, 0x00,  //... 
  0x00, 0x00, 0x00,  //... 
  0x00, 0x00, 0x00,  //... 
  0x00, 0x00, 0x00,  //... 
  0x00, 0x00, 0x00,  //... 
  0x12, 0x4e, 0x08,  //.+. 
  0xc6, 0xff, 0xa4,  //@@% 
  0xd4, 0xff, 0xb4,  //@@% 
  0x28, 0x76, 0x1a,  //.+. 
  0x00, 0x00, 0x00,  //... 
  0x00, 0x00, 0x00,  //... 
  0x42, 0x9e, 0x30,  //+%. 
  0xde, 0xff, 0xbe,  //@@% 
  0xb0, 0xff, 0x8e,  //%@% 
  0x02, 0x26, 0x00,  //... 
  0x00, 0x00, 0x00,  //... 
  0x00, 0x00, 0x00,  //... 
  0x00, 0x00, 0x00,  //... 
  0x00, 0x00, 0x00,  //... 


  /*Unicode: U+003b (;) , Width: 5 */
  0x00, 0x00, 0x00, 0x00, 0x00,  //..... 
  0x00, 0x00, 0x00, 0x00, 0x00,  //..... 
  0x00, 0x00, 0x00, 0x00, 0x00,  //..... 
  0x00, 0x00, 0x00, 0x00, 0x00,  //..... 
  0x00, 0x00, 0x00, 0x00, 0x00,  //..... 
  0x00, 0x00, 0x00, 0x00, 0x00,  //..... 
  0x00, 0x00, 0x00, 0x00, 0x00,  //..... 
  0x00, 0x12, 0x4e, 0x08, 0x00,  //..+.. 
  0x00, 0xc6, 0xff, 0xa4, 0x00,  //.@@%. 
  0x00, 0xd4, 0xff, 0xb4, 0x00,  //.@@%. 
  0x00, 0x28, 0x76, 0x1a, 0x00,  //..+.. 
  0x00, 0x00, 0x00, 0x00, 0x00,  //..... 
  0x00, 0x00, 0x00, 0x00, 0x00,  //..... 
  0x00, 0x42, 0x9e, 0x3e, 0x00,  //.+%.. 
  0x00, 0xdc, 0xff, 0xe8, 0x00,  //.@@@. 
  0x00, 0x7e, 0xff, 0xff, 0x0e,  //.+@@. 
  0x00, 0x00, 0x8a, 0xec, 0x00,  //..%@. 
  0x00, 0x5e, 0xf6, 0x7e, 0x00,  //.+@+. 
  0x0c, 0xee, 0x8a, 0x00, 0x00,  //.@%.. 
  0x00, 0x0c, 0x00, 0x00, 0x00,  //..... 
  0x00, 0x00, 0x00, 0x00, 0x00,  //..... 


  /*Unicode: U+003c (<) , Width: 9 */
  0x00, 0x00, 0x00, 0x00, 0x00, 0x00, 0x00, 0x00, 0x00,  //......... 
  0x00, 0x00, 0x00, 0x00, 0x00, 0x00, 0x00, 0x00, 0x00,  //......... 
  0x00, 0x00, 0x00, 0x00, 0x00, 0x00, 0x00, 0x00, 0x00,  //......... 
  0x00, 0x00, 0x00, 0x00, 0x00, 0x00, 0x00, 0x00, 0x00,  //......... 
  0x00, 0x00, 0x00, 0x00, 0x00, 0x00, 0x00, 0x00, 0x00,  //......... 
  0x00, 0x00, 0x00, 0x00, 0x00, 0x00, 0x00, 0x00, 0x00,  //......... 
  0x00, 0x00, 0x00, 0x00, 0x00, 0x00, 0x00, 0x1c, 0x16,  //......... 
  0x00, 0x00, 0x00, 0x00, 0x06, 0x54, 0xb8, 0xfc, 0x42,  //.....+%@+ 
  0x00, 0x00, 0x2c, 0x8e, 0xea, 0xff, 0xf6, 0xac, 0x1e,  //...%@@@%. 
  0x36, 0xc8, 0xff, 0xfa, 0xb4, 0x58, 0x0c, 0x00, 0x00,  //.@@@%+... 
  0x6a, 0xff, 0xf8, 0x74, 0x0c, 0x00, 0x00, 0x00, 0x00,  //+@@+..... 
  0x14, 0x7a, 0xdc, 0xff, 0xf4, 0xa8, 0x50, 0x06, 0x00,  //.+@@@%+.. 
  0x00, 0x00, 0x00, 0x42, 0xa4, 0xf6, 0xff, 0xf0, 0x32,  //...+%@@@. 
  0x00, 0x00, 0x00, 0x00, 0x00, 0x10, 0x6c, 0xce, 0x42,  //......+@+ 
  0x00, 0x00, 0x00, 0x00, 0x00, 0x00, 0x00, 0x00, 0x02,  //......... 
  0x00, 0x00, 0x00, 0x00, 0x00, 0x00, 0x00, 0x00, 0x00,  //......... 
  0x00, 0x00, 0x00, 0x00, 0x00, 0x00, 0x00, 0x00, 0x00,  //......... 
  0x00, 0x00, 0x00, 0x00, 0x00, 0x00, 0x00, 0x00, 0x00,  //......... 
  0x00, 0x00, 0x00, 0x00, 0x00, 0x00, 0x00, 0x00, 0x00,  //......... 
  0x00, 0x00, 0x00, 0x00, 0x00, 0x00, 0x00, 0x00, 0x00,  //......... 
  0x00, 0x00, 0x00, 0x00, 0x00, 0x00, 0x00, 0x00, 0x00,  //......... 


  /*Unicode: U+003d (=) , Width: 9 */
  0x00, 0x00, 0x00, 0x00, 0x00, 0x00, 0x00, 0x00, 0x00,  //......... 
  0x00, 0x00, 0x00, 0x00, 0x00, 0x00, 0x00, 0x00, 0x00,  //......... 
  0x00, 0x00, 0x00, 0x00, 0x00, 0x00, 0x00, 0x00, 0x00,  //......... 
  0x00, 0x00, 0x00, 0x00, 0x00, 0x00, 0x00, 0x00, 0x00,  //......... 
  0x00, 0x00, 0x00, 0x00, 0x00, 0x00, 0x00, 0x00, 0x00,  //......... 
  0x00, 0x00, 0x00, 0x00, 0x00, 0x00, 0x00, 0x00, 0x00,  //......... 
  0x00, 0x00, 0x00, 0x00, 0x00, 0x00, 0x00, 0x00, 0x00,  //......... 
  0x24, 0x56, 0x56, 0x56, 0x56, 0x56, 0x56, 0x56, 0x16,  //.+++++++. 
  0x6a, 0xff, 0xff, 0xff, 0xff, 0xff, 0xff, 0xff, 0x42,  //+@@@@@@@+ 
  0x16, 0x36, 0x36, 0x36, 0x36, 0x36, 0x36, 0x36, 0x0c,  //......... 
  0x00, 0x00, 0x00, 0x00, 0x00, 0x00, 0x00, 0x00, 0x00,  //......... 
  0x30, 0x76, 0x76, 0x76, 0x76, 0x76, 0x76, 0x76, 0x1e,  //.+++++++. 
  0x6a, 0xff, 0xff, 0xff, 0xff, 0xff, 0xff, 0xff, 0x42,  //+@@@@@@@+ 
  0x0a, 0x1a, 0x1a, 0x1a, 0x1a, 0x1a, 0x1a, 0x1a, 0x06,  //......... 
  0x00, 0x00, 0x00, 0x00, 0x00, 0x00, 0x00, 0x00, 0x00,  //......... 
  0x00, 0x00, 0x00, 0x00, 0x00, 0x00, 0x00, 0x00, 0x00,  //......... 
  0x00, 0x00, 0x00, 0x00, 0x00, 0x00, 0x00, 0x00, 0x00,  //......... 
  0x00, 0x00, 0x00, 0x00, 0x00, 0x00, 0x00, 0x00, 0x00,  //......... 
  0x00, 0x00, 0x00, 0x00, 0x00, 0x00, 0x00, 0x00, 0x00,  //......... 
  0x00, 0x00, 0x00, 0x00, 0x00, 0x00, 0x00, 0x00, 0x00,  //......... 
  0x00, 0x00, 0x00, 0x00, 0x00, 0x00, 0x00, 0x00, 0x00,  //......... 


  /*Unicode: U+003e (>) , Width: 9 */
  0x00, 0x00, 0x00, 0x00, 0x00, 0x00, 0x00, 0x00, 0x00,  //......... 
  0x00, 0x00, 0x00, 0x00, 0x00, 0x00, 0x00, 0x00, 0x00,  //......... 
  0x00, 0x00, 0x00, 0x00, 0x00, 0x00, 0x00, 0x00, 0x00,  //......... 
  0x00, 0x00, 0x00, 0x00, 0x00, 0x00, 0x00, 0x00, 0x00,  //......... 
  0x00, 0x00, 0x00, 0x00, 0x00, 0x00, 0x00, 0x00, 0x00,  //......... 
  0x00, 0x00, 0x00, 0x00, 0x00, 0x00, 0x00, 0x00, 0x00,  //......... 
  0x22, 0x12, 0x00, 0x00, 0x00, 0x00, 0x00, 0x00, 0x00,  //......... 
  0x6a, 0xf8, 0xa8, 0x44, 0x00, 0x00, 0x00, 0x00, 0x00,  //+@%+..... 
  0x34, 0xba, 0xfa, 0xff, 0xe0, 0x7e, 0x1e, 0x00, 0x00,  //.%@@@+... 
  0x00, 0x00, 0x14, 0x66, 0xc2, 0xfc, 0xfc, 0xba, 0x20,  //...+@@@%. 
  0x00, 0x00, 0x00, 0x00, 0x14, 0x8e, 0xff, 0xff, 0x42,  //.....%@@+ 
  0x00, 0x0e, 0x5e, 0xb6, 0xfa, 0xff, 0xce, 0x6a, 0x0a,  //..+%@@@+. 
  0x54, 0xf8, 0xff, 0xee, 0x94, 0x32, 0x00, 0x00, 0x00,  //+@@@%.... 
  0x6a, 0xc0, 0x5c, 0x08, 0x00, 0x00, 0x00, 0x00, 0x00,  //+@+...... 
  0x02, 0x00, 0x00, 0x00, 0x00, 0x00, 0x00, 0x00, 0x00,  //......... 
  0x00, 0x00, 0x00, 0x00, 0x00, 0x00, 0x00, 0x00, 0x00,  //......... 
  0x00, 0x00, 0x00, 0x00, 0x00, 0x00, 0x00, 0x00, 0x00,  //......... 
  0x00, 0x00, 0x00, 0x00, 0x00, 0x00, 0x00, 0x00, 0x00,  //......... 
  0x00, 0x00, 0x00, 0x00, 0x00, 0x00, 0x00, 0x00, 0x00,  //......... 
  0x00, 0x00, 0x00, 0x00, 0x00, 0x00, 0x00, 0x00, 0x00,  //......... 
  0x00, 0x00, 0x00, 0x00, 0x00, 0x00, 0x00, 0x00, 0x00,  //......... 


  /*Unicode: U+003f (?) , Width: 7 */
  0x00, 0x00, 0x00, 0x00, 0x00, 0x00, 0x00,  //....... 
  0x00, 0x00, 0x00, 0x00, 0x00, 0x00, 0x00,  //....... 
  0x00, 0x00, 0x00, 0x00, 0x00, 0x00, 0x00,  //....... 
  0x00, 0x00, 0x00, 0x00, 0x00, 0x00, 0x00,  //....... 
  0x00, 0x02, 0x58, 0x90, 0x88, 0x3a, 0x00,  //..+%%.. 
  0x10, 0xba, 0xff, 0xff, 0xff, 0xff, 0x66,  //.%@@@@+ 
  0x04, 0xa6, 0x92, 0x3a, 0x9c, 0xff, 0xda,  //.%%.%@@ 
  0x00, 0x00, 0x00, 0x00, 0x34, 0xff, 0xec,  //.....@@ 
  0x00, 0x00, 0x00, 0x00, 0xa0, 0xff, 0x9a,  //....%@% 
  0x00, 0x00, 0x00, 0x68, 0xff, 0xd4, 0x0e,  //...+@@. 
  0x00, 0x00, 0x16, 0xf4, 0xf4, 0x22, 0x00,  //...@@.. 
  0x00, 0x00, 0x56, 0xff, 0x9e, 0x00, 0x00,  //..+@%.. 
  0x00, 0x00, 0x12, 0x36, 0x1e, 0x00, 0x00,  //....... 
  0x00, 0x00, 0x28, 0x9c, 0x4c, 0x00, 0x00,  //...%+.. 
  0x00, 0x00, 0xae, 0xff, 0xee, 0x00, 0x00,  //..%@@.. 
  0x00, 0x00, 0x80, 0xff, 0xbe, 0x00, 0x00,  //..%@%.. 
  0x00, 0x00, 0x00, 0x26, 0x06, 0x00, 0x00,  //....... 
  0x00, 0x00, 0x00, 0x00, 0x00, 0x00, 0x00,  //....... 
  0x00, 0x00, 0x00, 0x00, 0x00, 0x00, 0x00,  //....... 
  0x00, 0x00, 0x00, 0x00, 0x00, 0x00, 0x00,  //....... 
  0x00, 0x00, 0x00, 0x00, 0x00, 0x00, 0x00,  //....... 


  /*Unicode: U+0040 (@) , Width: 15 */
  0x00, 0x00, 0x00, 0x00, 0x00, 0x00, 0x00, 0x00, 0x00, 0x00, 0x00, 0x00, 0x00, 0x00, 0x00,  //............... 
  0x00, 0x00, 0x00, 0x00, 0x00, 0x00, 0x00, 0x00, 0x00, 0x00, 0x00, 0x00, 0x00, 0x00, 0x00,  //............... 
  0x00, 0x00, 0x00, 0x00, 0x00, 0x00, 0x00, 0x00, 0x00, 0x00, 0x00, 0x00, 0x00, 0x00, 0x00,  //............... 
  0x00, 0x00, 0x00, 0x00, 0x00, 0x00, 0x00, 0x00, 0x00, 0x00, 0x00, 0x00, 0x00, 0x00, 0x00,  //............... 
  0x00, 0x00, 0x00, 0x00, 0x00, 0x00, 0x0a, 0x30, 0x3e, 0x24, 0x02, 0x00, 0x00, 0x00, 0x00,  //............... 
  0x00, 0x00, 0x00, 0x00, 0x34, 0xb0, 0xf8, 0xff, 0xff, 0xff, 0xe2, 0x74, 0x00, 0x00, 0x00,  //.....%@@@@@+... 
  0x00, 0x00, 0x00, 0x7a, 0xfc, 0xcc, 0x5c, 0x20, 0x16, 0x36, 0x90, 0xf8, 0xb0, 0x00, 0x00,  //...+@@+...%@%.. 
  0x00, 0x00, 0x72, 0xff, 0x88, 0x00, 0x00, 0x00, 0x00, 0x00, 0x00, 0x4a, 0xfc, 0x70, 0x00,  //..+@%......+@+. 
  0x00, 0x24, 0xfa, 0x9e, 0x00, 0x00, 0x2a, 0x6e, 0x30, 0x40, 0x36, 0x00, 0x9e, 0xdc, 0x00,  //..@%...+.+..%@. 
  0x00, 0x9c, 0xf0, 0x10, 0x00, 0x62, 0xfa, 0xfc, 0xf2, 0xf2, 0x7e, 0x00, 0x4a, 0xff, 0x1e,  //.%@..+@@@@+.+@. 
  0x00, 0xe8, 0xa0, 0x00, 0x1a, 0xf4, 0xba, 0x0e, 0x78, 0xff, 0x4a, 0x00, 0x28, 0xff, 0x36,  //.@%..@%.+@+..@. 
  0x14, 0xff, 0x6c, 0x00, 0x78, 0xff, 0x32, 0x00, 0x80, 0xff, 0x18, 0x00, 0x36, 0xff, 0x2c,  //.@+.+@..%@...@. 
  0x24, 0xff, 0x5c, 0x00, 0xa0, 0xff, 0x06, 0x00, 0xb0, 0xe8, 0x00, 0x00, 0x84, 0xee, 0x02,  //.@+.%@..%@..%@. 
  0x16, 0xff, 0x70, 0x00, 0x84, 0xff, 0x76, 0x78, 0xfc, 0xee, 0x26, 0x58, 0xf6, 0x7c, 0x00,  //.@+.%@++@@.+@+. 
  0x00, 0xe4, 0xb2, 0x00, 0x16, 0xd4, 0xff, 0xd4, 0x4e, 0xf4, 0xff, 0xfc, 0x92, 0x02, 0x00,  //.@%..@@@+@@@%.. 
  0x00, 0x8a, 0xfc, 0x3a, 0x00, 0x00, 0x18, 0x00, 0x00, 0x14, 0x42, 0x1c, 0x00, 0x00, 0x00,  //.%@.......+.... 
  0x00, 0x10, 0xde, 0xea, 0x48, 0x00, 0x00, 0x00, 0x00, 0x0a, 0x00, 0x00, 0x00, 0x00, 0x00,  //..@@+.......... 
  0x00, 0x00, 0x22, 0xce, 0xff, 0xd0, 0x94, 0x8a, 0xac, 0xf2, 0x3e, 0x00, 0x00, 0x00, 0x00,  //...@@@%%%@..... 
  0x00, 0x00, 0x00, 0x02, 0x54, 0xa2, 0xca, 0xcc, 0xae, 0x66, 0x0c, 0x00, 0x00, 0x00, 0x00,  //....+%@@%+..... 
  0x00, 0x00, 0x00, 0x00, 0x00, 0x00, 0x00, 0x00, 0x00, 0x00, 0x00, 0x00, 0x00, 0x00, 0x00,  //............... 
  0x00, 0x00, 0x00, 0x00, 0x00, 0x00, 0x00, 0x00, 0x00, 0x00, 0x00, 0x00, 0x00, 0x00, 0x00,  //............... 


  /*Unicode: U+0041 (A) , Width: 10 */
  0x00, 0x00, 0x00, 0x00, 0x00, 0x00, 0x00, 0x00, 0x00, 0x00,  //.......... 
  0x00, 0x00, 0x00, 0x00, 0x00, 0x00, 0x00, 0x00, 0x00, 0x00,  //.......... 
  0x00, 0x00, 0x00, 0x00, 0x00, 0x00, 0x00, 0x00, 0x00, 0x00,  //.......... 
  0x00, 0x00, 0x00, 0x00, 0x00, 0x00, 0x00, 0x00, 0x00, 0x00,  //.......... 
  0x00, 0x00, 0x00, 0x0c, 0x1a, 0x1a, 0x02, 0x00, 0x00, 0x00,  //.......... 
  0x00, 0x00, 0x00, 0xb0, 0xff, 0xff, 0x50, 0x00, 0x00, 0x00,  //...%@@+... 
  0x00, 0x00, 0x0a, 0xf6, 0xec, 0xff, 0xa2, 0x00, 0x00, 0x00,  //...@@@%... 
  0x00, 0x00, 0x56, 0xff, 0x82, 0xf2, 0xee, 0x04, 0x00, 0x00,  //..+@%@@... 
  0x00, 0x00, 0xa8, 0xff, 0x3c, 0xb4, 0xff, 0x44, 0x00, 0x00,  //..%@.%@+.. 
  0x00, 0x06, 0xf2, 0xf2, 0x04, 0x6c, 0xff, 0x96, 0x00, 0x00,  //..@@.+@%.. 
  0x00, 0x4c, 0xff, 0xb0, 0x00, 0x26, 0xff, 0xe6, 0x00, 0x00,  //.+@%..@@.. 
  0x00, 0x9e, 0xff, 0xff, 0x92, 0x92, 0xff, 0xff, 0x3a, 0x00,  //.%@@%%@@.. 
  0x02, 0xea, 0xff, 0xff, 0xff, 0xff, 0xff, 0xff, 0x8c, 0x00,  //.@@@@@@@%. 
  0x42, 0xff, 0xff, 0x26, 0x26, 0x26, 0x80, 0xff, 0xdc, 0x00,  //+@@...%@@. 
  0x94, 0xff, 0x98, 0x00, 0x00, 0x00, 0x14, 0xfc, 0xff, 0x30,  //%@%....@@. 
  0xe4, 0xff, 0x52, 0x00, 0x00, 0x00, 0x00, 0xce, 0xff, 0x82,  //@@+....@@% 
  0x00, 0x00, 0x00, 0x00, 0x00, 0x00, 0x00, 0x00, 0x00, 0x00,  //.......... 
  0x00, 0x00, 0x00, 0x00, 0x00, 0x00, 0x00, 0x00, 0x00, 0x00,  //.......... 
  0x00, 0x00, 0x00, 0x00, 0x00, 0x00, 0x00, 0x00, 0x00, 0x00,  //.......... 
  0x00, 0x00, 0x00, 0x00, 0x00, 0x00, 0x00, 0x00, 0x00, 0x00,  //.......... 
  0x00, 0x00, 0x00, 0x00, 0x00, 0x00, 0x00, 0x00, 0x00, 0x00,  //.......... 


  /*Unicode: U+0042 (B) , Width: 9 */
  0x00, 0x00, 0x00, 0x00, 0x00, 0x00, 0x00, 0x00, 0x00,  //......... 
  0x00, 0x00, 0x00, 0x00, 0x00, 0x00, 0x00, 0x00, 0x00,  //......... 
  0x00, 0x00, 0x00, 0x00, 0x00, 0x00, 0x00, 0x00, 0x00,  //......... 
  0x00, 0x00, 0x00, 0x00, 0x00, 0x00, 0x00, 0x00, 0x00,  //......... 
  0x10, 0x1a, 0x1a, 0x1a, 0x0c, 0x00, 0x00, 0x00, 0x00,  //......... 
  0xa2, 0xff, 0xff, 0xff, 0xff, 0xec, 0xae, 0x1c, 0x00,  //%@@@@@%.. 
  0xa2, 0xff, 0xd2, 0x96, 0xa6, 0xec, 0xff, 0xca, 0x00,  //%@@%%@@@. 
  0xa2, 0xff, 0x92, 0x00, 0x00, 0x36, 0xff, 0xff, 0x04,  //%@%...@@. 
  0xa2, 0xff, 0x92, 0x00, 0x00, 0x40, 0xff, 0xdc, 0x00,  //%@%..+@@. 
  0xa2, 0xff, 0xd0, 0x92, 0xa4, 0xf0, 0xf0, 0x48, 0x00,  //%@@%%@@+. 
  0xa2, 0xff, 0xff, 0xff, 0xff, 0xff, 0xe8, 0x6c, 0x00,  //%@@@@@@+. 
  0xa2, 0xff, 0x98, 0x0a, 0x14, 0x48, 0xea, 0xff, 0x4c,  //%@%..+@@+ 
  0xa2, 0xff, 0x92, 0x00, 0x00, 0x00, 0x98, 0xff, 0x8e,  //%@%...%@% 
  0xa2, 0xff, 0x92, 0x00, 0x00, 0x08, 0xd0, 0xff, 0x7c,  //%@%...@@+ 
  0xa2, 0xff, 0xde, 0xb2, 0xbc, 0xec, 0xff, 0xea, 0x1a,  //%@@%%@@@. 
  0xa2, 0xff, 0xff, 0xff, 0xfa, 0xe2, 0xa0, 0x22, 0x00,  //%@@@@@%.. 
  0x00, 0x00, 0x00, 0x00, 0x00, 0x00, 0x00, 0x00, 0x00,  //......... 
  0x00, 0x00, 0x00, 0x00, 0x00, 0x00, 0x00, 0x00, 0x00,  //......... 
  0x00, 0x00, 0x00, 0x00, 0x00, 0x00, 0x00, 0x00, 0x00,  //......... 
  0x00, 0x00, 0x00, 0x00, 0x00, 0x00, 0x00, 0x00, 0x00,  //......... 
  0x00, 0x00, 0x00, 0x00, 0x00, 0x00, 0x00, 0x00, 0x00,  //......... 


  /*Unicode: U+0043 (C) , Width: 10 */
  0x00, 0x00, 0x00, 0x00, 0x00, 0x00, 0x00, 0x00, 0x00, 0x00,  //.......... 
  0x00, 0x00, 0x00, 0x00, 0x00, 0x00, 0x00, 0x00, 0x00, 0x00,  //.......... 
  0x00, 0x00, 0x00, 0x00, 0x00, 0x00, 0x00, 0x00, 0x00, 0x00,  //.......... 
  0x00, 0x00, 0x00, 0x00, 0x00, 0x00, 0x00, 0x00, 0x00, 0x00,  //.......... 
  0x00, 0x00, 0x00, 0x00, 0x14, 0x42, 0x40, 0x0a, 0x00, 0x00,  //.....++... 
  0x00, 0x00, 0x10, 0xa6, 0xfc, 0xff, 0xff, 0xf2, 0x76, 0x00,  //...%@@@@+. 
  0x00, 0x0a, 0xd2, 0xff, 0xf6, 0xac, 0xaa, 0xf4, 0xd6, 0x0a,  //..@@@%%@@. 
  0x00, 0x82, 0xff, 0xea, 0x26, 0x00, 0x00, 0x28, 0x24, 0x00,  //.%@@...... 
  0x00, 0xe4, 0xff, 0x72, 0x00, 0x00, 0x00, 0x00, 0x00, 0x00,  //.@@+...... 
  0x1a, 0xff, 0xff, 0x2c, 0x00, 0x00, 0x00, 0x00, 0x00, 0x00,  //.@@....... 
  0x2a, 0xff, 0xff, 0x1c, 0x00, 0x00, 0x00, 0x00, 0x00, 0x00,  //.@@....... 
  0x1a, 0xff, 0xff, 0x30, 0x00, 0x00, 0x00, 0x00, 0x00, 0x00,  //.@@....... 
  0x00, 0xe6, 0xff, 0x78, 0x00, 0x00, 0x00, 0x00, 0x00, 0x00,  //.@@+...... 
  0x00, 0x84, 0xff, 0xee, 0x32, 0x00, 0x00, 0x3a, 0x74, 0x00,  //.%@@....+. 
  0x00, 0x0a, 0xd0, 0xff, 0xfa, 0xc4, 0xc6, 0xfc, 0xff, 0x32,  //..@@@@@@@. 
  0x00, 0x00, 0x0e, 0x9e, 0xf6, 0xff, 0xff, 0xe4, 0x62, 0x00,  //...%@@@@+. 
  0x00, 0x00, 0x00, 0x00, 0x08, 0x2a, 0x22, 0x00, 0x00, 0x00,  //.......... 
  0x00, 0x00, 0x00, 0x00, 0x00, 0x00, 0x00, 0x00, 0x00, 0x00,  //.......... 
  0x00, 0x00, 0x00, 0x00, 0x00, 0x00, 0x00, 0x00, 0x00, 0x00,  //.......... 
  0x00, 0x00, 0x00, 0x00, 0x00, 0x00, 0x00, 0x00, 0x00, 0x00,  //.......... 
  0x00, 0x00, 0x00, 0x00, 0x00, 0x00, 0x00, 0x00, 0x00, 0x00,  //.......... 


  /*Unicode: U+0044 (D) , Width: 9 */
  0x00, 0x00, 0x00, 0x00, 0x00, 0x00, 0x00, 0x00, 0x00,  //......... 
  0x00, 0x00, 0x00, 0x00, 0x00, 0x00, 0x00, 0x00, 0x00,  //......... 
  0x00, 0x00, 0x00, 0x00, 0x00, 0x00, 0x00, 0x00, 0x00,  //......... 
  0x00, 0x00, 0x00, 0x00, 0x00, 0x00, 0x00, 0x00, 0x00,  //......... 
  0x10, 0x1a, 0x1a, 0x16, 0x02, 0x00, 0x00, 0x00, 0x00,  //......... 
  0xa2, 0xff, 0xff, 0xff, 0xfc, 0xca, 0x60, 0x00, 0x00,  //%@@@@@+.. 
  0xa2, 0xff, 0xda, 0xb0, 0xda, 0xff, 0xff, 0x9a, 0x00,  //%@@%@@@%. 
  0xa2, 0xff, 0x92, 0x00, 0x00, 0x60, 0xff, 0xff, 0x48,  //%@%..+@@+ 
  0xa2, 0xff, 0x92, 0x00, 0x00, 0x00, 0xae, 0xff, 0xa6,  //%@%...%@% 
  0xa2, 0xff, 0x92, 0x00, 0x00, 0x00, 0x6e, 0xff, 0xd0,  //%@%...+@@ 
  0xa2, 0xff, 0x92, 0x00, 0x00, 0x00, 0x60, 0xff, 0xe0,  //%@%...+@@ 
  0xa2, 0xff, 0x92, 0x00, 0x00, 0x00, 0x76, 0xff, 0xca,  //%@%...+@@ 
  0xa2, 0xff, 0x92, 0x00, 0x00, 0x00, 0xc2, 0xff, 0x96,  //%@%...@@% 
  0xa2, 0xff, 0x92, 0x00, 0x06, 0x84, 0xff, 0xfc, 0x32,  //%@%..%@@. 
  0xa2, 0xff, 0xe8, 0xd0, 0xf2, 0xff, 0xfc, 0x76, 0x00,  //%@@@@@@+. 
  0xa2, 0xff, 0xff, 0xfc, 0xe6, 0xae, 0x42, 0x00, 0x00,  //%@@@@%+.. 
  0x00, 0x00, 0x00, 0x00, 0x00, 0x00, 0x00, 0x00, 0x00,  //......... 
  0x00, 0x00, 0x00, 0x00, 0x00, 0x00, 0x00, 0x00, 0x00,  //......... 
  0x00, 0x00, 0x00, 0x00, 0x00, 0x00, 0x00, 0x00, 0x00,  //......... 
  0x00, 0x00, 0x00, 0x00, 0x00, 0x00, 0x00, 0x00, 0x00,  //......... 
  0x00, 0x00, 0x00, 0x00, 0x00, 0x00, 0x00, 0x00, 0x00,  //......... 


  /*Unicode: U+0045 (E) , Width: 8 */
  0x00, 0x00, 0x00, 0x00, 0x00, 0x00, 0x00, 0x00,  //........ 
  0x00, 0x00, 0x00, 0x00, 0x00, 0x00, 0x00, 0x00,  //........ 
  0x00, 0x00, 0x00, 0x00, 0x00, 0x00, 0x00, 0x00,  //........ 
  0x00, 0x00, 0x00, 0x00, 0x00, 0x00, 0x00, 0x00,  //........ 
  0x10, 0x1a, 0x1a, 0x1a, 0x1a, 0x1a, 0x1a, 0x02,  //........ 
  0xa2, 0xff, 0xff, 0xff, 0xff, 0xff, 0xff, 0x2a,  //%@@@@@@. 
  0xa2, 0xff, 0xe4, 0xbe, 0xbe, 0xbe, 0xbe, 0x20,  //%@@%%%%. 
  0xa2, 0xff, 0x92, 0x00, 0x00, 0x00, 0x00, 0x00,  //%@%..... 
  0xa2, 0xff, 0x92, 0x00, 0x00, 0x00, 0x00, 0x00,  //%@%..... 
  0xa2, 0xff, 0xdc, 0xae, 0xae, 0xae, 0x50, 0x00,  //%@@%%%+. 
  0xa2, 0xff, 0xff, 0xff, 0xff, 0xff, 0x76, 0x00,  //%@@@@@+. 
  0xa2, 0xff, 0xa4, 0x2a, 0x2a, 0x2a, 0x12, 0x00,  //%@%..... 
  0xa2, 0xff, 0x92, 0x00, 0x00, 0x00, 0x00, 0x00,  //%@%..... 
  0xa2, 0xff, 0x92, 0x00, 0x00, 0x00, 0x00, 0x00,  //%@%..... 
  0xa2, 0xff, 0xee, 0xda, 0xda, 0xda, 0xda, 0x4a,  //%@@@@@@+ 
  0xa2, 0xff, 0xff, 0xff, 0xff, 0xff, 0xff, 0x56,  //%@@@@@@+ 
  0x00, 0x00, 0x00, 0x00, 0x00, 0x00, 0x00, 0x00,  //........ 
  0x00, 0x00, 0x00, 0x00, 0x00, 0x00, 0x00, 0x00,  //........ 
  0x00, 0x00, 0x00, 0x00, 0x00, 0x00, 0x00, 0x00,  //........ 
  0x00, 0x00, 0x00, 0x00, 0x00, 0x00, 0x00, 0x00,  //........ 
  0x00, 0x00, 0x00, 0x00, 0x00, 0x00, 0x00, 0x00,  //........ 


  /*Unicode: U+0046 (F) , Width: 8 */
  0x00, 0x00, 0x00, 0x00, 0x00, 0x00, 0x00, 0x00,  //........ 
  0x00, 0x00, 0x00, 0x00, 0x00, 0x00, 0x00, 0x00,  //........ 
  0x00, 0x00, 0x00, 0x00, 0x00, 0x00, 0x00, 0x00,  //........ 
  0x00, 0x00, 0x00, 0x00, 0x00, 0x00, 0x00, 0x00,  //........ 
  0x10, 0x1a, 0x1a, 0x1a, 0x1a, 0x1a, 0x1a, 0x04,  //........ 
  0xa2, 0xff, 0xff, 0xff, 0xff, 0xff, 0xff, 0x32,  //%@@@@@@. 
  0xa2, 0xff, 0xe4, 0xbe, 0xbe, 0xbe, 0xbe, 0x26,  //%@@%%%%. 
  0xa2, 0xff, 0x92, 0x00, 0x00, 0x00, 0x00, 0x00,  //%@%..... 
  0xa2, 0xff, 0x92, 0x00, 0x00, 0x00, 0x00, 0x00,  //%@%..... 
  0xa2, 0xff, 0xb8, 0x5a, 0x5a, 0x5a, 0x2e, 0x00,  //%@%+++.. 
  0xa2, 0xff, 0xff, 0xff, 0xff, 0xff, 0x86, 0x00,  //%@@@@@%. 
  0xa2, 0xff, 0xc8, 0x7e, 0x7e, 0x7e, 0x42, 0x00,  //%@@++++. 
  0xa2, 0xff, 0x92, 0x00, 0x00, 0x00, 0x00, 0x00,  //%@%..... 
  0xa2, 0xff, 0x92, 0x00, 0x00, 0x00, 0x00, 0x00,  //%@%..... 
  0xa2, 0xff, 0x92, 0x00, 0x00, 0x00, 0x00, 0x00,  //%@%..... 
  0xa2, 0xff, 0x92, 0x00, 0x00, 0x00, 0x00, 0x00,  //%@%..... 
  0x00, 0x00, 0x00, 0x00, 0x00, 0x00, 0x00, 0x00,  //........ 
  0x00, 0x00, 0x00, 0x00, 0x00, 0x00, 0x00, 0x00,  //........ 
  0x00, 0x00, 0x00, 0x00, 0x00, 0x00, 0x00, 0x00,  //........ 
  0x00, 0x00, 0x00, 0x00, 0x00, 0x00, 0x00, 0x00,  //........ 
  0x00, 0x00, 0x00, 0x00, 0x00, 0x00, 0x00, 0x00,  //........ 


  /*Unicode: U+0047 (G) , Width: 10 */
  0x00, 0x00, 0x00, 0x00, 0x00, 0x00, 0x00, 0x00, 0x00, 0x00,  //.......... 
  0x00, 0x00, 0x00, 0x00, 0x00, 0x00, 0x00, 0x00, 0x00, 0x00,  //.......... 
  0x00, 0x00, 0x00, 0x00, 0x00, 0x00, 0x00, 0x00, 0x00, 0x00,  //.......... 
  0x00, 0x00, 0x00, 0x00, 0x00, 0x00, 0x00, 0x00, 0x00, 0x00,  //.......... 
  0x00, 0x00, 0x00, 0x00, 0x0e, 0x3e, 0x44, 0x18, 0x00, 0x00,  //......+... 
  0x00, 0x00, 0x0c, 0x9c, 0xfa, 0xff, 0xff, 0xfc, 0xa8, 0x12,  //...%@@@@%. 
  0x00, 0x08, 0xca, 0xff, 0xfa, 0xb4, 0xa0, 0xe2, 0xfa, 0x3e,  //..@@@%%@@. 
  0x00, 0x80, 0xff, 0xee, 0x2e, 0x00, 0x00, 0x0a, 0x44, 0x00,  //.%@@....+. 
  0x00, 0xe4, 0xff, 0x76, 0x00, 0x00, 0x00, 0x00, 0x00, 0x00,  //.@@+...... 
  0x1a, 0xff, 0xff, 0x2e, 0x00, 0x06, 0x22, 0x22, 0x22, 0x1a,  //.@@....... 
  0x28, 0xff, 0xff, 0x1c, 0x00, 0x32, 0xff, 0xff, 0xff, 0xbe,  //.@@...@@@% 
  0x14, 0xff, 0xff, 0x30, 0x00, 0x22, 0xae, 0xc2, 0xff, 0xbe,  //.@@...%@@% 
  0x00, 0xe2, 0xff, 0x7c, 0x00, 0x00, 0x00, 0x3e, 0xff, 0xbe,  //.@@+....@% 
  0x00, 0x80, 0xff, 0xf2, 0x42, 0x00, 0x00, 0x42, 0xff, 0xbe,  //.%@@+..+@% 
  0x00, 0x06, 0xc8, 0xff, 0xff, 0xd2, 0xba, 0xee, 0xff, 0xbc,  //..@@@@%@@% 
  0x00, 0x00, 0x08, 0x8a, 0xec, 0xff, 0xff, 0xf8, 0xae, 0x20,  //...%@@@@%. 
  0x00, 0x00, 0x00, 0x00, 0x02, 0x20, 0x2a, 0x0a, 0x00, 0x00,  //.......... 
  0x00, 0x00, 0x00, 0x00, 0x00, 0x00, 0x00, 0x00, 0x00, 0x00,  //.......... 
  0x00, 0x00, 0x00, 0x00, 0x00, 0x00, 0x00, 0x00, 0x00, 0x00,  //.......... 
  0x00, 0x00, 0x00, 0x00, 0x00, 0x00, 0x00, 0x00, 0x00, 0x00,  //.......... 
  0x00, 0x00, 0x00, 0x00, 0x00, 0x00, 0x00, 0x00, 0x00, 0x00,  //.......... 


  /*Unicode: U+0048 (H) , Width: 9 */
  0x00, 0x00, 0x00, 0x00, 0x00, 0x00, 0x00, 0x00, 0x00,  //......... 
  0x00, 0x00, 0x00, 0x00, 0x00, 0x00, 0x00, 0x00, 0x00,  //......... 
  0x00, 0x00, 0x00, 0x00, 0x00, 0x00, 0x00, 0x00, 0x00,  //......... 
  0x00, 0x00, 0x00, 0x00, 0x00, 0x00, 0x00, 0x00, 0x00,  //......... 
  0x10, 0x1a, 0x0e, 0x00, 0x00, 0x00, 0x04, 0x1a, 0x1a,  //......... 
  0xa2, 0xff, 0x92, 0x00, 0x00, 0x00, 0x36, 0xff, 0xfa,  //%@%....@@ 
  0xa2, 0xff, 0x92, 0x00, 0x00, 0x00, 0x36, 0xff, 0xfa,  //%@%....@@ 
  0xa2, 0xff, 0x92, 0x00, 0x00, 0x00, 0x36, 0xff, 0xfa,  //%@%....@@ 
  0xa2, 0xff, 0x92, 0x00, 0x00, 0x00, 0x36, 0xff, 0xfa,  //%@%....@@ 
  0xa2, 0xff, 0xe0, 0xb6, 0xb6, 0xb6, 0xc6, 0xff, 0xfa,  //%@@%%%@@@ 
  0xa2, 0xff, 0xff, 0xff, 0xff, 0xff, 0xff, 0xff, 0xfa,  //%@@@@@@@@ 
  0xa2, 0xff, 0xa8, 0x32, 0x32, 0x32, 0x5e, 0xff, 0xfa,  //%@%...+@@ 
  0xa2, 0xff, 0x92, 0x00, 0x00, 0x00, 0x36, 0xff, 0xfa,  //%@%....@@ 
  0xa2, 0xff, 0x92, 0x00, 0x00, 0x00, 0x36, 0xff, 0xfa,  //%@%....@@ 
  0xa2, 0xff, 0x92, 0x00, 0x00, 0x00, 0x36, 0xff, 0xfa,  //%@%....@@ 
  0xa2, 0xff, 0x92, 0x00, 0x00, 0x00, 0x36, 0xff, 0xfa,  //%@%....@@ 
  0x00, 0x00, 0x00, 0x00, 0x00, 0x00, 0x00, 0x00, 0x00,  //......... 
  0x00, 0x00, 0x00, 0x00, 0x00, 0x00, 0x00, 0x00, 0x00,  //......... 
  0x00, 0x00, 0x00, 0x00, 0x00, 0x00, 0x00, 0x00, 0x00,  //......... 
  0x00, 0x00, 0x00, 0x00, 0x00, 0x00, 0x00, 0x00, 0x00,  //......... 
  0x00, 0x00, 0x00, 0x00, 0x00, 0x00, 0x00, 0x00, 0x00,  //......... 


  /*Unicode: U+0049 (I) , Width: 3 */
  0x00, 0x00, 0x00,  //... 
  0x00, 0x00, 0x00,  //... 
  0x00, 0x00, 0x00,  //... 
  0x00, 0x00, 0x00,  //... 
  0x10, 0x1a, 0x0e,  //... 
  0xa2, 0xff, 0x92,  //%@% 
  0xa2, 0xff, 0x92,  //%@% 
  0xa2, 0xff, 0x92,  //%@% 
  0xa2, 0xff, 0x92,  //%@% 
  0xa2, 0xff, 0x92,  //%@% 
  0xa2, 0xff, 0x92,  //%@% 
  0xa2, 0xff, 0x92,  //%@% 
  0xa2, 0xff, 0x92,  //%@% 
  0xa2, 0xff, 0x92,  //%@% 
  0xa2, 0xff, 0x92,  //%@% 
  0xa2, 0xff, 0x92,  //%@% 
  0x00, 0x00, 0x00,  //... 
  0x00, 0x00, 0x00,  //... 
  0x00, 0x00, 0x00,  //... 
  0x00, 0x00, 0x00,  //... 
  0x00, 0x00, 0x00,  //... 


  /*Unicode: U+004a (J) , Width: 8 */
  0x00, 0x00, 0x00, 0x00, 0x00, 0x00, 0x00, 0x00,  //........ 
  0x00, 0x00, 0x00, 0x00, 0x00, 0x00, 0x00, 0x00,  //........ 
  0x00, 0x00, 0x00, 0x00, 0x00, 0x00, 0x00, 0x00,  //........ 
  0x00, 0x00, 0x00, 0x00, 0x00, 0x00, 0x00, 0x00,  //........ 
  0x00, 0x00, 0x00, 0x00, 0x00, 0x1a, 0x1a, 0x04,  //........ 
  0x00, 0x00, 0x00, 0x00, 0x00, 0xff, 0xff, 0x36,  //.....@@. 
  0x00, 0x00, 0x00, 0x00, 0x00, 0xff, 0xff, 0x36,  //.....@@. 
  0x00, 0x00, 0x00, 0x00, 0x00, 0xff, 0xff, 0x36,  //.....@@. 
  0x00, 0x00, 0x00, 0x00, 0x00, 0xff, 0xff, 0x36,  //.....@@. 
  0x00, 0x00, 0x00, 0x00, 0x00, 0xff, 0xff, 0x36,  //.....@@. 
  0x00, 0x00, 0x00, 0x00, 0x00, 0xff, 0xff, 0x36,  //.....@@. 
  0x00, 0x00, 0x00, 0x00, 0x00, 0xff, 0xff, 0x36,  //.....@@. 
  0x00, 0x00, 0x00, 0x00, 0x06, 0xff, 0xff, 0x32,  //.....@@. 
  0x06, 0x90, 0x2a, 0x00, 0x3c, 0xff, 0xff, 0x14,  //.%...@@. 
  0x66, 0xff, 0xf2, 0xbc, 0xf0, 0xff, 0xbc, 0x00,  //+@@%@@%. 
  0x00, 0x82, 0xf4, 0xff, 0xff, 0xc8, 0x1c, 0x00,  //.%@@@@.. 
  0x00, 0x00, 0x08, 0x2a, 0x1c, 0x00, 0x00, 0x00,  //........ 
  0x00, 0x00, 0x00, 0x00, 0x00, 0x00, 0x00, 0x00,  //........ 
  0x00, 0x00, 0x00, 0x00, 0x00, 0x00, 0x00, 0x00,  //........ 
  0x00, 0x00, 0x00, 0x00, 0x00, 0x00, 0x00, 0x00,  //........ 
  0x00, 0x00, 0x00, 0x00, 0x00, 0x00, 0x00, 0x00,  //........ 


  /*Unicode: U+004b (K) , Width: 10 */
  0x00, 0x00, 0x00, 0x00, 0x00, 0x00, 0x00, 0x00, 0x00, 0x00,  //.......... 
  0x00, 0x00, 0x00, 0x00, 0x00, 0x00, 0x00, 0x00, 0x00, 0x00,  //.......... 
  0x00, 0x00, 0x00, 0x00, 0x00, 0x00, 0x00, 0x00, 0x00, 0x00,  //.......... 
  0x00, 0x00, 0x00, 0x00, 0x00, 0x00, 0x00, 0x00, 0x00, 0x00,  //.......... 
  0x10, 0x1a, 0x0e, 0x00, 0x00, 0x00, 0x12, 0x1a, 0x12, 0x00,  //.......... 
  0xa2, 0xff, 0x92, 0x00, 0x00, 0x2e, 0xf6, 0xfc, 0x46, 0x00,  //%@%...@@+. 
  0xa2, 0xff, 0x92, 0x00, 0x0e, 0xda, 0xff, 0x7e, 0x00, 0x00,  //%@%..@@+.. 
  0xa2, 0xff, 0x92, 0x00, 0xac, 0xff, 0xb6, 0x00, 0x00, 0x00,  //%@%.%@%... 
  0xa2, 0xff, 0x92, 0x70, 0xff, 0xde, 0x12, 0x00, 0x00, 0x00,  //%@%+@@.... 
  0xa2, 0xff, 0xc8, 0xfa, 0xff, 0x8a, 0x00, 0x00, 0x00, 0x00,  //%@@@@%.... 
  0xa2, 0xff, 0xff, 0xff, 0xff, 0xf4, 0x1e, 0x00, 0x00, 0x00,  //%@@@@@.... 
  0xa2, 0xff, 0xff, 0xa6, 0xa8, 0xff, 0xac, 0x00, 0x00, 0x00,  //%@@%%@%... 
  0xa2, 0xff, 0xd4, 0x0a, 0x1e, 0xf6, 0xff, 0x44, 0x00, 0x00,  //%@@..@@+.. 
  0xa2, 0xff, 0x92, 0x00, 0x00, 0x82, 0xff, 0xd6, 0x04, 0x00,  //%@%..%@@.. 
  0xa2, 0xff, 0x92, 0x00, 0x00, 0x0a, 0xe4, 0xff, 0x72, 0x00,  //%@%...@@+. 
  0xa2, 0xff, 0x92, 0x00, 0x00, 0x00, 0x5c, 0xff, 0xf0, 0x18,  //%@%...+@@. 
  0x00, 0x00, 0x00, 0x00, 0x00, 0x00, 0x00, 0x00, 0x00, 0x00,  //.......... 
  0x00, 0x00, 0x00, 0x00, 0x00, 0x00, 0x00, 0x00, 0x00, 0x00,  //.......... 
  0x00, 0x00, 0x00, 0x00, 0x00, 0x00, 0x00, 0x00, 0x00, 0x00,  //.......... 
  0x00, 0x00, 0x00, 0x00, 0x00, 0x00, 0x00, 0x00, 0x00, 0x00,  //.......... 
  0x00, 0x00, 0x00, 0x00, 0x00, 0x00, 0x00, 0x00, 0x00, 0x00,  //.......... 


  /*Unicode: U+004c (L) , Width: 8 */
  0x00, 0x00, 0x00, 0x00, 0x00, 0x00, 0x00, 0x00,  //........ 
  0x00, 0x00, 0x00, 0x00, 0x00, 0x00, 0x00, 0x00,  //........ 
  0x00, 0x00, 0x00, 0x00, 0x00, 0x00, 0x00, 0x00,  //........ 
  0x00, 0x00, 0x00, 0x00, 0x00, 0x00, 0x00, 0x00,  //........ 
  0x10, 0x1a, 0x0e, 0x00, 0x00, 0x00, 0x00, 0x00,  //........ 
  0xa2, 0xff, 0x92, 0x00, 0x00, 0x00, 0x00, 0x00,  //%@%..... 
  0xa2, 0xff, 0x92, 0x00, 0x00, 0x00, 0x00, 0x00,  //%@%..... 
  0xa2, 0xff, 0x92, 0x00, 0x00, 0x00, 0x00, 0x00,  //%@%..... 
  0xa2, 0xff, 0x92, 0x00, 0x00, 0x00, 0x00, 0x00,  //%@%..... 
  0xa2, 0xff, 0x92, 0x00, 0x00, 0x00, 0x00, 0x00,  //%@%..... 
  0xa2, 0xff, 0x92, 0x00, 0x00, 0x00, 0x00, 0x00,  //%@%..... 
  0xa2, 0xff, 0x92, 0x00, 0x00, 0x00, 0x00, 0x00,  //%@%..... 
  0xa2, 0xff, 0x92, 0x00, 0x00, 0x00, 0x00, 0x00,  //%@%..... 
  0xa2, 0xff, 0x92, 0x00, 0x00, 0x00, 0x00, 0x00,  //%@%..... 
  0xa2, 0xff, 0xee, 0xda, 0xda, 0xda, 0xda, 0x12,  //%@@@@@@. 
  0xa2, 0xff, 0xff, 0xff, 0xff, 0xff, 0xff, 0x16,  //%@@@@@@. 
  0x00, 0x00, 0x00, 0x00, 0x00, 0x00, 0x00, 0x00,  //........ 
  0x00, 0x00, 0x00, 0x00, 0x00, 0x00, 0x00, 0x00,  //........ 
  0x00, 0x00, 0x00, 0x00, 0x00, 0x00, 0x00, 0x00,  //........ 
  0x00, 0x00, 0x00, 0x00, 0x00, 0x00, 0x00, 0x00,  //........ 
  0x00, 0x00, 0x00, 0x00, 0x00, 0x00, 0x00, 0x00,  //........ 


  /*Unicode: U+004d (M) , Width: 11 */
  0x00, 0x00, 0x00, 0x00, 0x00, 0x00, 0x00, 0x00, 0x00, 0x00, 0x00,  //........... 
  0x00, 0x00, 0x00, 0x00, 0x00, 0x00, 0x00, 0x00, 0x00, 0x00, 0x00,  //........... 
  0x00, 0x00, 0x00, 0x00, 0x00, 0x00, 0x00, 0x00, 0x00, 0x00, 0x00,  //........... 
  0x00, 0x00, 0x00, 0x00, 0x00, 0x00, 0x00, 0x00, 0x00, 0x00, 0x00,  //........... 
  0x10, 0x1a, 0x16, 0x00, 0x00, 0x00, 0x00, 0x00, 0x1a, 0x1a, 0x0a,  //........... 
  0xa2, 0xff, 0xf8, 0x10, 0x00, 0x00, 0x00, 0x3a, 0xff, 0xff, 0x6e,  //%@@.....@@+ 
  0xa2, 0xff, 0xff, 0x66, 0x00, 0x00, 0x00, 0x96, 0xff, 0xff, 0x6e,  //%@@+...%@@+ 
  0xa2, 0xff, 0xf6, 0xc4, 0x00, 0x00, 0x04, 0xea, 0xf6, 0xff, 0x6e,  //%@@@...@@@+ 
  0xa2, 0xff, 0xbe, 0xff, 0x22, 0x00, 0x4c, 0xff, 0xbe, 0xff, 0x6e,  //%@%@..+@%@+ 
  0xa2, 0xff, 0x7e, 0xff, 0x7e, 0x00, 0xa8, 0xf6, 0x86, 0xff, 0x6e,  //%@+@+.%@%@+ 
  0xa2, 0xff, 0x52, 0xe6, 0xd6, 0x08, 0xf4, 0xaa, 0x8a, 0xff, 0x6e,  //%@+@@.@%%@+ 
  0xa2, 0xff, 0x5a, 0x8c, 0xff, 0x78, 0xff, 0x4c, 0x92, 0xff, 0x6e,  //%@+%@+@+%@+ 
  0xa2, 0xff, 0x5a, 0x2c, 0xff, 0xf6, 0xe8, 0x02, 0x92, 0xff, 0x6e,  //%@+.@@@.%@+ 
  0xa2, 0xff, 0x5a, 0x00, 0xce, 0xff, 0x90, 0x00, 0x92, 0xff, 0x6e,  //%@+.@@%.%@+ 
  0xa2, 0xff, 0x5a, 0x00, 0x6e, 0xff, 0x32, 0x00, 0x92, 0xff, 0x6e,  //%@+.+@..%@+ 
  0xa2, 0xff, 0x5a, 0x00, 0x00, 0x00, 0x00, 0x00, 0x92, 0xff, 0x6e,  //%@+.....%@+ 
  0x00, 0x00, 0x00, 0x00, 0x00, 0x00, 0x00, 0x00, 0x00, 0x00, 0x00,  //........... 
  0x00, 0x00, 0x00, 0x00, 0x00, 0x00, 0x00, 0x00, 0x00, 0x00, 0x00,  //........... 
  0x00, 0x00, 0x00, 0x00, 0x00, 0x00, 0x00, 0x00, 0x00, 0x00, 0x00,  //........... 
  0x00, 0x00, 0x00, 0x00, 0x00, 0x00, 0x00, 0x00, 0x00, 0x00, 0x00,  //........... 
  0x00, 0x00, 0x00, 0x00, 0x00, 0x00, 0x00, 0x00, 0x00, 0x00, 0x00,  //........... 


  /*Unicode: U+004e (N) , Width: 9 */
  0x00, 0x00, 0x00, 0x00, 0x00, 0x00, 0x00, 0x00, 0x00,  //......... 
  0x00, 0x00, 0x00, 0x00, 0x00, 0x00, 0x00, 0x00, 0x00,  //......... 
  0x00, 0x00, 0x00, 0x00, 0x00, 0x00, 0x00, 0x00, 0x00,  //......... 
  0x00, 0x00, 0x00, 0x00, 0x00, 0x00, 0x00, 0x00, 0x00,  //......... 
  0x10, 0x1a, 0x10, 0x00, 0x00, 0x00, 0x06, 0x1a, 0x16,  //......... 
  0xa2, 0xff, 0xe6, 0x0a, 0x00, 0x00, 0x3e, 0xff, 0xda,  //%@@....@@ 
  0xa2, 0xff, 0xff, 0x7e, 0x00, 0x00, 0x3e, 0xff, 0xda,  //%@@+...@@ 
  0xa2, 0xff, 0xf2, 0xf2, 0x16, 0x00, 0x3e, 0xff, 0xda,  //%@@@...@@ 
  0xa2, 0xff, 0x9c, 0xff, 0x96, 0x00, 0x3e, 0xff, 0xda,  //%@%@%..@@ 
  0xa2, 0xff, 0x5e, 0xda, 0xfa, 0x26, 0x3a, 0xff, 0xda,  //%@+@@..@@ 
  0xa2, 0xff, 0x6c, 0x5e, 0xff, 0xae, 0x2e, 0xff, 0xda,  //%@++@%.@@ 
  0xa2, 0xff, 0x78, 0x00, 0xd2, 0xff, 0x4c, 0xff, 0xda,  //%@+.@@+@@ 
  0xa2, 0xff, 0x7a, 0x00, 0x4a, 0xff, 0xaa, 0xfc, 0xda,  //%@+.+@%@@ 
  0xa2, 0xff, 0x7a, 0x00, 0x00, 0xc0, 0xfa, 0xfc, 0xda,  //%@+..@@@@ 
  0xa2, 0xff, 0x7a, 0x00, 0x00, 0x36, 0xff, 0xff, 0xda,  //%@+...@@@ 
  0xa2, 0xff, 0x7a, 0x00, 0x00, 0x00, 0xac, 0xff, 0xda,  //%@+...%@@ 
  0x00, 0x00, 0x00, 0x00, 0x00, 0x00, 0x00, 0x00, 0x00,  //......... 
  0x00, 0x00, 0x00, 0x00, 0x00, 0x00, 0x00, 0x00, 0x00,  //......... 
  0x00, 0x00, 0x00, 0x00, 0x00, 0x00, 0x00, 0x00, 0x00,  //......... 
  0x00, 0x00, 0x00, 0x00, 0x00, 0x00, 0x00, 0x00, 0x00,  //......... 
  0x00, 0x00, 0x00, 0x00, 0x00, 0x00, 0x00, 0x00, 0x00,  //......... 


  /*Unicode: U+004f (O) , Width: 11 */
  0x00, 0x00, 0x00, 0x00, 0x00, 0x00, 0x00, 0x00, 0x00, 0x00, 0x00,  //........... 
  0x00, 0x00, 0x00, 0x00, 0x00, 0x00, 0x00, 0x00, 0x00, 0x00, 0x00,  //........... 
  0x00, 0x00, 0x00, 0x00, 0x00, 0x00, 0x00, 0x00, 0x00, 0x00, 0x00,  //........... 
  0x00, 0x00, 0x00, 0x00, 0x00, 0x00, 0x00, 0x00, 0x00, 0x00, 0x00,  //........... 
  0x00, 0x00, 0x00, 0x00, 0x20, 0x44, 0x38, 0x0a, 0x00, 0x00, 0x00,  //.....+..... 
  0x00, 0x00, 0x20, 0xbe, 0xff, 0xff, 0xff, 0xf0, 0x7c, 0x00, 0x00,  //...%@@@@+.. 
  0x00, 0x16, 0xe8, 0xff, 0xea, 0xa2, 0xbc, 0xff, 0xff, 0x8a, 0x00,  //..@@@%%@@%. 
  0x00, 0x98, 0xff, 0xdc, 0x14, 0x00, 0x00, 0x66, 0xff, 0xfc, 0x26,  //.%@@...+@@. 
  0x02, 0xec, 0xff, 0x62, 0x00, 0x00, 0x00, 0x00, 0xd4, 0xff, 0x7c,  //.@@+....@@+ 
  0x1a, 0xff, 0xff, 0x28, 0x00, 0x00, 0x00, 0x00, 0x9a, 0xff, 0xa4,  //.@@.....%@% 
  0x28, 0xff, 0xff, 0x1a, 0x00, 0x00, 0x00, 0x00, 0x8c, 0xff, 0xb4,  //.@@.....%@% 
  0x14, 0xff, 0xff, 0x30, 0x00, 0x00, 0x00, 0x00, 0xa2, 0xff, 0xa0,  //.@@.....%@% 
  0x00, 0xe2, 0xff, 0x72, 0x00, 0x00, 0x00, 0x02, 0xe2, 0xff, 0x6e,  //.@@+....@@+ 
  0x00, 0x86, 0xff, 0xea, 0x26, 0x00, 0x00, 0x86, 0xff, 0xf6, 0x1a,  //.%@@...%@@. 
  0x00, 0x0a, 0xd6, 0xff, 0xf8, 0xc0, 0xd8, 0xff, 0xff, 0x6e, 0x00,  //..@@@@@@@+. 
  0x00, 0x00, 0x12, 0xa2, 0xf8, 0xff, 0xff, 0xde, 0x5e, 0x00, 0x00,  //...%@@@@+.. 
  0x00, 0x00, 0x00, 0x00, 0x0a, 0x28, 0x1c, 0x00, 0x00, 0x00, 0x00,  //........... 
  0x00, 0x00, 0x00, 0x00, 0x00, 0x00, 0x00, 0x00, 0x00, 0x00, 0x00,  //........... 
  0x00, 0x00, 0x00, 0x00, 0x00, 0x00, 0x00, 0x00, 0x00, 0x00, 0x00,  //........... 
  0x00, 0x00, 0x00, 0x00, 0x00, 0x00, 0x00, 0x00, 0x00, 0x00, 0x00,  //........... 
  0x00, 0x00, 0x00, 0x00, 0x00, 0x00, 0x00, 0x00, 0x00, 0x00, 0x00,  //........... 


  /*Unicode: U+0050 (P) , Width: 9 */
  0x00, 0x00, 0x00, 0x00, 0x00, 0x00, 0x00, 0x00, 0x00,  //......... 
  0x00, 0x00, 0x00, 0x00, 0x00, 0x00, 0x00, 0x00, 0x00,  //......... 
  0x00, 0x00, 0x00, 0x00, 0x00, 0x00, 0x00, 0x00, 0x00,  //......... 
  0x00, 0x00, 0x00, 0x00, 0x00, 0x00, 0x00, 0x00, 0x00,  //......... 
  0x10, 0x1a, 0x1a, 0x1a, 0x12, 0x00, 0x00, 0x00, 0x00,  //......... 
  0xa2, 0xff, 0xff, 0xff, 0xff, 0xee, 0xa0, 0x18, 0x00,  //%@@@@@%.. 
  0xa2, 0xff, 0xd8, 0xa6, 0xb8, 0xf2, 0xff, 0xd2, 0x02,  //%@@%%@@@. 
  0xa2, 0xff, 0x92, 0x00, 0x00, 0x1c, 0xf6, 0xff, 0x3c,  //%@%...@@. 
  0xa2, 0xff, 0x92, 0x00, 0x00, 0x00, 0xda, 0xff, 0x52,  //%@%...@@+ 
  0xa2, 0xff, 0x92, 0x00, 0x00, 0x30, 0xfa, 0xff, 0x2c,  //%@%...@@. 
  0xa2, 0xff, 0xde, 0xb2, 0xc4, 0xfa, 0xff, 0xb0, 0x00,  //%@@%@@@%. 
  0xa2, 0xff, 0xff, 0xff, 0xff, 0xde, 0x82, 0x08, 0x00,  //%@@@@@%.. 
  0xa2, 0xff, 0x98, 0x0e, 0x04, 0x00, 0x00, 0x00, 0x00,  //%@%...... 
  0xa2, 0xff, 0x92, 0x00, 0x00, 0x00, 0x00, 0x00, 0x00,  //%@%...... 
  0xa2, 0xff, 0x92, 0x00, 0x00, 0x00, 0x00, 0x00, 0x00,  //%@%...... 
  0xa2, 0xff, 0x92, 0x00, 0x00, 0x00, 0x00, 0x00, 0x00,  //%@%...... 
  0x00, 0x00, 0x00, 0x00, 0x00, 0x00, 0x00, 0x00, 0x00,  //......... 
  0x00, 0x00, 0x00, 0x00, 0x00, 0x00, 0x00, 0x00, 0x00,  //......... 
  0x00, 0x00, 0x00, 0x00, 0x00, 0x00, 0x00, 0x00, 0x00,  //......... 
  0x00, 0x00, 0x00, 0x00, 0x00, 0x00, 0x00, 0x00, 0x00,  //......... 
  0x00, 0x00, 0x00, 0x00, 0x00, 0x00, 0x00, 0x00, 0x00,  //......... 


  /*Unicode: U+0051 (Q) , Width: 12 */
  0x00, 0x00, 0x00, 0x00, 0x00, 0x00, 0x00, 0x00, 0x00, 0x00, 0x00, 0x00,  //............ 
  0x00, 0x00, 0x00, 0x00, 0x00, 0x00, 0x00, 0x00, 0x00, 0x00, 0x00, 0x00,  //............ 
  0x00, 0x00, 0x00, 0x00, 0x00, 0x00, 0x00, 0x00, 0x00, 0x00, 0x00, 0x00,  //............ 
  0x00, 0x00, 0x00, 0x00, 0x00, 0x00, 0x00, 0x00, 0x00, 0x00, 0x00, 0x00,  //............ 
  0x00, 0x00, 0x00, 0x00, 0x20, 0x44, 0x38, 0x0a, 0x00, 0x00, 0x00, 0x00,  //.....+...... 
  0x00, 0x00, 0x20, 0xbe, 0xff, 0xff, 0xff, 0xf0, 0x7c, 0x00, 0x00, 0x00,  //...%@@@@+... 
  0x00, 0x16, 0xe8, 0xff, 0xea, 0xa2, 0xbc, 0xff, 0xff, 0x8a, 0x00, 0x00,  //..@@@%%@@%.. 
  0x00, 0x98, 0xff, 0xdc, 0x14, 0x00, 0x00, 0x66, 0xff, 0xfc, 0x26, 0x00,  //.%@@...+@@.. 
  0x02, 0xec, 0xff, 0x62, 0x00, 0x00, 0x00, 0x00, 0xd4, 0xff, 0x7c, 0x00,  //.@@+....@@+. 
  0x1a, 0xff, 0xff, 0x28, 0x00, 0x00, 0x00, 0x00, 0x9a, 0xff, 0xa4, 0x00,  //.@@.....%@%. 
  0x28, 0xff, 0xff, 0x1a, 0x00, 0x00, 0x00, 0x00, 0x8a, 0xff, 0xb4, 0x00,  //.@@.....%@%. 
  0x14, 0xff, 0xff, 0x2e, 0x00, 0x00, 0x00, 0x00, 0x9e, 0xff, 0xa0, 0x00,  //.@@.....%@%. 
  0x00, 0xe2, 0xff, 0x6a, 0x00, 0x00, 0x00, 0x00, 0xdc, 0xff, 0x6e, 0x00,  //.@@+....@@+. 
  0x00, 0x86, 0xff, 0xe0, 0x16, 0x00, 0x00, 0x6e, 0xff, 0xf6, 0x1a, 0x00,  //.%@@...+@@.. 
  0x00, 0x0a, 0xd6, 0xff, 0xec, 0xa6, 0xc0, 0xff, 0xff, 0x6e, 0x00, 0x00,  //..@@@%@@@+.. 
  0x00, 0x00, 0x12, 0xa2, 0xff, 0xff, 0xff, 0xe2, 0x5e, 0x00, 0x00, 0x00,  //...%@@@@+... 
  0x00, 0x00, 0x00, 0x00, 0x1c, 0xff, 0xff, 0x92, 0x06, 0x00, 0x00, 0x00,  //.....@@%.... 
  0x00, 0x00, 0x00, 0x00, 0x00, 0x4c, 0xf8, 0xff, 0xec, 0xc6, 0xce, 0x00,  //.....+@@@@@. 
  0x00, 0x00, 0x00, 0x00, 0x00, 0x00, 0x30, 0xac, 0xec, 0xfc, 0xe2, 0x1a,  //.......%@@@. 
  0x00, 0x00, 0x00, 0x00, 0x00, 0x00, 0x00, 0x00, 0x00, 0x00, 0x00, 0x00,  //............ 
  0x00, 0x00, 0x00, 0x00, 0x00, 0x00, 0x00, 0x00, 0x00, 0x00, 0x00, 0x00,  //............ 


  /*Unicode: U+0052 (R) , Width: 9 */
  0x00, 0x00, 0x00, 0x00, 0x00, 0x00, 0x00, 0x00, 0x00,  //......... 
  0x00, 0x00, 0x00, 0x00, 0x00, 0x00, 0x00, 0x00, 0x00,  //......... 
  0x00, 0x00, 0x00, 0x00, 0x00, 0x00, 0x00, 0x00, 0x00,  //......... 
  0x00, 0x00, 0x00, 0x00, 0x00, 0x00, 0x00, 0x00, 0x00,  //......... 
  0x10, 0x1a, 0x1a, 0x1a, 0x14, 0x02, 0x00, 0x00, 0x00,  //......... 
  0xa2, 0xff, 0xff, 0xff, 0xff, 0xf6, 0xb2, 0x28, 0x00,  //%@@@@@%.. 
  0xa2, 0xff, 0xd8, 0xa6, 0xb2, 0xea, 0xff, 0xe6, 0x08,  //%@@%%@@@. 
  0xa2, 0xff, 0x92, 0x00, 0x00, 0x10, 0xea, 0xff, 0x4c,  //%@%...@@+ 
  0xa2, 0xff, 0x92, 0x00, 0x00, 0x00, 0xd0, 0xff, 0x5c,  //%@%...@@+ 
  0xa2, 0xff, 0x92, 0x00, 0x04, 0x60, 0xfc, 0xff, 0x2e,  //%@%..+@@. 
  0xa2, 0xff, 0xf8, 0xf2, 0xff, 0xff, 0xff, 0x9c, 0x00,  //%@@@@@@%. 
  0xa2, 0xff, 0xe8, 0xd6, 0xff, 0xff, 0xa6, 0x00, 0x00,  //%@@@@@%.. 
  0xa2, 0xff, 0x92, 0x00, 0x80, 0xff, 0xda, 0x04, 0x00,  //%@%.%@@.. 
  0xa2, 0xff, 0x92, 0x00, 0x0c, 0xe8, 0xff, 0x74, 0x00,  //%@%..@@+. 
  0xa2, 0xff, 0x92, 0x00, 0x00, 0x6a, 0xff, 0xf0, 0x14,  //%@%..+@@. 
  0xa2, 0xff, 0x92, 0x00, 0x00, 0x04, 0xda, 0xff, 0x98,  //%@%...@@% 
  0x00, 0x00, 0x00, 0x00, 0x00, 0x00, 0x00, 0x00, 0x00,  //......... 
  0x00, 0x00, 0x00, 0x00, 0x00, 0x00, 0x00, 0x00, 0x00,  //......... 
  0x00, 0x00, 0x00, 0x00, 0x00, 0x00, 0x00, 0x00, 0x00,  //......... 
  0x00, 0x00, 0x00, 0x00, 0x00, 0x00, 0x00, 0x00, 0x00,  //......... 
  0x00, 0x00, 0x00, 0x00, 0x00, 0x00, 0x00, 0x00, 0x00,  //......... 


  /*Unicode: U+0053 (S) , Width: 9 */
  0x00, 0x00, 0x00, 0x00, 0x00, 0x00, 0x00, 0x00, 0x00,  //......... 
  0x00, 0x00, 0x00, 0x00, 0x00, 0x00, 0x00, 0x00, 0x00,  //......... 
  0x00, 0x00, 0x00, 0x00, 0x00, 0x00, 0x00, 0x00, 0x00,  //......... 
  0x00, 0x00, 0x00, 0x00, 0x00, 0x00, 0x00, 0x00, 0x00,  //......... 
  0x00, 0x00, 0x00, 0x14, 0x42, 0x40, 0x0c, 0x00, 0x00,  //....++... 
  0x00, 0x04, 0x96, 0xfa, 0xff, 0xff, 0xf6, 0x8e, 0x06,  //..%@@@@%. 
  0x00, 0x86, 0xff, 0xf4, 0xa6, 0xb4, 0xf0, 0xf0, 0x26,  //.%@@%%@@. 
  0x00, 0xdc, 0xff, 0x6e, 0x00, 0x00, 0x16, 0x3a, 0x00,  //.@@+..... 
  0x00, 0xd6, 0xff, 0xb8, 0x10, 0x00, 0x00, 0x00, 0x00,  //.@@%..... 
  0x00, 0x62, 0xff, 0xff, 0xf2, 0x96, 0x2e, 0x00, 0x00,  //.+@@@%... 
  0x00, 0x00, 0x60, 0xe6, 0xff, 0xff, 0xfc, 0x94, 0x00,  //..+@@@@%. 
  0x00, 0x00, 0x00, 0x06, 0x60, 0xd2, 0xff, 0xff, 0x6e,  //....+@@@+ 
  0x00, 0x00, 0x00, 0x00, 0x00, 0x02, 0xb6, 0xff, 0xb8,  //......%@% 
  0x00, 0x72, 0x88, 0x06, 0x00, 0x00, 0xaa, 0xff, 0xa6,  //.+%...%@% 
  0x22, 0xfa, 0xff, 0xec, 0xba, 0xd4, 0xff, 0xfa, 0x3c,  //.@@@%@@@. 
  0x00, 0x40, 0xc4, 0xfc, 0xff, 0xff, 0xde, 0x4e, 0x00,  //.+@@@@@+. 
  0x00, 0x00, 0x00, 0x10, 0x2c, 0x1e, 0x00, 0x00, 0x00,  //......... 
  0x00, 0x00, 0x00, 0x00, 0x00, 0x00, 0x00, 0x00, 0x00,  //......... 
  0x00, 0x00, 0x00, 0x00, 0x00, 0x00, 0x00, 0x00, 0x00,  //......... 
  0x00, 0x00, 0x00, 0x00, 0x00, 0x00, 0x00, 0x00, 0x00,  //......... 
  0x00, 0x00, 0x00, 0x00, 0x00, 0x00, 0x00, 0x00, 0x00,  //......... 


  /*Unicode: U+0054 (T) , Width: 9 */
  0x00, 0x00, 0x00, 0x00, 0x00, 0x00, 0x00, 0x00, 0x00,  //......... 
  0x00, 0x00, 0x00, 0x00, 0x00, 0x00, 0x00, 0x00, 0x00,  //......... 
  0x00, 0x00, 0x00, 0x00, 0x00, 0x00, 0x00, 0x00, 0x00,  //......... 
  0x00, 0x00, 0x00, 0x00, 0x00, 0x00, 0x00, 0x00, 0x00,  //......... 
  0x0e, 0x1a, 0x1a, 0x1a, 0x1a, 0x1a, 0x1a, 0x1a, 0x18,  //......... 
  0x8a, 0xff, 0xff, 0xff, 0xff, 0xff, 0xff, 0xff, 0xea,  //%@@@@@@@@ 
  0x68, 0xbe, 0xbe, 0xda, 0xff, 0xf2, 0xbe, 0xbe, 0xb0,  //+%%@@@%%% 
  0x00, 0x00, 0x00, 0x6e, 0xff, 0xca, 0x00, 0x00, 0x00,  //...+@@... 
  0x00, 0x00, 0x00, 0x6e, 0xff, 0xca, 0x00, 0x00, 0x00,  //...+@@... 
  0x00, 0x00, 0x00, 0x6e, 0xff, 0xca, 0x00, 0x00, 0x00,  //...+@@... 
  0x00, 0x00, 0x00, 0x6e, 0xff, 0xca, 0x00, 0x00, 0x00,  //...+@@... 
  0x00, 0x00, 0x00, 0x6e, 0xff, 0xca, 0x00, 0x00, 0x00,  //...+@@... 
  0x00, 0x00, 0x00, 0x6e, 0xff, 0xca, 0x00, 0x00, 0x00,  //...+@@... 
  0x00, 0x00, 0x00, 0x6e, 0xff, 0xca, 0x00, 0x00, 0x00,  //...+@@... 
  0x00, 0x00, 0x00, 0x6e, 0xff, 0xca, 0x00, 0x00, 0x00,  //...+@@... 
  0x00, 0x00, 0x00, 0x6e, 0xff, 0xca, 0x00, 0x00, 0x00,  //...+@@... 
  0x00, 0x00, 0x00, 0x00, 0x00, 0x00, 0x00, 0x00, 0x00,  //......... 
  0x00, 0x00, 0x00, 0x00, 0x00, 0x00, 0x00, 0x00, 0x00,  //......... 
  0x00, 0x00, 0x00, 0x00, 0x00, 0x00, 0x00, 0x00, 0x00,  //......... 
  0x00, 0x00, 0x00, 0x00, 0x00, 0x00, 0x00, 0x00, 0x00,  //......... 
  0x00, 0x00, 0x00, 0x00, 0x00, 0x00, 0x00, 0x00, 0x00,  //......... 


  /*Unicode: U+0055 (U) , Width: 9 */
  0x00, 0x00, 0x00, 0x00, 0x00, 0x00, 0x00, 0x00, 0x00,  //......... 
  0x00, 0x00, 0x00, 0x00, 0x00, 0x00, 0x00, 0x00, 0x00,  //......... 
  0x00, 0x00, 0x00, 0x00, 0x00, 0x00, 0x00, 0x00, 0x00,  //......... 
  0x00, 0x00, 0x00, 0x00, 0x00, 0x00, 0x00, 0x00, 0x00,  //......... 
  0x12, 0x1a, 0x0c, 0x00, 0x00, 0x00, 0x04, 0x1a, 0x18,  //......... 
  0xae, 0xff, 0x86, 0x00, 0x00, 0x00, 0x36, 0xff, 0xea,  //%@%....@@ 
  0xae, 0xff, 0x86, 0x00, 0x00, 0x00, 0x36, 0xff, 0xea,  //%@%....@@ 
  0xae, 0xff, 0x86, 0x00, 0x00, 0x00, 0x36, 0xff, 0xea,  //%@%....@@ 
  0xae, 0xff, 0x86, 0x00, 0x00, 0x00, 0x36, 0xff, 0xea,  //%@%....@@ 
  0xae, 0xff, 0x86, 0x00, 0x00, 0x00, 0x36, 0xff, 0xea,  //%@%....@@ 
  0xae, 0xff, 0x86, 0x00, 0x00, 0x00, 0x36, 0xff, 0xea,  //%@%....@@ 
  0xa8, 0xff, 0x8a, 0x00, 0x00, 0x00, 0x3c, 0xff, 0xe2,  //%@%....@@ 
  0x90, 0xff, 0xa8, 0x00, 0x00, 0x00, 0x5a, 0xff, 0xca,  //%@%...+@@ 
  0x56, 0xff, 0xf0, 0x1e, 0x00, 0x04, 0xc0, 0xff, 0x8e,  //+@@...@@% 
  0x06, 0xd8, 0xff, 0xf0, 0xba, 0xe0, 0xff, 0xf6, 0x24,  //.@@@%@@@. 
  0x00, 0x20, 0xc0, 0xff, 0xff, 0xff, 0xda, 0x42, 0x00,  //..@@@@@+. 
  0x00, 0x00, 0x00, 0x14, 0x2e, 0x1e, 0x00, 0x00, 0x00,  //......... 
  0x00, 0x00, 0x00, 0x00, 0x00, 0x00, 0x00, 0x00, 0x00,  //......... 
  0x00, 0x00, 0x00, 0x00, 0x00, 0x00, 0x00, 0x00, 0x00,  //......... 
  0x00, 0x00, 0x00, 0x00, 0x00, 0x00, 0x00, 0x00, 0x00,  //......... 
  0x00, 0x00, 0x00, 0x00, 0x00, 0x00, 0x00, 0x00, 0x00,  //......... 


  /*Unicode: U+0056 (V) , Width: 10 */
  0x00, 0x00, 0x00, 0x00, 0x00, 0x00, 0x00, 0x00, 0x00, 0x00,  //.......... 
  0x00, 0x00, 0x00, 0x00, 0x00, 0x00, 0x00, 0x00, 0x00, 0x00,  //.......... 
  0x00, 0x00, 0x00, 0x00, 0x00, 0x00, 0x00, 0x00, 0x00, 0x00,  //.......... 
  0x00, 0x00, 0x00, 0x00, 0x00, 0x00, 0x00, 0x00, 0x00, 0x00,  //.......... 
  0x1a, 0x1a, 0x06, 0x00, 0x00, 0x00, 0x00, 0x18, 0x1a, 0x08,  //.......... 
  0xe2, 0xff, 0x6c, 0x00, 0x00, 0x00, 0x0e, 0xfc, 0xff, 0x2a,  //@@+....@@. 
  0x96, 0xff, 0xb0, 0x00, 0x00, 0x00, 0x50, 0xff, 0xdc, 0x00,  //%@%...+@@. 
  0x48, 0xff, 0xf0, 0x02, 0x00, 0x00, 0x94, 0xff, 0x8e, 0x00,  //+@@...%@%. 
  0x06, 0xf2, 0xff, 0x3a, 0x00, 0x00, 0xd8, 0xff, 0x40, 0x00,  //.@@...@@+. 
  0x00, 0xaa, 0xff, 0x7e, 0x00, 0x1c, 0xff, 0xec, 0x02, 0x00,  //.%@+..@@.. 
  0x00, 0x5c, 0xff, 0xc4, 0x00, 0x60, 0xff, 0xa4, 0x00, 0x00,  //.+@@.+@%.. 
  0x00, 0x12, 0xfa, 0xfa, 0x0c, 0xa4, 0xff, 0x56, 0x00, 0x00,  //..@@.%@+.. 
  0x00, 0x00, 0xc0, 0xff, 0x4a, 0xe6, 0xf8, 0x0c, 0x00, 0x00,  //..@@+@@... 
  0x00, 0x00, 0x72, 0xff, 0xba, 0xff, 0xba, 0x00, 0x00, 0x00,  //..+@%@%... 
  0x00, 0x00, 0x24, 0xff, 0xff, 0xff, 0x6c, 0x00, 0x00, 0x00,  //...@@@+... 
  0x00, 0x00, 0x00, 0xd6, 0xff, 0xff, 0x1e, 0x00, 0x00, 0x00,  //...@@@.... 
  0x00, 0x00, 0x00, 0x00, 0x00, 0x00, 0x00, 0x00, 0x00, 0x00,  //.......... 
  0x00, 0x00, 0x00, 0x00, 0x00, 0x00, 0x00, 0x00, 0x00, 0x00,  //.......... 
  0x00, 0x00, 0x00, 0x00, 0x00, 0x00, 0x00, 0x00, 0x00, 0x00,  //.......... 
  0x00, 0x00, 0x00, 0x00, 0x00, 0x00, 0x00, 0x00, 0x00, 0x00,  //.......... 
  0x00, 0x00, 0x00, 0x00, 0x00, 0x00, 0x00, 0x00, 0x00, 0x00,  //.......... 


  /*Unicode: U+0057 (W) , Width: 14 */
  0x00, 0x00, 0x00, 0x00, 0x00, 0x00, 0x00, 0x00, 0x00, 0x00, 0x00, 0x00, 0x00, 0x00,  //.............. 
  0x00, 0x00, 0x00, 0x00, 0x00, 0x00, 0x00, 0x00, 0x00, 0x00, 0x00, 0x00, 0x00, 0x00,  //.............. 
  0x00, 0x00, 0x00, 0x00, 0x00, 0x00, 0x00, 0x00, 0x00, 0x00, 0x00, 0x00, 0x00, 0x00,  //.............. 
  0x00, 0x00, 0x00, 0x00, 0x00, 0x00, 0x00, 0x00, 0x00, 0x00, 0x00, 0x00, 0x00, 0x00,  //.............. 
  0x12, 0x1a, 0x0e, 0x00, 0x00, 0x00, 0x1a, 0x16, 0x00, 0x00, 0x00, 0x12, 0x1a, 0x0a,  //.............. 
  0x98, 0xff, 0xa2, 0x00, 0x00, 0x2c, 0xff, 0xf8, 0x08, 0x00, 0x00, 0xc4, 0xff, 0x4c,  //%@%...@@...@@+ 
  0x68, 0xff, 0xcc, 0x00, 0x00, 0x68, 0xff, 0xff, 0x40, 0x00, 0x00, 0xee, 0xff, 0x1e,  //+@@..+@@+..@@. 
  0x36, 0xff, 0xf2, 0x00, 0x00, 0xa4, 0xfc, 0xff, 0x7e, 0x00, 0x18, 0xff, 0xee, 0x00,  //.@@..%@@+..@@. 
  0x08, 0xfa, 0xff, 0x1c, 0x00, 0xe0, 0xbe, 0xfa, 0xba, 0x00, 0x42, 0xff, 0xc0, 0x00,  //.@@..@%@%.+@@. 
  0x00, 0xd4, 0xff, 0x44, 0x1e, 0xff, 0x88, 0xd4, 0xf2, 0x02, 0x6c, 0xff, 0x90, 0x00,  //.@@+.@%@@.+@%. 
  0x00, 0xa2, 0xff, 0x6e, 0x58, 0xff, 0x54, 0xa2, 0xff, 0x32, 0x94, 0xff, 0x62, 0x00,  //.%@++@+%@.%@+. 
  0x00, 0x70, 0xff, 0x96, 0x8a, 0xff, 0x1c, 0x68, 0xff, 0x66, 0xba, 0xff, 0x32, 0x00,  //.+@%%@.+@+%@.. 
  0x00, 0x40, 0xff, 0xbe, 0xbc, 0xe4, 0x00, 0x2e, 0xff, 0x98, 0xde, 0xfa, 0x06, 0x00,  //.+@%%@..@%@@.. 
  0x00, 0x0e, 0xff, 0xe4, 0xee, 0xac, 0x00, 0x02, 0xf0, 0xd4, 0xfc, 0xd4, 0x00, 0x00,  //..@@@%..@@@@.. 
  0x00, 0x00, 0xdc, 0xff, 0xff, 0x72, 0x00, 0x00, 0xba, 0xff, 0xff, 0xa4, 0x00, 0x00,  //..@@@+..%@@%.. 
  0x00, 0x00, 0xac, 0xff, 0xff, 0x3a, 0x00, 0x00, 0x80, 0xff, 0xff, 0x76, 0x00, 0x00,  //..%@@...%@@+.. 
  0x00, 0x00, 0x00, 0x00, 0x00, 0x00, 0x00, 0x00, 0x00, 0x00, 0x00, 0x00, 0x00, 0x00,  //.............. 
  0x00, 0x00, 0x00, 0x00, 0x00, 0x00, 0x00, 0x00, 0x00, 0x00, 0x00, 0x00, 0x00, 0x00,  //.............. 
  0x00, 0x00, 0x00, 0x00, 0x00, 0x00, 0x00, 0x00, 0x00, 0x00, 0x00, 0x00, 0x00, 0x00,  //.............. 
  0x00, 0x00, 0x00, 0x00, 0x00, 0x00, 0x00, 0x00, 0x00, 0x00, 0x00, 0x00, 0x00, 0x00,  //.............. 
  0x00, 0x00, 0x00, 0x00, 0x00, 0x00, 0x00, 0x00, 0x00, 0x00, 0x00, 0x00, 0x00, 0x00,  //.............. 


  /*Unicode: U+0058 (X) , Width: 10 */
  0x00, 0x00, 0x00, 0x00, 0x00, 0x00, 0x00, 0x00, 0x00, 0x00,  //.......... 
  0x00, 0x00, 0x00, 0x00, 0x00, 0x00, 0x00, 0x00, 0x00, 0x00,  //.......... 
  0x00, 0x00, 0x00, 0x00, 0x00, 0x00, 0x00, 0x00, 0x00, 0x00,  //.......... 
  0x00, 0x00, 0x00, 0x00, 0x00, 0x00, 0x00, 0x00, 0x00, 0x00,  //.......... 
  0x0e, 0x1a, 0x16, 0x00, 0x00, 0x00, 0x08, 0x1a, 0x1a, 0x00,  //.......... 
  0x46, 0xff, 0xfc, 0x28, 0x00, 0x00, 0x9e, 0xff, 0xaa, 0x00,  //+@@...%@%. 
  0x00, 0xba, 0xff, 0xa0, 0x00, 0x18, 0xf8, 0xfa, 0x26, 0x00,  //.%@%..@@.. 
  0x00, 0x30, 0xfc, 0xfa, 0x20, 0x86, 0xff, 0x9a, 0x00, 0x00,  //..@@.%@%.. 
  0x00, 0x00, 0xa4, 0xff, 0x9e, 0xea, 0xf6, 0x1a, 0x00, 0x00,  //..%@%@@... 
  0x00, 0x00, 0x1e, 0xf8, 0xff, 0xff, 0x8a, 0x00, 0x00, 0x00,  //...@@@%... 
  0x00, 0x00, 0x00, 0xd2, 0xff, 0xff, 0x38, 0x00, 0x00, 0x00,  //...@@@.... 
  0x00, 0x00, 0x54, 0xff, 0xf0, 0xff, 0xb0, 0x00, 0x00, 0x00,  //..+@@@%... 
  0x00, 0x04, 0xda, 0xff, 0x44, 0xf0, 0xff, 0x3e, 0x00, 0x00,  //..@@+@@... 
  0x00, 0x6a, 0xff, 0xc2, 0x00, 0x86, 0xff, 0xca, 0x00, 0x00,  //.+@@.%@@.. 
  0x0c, 0xe8, 0xff, 0x48, 0x00, 0x12, 0xf2, 0xff, 0x5a, 0x00,  //.@@+..@@+. 
  0x80, 0xff, 0xcc, 0x00, 0x00, 0x00, 0x84, 0xff, 0xde, 0x06,  //%@@...%@@. 
  0x00, 0x00, 0x00, 0x00, 0x00, 0x00, 0x00, 0x00, 0x00, 0x00,  //.......... 
  0x00, 0x00, 0x00, 0x00, 0x00, 0x00, 0x00, 0x00, 0x00, 0x00,  //.......... 
  0x00, 0x00, 0x00, 0x00, 0x00, 0x00, 0x00, 0x00, 0x00, 0x00,  //.......... 
  0x00, 0x00, 0x00, 0x00, 0x00, 0x00, 0x00, 0x00, 0x00, 0x00,  //.......... 
  0x00, 0x00, 0x00, 0x00, 0x00, 0x00, 0x00, 0x00, 0x00, 0x00,  //.......... 


  /*Unicode: U+0059 (Y) , Width: 9 */
  0x00, 0x00, 0x00, 0x00, 0x00, 0x00, 0x00, 0x00, 0x00,  //......... 
  0x00, 0x00, 0x00, 0x00, 0x00, 0x00, 0x00, 0x00, 0x00,  //......... 
  0x00, 0x00, 0x00, 0x00, 0x00, 0x00, 0x00, 0x00, 0x00,  //......... 
  0x00, 0x00, 0x00, 0x00, 0x00, 0x00, 0x00, 0x00, 0x00,  //......... 
  0x1a, 0x1a, 0x06, 0x00, 0x00, 0x00, 0x0c, 0x1a, 0x14,  //......... 
  0xcc, 0xff, 0x82, 0x00, 0x00, 0x00, 0xbe, 0xff, 0x84,  //@@%...%@% 
  0x54, 0xff, 0xe6, 0x04, 0x00, 0x28, 0xff, 0xf4, 0x14,  //+@@...@@. 
  0x00, 0xd8, 0xff, 0x54, 0x00, 0x90, 0xff, 0x90, 0x00,  //.@@+.%@%. 
  0x00, 0x60, 0xff, 0xb6, 0x08, 0xee, 0xf8, 0x1c, 0x00,  //.+@%.@@.. 
  0x00, 0x04, 0xe0, 0xfc, 0x7e, 0xff, 0x9c, 0x00, 0x00,  //..@@+@%.. 
  0x00, 0x00, 0x6e, 0xff, 0xfc, 0xfc, 0x24, 0x00, 0x00,  //..+@@@... 
  0x00, 0x00, 0x08, 0xea, 0xff, 0xa8, 0x00, 0x00, 0x00,  //...@@%... 
  0x00, 0x00, 0x00, 0xbe, 0xff, 0x72, 0x00, 0x00, 0x00,  //...%@+... 
  0x00, 0x00, 0x00, 0xbe, 0xff, 0x72, 0x00, 0x00, 0x00,  //...%@+... 
  0x00, 0x00, 0x00, 0xbe, 0xff, 0x72, 0x00, 0x00, 0x00,  //...%@+... 
  0x00, 0x00, 0x00, 0xbe, 0xff, 0x72, 0x00, 0x00, 0x00,  //...%@+... 
  0x00, 0x00, 0x00, 0x00, 0x00, 0x00, 0x00, 0x00, 0x00,  //......... 
  0x00, 0x00, 0x00, 0x00, 0x00, 0x00, 0x00, 0x00, 0x00,  //......... 
  0x00, 0x00, 0x00, 0x00, 0x00, 0x00, 0x00, 0x00, 0x00,  //......... 
  0x00, 0x00, 0x00, 0x00, 0x00, 0x00, 0x00, 0x00, 0x00,  //......... 
  0x00, 0x00, 0x00, 0x00, 0x00, 0x00, 0x00, 0x00, 0x00,  //......... 


  /*Unicode: U+005a (Z) , Width: 9 */
  0x00, 0x00, 0x00, 0x00, 0x00, 0x00, 0x00, 0x00, 0x00,  //......... 
  0x00, 0x00, 0x00, 0x00, 0x00, 0x00, 0x00, 0x00, 0x00,  //......... 
  0x00, 0x00, 0x00, 0x00, 0x00, 0x00, 0x00, 0x00, 0x00,  //......... 
  0x00, 0x00, 0x00, 0x00, 0x00, 0x00, 0x00, 0x00, 0x00,  //......... 
  0x00, 0x16, 0x1a, 0x1a, 0x1a, 0x1a, 0x1a, 0x1a, 0x0e,  //......... 
  0x00, 0xde, 0xff, 0xff, 0xff, 0xff, 0xff, 0xff, 0x8a,  //.@@@@@@@% 
  0x00, 0xa6, 0xbe, 0xbe, 0xbe, 0xd0, 0xff, 0xff, 0x56,  //.%%%%@@@+ 
  0x00, 0x00, 0x00, 0x00, 0x00, 0xac, 0xff, 0xb4, 0x00,  //.....%@%. 
  0x00, 0x00, 0x00, 0x00, 0x54, 0xff, 0xf0, 0x1a, 0x00,  //....+@@.. 
  0x00, 0x00, 0x00, 0x12, 0xe8, 0xff, 0x66, 0x00, 0x00,  //....@@+.. 
  0x00, 0x00, 0x00, 0xa2, 0xff, 0xbc, 0x00, 0x00, 0x00,  //...%@%... 
  0x00, 0x00, 0x48, 0xff, 0xf4, 0x22, 0x00, 0x00, 0x00,  //..+@@.... 
  0x00, 0x0c, 0xe2, 0xff, 0x70, 0x00, 0x00, 0x00, 0x00,  //..@@+.... 
  0x00, 0x96, 0xff, 0xc6, 0x00, 0x00, 0x00, 0x00, 0x00,  //.%@@..... 
  0x36, 0xfc, 0xff, 0xea, 0xda, 0xda, 0xda, 0xda, 0x80,  //.@@@@@@@% 
  0x5a, 0xff, 0xff, 0xff, 0xff, 0xff, 0xff, 0xff, 0x96,  //+@@@@@@@% 
  0x00, 0x00, 0x00, 0x00, 0x00, 0x00, 0x00, 0x00, 0x00,  //......... 
  0x00, 0x00, 0x00, 0x00, 0x00, 0x00, 0x00, 0x00, 0x00,  //......... 
  0x00, 0x00, 0x00, 0x00, 0x00, 0x00, 0x00, 0x00, 0x00,  //......... 
  0x00, 0x00, 0x00, 0x00, 0x00, 0x00, 0x00, 0x00, 0x00,  //......... 
  0x00, 0x00, 0x00, 0x00, 0x00, 0x00, 0x00, 0x00, 0x00,  //......... 


  /*Unicode: U+005b ([) , Width: 4 */
  0x00, 0x00, 0x00, 0x00,  //.... 
  0x00, 0x00, 0x00, 0x00,  //.... 
  0x00, 0x00, 0x00, 0x00,  //.... 
  0x04, 0x0a, 0x0a, 0x0a,  //.... 
  0x7a, 0xff, 0xff, 0xf2,  //+@@@ 
  0x7a, 0xff, 0x48, 0x20,  //+@+. 
  0x7a, 0xff, 0x2a, 0x00,  //+@.. 
  0x7a, 0xff, 0x2a, 0x00,  //+@.. 
  0x7a, 0xff, 0x2a, 0x00,  //+@.. 
  0x7a, 0xff, 0x2a, 0x00,  //+@.. 
  0x7a, 0xff, 0x2a, 0x00,  //+@.. 
  0x7a, 0xff, 0x2a, 0x00,  //+@.. 
  0x7a, 0xff, 0x2a, 0x00,  //+@.. 
  0x7a, 0xff, 0x2a, 0x00,  //+@.. 
  0x7a, 0xff, 0x2a, 0x00,  //+@.. 
  0x7a, 0xff, 0x2a, 0x00,  //+@.. 
  0x7a, 0xff, 0x2a, 0x00,  //+@.. 
  0x7a, 0xff, 0xa8, 0x8e,  //+@%% 
  0x46, 0x92, 0x92, 0x8c,  //+%%% 
  0x00, 0x00, 0x00, 0x00,  //.... 
  0x00, 0x00, 0x00, 0x00,  //.... 


  /*Unicode: U+005c (\) , Width: 6 */
  0x00, 0x00, 0x00, 0x00, 0x00, 0x00,  //...... 
  0x00, 0x00, 0x00, 0x00, 0x00, 0x00,  //...... 
  0x00, 0x00, 0x00, 0x00, 0x00, 0x00,  //...... 
  0x0c, 0x14, 0x00, 0x00, 0x00, 0x00,  //...... 
  0x6c, 0xf8, 0x0a, 0x00, 0x00, 0x00,  //+@.... 
  0x2c, 0xff, 0x44, 0x00, 0x00, 0x00,  //.@+... 
  0x00, 0xea, 0x86, 0x00, 0x00, 0x00,  //.@%... 
  0x00, 0xac, 0xc6, 0x00, 0x00, 0x00,  //.%@... 
  0x00, 0x6c, 0xfa, 0x0a, 0x00, 0x00,  //.+@... 
  0x00, 0x2c, 0xff, 0x46, 0x00, 0x00,  //..@+.. 
  0x00, 0x00, 0xea, 0x88, 0x00, 0x00,  //..@%.. 
  0x00, 0x00, 0xaa, 0xc8, 0x00, 0x00,  //..%@.. 
  0x00, 0x00, 0x6a, 0xfa, 0x0c, 0x00,  //..+@.. 
  0x00, 0x00, 0x2a, 0xff, 0x48, 0x00,  //...@+. 
  0x00, 0x00, 0x00, 0xe8, 0x8a, 0x00,  //...@%. 
  0x00, 0x00, 0x00, 0xaa, 0xca, 0x00,  //...%@. 
  0x00, 0x00, 0x00, 0x6a, 0xfa, 0x0e,  //...+@. 
  0x00, 0x00, 0x00, 0x2a, 0xff, 0x4c,  //....@+ 
  0x00, 0x00, 0x00, 0x00, 0xac, 0x5e,  //....%+ 
  0x00, 0x00, 0x00, 0x00, 0x00, 0x00,  //...... 
  0x00, 0x00, 0x00, 0x00, 0x00, 0x00,  //...... 


  /*Unicode: U+005d (]) , Width: 5 */
  0x00, 0x00, 0x00, 0x00, 0x00,  //..... 
  0x00, 0x00, 0x00, 0x00, 0x00,  //..... 
  0x00, 0x00, 0x00, 0x00, 0x00,  //..... 
  0x02, 0x0a, 0x0a, 0x0a, 0x00,  //..... 
  0x46, 0xff, 0xff, 0xff, 0x22,  //+@@@. 
  0x08, 0x22, 0x90, 0xff, 0x22,  //..%@. 
  0x00, 0x00, 0x7e, 0xff, 0x22,  //..+@. 
  0x00, 0x00, 0x7e, 0xff, 0x22,  //..+@. 
  0x00, 0x00, 0x7e, 0xff, 0x22,  //..+@. 
  0x00, 0x00, 0x7e, 0xff, 0x22,  //..+@. 
  0x00, 0x00, 0x7e, 0xff, 0x22,  //..+@. 
  0x00, 0x00, 0x7e, 0xff, 0x22,  //..+@. 
  0x00, 0x00, 0x7e, 0xff, 0x22,  //..+@. 
  0x00, 0x00, 0x7e, 0xff, 0x22,  //..+@. 
  0x00, 0x00, 0x7e, 0xff, 0x22,  //..+@. 
  0x00, 0x00, 0x7e, 0xff, 0x22,  //..+@. 
  0x00, 0x00, 0x7e, 0xff, 0x22,  //..+@. 
  0x28, 0x96, 0xca, 0xff, 0x22,  //.%@@. 
  0x28, 0x92, 0x92, 0x92, 0x12,  //.%%%. 
  0x00, 0x00, 0x00, 0x00, 0x00,  //..... 
  0x00, 0x00, 0x00, 0x00, 0x00,  //..... 


  /*Unicode: U+005e (^) , Width: 7 */
  0x00, 0x00, 0x00, 0x00, 0x00, 0x00, 0x00,  //....... 
  0x00, 0x00, 0x00, 0x00, 0x00, 0x00, 0x00,  //....... 
  0x00, 0x00, 0x00, 0x00, 0x00, 0x00, 0x00,  //....... 
  0x00, 0x00, 0x00, 0x00, 0x00, 0x00, 0x00,  //....... 
  0x00, 0x00, 0x3a, 0x6a, 0x2a, 0x00, 0x00,  //...+... 
  0x00, 0x00, 0xd2, 0xff, 0xae, 0x00, 0x00,  //..@@%.. 
  0x00, 0x38, 0xff, 0xe8, 0xfa, 0x16, 0x00,  //..@@@.. 
  0x00, 0x9c, 0xfa, 0x4e, 0xff, 0x74, 0x00,  //.%@+@+. 
  0x0a, 0xf2, 0xb8, 0x00, 0xe0, 0xd6, 0x00,  //.@%.@@. 
  0x64, 0xff, 0x5e, 0x00, 0x86, 0xff, 0x3c,  //+@+.%@. 
  0xc8, 0xf4, 0x0c, 0x00, 0x2c, 0xff, 0x9e,  //@@...@% 
  0x4a, 0x3a, 0x00, 0x00, 0x00, 0x46, 0x40,  //+....++ 
  0x00, 0x00, 0x00, 0x00, 0x00, 0x00, 0x00,  //....... 
  0x00, 0x00, 0x00, 0x00, 0x00, 0x00, 0x00,  //....... 
  0x00, 0x00, 0x00, 0x00, 0x00, 0x00, 0x00,  //....... 
  0x00, 0x00, 0x00, 0x00, 0x00, 0x00, 0x00,  //....... 
  0x00, 0x00, 0x00, 0x00, 0x00, 0x00, 0x00,  //....... 
  0x00, 0x00, 0x00, 0x00, 0x00, 0x00, 0x00,  //....... 
  0x00, 0x00, 0x00, 0x00, 0x00, 0x00, 0x00,  //....... 
  0x00, 0x00, 0x00, 0x00, 0x00, 0x00, 0x00,  //....... 
  0x00, 0x00, 0x00, 0x00, 0x00, 0x00, 0x00,  //....... 


  /*Unicode: U+005f (_) , Width: 9 */
  0x00, 0x00, 0x00, 0x00, 0x00, 0x00, 0x00, 0x00, 0x00,  //......... 
  0x00, 0x00, 0x00, 0x00, 0x00, 0x00, 0x00, 0x00, 0x00,  //......... 
  0x00, 0x00, 0x00, 0x00, 0x00, 0x00, 0x00, 0x00, 0x00,  //......... 
  0x00, 0x00, 0x00, 0x00, 0x00, 0x00, 0x00, 0x00, 0x00,  //......... 
  0x00, 0x00, 0x00, 0x00, 0x00, 0x00, 0x00, 0x00, 0x00,  //......... 
  0x00, 0x00, 0x00, 0x00, 0x00, 0x00, 0x00, 0x00, 0x00,  //......... 
  0x00, 0x00, 0x00, 0x00, 0x00, 0x00, 0x00, 0x00, 0x00,  //......... 
  0x00, 0x00, 0x00, 0x00, 0x00, 0x00, 0x00, 0x00, 0x00,  //......... 
  0x00, 0x00, 0x00, 0x00, 0x00, 0x00, 0x00, 0x00, 0x00,  //......... 
  0x00, 0x00, 0x00, 0x00, 0x00, 0x00, 0x00, 0x00, 0x00,  //......... 
  0x00, 0x00, 0x00, 0x00, 0x00, 0x00, 0x00, 0x00, 0x00,  //......... 
  0x00, 0x00, 0x00, 0x00, 0x00, 0x00, 0x00, 0x00, 0x00,  //......... 
  0x00, 0x00, 0x00, 0x00, 0x00, 0x00, 0x00, 0x00, 0x00,  //......... 
  0x00, 0x00, 0x00, 0x00, 0x00, 0x00, 0x00, 0x00, 0x00,  //......... 
  0x00, 0x00, 0x00, 0x00, 0x00, 0x00, 0x00, 0x00, 0x00,  //......... 
  0x00, 0x00, 0x00, 0x00, 0x00, 0x00, 0x00, 0x00, 0x00,  //......... 
  0x00, 0x00, 0x00, 0x00, 0x00, 0x00, 0x00, 0x00, 0x00,  //......... 
  0xc0, 0xf2, 0xf2, 0xf2, 0xf2, 0xf2, 0xf2, 0xf2, 0x46,  //@@@@@@@@+ 
  0x40, 0x52, 0x52, 0x52, 0x52, 0x52, 0x52, 0x52, 0x16,  //++++++++. 
  0x00, 0x00, 0x00, 0x00, 0x00, 0x00, 0x00, 0x00, 0x00,  //......... 
  0x00, 0x00, 0x00, 0x00, 0x00, 0x00, 0x00, 0x00, 0x00,  //......... 


  /*Unicode: U+0060 (`) , Width: 5 */
  0x00, 0x00, 0x00, 0x00, 0x00,  //..... 
  0x00, 0x00, 0x00, 0x00, 0x00,  //..... 
  0x00, 0x3e, 0x6e, 0x00, 0x00,  //..+.. 
  0x18, 0xf2, 0xfc, 0x4e, 0x00,  //.@@+. 
  0x00, 0x56, 0xf8, 0xf2, 0x2e,  //.+@@. 
  0x00, 0x00, 0x40, 0xee, 0x5e,  //..+@+ 
  0x00, 0x00, 0x00, 0x10, 0x00,  //..... 
  0x00, 0x00, 0x00, 0x00, 0x00,  //..... 
  0x00, 0x00, 0x00, 0x00, 0x00,  //..... 
  0x00, 0x00, 0x00, 0x00, 0x00,  //..... 
  0x00, 0x00, 0x00, 0x00, 0x00,  //..... 
  0x00, 0x00, 0x00, 0x00, 0x00,  //..... 
  0x00, 0x00, 0x00, 0x00, 0x00,  //..... 
  0x00, 0x00, 0x00, 0x00, 0x00,  //..... 
  0x00, 0x00, 0x00, 0x00, 0x00,  //..... 
  0x00, 0x00, 0x00, 0x00, 0x00,  //..... 
  0x00, 0x00, 0x00, 0x00, 0x00,  //..... 
  0x00, 0x00, 0x00, 0x00, 0x00,  //..... 
  0x00, 0x00, 0x00, 0x00, 0x00,  //..... 
  0x00, 0x00, 0x00, 0x00, 0x00,  //..... 
  0x00, 0x00, 0x00, 0x00, 0x00,  //..... 


  /*Unicode: U+0061 (a) , Width: 8 */
  0x00, 0x00, 0x00, 0x00, 0x00, 0x00, 0x00, 0x00,  //........ 
  0x00, 0x00, 0x00, 0x00, 0x00, 0x00, 0x00, 0x00,  //........ 
  0x00, 0x00, 0x00, 0x00, 0x00, 0x00, 0x00, 0x00,  //........ 
  0x00, 0x00, 0x00, 0x00, 0x00, 0x00, 0x00, 0x00,  //........ 
  0x00, 0x00, 0x00, 0x00, 0x00, 0x00, 0x00, 0x00,  //........ 
  0x00, 0x00, 0x00, 0x00, 0x00, 0x00, 0x00, 0x00,  //........ 
  0x00, 0x00, 0x00, 0x00, 0x00, 0x00, 0x00, 0x00,  //........ 
  0x00, 0x00, 0x2a, 0x76, 0x92, 0x7a, 0x1c, 0x00,  //...+%+.. 
  0x00, 0x9c, 0xff, 0xff, 0xff, 0xff, 0xec, 0x1e,  //.%@@@@@. 
  0x00, 0x60, 0xa4, 0x48, 0x3c, 0xd2, 0xff, 0x8e,  //.+%+.@@% 
  0x00, 0x00, 0x00, 0x06, 0x36, 0xa4, 0xff, 0xbe,  //.....%@% 
  0x00, 0x1a, 0xa4, 0xf6, 0xff, 0xff, 0xff, 0xca,  //..%@@@@@ 
  0x04, 0xdc, 0xff, 0x96, 0x2e, 0x6a, 0xff, 0xca,  //.@@%.+@@ 
  0x32, 0xff, 0xec, 0x00, 0x00, 0x7a, 0xff, 0xca,  //.@@..+@@ 
  0x1a, 0xfc, 0xff, 0xa6, 0xa8, 0xfc, 0xff, 0xca,  //.@@%%@@@ 
  0x00, 0x70, 0xfc, 0xff, 0xe0, 0x5c, 0xff, 0xca,  //.+@@@+@@ 
  0x00, 0x00, 0x16, 0x28, 0x02, 0x00, 0x00, 0x00,  //........ 
  0x00, 0x00, 0x00, 0x00, 0x00, 0x00, 0x00, 0x00,  //........ 
  0x00, 0x00, 0x00, 0x00, 0x00, 0x00, 0x00, 0x00,  //........ 
  0x00, 0x00, 0x00, 0x00, 0x00, 0x00, 0x00, 0x00,  //........ 
  0x00, 0x00, 0x00, 0x00, 0x00, 0x00, 0x00, 0x00,  //........ 


  /*Unicode: U+0062 (b) , Width: 8 */
  0x00, 0x00, 0x00, 0x00, 0x00, 0x00, 0x00, 0x00,  //........ 
  0x00, 0x00, 0x00, 0x00, 0x00, 0x00, 0x00, 0x00,  //........ 
  0x00, 0x00, 0x00, 0x00, 0x00, 0x00, 0x00, 0x00,  //........ 
  0x00, 0x00, 0x00, 0x00, 0x00, 0x00, 0x00, 0x00,  //........ 
  0xc8, 0xf6, 0x5e, 0x00, 0x00, 0x00, 0x00, 0x00,  //@@+..... 
  0xce, 0xff, 0x62, 0x00, 0x00, 0x00, 0x00, 0x00,  //@@+..... 
  0xce, 0xff, 0x62, 0x00, 0x00, 0x00, 0x00, 0x00,  //@@+..... 
  0xce, 0xff, 0x5c, 0x50, 0x92, 0x74, 0x12, 0x00,  //@@++%+.. 
  0xce, 0xff, 0xe0, 0xff, 0xff, 0xff, 0xe0, 0x16,  //@@@@@@@. 
  0xce, 0xff, 0xe2, 0x5a, 0x4c, 0xe4, 0xff, 0x90,  //@@@++@@% 
  0xce, 0xff, 0x62, 0x00, 0x00, 0x7a, 0xff, 0xd8,  //@@+..+@@ 
  0xce, 0xff, 0x62, 0x00, 0x00, 0x54, 0xff, 0xf0,  //@@+..+@@ 
  0xce, 0xff, 0x62, 0x00, 0x00, 0x60, 0xff, 0xe0,  //@@+..+@@ 
  0xce, 0xff, 0x6c, 0x00, 0x00, 0xb6, 0xff, 0xa8,  //@@+..%@% 
  0xce, 0xff, 0xf8, 0xae, 0xc2, 0xff, 0xfc, 0x36,  //@@@%@@@. 
  0xce, 0xf8, 0x62, 0xf0, 0xff, 0xea, 0x56, 0x00,  //@@+@@@+. 
  0x00, 0x00, 0x00, 0x0a, 0x2a, 0x06, 0x00, 0x00,  //........ 
  0x00, 0x00, 0x00, 0x00, 0x00, 0x00, 0x00, 0x00,  //........ 
  0x00, 0x00, 0x00, 0x00, 0x00, 0x00, 0x00, 0x00,  //........ 
  0x00, 0x00, 0x00, 0x00, 0x00, 0x00, 0x00, 0x00,  //........ 
  0x00, 0x00, 0x00, 0x00, 0x00, 0x00, 0x00, 0x00,  //........ 


  /*Unicode: U+0063 (c) , Width: 8 */
  0x00, 0x00, 0x00, 0x00, 0x00, 0x00, 0x00, 0x00,  //........ 
  0x00, 0x00, 0x00, 0x00, 0x00, 0x00, 0x00, 0x00,  //........ 
  0x00, 0x00, 0x00, 0x00, 0x00, 0x00, 0x00, 0x00,  //........ 
  0x00, 0x00, 0x00, 0x00, 0x00, 0x00, 0x00, 0x00,  //........ 
  0x00, 0x00, 0x00, 0x00, 0x00, 0x00, 0x00, 0x00,  //........ 
  0x00, 0x00, 0x00, 0x00, 0x00, 0x00, 0x00, 0x00,  //........ 
  0x00, 0x00, 0x00, 0x00, 0x00, 0x00, 0x00, 0x00,  //........ 
  0x00, 0x00, 0x04, 0x54, 0x8c, 0x8a, 0x38, 0x00,  //...+%%.. 
  0x00, 0x1a, 0xce, 0xff, 0xff, 0xff, 0xfa, 0x24,  //..@@@@@. 
  0x00, 0xbe, 0xff, 0xd4, 0x4c, 0x4a, 0x68, 0x00,  //.%@@+++. 
  0x26, 0xff, 0xff, 0x2e, 0x00, 0x00, 0x00, 0x00,  //.@@..... 
  0x4c, 0xff, 0xf2, 0x00, 0x00, 0x00, 0x00, 0x00,  //+@@..... 
  0x44, 0xff, 0xf8, 0x04, 0x00, 0x00, 0x00, 0x00,  //+@@..... 
  0x12, 0xf8, 0xff, 0x70, 0x00, 0x00, 0x12, 0x00,  //.@@+.... 
  0x00, 0x90, 0xff, 0xfa, 0xae, 0xb2, 0xf0, 0x1e,  //.%@@%%@. 
  0x00, 0x04, 0x8a, 0xf4, 0xff, 0xff, 0xce, 0x2a,  //..%@@@@. 
  0x00, 0x00, 0x00, 0x08, 0x28, 0x12, 0x00, 0x00,  //........ 
  0x00, 0x00, 0x00, 0x00, 0x00, 0x00, 0x00, 0x00,  //........ 
  0x00, 0x00, 0x00, 0x00, 0x00, 0x00, 0x00, 0x00,  //........ 
  0x00, 0x00, 0x00, 0x00, 0x00, 0x00, 0x00, 0x00,  //........ 
  0x00, 0x00, 0x00, 0x00, 0x00, 0x00, 0x00, 0x00,  //........ 


  /*Unicode: U+0064 (d) , Width: 9 */
  0x00, 0x00, 0x00, 0x00, 0x00, 0x00, 0x00, 0x00, 0x00,  //......... 
  0x00, 0x00, 0x00, 0x00, 0x00, 0x00, 0x00, 0x00, 0x00,  //......... 
  0x00, 0x00, 0x00, 0x00, 0x00, 0x00, 0x00, 0x00, 0x00,  //......... 
  0x00, 0x00, 0x00, 0x00, 0x00, 0x00, 0x00, 0x00, 0x00,  //......... 
  0x00, 0x00, 0x00, 0x00, 0x00, 0x00, 0xb0, 0xf6, 0x76,  //......%@+ 
  0x00, 0x00, 0x00, 0x00, 0x00, 0x00, 0xb6, 0xff, 0x7a,  //......%@+ 
  0x00, 0x00, 0x00, 0x00, 0x00, 0x00, 0xb6, 0xff, 0x7a,  //......%@+ 
  0x00, 0x00, 0x14, 0x78, 0x88, 0x40, 0xae, 0xff, 0x7a,  //...+%+%@+ 
  0x00, 0x2a, 0xe8, 0xff, 0xff, 0xff, 0xee, 0xff, 0x7a,  //..@@@@@@+ 
  0x00, 0xc6, 0xff, 0xca, 0x42, 0x64, 0xec, 0xff, 0x7a,  //.@@@++@@+ 
  0x20, 0xff, 0xff, 0x2e, 0x00, 0x00, 0xb6, 0xff, 0x7a,  //.@@...%@+ 
  0x42, 0xff, 0xfa, 0x00, 0x00, 0x00, 0xb6, 0xff, 0x7a,  //+@@...%@+ 
  0x3c, 0xff, 0xff, 0x06, 0x00, 0x00, 0xb6, 0xff, 0x7a,  //.@@...%@+ 
  0x12, 0xfc, 0xff, 0x50, 0x00, 0x06, 0xce, 0xff, 0x7a,  //.@@+..@@+ 
  0x00, 0xac, 0xff, 0xf2, 0xa8, 0xd6, 0xff, 0xff, 0x7a,  //.%@@%@@@+ 
  0x00, 0x12, 0xbe, 0xff, 0xff, 0xc8, 0x8a, 0xff, 0x7a,  //..%@@@%@+ 
  0x00, 0x00, 0x00, 0x1c, 0x24, 0x00, 0x00, 0x00, 0x00,  //......... 
  0x00, 0x00, 0x00, 0x00, 0x00, 0x00, 0x00, 0x00, 0x00,  //......... 
  0x00, 0x00, 0x00, 0x00, 0x00, 0x00, 0x00, 0x00, 0x00,  //......... 
  0x00, 0x00, 0x00, 0x00, 0x00, 0x00, 0x00, 0x00, 0x00,  //......... 
  0x00, 0x00, 0x00, 0x00, 0x00, 0x00, 0x00, 0x00, 0x00,  //......... 


  /*Unicode: U+0065 (e) , Width: 9 */
  0x00, 0x00, 0x00, 0x00, 0x00, 0x00, 0x00, 0x00, 0x00,  //......... 
  0x00, 0x00, 0x00, 0x00, 0x00, 0x00, 0x00, 0x00, 0x00,  //......... 
  0x00, 0x00, 0x00, 0x00, 0x00, 0x00, 0x00, 0x00, 0x00,  //......... 
  0x00, 0x00, 0x00, 0x00, 0x00, 0x00, 0x00, 0x00, 0x00,  //......... 
  0x00, 0x00, 0x00, 0x00, 0x00, 0x00, 0x00, 0x00, 0x00,  //......... 
  0x00, 0x00, 0x00, 0x00, 0x00, 0x00, 0x00, 0x00, 0x00,  //......... 
  0x00, 0x00, 0x00, 0x00, 0x00, 0x00, 0x00, 0x00, 0x00,  //......... 
  0x00, 0x00, 0x0a, 0x68, 0x92, 0x78, 0x1a, 0x00, 0x00,  //...+%+... 
  0x00, 0x1c, 0xdc, 0xff, 0xff, 0xff, 0xee, 0x2c, 0x00,  //..@@@@@.. 
  0x00, 0xb6, 0xff, 0x92, 0x26, 0x68, 0xff, 0xb6, 0x00,  //.%@%.+@%. 
  0x28, 0xff, 0xea, 0x10, 0x0e, 0x0e, 0xe0, 0xf8, 0x00,  //.@@...@@. 
  0x4e, 0xff, 0xff, 0xff, 0xff, 0xff, 0xff, 0xff, 0x0e,  //+@@@@@@@. 
  0x44, 0xff, 0xf0, 0x6e, 0x6e, 0x6e, 0x6e, 0x6e, 0x00,  //+@@+++++. 
  0x10, 0xf6, 0xff, 0x3e, 0x00, 0x00, 0x00, 0x00, 0x00,  //.@@...... 
  0x00, 0x86, 0xff, 0xf4, 0xa0, 0x8c, 0xd0, 0x52, 0x00,  //.%@@%%@+. 
  0x00, 0x02, 0x80, 0xf0, 0xff, 0xff, 0xde, 0x54, 0x00,  //..%@@@@+. 
  0x00, 0x00, 0x00, 0x06, 0x28, 0x18, 0x00, 0x00, 0x00,  //......... 
  0x00, 0x00, 0x00, 0x00, 0x00, 0x00, 0x00, 0x00, 0x00,  //......... 
  0x00, 0x00, 0x00, 0x00, 0x00, 0x00, 0x00, 0x00, 0x00,  //......... 
  0x00, 0x00, 0x00, 0x00, 0x00, 0x00, 0x00, 0x00, 0x00,  //......... 
  0x00, 0x00, 0x00, 0x00, 0x00, 0x00, 0x00, 0x00, 0x00,  //......... 


  /*Unicode: U+0066 (f) , Width: 7 */
  0x00, 0x00, 0x00, 0x00, 0x00, 0x00, 0x00,  //....... 
  0x00, 0x00, 0x00, 0x00, 0x00, 0x00, 0x00,  //....... 
  0x00, 0x00, 0x00, 0x00, 0x00, 0x00, 0x00,  //....... 
  0x00, 0x00, 0x00, 0x0e, 0x28, 0x0e, 0x00,  //....... 
  0x00, 0x00, 0x7c, 0xf8, 0xff, 0xf0, 0x02,  //..+@@@. 
  0x00, 0x2c, 0xff, 0xff, 0xa6, 0x84, 0x00,  //..@@%%. 
  0x00, 0x64, 0xff, 0xcc, 0x00, 0x00, 0x00,  //.+@@... 
  0x2e, 0xd0, 0xff, 0xff, 0x66, 0x24, 0x00,  //.@@@+.. 
  0x92, 0xff, 0xff, 0xff, 0xff, 0x5a, 0x00,  //%@@@@+. 
  0x30, 0xc6, 0xff, 0xff, 0x56, 0x1e, 0x00,  //.@@@+.. 
  0x00, 0x6e, 0xff, 0xbe, 0x00, 0x00, 0x00,  //.+@%... 
  0x00, 0x6e, 0xff, 0xbe, 0x00, 0x00, 0x00,  //.+@%... 
  0x00, 0x6e, 0xff, 0xbe, 0x00, 0x00, 0x00,  //.+@%... 
  0x00, 0x6e, 0xff, 0xbe, 0x00, 0x00, 0x00,  //.+@%... 
  0x00, 0x6e, 0xff, 0xbe, 0x00, 0x00, 0x00,  //.+@%... 
  0x00, 0x6e, 0xff, 0xbe, 0x00, 0x00, 0x00,  //.+@%... 
  0x00, 0x00, 0x00, 0x00, 0x00, 0x00, 0x00,  //....... 
  0x00, 0x00, 0x00, 0x00, 0x00, 0x00, 0x00,  //....... 
  0x00, 0x00, 0x00, 0x00, 0x00, 0x00, 0x00,  //....... 
  0x00, 0x00, 0x00, 0x00, 0x00, 0x00, 0x00,  //....... 
  0x00, 0x00, 0x00, 0x00, 0x00, 0x00, 0x00,  //....... 


  /*Unicode: U+0067 (g) , Width: 9 */
  0x00, 0x00, 0x00, 0x00, 0x00, 0x00, 0x00, 0x00, 0x00,  //......... 
  0x00, 0x00, 0x00, 0x00, 0x00, 0x00, 0x00, 0x00, 0x00,  //......... 
  0x00, 0x00, 0x00, 0x00, 0x00, 0x00, 0x00, 0x00, 0x00,  //......... 
  0x00, 0x00, 0x00, 0x00, 0x00, 0x00, 0x00, 0x00, 0x00,  //......... 
  0x00, 0x00, 0x00, 0x00, 0x00, 0x00, 0x00, 0x00, 0x00,  //......... 
  0x00, 0x00, 0x00, 0x00, 0x00, 0x00, 0x00, 0x00, 0x00,  //......... 
  0x00, 0x00, 0x00, 0x00, 0x00, 0x00, 0x00, 0x00, 0x00,  //......... 
  0x00, 0x00, 0x2e, 0x82, 0x92, 0x70, 0x66, 0x66, 0x38,  //...%%+++. 
  0x00, 0x62, 0xfc, 0xff, 0xf6, 0xff, 0xff, 0xff, 0x8e,  //.+@@@@@@% 
  0x02, 0xee, 0xff, 0x44, 0x02, 0xb8, 0xff, 0x76, 0x1e,  //.@@+.%@+. 
  0x12, 0xff, 0xfc, 0x02, 0x00, 0x74, 0xff, 0x78, 0x00,  //.@@..+@+. 
  0x00, 0xd8, 0xff, 0x60, 0x16, 0xc6, 0xff, 0x50, 0x00,  //.@@+.@@+. 
  0x00, 0x34, 0xff, 0xff, 0xff, 0xff, 0xa0, 0x00, 0x00,  //..@@@@%.. 
  0x00, 0xa8, 0xe8, 0x3e, 0x4e, 0x24, 0x00, 0x00, 0x00,  //.%@.+.... 
  0x00, 0xd6, 0xf6, 0x82, 0x6e, 0x6c, 0x58, 0x18, 0x00,  //.@@%+++.. 
  0x00, 0x6a, 0xff, 0xff, 0xff, 0xff, 0xff, 0xfa, 0x4a,  //.+@@@@@@+ 
  0x14, 0xe6, 0xbe, 0x3a, 0x42, 0x48, 0xb6, 0xff, 0xa8,  //.@%.++%@% 
  0x50, 0xff, 0xa2, 0x00, 0x00, 0x04, 0xa4, 0xff, 0x82,  //+@%...%@% 
  0x16, 0xe8, 0xff, 0xe4, 0xca, 0xec, 0xff, 0xb6, 0x0a,  //.@@@@@@%. 
  0x00, 0x14, 0x6a, 0x8e, 0x9a, 0x80, 0x3c, 0x00, 0x00,  //..+%%%... 
  0x00, 0x00, 0x00, 0x00, 0x00, 0x00, 0x00, 0x00, 0x00,  //......... 


  /*Unicode: U+0068 (h) , Width: 8 */
  0x00, 0x00, 0x00, 0x00, 0x00, 0x00, 0x00, 0x00,  //........ 
  0x00, 0x00, 0x00, 0x00, 0x00, 0x00, 0x00, 0x00,  //........ 
  0x00, 0x00, 0x00, 0x00, 0x00, 0x00, 0x00, 0x00,  //........ 
  0x00, 0x00, 0x00, 0x00, 0x00, 0x00, 0x00, 0x00,  //........ 
  0xc8, 0xf6, 0x5e, 0x00, 0x00, 0x00, 0x00, 0x00,  //@@+..... 
  0xce, 0xff, 0x62, 0x00, 0x00, 0x00, 0x00, 0x00,  //@@+..... 
  0xce, 0xff, 0x62, 0x00, 0x00, 0x00, 0x00, 0x00,  //@@+..... 
  0xce, 0xff, 0x5a, 0x3c, 0x8c, 0x7e, 0x20, 0x00,  //@@+.%+.. 
  0xce, 0xff, 0xc0, 0xfc, 0xff, 0xff, 0xe8, 0x0c,  //@@@@@@@. 
  0xce, 0xff, 0xf2, 0x76, 0x60, 0xf6, 0xff, 0x5a,  //@@@++@@+ 
  0xce, 0xff, 0x6a, 0x00, 0x00, 0xbc, 0xff, 0x7a,  //@@+..%@+ 
  0xce, 0xff, 0x62, 0x00, 0x00, 0xae, 0xff, 0x82,  //@@+..%@% 
  0xce, 0xff, 0x62, 0x00, 0x00, 0xae, 0xff, 0x82,  //@@+..%@% 
  0xce, 0xff, 0x62, 0x00, 0x00, 0xae, 0xff, 0x82,  //@@+..%@% 
  0xce, 0xff, 0x62, 0x00, 0x00, 0xae, 0xff, 0x82,  //@@+..%@% 
  0xce, 0xff, 0x62, 0x00, 0x00, 0xae, 0xff, 0x82,  //@@+..%@% 
  0x00, 0x00, 0x00, 0x00, 0x00, 0x00, 0x00, 0x00,  //........ 
  0x00, 0x00, 0x00, 0x00, 0x00, 0x00, 0x00, 0x00,  //........ 
  0x00, 0x00, 0x00, 0x00, 0x00, 0x00, 0x00, 0x00,  //........ 
  0x00, 0x00, 0x00, 0x00, 0x00, 0x00, 0x00, 0x00,  //........ 
  0x00, 0x00, 0x00, 0x00, 0x00, 0x00, 0x00, 0x00,  //........ 


  /*Unicode: U+0069 (i) , Width: 3 */
  0x00, 0x00, 0x00,  //... 
  0x00, 0x00, 0x00,  //... 
  0x00, 0x00, 0x00,  //... 
  0x06, 0x1c, 0x00,  //... 
  0xca, 0xff, 0x5e,  //@@+ 
  0xd6, 0xff, 0x6a,  //@@+ 
  0x0e, 0x2c, 0x00,  //... 
  0x52, 0x66, 0x26,  //++. 
  0xce, 0xff, 0x62,  //@@+ 
  0xce, 0xff, 0x62,  //@@+ 
  0xce, 0xff, 0x62,  //@@+ 
  0xce, 0xff, 0x62,  //@@+ 
  0xce, 0xff, 0x62,  //@@+ 
  0xce, 0xff, 0x62,  //@@+ 
  0xce, 0xff, 0x62,  //@@+ 
  0xce, 0xff, 0x62,  //@@+ 
  0x00, 0x00, 0x00,  //... 
  0x00, 0x00, 0x00,  //... 
  0x00, 0x00, 0x00,  //... 
  0x00, 0x00, 0x00,  //... 
  0x00, 0x00, 0x00,  //... 


  /*Unicode: U+006a (j) , Width: 4 */
  0x00, 0x00, 0x00, 0x00,  //.... 
  0x00, 0x00, 0x00, 0x00,  //.... 
  0x00, 0x00, 0x00, 0x00,  //.... 
  0x00, 0x06, 0x1c, 0x00,  //.... 
  0x00, 0xc8, 0xff, 0x60,  //.@@+ 
  0x00, 0xd6, 0xff, 0x6e,  //.@@+ 
  0x00, 0x0e, 0x2c, 0x00,  //.... 
  0x00, 0x50, 0x66, 0x2a,  //.++. 
  0x00, 0xca, 0xff, 0x6a,  //.@@+ 
  0x00, 0xca, 0xff, 0x6a,  //.@@+ 
  0x00, 0xca, 0xff, 0x6a,  //.@@+ 
  0x00, 0xca, 0xff, 0x6a,  //.@@+ 
  0x00, 0xca, 0xff, 0x6a,  //.@@+ 
  0x00, 0xca, 0xff, 0x6a,  //.@@+ 
  0x00, 0xca, 0xff, 0x6a,  //.@@+ 
  0x00, 0xca, 0xff, 0x6a,  //.@@+ 
  0x00, 0xd0, 0xff, 0x64,  //.@@+ 
  0x64, 0xfa, 0xff, 0x3c,  //+@@. 
  0xff, 0xff, 0xb8, 0x00,  //@@%. 
  0x68, 0x4a, 0x02, 0x00,  //++.. 
  0x00, 0x00, 0x00, 0x00,  //.... 


  /*Unicode: U+006b (k) , Width: 8 */
  0x00, 0x00, 0x00, 0x00, 0x00, 0x00, 0x00, 0x00,  //........ 
  0x00, 0x00, 0x00, 0x00, 0x00, 0x00, 0x00, 0x00,  //........ 
  0x00, 0x00, 0x00, 0x00, 0x00, 0x00, 0x00, 0x00,  //........ 
  0x00, 0x00, 0x00, 0x00, 0x00, 0x00, 0x00, 0x00,  //........ 
  0xc8, 0xf6, 0x58, 0x00, 0x00, 0x00, 0x00, 0x00,  //@@+..... 
  0xce, 0xff, 0x5a, 0x00, 0x00, 0x00, 0x00, 0x00,  //@@+..... 
  0xce, 0xff, 0x5a, 0x00, 0x00, 0x00, 0x00, 0x00,  //@@+..... 
  0xce, 0xff, 0x5a, 0x00, 0x00, 0x5a, 0x66, 0x36,  //@@+..++. 
  0xce, 0xff, 0x5a, 0x00, 0x6e, 0xff, 0xdc, 0x12,  //@@+.+@@. 
  0xce, 0xff, 0x5a, 0x3e, 0xfa, 0xf0, 0x2a, 0x00,  //@@+.@@.. 
  0xce, 0xff, 0x76, 0xe8, 0xfc, 0x48, 0x00, 0x00,  //@@+@@+.. 
  0xce, 0xff, 0xf6, 0xff, 0xf4, 0x20, 0x00, 0x00,  //@@@@@... 
  0xce, 0xff, 0xff, 0xd0, 0xff, 0xb8, 0x00, 0x00,  //@@@@@%.. 
  0xce, 0xff, 0xac, 0x06, 0xda, 0xff, 0x5c, 0x00,  //@@%.@@+. 
  0xce, 0xff, 0x5a, 0x00, 0x4e, 0xff, 0xea, 0x14,  //@@+.+@@. 
  0xce, 0xff, 0x5a, 0x00, 0x00, 0xb8, 0xff, 0xa4,  //@@+..%@% 
  0x00, 0x00, 0x00, 0x00, 0x00, 0x00, 0x00, 0x00,  //........ 
  0x00, 0x00, 0x00, 0x00, 0x00, 0x00, 0x00, 0x00,  //........ 
  0x00, 0x00, 0x00, 0x00, 0x00, 0x00, 0x00, 0x00,  //........ 
  0x00, 0x00, 0x00, 0x00, 0x00, 0x00, 0x00, 0x00,  //........ 
  0x00, 0x00, 0x00, 0x00, 0x00, 0x00, 0x00, 0x00,  //........ 


  /*Unicode: U+006c (l) , Width: 4 */
  0x00, 0x00, 0x00, 0x00,  //.... 
  0x00, 0x00, 0x00, 0x00,  //.... 
  0x00, 0x00, 0x00, 0x00,  //.... 
  0x00, 0x00, 0x00, 0x00,  //.... 
  0xc8, 0xf6, 0x5e, 0x00,  //@@+. 
  0xce, 0xff, 0x62, 0x00,  //@@+. 
  0xce, 0xff, 0x62, 0x00,  //@@+. 
  0xce, 0xff, 0x62, 0x00,  //@@+. 
  0xce, 0xff, 0x62, 0x00,  //@@+. 
  0xce, 0xff, 0x62, 0x00,  //@@+. 
  0xce, 0xff, 0x62, 0x00,  //@@+. 
  0xce, 0xff, 0x62, 0x00,  //@@+. 
  0xce, 0xff, 0x62, 0x00,  //@@+. 
  0xcc, 0xff, 0x64, 0x00,  //@@+. 
  0xae, 0xff, 0xd0, 0x1a,  //%@@. 
  0x40, 0xfa, 0xff, 0x4c,  //+@@+ 
  0x00, 0x14, 0x2c, 0x06,  //.... 
  0x00, 0x00, 0x00, 0x00,  //.... 
  0x00, 0x00, 0x00, 0x00,  //.... 
  0x00, 0x00, 0x00, 0x00,  //.... 
  0x00, 0x00, 0x00, 0x00,  //.... 


  /*Unicode: U+006d (m) , Width: 13 */
  0x00, 0x00, 0x00, 0x00, 0x00, 0x00, 0x00, 0x00, 0x00, 0x00, 0x00, 0x00, 0x00,  //............. 
  0x00, 0x00, 0x00, 0x00, 0x00, 0x00, 0x00, 0x00, 0x00, 0x00, 0x00, 0x00, 0x00,  //............. 
  0x00, 0x00, 0x00, 0x00, 0x00, 0x00, 0x00, 0x00, 0x00, 0x00, 0x00, 0x00, 0x00,  //............. 
  0x00, 0x00, 0x00, 0x00, 0x00, 0x00, 0x00, 0x00, 0x00, 0x00, 0x00, 0x00, 0x00,  //............. 
  0x00, 0x00, 0x00, 0x00, 0x00, 0x00, 0x00, 0x00, 0x00, 0x00, 0x00, 0x00, 0x00,  //............. 
  0x00, 0x00, 0x00, 0x00, 0x00, 0x00, 0x00, 0x00, 0x00, 0x00, 0x00, 0x00, 0x00,  //............. 
  0x00, 0x00, 0x00, 0x00, 0x00, 0x00, 0x00, 0x00, 0x00, 0x00, 0x00, 0x00, 0x00,  //............. 
  0x52, 0x66, 0x00, 0x42, 0x90, 0x7c, 0x14, 0x00, 0x40, 0x8e, 0x74, 0x0e, 0x00,  //++.+%+..+%+.. 
  0xce, 0xff, 0x9c, 0xff, 0xff, 0xff, 0xd0, 0x80, 0xff, 0xff, 0xff, 0xc6, 0x00,  //@@%@@@@%@@@@. 
  0xce, 0xff, 0xf2, 0x70, 0x74, 0xff, 0xff, 0xf0, 0x70, 0x74, 0xff, 0xff, 0x2c,  //@@@++@@@++@@. 
  0xce, 0xff, 0x6a, 0x00, 0x00, 0xe0, 0xff, 0x66, 0x00, 0x00, 0xe4, 0xff, 0x4e,  //@@+..@@+..@@+ 
  0xce, 0xff, 0x62, 0x00, 0x00, 0xd2, 0xff, 0x5e, 0x00, 0x00, 0xd6, 0xff, 0x56,  //@@+..@@+..@@+ 
  0xce, 0xff, 0x62, 0x00, 0x00, 0xd2, 0xff, 0x5e, 0x00, 0x00, 0xd6, 0xff, 0x56,  //@@+..@@+..@@+ 
  0xce, 0xff, 0x62, 0x00, 0x00, 0xd2, 0xff, 0x5e, 0x00, 0x00, 0xd6, 0xff, 0x56,  //@@+..@@+..@@+ 
  0xce, 0xff, 0x62, 0x00, 0x00, 0xd2, 0xff, 0x5e, 0x00, 0x00, 0xd6, 0xff, 0x56,  //@@+..@@+..@@+ 
  0xce, 0xff, 0x62, 0x00, 0x00, 0xd2, 0xff, 0x5e, 0x00, 0x00, 0xd6, 0xff, 0x56,  //@@+..@@+..@@+ 
  0x00, 0x00, 0x00, 0x00, 0x00, 0x00, 0x00, 0x00, 0x00, 0x00, 0x00, 0x00, 0x00,  //............. 
  0x00, 0x00, 0x00, 0x00, 0x00, 0x00, 0x00, 0x00, 0x00, 0x00, 0x00, 0x00, 0x00,  //............. 
  0x00, 0x00, 0x00, 0x00, 0x00, 0x00, 0x00, 0x00, 0x00, 0x00, 0x00, 0x00, 0x00,  //............. 
  0x00, 0x00, 0x00, 0x00, 0x00, 0x00, 0x00, 0x00, 0x00, 0x00, 0x00, 0x00, 0x00,  //............. 
  0x00, 0x00, 0x00, 0x00, 0x00, 0x00, 0x00, 0x00, 0x00, 0x00, 0x00, 0x00, 0x00,  //............. 


  /*Unicode: U+006e (n) , Width: 8 */
  0x00, 0x00, 0x00, 0x00, 0x00, 0x00, 0x00, 0x00,  //........ 
  0x00, 0x00, 0x00, 0x00, 0x00, 0x00, 0x00, 0x00,  //........ 
  0x00, 0x00, 0x00, 0x00, 0x00, 0x00, 0x00, 0x00,  //........ 
  0x00, 0x00, 0x00, 0x00, 0x00, 0x00, 0x00, 0x00,  //........ 
  0x00, 0x00, 0x00, 0x00, 0x00, 0x00, 0x00, 0x00,  //........ 
  0x00, 0x00, 0x00, 0x00, 0x00, 0x00, 0x00, 0x00,  //........ 
  0x00, 0x00, 0x00, 0x00, 0x00, 0x00, 0x00, 0x00,  //........ 
  0x52, 0x66, 0x00, 0x3a, 0x8c, 0x7e, 0x20, 0x00,  //++..%+.. 
  0xce, 0xff, 0x9c, 0xfc, 0xff, 0xff, 0xe8, 0x0c,  //@@%@@@@. 
  0xce, 0xff, 0xf2, 0x76, 0x60, 0xf6, 0xff, 0x5a,  //@@@++@@+ 
  0xce, 0xff, 0x6a, 0x00, 0x00, 0xbc, 0xff, 0x7a,  //@@+..%@+ 
  0xce, 0xff, 0x62, 0x00, 0x00, 0xae, 0xff, 0x82,  //@@+..%@% 
  0xce, 0xff, 0x62, 0x00, 0x00, 0xae, 0xff, 0x82,  //@@+..%@% 
  0xce, 0xff, 0x62, 0x00, 0x00, 0xae, 0xff, 0x82,  //@@+..%@% 
  0xce, 0xff, 0x62, 0x00, 0x00, 0xae, 0xff, 0x82,  //@@+..%@% 
  0xce, 0xff, 0x62, 0x00, 0x00, 0xae, 0xff, 0x82,  //@@+..%@% 
  0x00, 0x00, 0x00, 0x00, 0x00, 0x00, 0x00, 0x00,  //........ 
  0x00, 0x00, 0x00, 0x00, 0x00, 0x00, 0x00, 0x00,  //........ 
  0x00, 0x00, 0x00, 0x00, 0x00, 0x00, 0x00, 0x00,  //........ 
  0x00, 0x00, 0x00, 0x00, 0x00, 0x00, 0x00, 0x00,  //........ 
  0x00, 0x00, 0x00, 0x00, 0x00, 0x00, 0x00, 0x00,  //........ 


  /*Unicode: U+006f (o) , Width: 9 */
  0x00, 0x00, 0x00, 0x00, 0x00, 0x00, 0x00, 0x00, 0x00,  //......... 
  0x00, 0x00, 0x00, 0x00, 0x00, 0x00, 0x00, 0x00, 0x00,  //......... 
  0x00, 0x00, 0x00, 0x00, 0x00, 0x00, 0x00, 0x00, 0x00,  //......... 
  0x00, 0x00, 0x00, 0x00, 0x00, 0x00, 0x00, 0x00, 0x00,  //......... 
  0x00, 0x00, 0x00, 0x00, 0x00, 0x00, 0x00, 0x00, 0x00,  //......... 
  0x00, 0x00, 0x00, 0x00, 0x00, 0x00, 0x00, 0x00, 0x00,  //......... 
  0x00, 0x00, 0x00, 0x00, 0x00, 0x00, 0x00, 0x00, 0x00,  //......... 
  0x00, 0x00, 0x08, 0x62, 0x90, 0x7e, 0x28, 0x00, 0x00,  //...+%+... 
  0x00, 0x20, 0xda, 0xff, 0xff, 0xff, 0xfa, 0x66, 0x00,  //..@@@@@+. 
  0x00, 0xc6, 0xff, 0xbc, 0x3a, 0x76, 0xff, 0xfa, 0x2a,  //.@@%.+@@. 
  0x28, 0xff, 0xff, 0x22, 0x00, 0x00, 0xc0, 0xff, 0x8c,  //.@@...@@% 
  0x4c, 0xff, 0xf6, 0x00, 0x00, 0x00, 0x94, 0xff, 0xb2,  //+@@...%@% 
  0x44, 0xff, 0xfc, 0x06, 0x00, 0x00, 0xa0, 0xff, 0xa6,  //+@@...%@% 
  0x10, 0xf6, 0xff, 0x54, 0x00, 0x0c, 0xe4, 0xff, 0x6a,  //.@@+..@@+ 
  0x00, 0x84, 0xff, 0xf2, 0xa2, 0xd2, 0xff, 0xda, 0x0a,  //.%@@%@@@. 
  0x00, 0x00, 0x80, 0xf2, 0xff, 0xff, 0xba, 0x1c, 0x00,  //..%@@@%.. 
  0x00, 0x00, 0x00, 0x08, 0x28, 0x16, 0x00, 0x00, 0x00,  //......... 
  0x00, 0x00, 0x00, 0x00, 0x00, 0x00, 0x00, 0x00, 0x00,  //......... 
  0x00, 0x00, 0x00, 0x00, 0x00, 0x00, 0x00, 0x00, 0x00,  //......... 
  0x00, 0x00, 0x00, 0x00, 0x00, 0x00, 0x00, 0x00, 0x00,  //......... 
  0x00, 0x00, 0x00, 0x00, 0x00, 0x00, 0x00, 0x00, 0x00,  //......... 


  /*Unicode: U+0070 (p) , Width: 8 */
  0x00, 0x00, 0x00, 0x00, 0x00, 0x00, 0x00, 0x00,  //........ 
  0x00, 0x00, 0x00, 0x00, 0x00, 0x00, 0x00, 0x00,  //........ 
  0x00, 0x00, 0x00, 0x00, 0x00, 0x00, 0x00, 0x00,  //........ 
  0x00, 0x00, 0x00, 0x00, 0x00, 0x00, 0x00, 0x00,  //........ 
  0x00, 0x00, 0x00, 0x00, 0x00, 0x00, 0x00, 0x00,  //........ 
  0x00, 0x00, 0x00, 0x00, 0x00, 0x00, 0x00, 0x00,  //........ 
  0x00, 0x00, 0x00, 0x00, 0x00, 0x00, 0x00, 0x00,  //........ 
  0x52, 0x66, 0x02, 0x52, 0x92, 0x76, 0x14, 0x00,  //++.+%+.. 
  0xce, 0xff, 0xca, 0xff, 0xff, 0xff, 0xe0, 0x16,  //@@@@@@@. 
  0xce, 0xff, 0xe2, 0x5a, 0x4c, 0xe4, 0xff, 0x90,  //@@@++@@% 
  0xce, 0xff, 0x62, 0x00, 0x00, 0x7a, 0xff, 0xd8,  //@@+..+@@ 
  0xce, 0xff, 0x62, 0x00, 0x00, 0x54, 0xff, 0xf0,  //@@+..+@@ 
  0xce, 0xff, 0x62, 0x00, 0x00, 0x60, 0xff, 0xe2,  //@@+..+@@ 
  0xce, 0xff, 0x6e, 0x00, 0x00, 0xb6, 0xff, 0xaa,  //@@+..%@% 
  0xce, 0xff, 0xfa, 0xae, 0xc2, 0xff, 0xfc, 0x36,  //@@@%@@@. 
  0xce, 0xff, 0xae, 0xf2, 0xff, 0xea, 0x56, 0x00,  //@@%@@@+. 
  0xce, 0xff, 0x5e, 0x06, 0x28, 0x06, 0x00, 0x00,  //@@+..... 
  0xce, 0xff, 0x62, 0x00, 0x00, 0x00, 0x00, 0x00,  //@@+..... 
  0xce, 0xff, 0x62, 0x00, 0x00, 0x00, 0x00, 0x00,  //@@+..... 
  0x2c, 0x36, 0x14, 0x00, 0x00, 0x00, 0x00, 0x00,  //........ 
  0x00, 0x00, 0x00, 0x00, 0x00, 0x00, 0x00, 0x00,  //........ 


  /*Unicode: U+0071 (q) , Width: 9 */
  0x00, 0x00, 0x00, 0x00, 0x00, 0x00, 0x00, 0x00, 0x00,  //......... 
  0x00, 0x00, 0x00, 0x00, 0x00, 0x00, 0x00, 0x00, 0x00,  //......... 
  0x00, 0x00, 0x00, 0x00, 0x00, 0x00, 0x00, 0x00, 0x00,  //......... 
  0x00, 0x00, 0x00, 0x00, 0x00, 0x00, 0x00, 0x00, 0x00,  //......... 
  0x00, 0x00, 0x00, 0x00, 0x00, 0x00, 0x00, 0x00, 0x00,  //......... 
  0x00, 0x00, 0x00, 0x00, 0x00, 0x00, 0x00, 0x00, 0x00,  //......... 
  0x00, 0x00, 0x00, 0x00, 0x00, 0x00, 0x00, 0x00, 0x00,  //......... 
  0x00, 0x00, 0x14, 0x78, 0x8a, 0x4a, 0x1c, 0x66, 0x30,  //...+%+.+. 
  0x00, 0x2a, 0xe8, 0xff, 0xff, 0xff, 0xda, 0xff, 0x7a,  //..@@@@@@+ 
  0x00, 0xc6, 0xff, 0xca, 0x42, 0x64, 0xec, 0xff, 0x7a,  //.@@@++@@+ 
  0x20, 0xff, 0xff, 0x2e, 0x00, 0x00, 0xb6, 0xff, 0x7a,  //.@@...%@+ 
  0x42, 0xff, 0xfa, 0x00, 0x00, 0x00, 0xb6, 0xff, 0x7a,  //+@@...%@+ 
  0x3c, 0xff, 0xff, 0x06, 0x00, 0x00, 0xb6, 0xff, 0x7a,  //.@@...%@+ 
  0x12, 0xfc, 0xff, 0x50, 0x00, 0x06, 0xce, 0xff, 0x7a,  //.@@+..@@+ 
  0x00, 0xac, 0xff, 0xf2, 0xa8, 0xd6, 0xff, 0xff, 0x7a,  //.%@@%@@@+ 
  0x00, 0x12, 0xbe, 0xff, 0xff, 0xc6, 0xc6, 0xff, 0x7a,  //..%@@@@@+ 
  0x00, 0x00, 0x00, 0x1c, 0x24, 0x00, 0xb4, 0xff, 0x7a,  //......%@+ 
  0x00, 0x00, 0x00, 0x00, 0x00, 0x00, 0xb6, 0xff, 0x7a,  //......%@+ 
  0x00, 0x00, 0x00, 0x00, 0x00, 0x00, 0xb6, 0xff, 0x7a,  //......%@+ 
  0x00, 0x00, 0x00, 0x00, 0x00, 0x00, 0x26, 0x36, 0x1a,  //......... 
  0x00, 0x00, 0x00, 0x00, 0x00, 0x00, 0x00, 0x00, 0x00,  //......... 


  /*Unicode: U+0072 (r) , Width: 6 */
  0x00, 0x00, 0x00, 0x00, 0x00, 0x00,  //...... 
  0x00, 0x00, 0x00, 0x00, 0x00, 0x00,  //...... 
  0x00, 0x00, 0x00, 0x00, 0x00, 0x00,  //...... 
  0x00, 0x00, 0x00, 0x00, 0x00, 0x00,  //...... 
  0x00, 0x00, 0x00, 0x00, 0x00, 0x00,  //...... 
  0x00, 0x00, 0x00, 0x00, 0x00, 0x00,  //...... 
  0x00, 0x00, 0x00, 0x00, 0x00, 0x00,  //...... 
  0x52, 0x66, 0x00, 0x44, 0x90, 0x42,  //++.+%+ 
  0xce, 0xff, 0x76, 0xff, 0xff, 0x5e,  //@@+@@+ 
  0xce, 0xff, 0xfc, 0x9e, 0x60, 0x1a,  //@@@%+. 
  0xce, 0xff, 0xa6, 0x00, 0x00, 0x00,  //@@%... 
  0xce, 0xff, 0x62, 0x00, 0x00, 0x00,  //@@+... 
  0xce, 0xff, 0x62, 0x00, 0x00, 0x00,  //@@+... 
  0xce, 0xff, 0x62, 0x00, 0x00, 0x00,  //@@+... 
  0xce, 0xff, 0x62, 0x00, 0x00, 0x00,  //@@+... 
  0xce, 0xff, 0x62, 0x00, 0x00, 0x00,  //@@+... 
  0x00, 0x00, 0x00, 0x00, 0x00, 0x00,  //...... 
  0x00, 0x00, 0x00, 0x00, 0x00, 0x00,  //...... 
  0x00, 0x00, 0x00, 0x00, 0x00, 0x00,  //...... 
  0x00, 0x00, 0x00, 0x00, 0x00, 0x00,  //...... 
  0x00, 0x00, 0x00, 0x00, 0x00, 0x00,  //...... 


  /*Unicode: U+0073 (s) , Width: 7 */
  0x00, 0x00, 0x00, 0x00, 0x00, 0x00, 0x00,  //....... 
  0x00, 0x00, 0x00, 0x00, 0x00, 0x00, 0x00,  //....... 
  0x00, 0x00, 0x00, 0x00, 0x00, 0x00, 0x00,  //....... 
  0x00, 0x00, 0x00, 0x00, 0x00, 0x00, 0x00,  //....... 
  0x00, 0x00, 0x00, 0x00, 0x00, 0x00, 0x00,  //....... 
  0x00, 0x00, 0x00, 0x00, 0x00, 0x00, 0x00,  //....... 
  0x00, 0x00, 0x00, 0x00, 0x00, 0x00, 0x00,  //....... 
  0x00, 0x00, 0x50, 0x8e, 0x8e, 0x4e, 0x00,  //..+%%+. 
  0x00, 0x98, 0xff, 0xff, 0xff, 0xff, 0x8e,  //.%@@@@% 
  0x10, 0xfc, 0xf8, 0x2a, 0x24, 0x8a, 0x1c,  //.@@..%. 
  0x0e, 0xfa, 0xff, 0x72, 0x0c, 0x00, 0x00,  //.@@+... 
  0x00, 0x64, 0xfa, 0xff, 0xf2, 0x8c, 0x08,  //.+@@@%. 
  0x00, 0x00, 0x22, 0x92, 0xf4, 0xff, 0x9e,  //...%@@% 
  0x00, 0x24, 0x00, 0x00, 0x40, 0xff, 0xe2,  //....+@@ 
  0x3a, 0xfa, 0xba, 0x7c, 0xb4, 0xff, 0xb6,  //.@%+%@% 
  0x20, 0xa8, 0xfa, 0xff, 0xff, 0xc6, 0x1c,  //.%@@@@. 
  0x00, 0x00, 0x0e, 0x2c, 0x1a, 0x00, 0x00,  //....... 
  0x00, 0x00, 0x00, 0x00, 0x00, 0x00, 0x00,  //....... 
  0x00, 0x00, 0x00, 0x00, 0x00, 0x00, 0x00,  //....... 
  0x00, 0x00, 0x00, 0x00, 0x00, 0x00, 0x00,  //....... 
  0x00, 0x00, 0x00, 0x00, 0x00, 0x00, 0x00,  //....... 


  /*Unicode: U+0074 (t) , Width: 6 */
  0x00, 0x00, 0x00, 0x00, 0x00, 0x00,  //...... 
  0x00, 0x00, 0x00, 0x00, 0x00, 0x00,  //...... 
  0x00, 0x00, 0x00, 0x00, 0x00, 0x00,  //...... 
  0x00, 0x00, 0x00, 0x00, 0x00, 0x00,  //...... 
  0x00, 0x00, 0x00, 0x00, 0x00, 0x00,  //...... 
  0x00, 0x1a, 0xaa, 0x74, 0x00, 0x00,  //..%+.. 
  0x00, 0x40, 0xff, 0xae, 0x00, 0x00,  //.+@%.. 
  0x38, 0x96, 0xff, 0xce, 0x66, 0x50,  //.%@@++ 
  0xae, 0xff, 0xff, 0xff, 0xff, 0xc6,  //%@@@@@ 
  0x3a, 0xaa, 0xff, 0xca, 0x56, 0x42,  //.%@@++ 
  0x00, 0x7e, 0xff, 0xae, 0x00, 0x00,  //.+@%.. 
  0x00, 0x7e, 0xff, 0xae, 0x00, 0x00,  //.+@%.. 
  0x00, 0x7e, 0xff, 0xae, 0x00, 0x00,  //.+@%.. 
  0x00, 0x76, 0xff, 0xc0, 0x00, 0x00,  //.+@@.. 
  0x00, 0x46, 0xff, 0xfc, 0x9e, 0x76,  //.+@@%+ 
  0x00, 0x00, 0xa2, 0xff, 0xff, 0xec,  //..%@@@ 
  0x00, 0x00, 0x00, 0x18, 0x2a, 0x0c,  //...... 
  0x00, 0x00, 0x00, 0x00, 0x00, 0x00,  //...... 
  0x00, 0x00, 0x00, 0x00, 0x00, 0x00,  //...... 
  0x00, 0x00, 0x00, 0x00, 0x00, 0x00,  //...... 
  0x00, 0x00, 0x00, 0x00, 0x00, 0x00,  //...... 


  /*Unicode: U+0075 (u) , Width: 8 */
  0x00, 0x00, 0x00, 0x00, 0x00, 0x00, 0x00, 0x00,  //........ 
  0x00, 0x00, 0x00, 0x00, 0x00, 0x00, 0x00, 0x00,  //........ 
  0x00, 0x00, 0x00, 0x00, 0x00, 0x00, 0x00, 0x00,  //........ 
  0x00, 0x00, 0x00, 0x00, 0x00, 0x00, 0x00, 0x00,  //........ 
  0x00, 0x00, 0x00, 0x00, 0x00, 0x00, 0x00, 0x00,  //........ 
  0x00, 0x00, 0x00, 0x00, 0x00, 0x00, 0x00, 0x00,  //........ 
  0x00, 0x00, 0x00, 0x00, 0x00, 0x00, 0x00, 0x00,  //........ 
  0x5c, 0x66, 0x1c, 0x00, 0x00, 0x52, 0x66, 0x26,  //++...++. 
  0xe6, 0xff, 0x46, 0x00, 0x00, 0xce, 0xff, 0x62,  //@@+..@@+ 
  0xe6, 0xff, 0x46, 0x00, 0x00, 0xce, 0xff, 0x62,  //@@+..@@+ 
  0xe6, 0xff, 0x46, 0x00, 0x00, 0xce, 0xff, 0x62,  //@@+..@@+ 
  0xe6, 0xff, 0x46, 0x00, 0x00, 0xce, 0xff, 0x62,  //@@+..@@+ 
  0xe6, 0xff, 0x48, 0x00, 0x00, 0xce, 0xff, 0x62,  //@@+..@@+ 
  0xd4, 0xff, 0x68, 0x00, 0x1e, 0xec, 0xff, 0x62,  //@@+..@@+ 
  0xa0, 0xff, 0xf2, 0xbc, 0xf0, 0xf4, 0xff, 0x62,  //%@@%@@@+ 
  0x24, 0xe0, 0xff, 0xfc, 0x92, 0x7e, 0xff, 0x62,  //.@@@%+@+ 
  0x00, 0x02, 0x26, 0x14, 0x00, 0x00, 0x00, 0x00,  //........ 
  0x00, 0x00, 0x00, 0x00, 0x00, 0x00, 0x00, 0x00,  //........ 
  0x00, 0x00, 0x00, 0x00, 0x00, 0x00, 0x00, 0x00,  //........ 
  0x00, 0x00, 0x00, 0x00, 0x00, 0x00, 0x00, 0x00,  //........ 
  0x00, 0x00, 0x00, 0x00, 0x00, 0x00, 0x00, 0x00,  //........ 


  /*Unicode: U+0076 (v) , Width: 9 */
  0x00, 0x00, 0x00, 0x00, 0x00, 0x00, 0x00, 0x00, 0x00,  //......... 
  0x00, 0x00, 0x00, 0x00, 0x00, 0x00, 0x00, 0x00, 0x00,  //......... 
  0x00, 0x00, 0x00, 0x00, 0x00, 0x00, 0x00, 0x00, 0x00,  //......... 
  0x00, 0x00, 0x00, 0x00, 0x00, 0x00, 0x00, 0x00, 0x00,  //......... 
  0x00, 0x00, 0x00, 0x00, 0x00, 0x00, 0x00, 0x00, 0x00,  //......... 
  0x00, 0x00, 0x00, 0x00, 0x00, 0x00, 0x00, 0x00, 0x00,  //......... 
  0x00, 0x00, 0x00, 0x00, 0x00, 0x00, 0x00, 0x00, 0x00,  //......... 
  0x4a, 0x66, 0x32, 0x00, 0x00, 0x00, 0x4c, 0x66, 0x24,  //++....++. 
  0x7c, 0xff, 0xb0, 0x00, 0x00, 0x02, 0xee, 0xff, 0x20,  //+@%...@@. 
  0x24, 0xff, 0xf2, 0x06, 0x00, 0x3e, 0xff, 0xca, 0x00,  //.@@...@@. 
  0x00, 0xcc, 0xff, 0x44, 0x00, 0x8a, 0xff, 0x74, 0x00,  //.@@+.%@+. 
  0x00, 0x74, 0xff, 0x8c, 0x00, 0xd4, 0xff, 0x20, 0x00,  //.+@%.@@.. 
  0x00, 0x1e, 0xff, 0xd6, 0x1a, 0xff, 0xca, 0x00, 0x00,  //..@@.@@.. 
  0x00, 0x00, 0xc6, 0xff, 0x7a, 0xff, 0x74, 0x00, 0x00,  //..@@+@+.. 
  0x00, 0x00, 0x6e, 0xff, 0xf0, 0xff, 0x1e, 0x00, 0x00,  //..+@@@... 
  0x00, 0x00, 0x18, 0xfc, 0xff, 0xc8, 0x00, 0x00, 0x00,  //...@@@... 
  0x00, 0x00, 0x00, 0x00, 0x00, 0x00, 0x00, 0x00, 0x00,  //......... 
  0x00, 0x00, 0x00, 0x00, 0x00, 0x00, 0x00, 0x00, 0x00,  //......... 
  0x00, 0x00, 0x00, 0x00, 0x00, 0x00, 0x00, 0x00, 0x00,  //......... 
  0x00, 0x00, 0x00, 0x00, 0x00, 0x00, 0x00, 0x00, 0x00,  //......... 
  0x00, 0x00, 0x00, 0x00, 0x00, 0x00, 0x00, 0x00, 0x00,  //......... 


  /*Unicode: U+0077 (w) , Width: 13 */
  0x00, 0x00, 0x00, 0x00, 0x00, 0x00, 0x00, 0x00, 0x00, 0x00, 0x00, 0x00, 0x00,  //............. 
  0x00, 0x00, 0x00, 0x00, 0x00, 0x00, 0x00, 0x00, 0x00, 0x00, 0x00, 0x00, 0x00,  //............. 
  0x00, 0x00, 0x00, 0x00, 0x00, 0x00, 0x00, 0x00, 0x00, 0x00, 0x00, 0x00, 0x00,  //............. 
  0x00, 0x00, 0x00, 0x00, 0x00, 0x00, 0x00, 0x00, 0x00, 0x00, 0x00, 0x00, 0x00,  //............. 
  0x00, 0x00, 0x00, 0x00, 0x00, 0x00, 0x00, 0x00, 0x00, 0x00, 0x00, 0x00, 0x00,  //............. 
  0x00, 0x00, 0x00, 0x00, 0x00, 0x00, 0x00, 0x00, 0x00, 0x00, 0x00, 0x00, 0x00,  //............. 
  0x00, 0x00, 0x00, 0x00, 0x00, 0x00, 0x00, 0x00, 0x00, 0x00, 0x00, 0x00, 0x00,  //............. 
  0x34, 0x66, 0x42, 0x00, 0x00, 0x32, 0x66, 0x38, 0x00, 0x00, 0x3a, 0x66, 0x30,  //.++...+....+. 
  0x58, 0xff, 0xce, 0x00, 0x00, 0xac, 0xff, 0xb8, 0x00, 0x00, 0xb8, 0xff, 0x4c,  //+@@..%@%..%@+ 
  0x16, 0xff, 0xfa, 0x0c, 0x00, 0xea, 0xfa, 0xf4, 0x04, 0x00, 0xee, 0xfc, 0x10,  //.@@..@@@..@@. 
  0x00, 0xd4, 0xff, 0x42, 0x2a, 0xff, 0xb2, 0xff, 0x3a, 0x26, 0xff, 0xce, 0x00,  //.@@+.@%@..@@. 
  0x00, 0x92, 0xff, 0x7c, 0x68, 0xff, 0x52, 0xff, 0x7a, 0x5e, 0xff, 0x8e, 0x00,  //.%@++@+@++@%. 
  0x00, 0x50, 0xff, 0xa8, 0xa2, 0xe8, 0x04, 0xf6, 0xb4, 0x8e, 0xff, 0x50, 0x00,  //.+@%%@.@%%@+. 
  0x00, 0x10, 0xfc, 0xd0, 0xda, 0xac, 0x00, 0xbe, 0xec, 0xba, 0xfc, 0x12, 0x00,  //..@@@%.%@%@.. 
  0x00, 0x00, 0xce, 0xfa, 0xfc, 0x70, 0x00, 0x80, 0xff, 0xf8, 0xd0, 0x00, 0x00,  //..@@@+.%@@@.. 
  0x00, 0x00, 0x8c, 0xff, 0xff, 0x34, 0x00, 0x42, 0xff, 0xff, 0x92, 0x00, 0x00,  //..%@@..+@@%.. 
  0x00, 0x00, 0x00, 0x00, 0x00, 0x00, 0x00, 0x00, 0x00, 0x00, 0x00, 0x00, 0x00,  //............. 
  0x00, 0x00, 0x00, 0x00, 0x00, 0x00, 0x00, 0x00, 0x00, 0x00, 0x00, 0x00, 0x00,  //............. 
  0x00, 0x00, 0x00, 0x00, 0x00, 0x00, 0x00, 0x00, 0x00, 0x00, 0x00, 0x00, 0x00,  //............. 
  0x00, 0x00, 0x00, 0x00, 0x00, 0x00, 0x00, 0x00, 0x00, 0x00, 0x00, 0x00, 0x00,  //............. 
  0x00, 0x00, 0x00, 0x00, 0x00, 0x00, 0x00, 0x00, 0x00, 0x00, 0x00, 0x00, 0x00,  //............. 


  /*Unicode: U+0078 (x) , Width: 9 */
  0x00, 0x00, 0x00, 0x00, 0x00, 0x00, 0x00, 0x00, 0x00,  //......... 
  0x00, 0x00, 0x00, 0x00, 0x00, 0x00, 0x00, 0x00, 0x00,  //......... 
  0x00, 0x00, 0x00, 0x00, 0x00, 0x00, 0x00, 0x00, 0x00,  //......... 
  0x00, 0x00, 0x00, 0x00, 0x00, 0x00, 0x00, 0x00, 0x00,  //......... 
  0x00, 0x00, 0x00, 0x00, 0x00, 0x00, 0x00, 0x00, 0x00,  //......... 
  0x00, 0x00, 0x00, 0x00, 0x00, 0x00, 0x00, 0x00, 0x00,  //......... 
  0x00, 0x00, 0x00, 0x00, 0x00, 0x00, 0x00, 0x00, 0x00,  //......... 
  0x2e, 0x66, 0x5a, 0x00, 0x00, 0x22, 0x66, 0x5c, 0x00,  //.++...++. 
  0x18, 0xf0, 0xff, 0x48, 0x00, 0xaa, 0xff, 0x80, 0x00,  //.@@+.%@%. 
  0x00, 0x6e, 0xff, 0xd0, 0x22, 0xfc, 0xe2, 0x08, 0x00,  //.+@@.@@.. 
  0x00, 0x02, 0xd0, 0xff, 0xd4, 0xff, 0x58, 0x00, 0x00,  //..@@@@+.. 
  0x00, 0x00, 0x4c, 0xff, 0xff, 0xc6, 0x00, 0x00, 0x00,  //..+@@@... 
  0x00, 0x00, 0xa8, 0xff, 0xff, 0xe4, 0x0e, 0x00, 0x00,  //..%@@@... 
  0x00, 0x42, 0xff, 0xc0, 0xa2, 0xff, 0x96, 0x00, 0x00,  //.+@@%@%.. 
  0x04, 0xd6, 0xff, 0x44, 0x1c, 0xf4, 0xfc, 0x3a, 0x00,  //.@@+.@@.. 
  0x76, 0xff, 0xc6, 0x00, 0x00, 0x7a, 0xff, 0xd6, 0x06,  //+@@..+@@. 
  0x00, 0x00, 0x00, 0x00, 0x00, 0x00, 0x00, 0x00, 0x00,  //......... 
  0x00, 0x00, 0x00, 0x00, 0x00, 0x00, 0x00, 0x00, 0x00,  //......... 
  0x00, 0x00, 0x00, 0x00, 0x00, 0x00, 0x00, 0x00, 0x00,  //......... 
  0x00, 0x00, 0x00, 0x00, 0x00, 0x00, 0x00, 0x00, 0x00,  //......... 
  0x00, 0x00, 0x00, 0x00, 0x00, 0x00, 0x00, 0x00, 0x00,  //......... 


  /*Unicode: U+0079 (y) , Width: 9 */
  0x00, 0x00, 0x00, 0x00, 0x00, 0x00, 0x00, 0x00, 0x00,  //......... 
  0x00, 0x00, 0x00, 0x00, 0x00, 0x00, 0x00, 0x00, 0x00,  //......... 
  0x00, 0x00, 0x00, 0x00, 0x00, 0x00, 0x00, 0x00, 0x00,  //......... 
  0x00, 0x00, 0x00, 0x00, 0x00, 0x00, 0x00, 0x00, 0x00,  //......... 
  0x00, 0x00, 0x00, 0x00, 0x00, 0x00, 0x00, 0x00, 0x00,  //......... 
  0x00, 0x00, 0x00, 0x00, 0x00, 0x00, 0x00, 0x00, 0x00,  //......... 
  0x00, 0x00, 0x00, 0x00, 0x00, 0x00, 0x00, 0x00, 0x00,  //......... 
  0x48, 0x66, 0x32, 0x00, 0x00, 0x00, 0x4e, 0x66, 0x22,  //++....++. 
  0x6e, 0xff, 0xbc, 0x00, 0x00, 0x04, 0xf0, 0xfc, 0x1c,  //+@%...@@. 
  0x10, 0xf6, 0xfc, 0x16, 0x00, 0x44, 0xff, 0xc2, 0x00,  //.@@..+@@. 
  0x00, 0xa2, 0xff, 0x6a, 0x00, 0x90, 0xff, 0x6a, 0x00,  //.%@+.%@+. 
  0x00, 0x3c, 0xff, 0xc0, 0x00, 0xda, 0xfa, 0x14, 0x00,  //..@@.@@.. 
  0x00, 0x00, 0xd6, 0xfc, 0x30, 0xff, 0xb8, 0x00, 0x00,  //..@@.@%.. 
  0x00, 0x00, 0x70, 0xff, 0xb8, 0xff, 0x60, 0x00, 0x00,  //..+@%@+.. 
  0x00, 0x00, 0x12, 0xf6, 0xff, 0xf8, 0x0e, 0x00, 0x00,  //...@@@... 
  0x00, 0x00, 0x00, 0xa6, 0xff, 0xb0, 0x00, 0x00, 0x00,  //...%@%... 
  0x00, 0x00, 0x00, 0xc6, 0xff, 0x52, 0x00, 0x00, 0x00,  //...@@+... 
  0x00, 0x5c, 0x9a, 0xff, 0xd4, 0x02, 0x00, 0x00, 0x00,  //.+%@@.... 
  0x12, 0xfc, 0xff, 0xe6, 0x2e, 0x00, 0x00, 0x00, 0x00,  //.@@@..... 
  0x0a, 0x50, 0x4a, 0x0a, 0x00, 0x00, 0x00, 0x00, 0x00,  //.++...... 
  0x00, 0x00, 0x00, 0x00, 0x00, 0x00, 0x00, 0x00, 0x00,  //......... 


  /*Unicode: U+007a (z) , Width: 8 */
  0x00, 0x00, 0x00, 0x00, 0x00, 0x00, 0x00, 0x00,  //........ 
  0x00, 0x00, 0x00, 0x00, 0x00, 0x00, 0x00, 0x00,  //........ 
  0x00, 0x00, 0x00, 0x00, 0x00, 0x00, 0x00, 0x00,  //........ 
  0x00, 0x00, 0x00, 0x00, 0x00, 0x00, 0x00, 0x00,  //........ 
  0x00, 0x00, 0x00, 0x00, 0x00, 0x00, 0x00, 0x00,  //........ 
  0x00, 0x00, 0x00, 0x00, 0x00, 0x00, 0x00, 0x00,  //........ 
  0x00, 0x00, 0x00, 0x00, 0x00, 0x00, 0x00, 0x00,  //........ 
  0x00, 0x62, 0x66, 0x66, 0x66, 0x66, 0x66, 0x0c,  //.++++++. 
  0x00, 0xf6, 0xff, 0xff, 0xff, 0xff, 0xff, 0x1a,  //.@@@@@@. 
  0x00, 0x54, 0x56, 0x58, 0xe4, 0xff, 0xa0, 0x00,  //.+++@@%. 
  0x00, 0x00, 0x00, 0x6a, 0xff, 0xe0, 0x0e, 0x00,  //...+@@.. 
  0x00, 0x00, 0x24, 0xf4, 0xfc, 0x42, 0x00, 0x00,  //...@@+.. 
  0x00, 0x02, 0xc6, 0xff, 0x90, 0x00, 0x00, 0x00,  //..@@%... 
  0x00, 0x7a, 0xff, 0xd6, 0x08, 0x00, 0x00, 0x00,  //.+@@.... 
  0x2c, 0xf8, 0xff, 0xd8, 0xba, 0xba, 0xba, 0x30,  //.@@@%%%. 
  0x62, 0xff, 0xff, 0xff, 0xff, 0xff, 0xff, 0x42,  //+@@@@@@+ 
  0x00, 0x00, 0x00, 0x00, 0x00, 0x00, 0x00, 0x00,  //........ 
  0x00, 0x00, 0x00, 0x00, 0x00, 0x00, 0x00, 0x00,  //........ 
  0x00, 0x00, 0x00, 0x00, 0x00, 0x00, 0x00, 0x00,  //........ 
  0x00, 0x00, 0x00, 0x00, 0x00, 0x00, 0x00, 0x00,  //........ 
  0x00, 0x00, 0x00, 0x00, 0x00, 0x00, 0x00, 0x00,  //........ 


  /*Unicode: U+007b ({) , Width: 5 */
  0x00, 0x00, 0x00, 0x00, 0x00,  //..... 
  0x00, 0x00, 0x00, 0x00, 0x00,  //..... 
  0x00, 0x00, 0x00, 0x00, 0x00,  //..... 
  0x00, 0x00, 0x00, 0x00, 0x0a,  //..... 
  0x00, 0x00, 0x88, 0xf8, 0xf2,  //..%@@ 
  0x00, 0x0e, 0xfc, 0xd0, 0x28,  //..@@. 
  0x00, 0x24, 0xff, 0xa0, 0x00,  //..@%. 
  0x00, 0x1c, 0xff, 0xa4, 0x00,  //..@%. 
  0x00, 0x0a, 0xff, 0xaa, 0x00,  //..@%. 
  0x00, 0x0c, 0xff, 0xa8, 0x00,  //..@%. 
  0x30, 0xbc, 0xff, 0x6a, 0x00,  //.%@+. 
  0x6a, 0xff, 0xdc, 0x1e, 0x00,  //+@@.. 
  0x00, 0x4e, 0xff, 0x96, 0x00,  //.+@%. 
  0x00, 0x04, 0xff, 0xac, 0x00,  //..@%. 
  0x00, 0x10, 0xff, 0xa8, 0x00,  //..@%. 
  0x00, 0x20, 0xff, 0xa2, 0x00,  //..@%. 
  0x00, 0x20, 0xff, 0xa8, 0x00,  //..@%. 
  0x00, 0x04, 0xec, 0xf4, 0x96,  //..@@% 
  0x00, 0x00, 0x2e, 0x7e, 0x8c,  //...+% 
  0x00, 0x00, 0x00, 0x00, 0x00,  //..... 
  0x00, 0x00, 0x00, 0x00, 0x00,  //..... 


  /*Unicode: U+007c (|) , Width: 2 */
  0x00, 0x00,  //.. 
  0x00, 0x00,  //.. 
  0x00, 0x00,  //.. 
  0x60, 0xb6,  //+% 
  0x7e, 0xee,  //+@ 
  0x7e, 0xee,  //+@ 
  0x7e, 0xee,  //+@ 
  0x7e, 0xee,  //+@ 
  0x7e, 0xee,  //+@ 
  0x7e, 0xee,  //+@ 
  0x7e, 0xee,  //+@ 
  0x7e, 0xee,  //+@ 
  0x7e, 0xee,  //+@ 
  0x7e, 0xee,  //+@ 
  0x7e, 0xee,  //+@ 
  0x7e, 0xee,  //+@ 
  0x7e, 0xee,  //+@ 
  0x7e, 0xee,  //+@ 
  0x7e, 0xee,  //+@ 
  0x7e, 0xee,  //+@ 
  0x20, 0x3e,  //.. 


  /*Unicode: U+007d (}) , Width: 6 */
  0x00, 0x00, 0x00, 0x00, 0x00, 0x00,  //...... 
  0x00, 0x00, 0x00, 0x00, 0x00, 0x00,  //...... 
  0x00, 0x00, 0x00, 0x00, 0x00, 0x00,  //...... 
  0x02, 0x08, 0x00, 0x00, 0x00, 0x00,  //...... 
  0x46, 0xff, 0xe8, 0x44, 0x00, 0x00,  //+@@+.. 
  0x08, 0x46, 0xff, 0xb8, 0x00, 0x00,  //.+@%.. 
  0x00, 0x00, 0xf6, 0xce, 0x00, 0x00,  //..@@.. 
  0x00, 0x00, 0xfc, 0xc4, 0x00, 0x00,  //..@@.. 
  0x00, 0x02, 0xff, 0xb2, 0x00, 0x00,  //..@%.. 
  0x00, 0x02, 0xfc, 0xb6, 0x00, 0x00,  //..@%.. 
  0x00, 0x00, 0xc0, 0xfc, 0x90, 0x0c,  //..@@%. 
  0x00, 0x00, 0x58, 0xf8, 0xfc, 0x1c,  //..+@@. 
  0x00, 0x00, 0xee, 0xe0, 0x16, 0x00,  //..@@.. 
  0x00, 0x04, 0xff, 0xae, 0x00, 0x00,  //..@%.. 
  0x00, 0x00, 0xff, 0xb8, 0x00, 0x00,  //..@%.. 
  0x00, 0x00, 0xf8, 0xca, 0x00, 0x00,  //..@@.. 
  0x00, 0x02, 0xfa, 0xc8, 0x00, 0x00,  //..@@.. 
  0x28, 0xb6, 0xff, 0x96, 0x00, 0x00,  //.%@%.. 
  0x28, 0x90, 0x70, 0x0c, 0x00, 0x00,  //.%+... 
  0x00, 0x00, 0x00, 0x00, 0x00, 0x00,  //...... 
  0x00, 0x00, 0x00, 0x00, 0x00, 0x00,  //...... 


  /*Unicode: U+007e (~) , Width: 9 */
  0x00, 0x00, 0x00, 0x00, 0x00, 0x00, 0x00, 0x00, 0x00,  //......... 
  0x00, 0x00, 0x00, 0x00, 0x00, 0x00, 0x00, 0x00, 0x00,  //......... 
  0x00, 0x00, 0x00, 0x00, 0x00, 0x00, 0x00, 0x00, 0x00,  //......... 
  0x00, 0x00, 0x00, 0x00, 0x00, 0x00, 0x00, 0x00, 0x00,  //......... 
  0x00, 0x00, 0x00, 0x00, 0x00, 0x00, 0x00, 0x00, 0x00,  //......... 
  0x00, 0x00, 0x00, 0x00, 0x00, 0x00, 0x00, 0x00, 0x00,  //......... 
  0x00, 0x00, 0x00, 0x00, 0x00, 0x00, 0x00, 0x00, 0x00,  //......... 
  0x00, 0x00, 0x00, 0x00, 0x00, 0x00, 0x00, 0x00, 0x00,  //......... 
  0x00, 0x00, 0x02, 0x00, 0x00, 0x00, 0x00, 0x00, 0x00,  //......... 
  0x00, 0x74, 0xf2, 0xee, 0x76, 0x02, 0x1a, 0x70, 0x00,  //.+@@+..+. 
  0x3a, 0xff, 0xb0, 0xb4, 0xff, 0xe0, 0xec, 0xec, 0x18,  //.@%%@@@@. 
  0x00, 0x40, 0x00, 0x00, 0x54, 0xc0, 0xb2, 0x2a, 0x00,  //.+..+@%.. 
  0x00, 0x00, 0x00, 0x00, 0x00, 0x00, 0x00, 0x00, 0x00,  //......... 
  0x00, 0x00, 0x00, 0x00, 0x00, 0x00, 0x00, 0x00, 0x00,  //......... 
  0x00, 0x00, 0x00, 0x00, 0x00, 0x00, 0x00, 0x00, 0x00,  //......... 
  0x00, 0x00, 0x00, 0x00, 0x00, 0x00, 0x00, 0x00, 0x00,  //......... 
  0x00, 0x00, 0x00, 0x00, 0x00, 0x00, 0x00, 0x00, 0x00,  //......... 
  0x00, 0x00, 0x00, 0x00, 0x00, 0x00, 0x00, 0x00, 0x00,  //......... 
  0x00, 0x00, 0x00, 0x00, 0x00, 0x00, 0x00, 0x00, 0x00,  //......... 
  0x00, 0x00, 0x00, 0x00, 0x00, 0x00, 0x00, 0x00, 0x00,  //......... 
  0x00, 0x00, 0x00, 0x00, 0x00, 0x00, 0x00, 0x00, 0x00,  //......... 


  /*Unicode: U+00b0 (°) , Width: 6 */
  0x00, 0x00, 0x00, 0x00, 0x00, 0x00,  //...... 
  0x00, 0x00, 0x00, 0x00, 0x00, 0x00,  //...... 
  0x00, 0x00, 0x00, 0x00, 0x00, 0x00,  //...... 
  0x00, 0x00, 0x00, 0x00, 0x00, 0x00,  //...... 
  0x00, 0x1e, 0x92, 0x96, 0x26, 0x00,  //..%%.. 
  0x0e, 0xe0, 0x9e, 0x92, 0xe8, 0x18,  //.@%%@. 
  0x4c, 0xe8, 0x00, 0x00, 0xd4, 0x5c,  //+@..@+ 
  0x2e, 0xf8, 0x32, 0x26, 0xf0, 0x3c,  //.@..@. 
  0x00, 0x6c, 0xf6, 0xf8, 0x7c, 0x00,  //.+@@+. 
  0x00, 0x00, 0x04, 0x06, 0x00, 0x00,  //...... 
  0x00, 0x00, 0x00, 0x00, 0x00, 0x00,  //...... 
  0x00, 0x00, 0x00, 0x00, 0x00, 0x00,  //...... 
  0x00, 0x00, 0x00, 0x00, 0x00, 0x00,  //...... 
  0x00, 0x00, 0x00, 0x00, 0x00, 0x00,  //...... 
  0x00, 0x00, 0x00, 0x00, 0x00, 0x00,  //...... 
  0x00, 0x00, 0x00, 0x00, 0x00, 0x00,  //...... 
  0x00, 0x00, 0x00, 0x00, 0x00, 0x00,  //...... 
  0x00, 0x00, 0x00, 0x00, 0x00, 0x00,  //...... 
  0x00, 0x00, 0x00, 0x00, 0x00, 0x00,  //...... 
  0x00, 0x00, 0x00, 0x00, 0x00, 0x00,  //...... 
  0x00, 0x00, 0x00, 0x00, 0x00, 0x00,  //...... 


  /*Unicode: U+00b7 (·) , Width: 3 */
  0x00, 0x00, 0x00,  //... 
  0x00, 0x00, 0x00,  //... 
  0x00, 0x00, 0x00,  //... 
  0x00, 0x00, 0x00,  //... 
  0x00, 0x00, 0x00,  //... 
  0x00, 0x00, 0x00,  //... 
  0x00, 0x00, 0x00,  //... 
  0x00, 0x00, 0x00,  //... 
  0x00, 0x00, 0x00,  //... 
  0x8c, 0xf4, 0x64,  //%@+ 
  0xe6, 0xff, 0xbe,  //@@% 
  0x68, 0xce, 0x48,  //+@+ 
  0x00, 0x00, 0x00,  //... 
  0x00, 0x00, 0x00,  //... 
  0x00, 0x00, 0x00,  //... 
  0x00, 0x00, 0x00,  //... 
  0x00, 0x00, 0x00,  //... 
  0x00, 0x00, 0x00,  //... 
  0x00, 0x00, 0x00,  //... 
  0x00, 0x00, 0x00,  //... 
  0x00, 0x00, 0x00,  //... 


  /*Unicode: U+00d7 (×) , Width: 11 */
  0x00, 0x00, 0x00, 0x00, 0x00, 0x00, 0x00, 0x00, 0x00, 0x00, 0x00,  //........... 
  0x00, 0x00, 0x00, 0x00, 0x00, 0x00, 0x00, 0x00, 0x00, 0x00, 0x00,  //........... 
  0x00, 0x00, 0x00, 0x00, 0x00, 0x00, 0x00, 0x00, 0x00, 0x00, 0x00,  //........... 
  0x00, 0x00, 0x00, 0x00, 0x00, 0x00, 0x00, 0x00, 0x00, 0x00, 0x00,  //........... 
  0x00, 0x00, 0x00, 0x00, 0x00, 0x00, 0x00, 0x00, 0x00, 0x00, 0x00,  //........... 
  0x00, 0x5c, 0x0a, 0x00, 0x00, 0x00, 0x00, 0x00, 0x08, 0x5e, 0x00,  //.+.......+. 
  0x2c, 0xfc, 0xbe, 0x0a, 0x00, 0x00, 0x00, 0x08, 0xb8, 0xfc, 0x32,  //.@%.....%@. 
  0x00, 0x5c, 0xfc, 0xbe, 0x0a, 0x00, 0x08, 0xb8, 0xfc, 0x64, 0x00,  //.+@%...%@+. 
  0x00, 0x00, 0x5c, 0xfc, 0xbe, 0x12, 0xb8, 0xfc, 0x64, 0x00, 0x00,  //..+@%.%@+.. 
  0x00, 0x00, 0x00, 0x5c, 0xfc, 0xf2, 0xfc, 0x64, 0x00, 0x00, 0x00,  //...+@@@+... 
  0x00, 0x00, 0x00, 0x08, 0xd0, 0xff, 0xd6, 0x0a, 0x00, 0x00, 0x00,  //....@@@.... 
  0x00, 0x00, 0x08, 0xb8, 0xfc, 0x9e, 0xfc, 0xbe, 0x0a, 0x00, 0x00,  //...%@%@%... 
  0x00, 0x08, 0xb8, 0xfc, 0x64, 0x00, 0x5c, 0xfc, 0xbe, 0x0a, 0x00,  //..%@+.+@%.. 
  0x08, 0xb8, 0xfc, 0x64, 0x00, 0x00, 0x00, 0x5c, 0xfc, 0xbe, 0x0a,  //.%@+...+@%. 
  0x22, 0xe6, 0x64, 0x00, 0x00, 0x00, 0x00, 0x00, 0x5c, 0xe8, 0x28,  //.@+.....+@. 
  0x00, 0x0c, 0x00, 0x00, 0x00, 0x00, 0x00, 0x00, 0x00, 0x0c, 0x00,  //........... 
  0x00, 0x00, 0x00, 0x00, 0x00, 0x00, 0x00, 0x00, 0x00, 0x00, 0x00,  //........... 
  0x00, 0x00, 0x00, 0x00, 0x00, 0x00, 0x00, 0x00, 0x00, 0x00, 0x00,  //........... 
  0x00, 0x00, 0x00, 0x00, 0x00, 0x00, 0x00, 0x00, 0x00, 0x00, 0x00,  //........... 
  0x00, 0x00, 0x00, 0x00, 0x00, 0x00, 0x00, 0x00, 0x00, 0x00, 0x00,  //........... 
  0x00, 0x00, 0x00, 0x00, 0x00, 0x00, 0x00, 0x00, 0x00, 0x00, 0x00,  //........... 


  /*Unicode: U+00e8 (è) , Width: 9 */
  0x00, 0x00, 0x00, 0x00, 0x00, 0x00, 0x00, 0x00, 0x00,  //......... 
  0x00, 0x00, 0x00, 0x00, 0x00, 0x00, 0x00, 0x00, 0x00,  //......... 
  0x00, 0x00, 0x5c, 0x50, 0x00, 0x00, 0x00, 0x00, 0x00,  //..++..... 
  0x00, 0x36, 0xfc, 0xf2, 0x2e, 0x00, 0x00, 0x00, 0x00,  //..@@..... 
  0x00, 0x00, 0x78, 0xff, 0xe2, 0x16, 0x00, 0x00, 0x00,  //..+@@.... 
  0x00, 0x00, 0x00, 0x5e, 0xf0, 0x3e, 0x00, 0x00, 0x00,  //...+@.... 
  0x00, 0x00, 0x00, 0x00, 0x10, 0x00, 0x00, 0x00, 0x00,  //......... 
  0x00, 0x00, 0x0a, 0x68, 0x92, 0x78, 0x1a, 0x00, 0x00,  //...+%+... 
  0x00, 0x1c, 0xdc, 0xff, 0xff, 0xff, 0xee, 0x2c, 0x00,  //..@@@@@.. 
  0x00, 0xb6, 0xff, 0x92, 0x26, 0x68, 0xff, 0xb6, 0x00,  //.%@%.+@%. 
  0x28, 0xff, 0xea, 0x10, 0x0e, 0x0e, 0xe0, 0xf8, 0x00,  //.@@...@@. 
  0x4e, 0xff, 0xff, 0xff, 0xff, 0xff, 0xff, 0xff, 0x0e,  //+@@@@@@@. 
  0x44, 0xff, 0xf0, 0x6e, 0x6e, 0x6e, 0x6e, 0x6e, 0x00,  //+@@+++++. 
  0x10, 0xf6, 0xff, 0x3e, 0x00, 0x00, 0x00, 0x00, 0x00,  //.@@...... 
  0x00, 0x86, 0xff, 0xf4, 0xa0, 0x8c, 0xd0, 0x52, 0x00,  //.%@@%%@+. 
  0x00, 0x02, 0x80, 0xf0, 0xff, 0xff, 0xde, 0x54, 0x00,  //..%@@@@+. 
  0x00, 0x00, 0x00, 0x06, 0x28, 0x18, 0x00, 0x00, 0x00,  //......... 
  0x00, 0x00, 0x00, 0x00, 0x00, 0x00, 0x00, 0x00, 0x00,  //......... 
  0x00, 0x00, 0x00, 0x00, 0x00, 0x00, 0x00, 0x00, 0x00,  //......... 
  0x00, 0x00, 0x00, 0x00, 0x00, 0x00, 0x00, 0x00, 0x00,  //......... 
  0x00, 0x00, 0x00, 0x00, 0x00, 0x00, 0x00, 0x00, 0x00,  //......... 


  /*Unicode: U+2103 (℃) , Width: 15 */
  0x00, 0x00, 0x00, 0x00, 0x00, 0x00, 0x00, 0x00, 0x00, 0x00, 0x00, 0x00, 0x00, 0x00, 0x00,  //............... 
  0x00, 0x00, 0x00, 0x00, 0x00, 0x00, 0x00, 0x00, 0x00, 0x00, 0x00, 0x00, 0x00, 0x00, 0x00,  //............... 
  0x00, 0x00, 0x00, 0x00, 0x00, 0x00, 0x00, 0x00, 0x00, 0x00, 0x00, 0x00, 0x00, 0x00, 0x00,  //............... 
  0x00, 0x00, 0x00, 0x00, 0x00, 0x00, 0x00, 0x00, 0x00, 0x00, 0x00, 0x00, 0x00, 0x00, 0x00,  //............... 
  0x00, 0x44, 0xa6, 0x90, 0x12, 0x00, 0x00, 0x00, 0x00, 0x0c, 0x42, 0x4e, 0x1e, 0x00, 0x00,  //.+%%......++... 
  0x3c, 0xf0, 0x7a, 0xae, 0xcc, 0x00, 0x00, 0x04, 0x8a, 0xf8, 0xff, 0xff, 0xfc, 0xa6, 0x0e,  //.@+%@...%@@@@%. 
  0x8a, 0xaa, 0x00, 0x10, 0xff, 0x22, 0x00, 0xaa, 0xff, 0xff, 0xbc, 0xa6, 0xe6, 0xee, 0x26,  //%%..@..%@@%%@@. 
  0x68, 0xda, 0x1e, 0x5c, 0xf4, 0x0a, 0x4e, 0xff, 0xfc, 0x50, 0x00, 0x00, 0x0e, 0x2e, 0x00,  //+@.+@.+@@+..... 
  0x02, 0x9e, 0xfc, 0xec, 0x4a, 0x00, 0xae, 0xff, 0xac, 0x00, 0x00, 0x00, 0x00, 0x00, 0x00,  //.%@@+.%@%...... 
  0x00, 0x00, 0x04, 0x00, 0x00, 0x00, 0xe2, 0xff, 0x66, 0x00, 0x00, 0x00, 0x00, 0x00, 0x00,  //......@@+...... 
  0x00, 0x00, 0x00, 0x00, 0x00, 0x00, 0xf0, 0xff, 0x54, 0x00, 0x00, 0x00, 0x00, 0x00, 0x00,  //......@@+...... 
  0x00, 0x00, 0x00, 0x00, 0x00, 0x00, 0xde, 0xff, 0x68, 0x00, 0x00, 0x00, 0x00, 0x00, 0x00,  //......@@+...... 
  0x00, 0x00, 0x00, 0x00, 0x00, 0x00, 0xae, 0xff, 0xb2, 0x00, 0x00, 0x00, 0x00, 0x00, 0x00,  //......%@%...... 
  0x00, 0x00, 0x00, 0x00, 0x00, 0x00, 0x4e, 0xff, 0xff, 0x60, 0x00, 0x00, 0x1e, 0x86, 0x00,  //......+@@+...%. 
  0x00, 0x00, 0x00, 0x00, 0x00, 0x00, 0x00, 0xa2, 0xff, 0xff, 0xd6, 0xc0, 0xf6, 0xff, 0x6a,  //.......%@@@@@@+ 
  0x00, 0x00, 0x00, 0x00, 0x00, 0x00, 0x00, 0x00, 0x74, 0xe6, 0xff, 0xff, 0xf4, 0x8c, 0x04,  //........+@@@@%. 
  0x00, 0x00, 0x00, 0x00, 0x00, 0x00, 0x00, 0x00, 0x00, 0x02, 0x1e, 0x28, 0x08, 0x00, 0x00,  //............... 
  0x00, 0x00, 0x00, 0x00, 0x00, 0x00, 0x00, 0x00, 0x00, 0x00, 0x00, 0x00, 0x00, 0x00, 0x00,  //............... 
  0x00, 0x00, 0x00, 0x00, 0x00, 0x00, 0x00, 0x00, 0x00, 0x00, 0x00, 0x00, 0x00, 0x00, 0x00,  //............... 
  0x00, 0x00, 0x00, 0x00, 0x00, 0x00, 0x00, 0x00, 0x00, 0x00, 0x00, 0x00, 0x00, 0x00, 0x00,  //............... 
  0x00, 0x00, 0x00, 0x00, 0x00, 0x00, 0x00, 0x00, 0x00, 0x00, 0x00, 0x00, 0x00, 0x00, 0x00,  //............... 


  /*Unicode: U+24b6 (Ⓐ) , Width: 67 */
  0x00, 0x00, 0x00, 0x00, 0x00, 0x00, 0x00, 0x00, 0x00, 0x00, 0x00, 0x00, 0x00, 0x00, 0x00, 0x00, 0x00, 0x00, 0x00, 0x00, 0x00, 0x00, 0x00, 0x00, 0x00, 0x00, 0x00, 0x00, 0x00, 0x00, 0x00, 0x00, 0x00, 0x00, 0x00, 0x00, 0x00, 0x00, 0x00, 0x00, 0x00, 0x00, 0x00, 0x00, 0x00, 0x00, 0x00, 0x00, 0x00, 0x00, 0x00, 0x00, 0x00, 0x00, 0x00, 0x00, 0x00, 0x00, 0x00, 0x00, 0x00, 0x00, 0x00, 0x00, 0x00, 0x00, 0x00,  //................................................................... 
  0x00, 0x00, 0x00, 0x00, 0x00, 0x00, 0x00, 0x00, 0x00, 0x00, 0x00, 0x00, 0x00, 0x00, 0x00, 0x00, 0x00, 0x00, 0x00, 0x00, 0x00, 0x00, 0x00, 0x00, 0x00, 0x00, 0x00, 0x00, 0x00, 0x00, 0x00, 0x00, 0x00, 0x00, 0x00, 0x00, 0x00, 0x00, 0x00, 0x00, 0x00, 0x00, 0x00, 0x00, 0x00, 0x00, 0x00, 0x00, 0x00, 0x00, 0x00, 0x00, 0x00, 0x00, 0x00, 0x00, 0x00, 0x00, 0x00, 0x00, 0x00, 0x00, 0x00, 0x00, 0x00, 0x00, 0x00,  //................................................................... 
  0x00, 0x00, 0x00, 0x00, 0x00, 0x0c, 0x22, 0x22, 0x10, 0x00, 0x00, 0x00, 0x00, 0x00, 0x00, 0x00, 0x00, 0x00, 0x00, 0x00, 0x00, 0x00, 0x00, 0x00, 0x00, 0x00, 0x00, 0x00, 0x00, 0x00, 0x00, 0x00, 0x0c, 0x22, 0x1c, 0x00, 0x00, 0x00, 0x00, 0x00, 0x00, 0x00, 0x00, 0x00, 0x00, 0x00, 0x00, 0x00, 0x00, 0x00, 0x00, 0x00, 0x00, 0x00, 0x00, 0x00, 0x00, 0x00, 0x00, 0x00, 0x00, 0x00, 0x00, 0x00, 0x08, 0x22, 0x20,  //................................................................... 
  0x00, 0x00, 0x00, 0x00, 0x00, 0x94, 0xff, 0xff, 0xb6, 0x00, 0x00, 0x00, 0x00, 0x00, 0x00, 0x00, 0x00, 0x00, 0x00, 0x00, 0x00, 0x00, 0x00, 0x00, 0x00, 0x00, 0x00, 0x00, 0x00, 0x00, 0x00, 0x00, 0x66, 0xff, 0xd2, 0x00, 0x00, 0x00, 0x00, 0x00, 0x00, 0x00, 0x00, 0x00, 0x00, 0x00, 0x00, 0x00, 0x00, 0x00, 0x00, 0x00, 0x00, 0x00, 0x44, 0x28, 0x00, 0x00, 0x00, 0x00, 0x00, 0x00, 0x00, 0x00, 0x4a, 0xff, 0xf2,  //.....%@@%.......................+@@...................+.........+@@ 
  0x00, 0x00, 0x00, 0x00, 0x04, 0xec, 0xff, 0xff, 0xfa, 0x18, 0x00, 0x00, 0x00, 0x00, 0x00, 0x00, 0x00, 0x00, 0x00, 0x00, 0x00, 0x00, 0x00, 0x00, 0x00, 0x00, 0x00, 0x00, 0x00, 0x00, 0x00, 0x00, 0x66, 0xff, 0xd2, 0x00, 0x00, 0x00, 0x00, 0x00, 0x00, 0x00, 0x00, 0x00, 0x00, 0x00, 0x00, 0x00, 0x00, 0x00, 0x00, 0x00, 0x00, 0x7c, 0xff, 0xf6, 0x1c, 0x00, 0x00, 0x00, 0x00, 0x00, 0x00, 0x00, 0x4a, 0xff, 0xf2,  //.....@@@@.......................+@@..................+@@........+@@ 
  0x00, 0x00, 0x00, 0x00, 0x50, 0xff, 0xe8, 0xd4, 0xff, 0x72, 0x00, 0x00, 0x00, 0x00, 0x00, 0x00, 0x00, 0x00, 0x00, 0x00, 0x00, 0x00, 0x00, 0x00, 0x00, 0x00, 0x00, 0x00, 0x00, 0x00, 0x00, 0x00, 0x66, 0xff, 0xd2, 0x00, 0x00, 0x00, 0x00, 0x00, 0x00, 0x00, 0x00, 0x00, 0x00, 0x00, 0x00, 0x00, 0x00, 0x00, 0x00, 0x00, 0x00, 0x8c, 0xff, 0xff, 0x30, 0x00, 0x00, 0x00, 0x00, 0x00, 0x00, 0x00, 0x4a, 0xff, 0xf2,  //....+@@@@+......................+@@..................%@@........+@@ 
  0x00, 0x00, 0x00, 0x00, 0xb0, 0xff, 0x96, 0x76, 0xff, 0xd0, 0x00, 0x00, 0x00, 0x00, 0x00, 0x00, 0x00, 0x00, 0x00, 0x00, 0x00, 0x00, 0x00, 0x00, 0x00, 0x00, 0x00, 0x00, 0x00, 0x00, 0x00, 0x00, 0x66, 0xff, 0xd2, 0x00, 0x00, 0x00, 0x00, 0x00, 0x00, 0x00, 0x00, 0x00, 0x00, 0x00, 0x00, 0x00, 0x00, 0x00, 0x00, 0x00, 0x00, 0x0c, 0x86, 0x60, 0x00, 0x00, 0x00, 0x00, 0x00, 0x00, 0x00, 0x00, 0x4a, 0xff, 0xf2,  //....%@%+@@......................+@@...................%+........+@@ 
  0x00, 0x00, 0x00, 0x14, 0xf8, 0xff, 0x3c, 0x1e, 0xfc, 0xff, 0x30, 0x00, 0x00, 0x00, 0x00, 0x00, 0x00, 0x00, 0x00, 0x00, 0x00, 0x00, 0x00, 0x00, 0x00, 0x00, 0x00, 0x00, 0x00, 0x00, 0x00, 0x00, 0x66, 0xff, 0xd2, 0x00, 0x00, 0x00, 0x00, 0x00, 0x00, 0x00, 0x00, 0x00, 0x00, 0x00, 0x00, 0x00, 0x00, 0x00, 0x00, 0x00, 0x00, 0x00, 0x00, 0x00, 0x00, 0x00, 0x00, 0x00, 0x00, 0x00, 0x00, 0x00, 0x4a, 0xff, 0xf2,  //....@@..@@......................+@@.............................+@@ 
  0x00, 0x00, 0x00, 0x6e, 0xff, 0xe2, 0x00, 0x00, 0xc2, 0xff, 0x8e, 0x00, 0x00, 0x00, 0x00, 0x00, 0x0e, 0x82, 0xd2, 0xea, 0xc8, 0x64, 0x00, 0x00, 0x00, 0x00, 0x00, 0x50, 0xba, 0xe6, 0xdc, 0x8a, 0x70, 0xff, 0xd2, 0x00, 0x00, 0x00, 0x62, 0xc2, 0xea, 0xea, 0x0e, 0x00, 0x1e, 0x90, 0xd6, 0xe8, 0xd0, 0x84, 0x12, 0x00, 0x00, 0x32, 0xa2, 0x96, 0x00, 0x00, 0x00, 0x44, 0xb8, 0xe8, 0xe0, 0x9a, 0x60, 0xff, 0xf2,  //...+@@..@@%......%@@@+.....+%@@%+@@...+@@@...%@@@%....%%...+%@@%+@@ 
  0x00, 0x00, 0x00, 0xcc, 0xff, 0x8a, 0x00, 0x00, 0x6a, 0xff, 0xe6, 0x02, 0x00, 0x00, 0x00, 0x12, 0xd4, 0xff, 0xff, 0xff, 0xff, 0xff, 0xa2, 0x00, 0x00, 0x00, 0xa2, 0xff, 0xff, 0xff, 0xff, 0xff, 0xf6, 0xff, 0xd2, 0x00, 0x00, 0xa6, 0xff, 0xff, 0xff, 0xff, 0x12, 0x3e, 0xf2, 0xff, 0xff, 0xff, 0xff, 0xff, 0xe6, 0x2e, 0x00, 0x4e, 0xff, 0xea, 0x00, 0x00, 0x7c, 0xff, 0xff, 0xff, 0xff, 0xff, 0xf8, 0xff, 0xf2,  //...@@%..+@@.....@@@@@@%...%@@@@@@@@..%@@@@..@@@@@@@..+@@..+@@@@@@@@ 
  0x00, 0x00, 0x2a, 0xff, 0xff, 0x32, 0x00, 0x00, 0x14, 0xfa, 0xff, 0x4a, 0x00, 0x00, 0x00, 0x9c, 0xff, 0xe6, 0x48, 0x20, 0x72, 0xfc, 0xff, 0x54, 0x00, 0x6a, 0xff, 0xff, 0x90, 0x28, 0x2c, 0xa2, 0xff, 0xff, 0xd2, 0x00, 0x58, 0xff, 0xff, 0x8e, 0x2c, 0x1c, 0x18, 0xec, 0xff, 0xd4, 0x48, 0x1e, 0x50, 0xe0, 0xff, 0xe0, 0x0a, 0x4e, 0xff, 0xea, 0x00, 0x48, 0xff, 0xff, 0xa4, 0x2e, 0x26, 0x8c, 0xff, 0xff, 0xf2,  //...@@....@@+...%@@+.+@@+.+@@%..%@@@.+@@%...@@@+.+@@@.+@@.+@@%..%@@@ 
  0x00, 0x00, 0x8a, 0xff, 0xd8, 0x00, 0x00, 0x00, 0x00, 0xb6, 0xff, 0xa8, 0x00, 0x00, 0x00, 0xf4, 0xff, 0x5c, 0x00, 0x00, 0x00, 0x9e, 0xff, 0xaa, 0x00, 0xe4, 0xff, 0x98, 0x00, 0x00, 0x00, 0x00, 0xb6, 0xff, 0xd2, 0x00, 0xae, 0xff, 0xae, 0x00, 0x00, 0x00, 0x80, 0xff, 0xea, 0x14, 0x00, 0x00, 0x00, 0x22, 0xf6, 0xff, 0x64, 0x4e, 0xff, 0xea, 0x00, 0xc6, 0xff, 0xb4, 0x00, 0x00, 0x00, 0x00, 0x9a, 0xff, 0xf2,  //..%@@....%@%...@@+...%@%.@@%....%@@.%@%...%@@.....@@++@@.@@%....%@@ 
  0x00, 0x02, 0xe4, 0xff, 0xe4, 0xb6, 0xb6, 0xb6, 0xb6, 0xda, 0xff, 0xf6, 0x0e, 0x00, 0x10, 0xff, 0xff, 0x2a, 0x00, 0x00, 0x00, 0x70, 0xff, 0xca, 0x24, 0xff, 0xff, 0x32, 0x00, 0x00, 0x00, 0x00, 0x56, 0xff, 0xd2, 0x00, 0xd4, 0xff, 0x6a, 0x00, 0x00, 0x00, 0xbc, 0xff, 0x98, 0x00, 0x00, 0x00, 0x00, 0x00, 0xae, 0xff, 0xa0, 0x4e, 0xff, 0xea, 0x04, 0xfc, 0xff, 0x4c, 0x00, 0x00, 0x00, 0x00, 0x38, 0xff, 0xf2,  //..@@@%%%%@@@...@@....+@@.@@.....+@@.@@+...%@%.....%@%+@@.@@+.....@@ 
  0x00, 0x46, 0xff, 0xff, 0xff, 0xff, 0xff, 0xff, 0xff, 0xff, 0xff, 0xff, 0x64, 0x00, 0x12, 0xff, 0xff, 0x26, 0x00, 0x00, 0x00, 0x6e, 0xff, 0xce, 0x2e, 0xff, 0xff, 0x20, 0x00, 0x00, 0x00, 0x00, 0x46, 0xff, 0xd2, 0x00, 0xe0, 0xff, 0x5c, 0x00, 0x00, 0x00, 0xc6, 0xff, 0x84, 0x00, 0x00, 0x00, 0x00, 0x00, 0x9e, 0xff, 0xa8, 0x4e, 0xff, 0xea, 0x0a, 0xff, 0xff, 0x36, 0x00, 0x00, 0x00, 0x00, 0x2c, 0xff, 0xf2,  //.+@@@@@@@@@@+..@@....+@@.@@.....+@@.@@+...@@%.....%@%+@@.@@......@@ 
  0x00, 0xa6, 0xff, 0xe0, 0x82, 0x82, 0x82, 0x82, 0x82, 0x82, 0xcc, 0xff, 0xc2, 0x00, 0x12, 0xff, 0xff, 0x26, 0x00, 0x00, 0x00, 0x6e, 0xff, 0xce, 0x0e, 0xfc, 0xff, 0x5c, 0x00, 0x00, 0x00, 0x00, 0x7a, 0xff, 0xd2, 0x00, 0xe2, 0xff, 0x5a, 0x00, 0x00, 0x00, 0xa4, 0xff, 0xbe, 0x00, 0x00, 0x00, 0x00, 0x00, 0xda, 0xff, 0x84, 0x4e, 0xff, 0xea, 0x00, 0xe4, 0xff, 0x70, 0x00, 0x00, 0x00, 0x00, 0x5e, 0xff, 0xf2,  //.%@@%%%%%%@@@..@@....+@@.@@+....+@@.@@+...%@%.....@@%+@@.@@+....+@@ 
  0x0e, 0xf6, 0xff, 0x76, 0x00, 0x00, 0x00, 0x00, 0x00, 0x00, 0x54, 0xff, 0xff, 0x22, 0x12, 0xff, 0xff, 0x26, 0x00, 0x00, 0x00, 0x6e, 0xff, 0xce, 0x00, 0xb0, 0xff, 0xe0, 0x20, 0x00, 0x00, 0x28, 0xee, 0xff, 0xd2, 0x00, 0xe2, 0xff, 0x5a, 0x00, 0x00, 0x00, 0x46, 0xff, 0xff, 0x6a, 0x00, 0x00, 0x00, 0x84, 0xff, 0xfc, 0x2a, 0x4e, 0xff, 0xea, 0x00, 0x88, 0xff, 0xec, 0x28, 0x00, 0x00, 0x18, 0xe0, 0xff, 0xf2,  //.@@+......+@@..@@....+@@.%@@....@@@.@@+...+@@+...%@@.+@@.%@@....@@@ 
  0x64, 0xff, 0xff, 0x1e, 0x00, 0x00, 0x00, 0x00, 0x00, 0x00, 0x04, 0xee, 0xff, 0x80, 0x12, 0xff, 0xff, 0x26, 0x00, 0x00, 0x00, 0x6e, 0xff, 0xce, 0x00, 0x24, 0xec, 0xff, 0xee, 0xa6, 0xa0, 0xf2, 0xff, 0xff, 0xd2, 0x00, 0xe2, 0xff, 0x5a, 0x00, 0x00, 0x00, 0x00, 0xa2, 0xff, 0xff, 0xbe, 0x92, 0xc8, 0xff, 0xff, 0x84, 0x00, 0x4e, 0xff, 0xea, 0x00, 0x12, 0xda, 0xff, 0xf2, 0xa4, 0x9c, 0xec, 0xff, 0xff, 0xf2,  //+@@........@@%.@@....+@@..@@@%%@@@@.@@+....%@@%%@@@%.+@@..@@@%%@@@@ 
  0xc2, 0xff, 0xc6, 0x00, 0x00, 0x00, 0x00, 0x00, 0x00, 0x00, 0x00, 0x9e, 0xff, 0xdc, 0x14, 0xff, 0xff, 0x26, 0x00, 0x00, 0x00, 0x6e, 0xff, 0xce, 0x00, 0x00, 0x30, 0xd6, 0xff, 0xff, 0xff, 0xf0, 0xae, 0xff, 0xd2, 0x00, 0xe2, 0xff, 0x5a, 0x00, 0x00, 0x00, 0x00, 0x04, 0x8c, 0xfa, 0xff, 0xff, 0xff, 0xf2, 0x78, 0x00, 0x00, 0x4e, 0xff, 0xea, 0x00, 0x00, 0x1c, 0xc4, 0xff, 0xff, 0xff, 0xf8, 0xaa, 0xff, 0xf2,  //@@@........%@@.@@....+@@...@@@@@%@@.@@+.....%@@@@@+..+@@...@@@@@%@@ 
  0x22, 0x22, 0x14, 0x00, 0x00, 0x00, 0x00, 0x00, 0x00, 0x00, 0x00, 0x0c, 0x22, 0x22, 0x04, 0x22, 0x22, 0x04, 0x00, 0x00, 0x00, 0x0e, 0x22, 0x1c, 0x00, 0x00, 0x00, 0x02, 0x46, 0x6e, 0x5e, 0x14, 0x0e, 0x26, 0x20, 0x00, 0x1e, 0x22, 0x0a, 0x00, 0x00, 0x00, 0x00, 0x00, 0x00, 0x1a, 0x5e, 0x6e, 0x52, 0x0e, 0x00, 0x00, 0x00, 0x0a, 0x22, 0x20, 0x00, 0x00, 0x00, 0x00, 0x3a, 0x6a, 0x64, 0x1c, 0x0a, 0x26, 0x24,  //............................+++...............+++............++.... 
  0x00, 0x00, 0x00, 0x00, 0x00, 0x00, 0x00, 0x00, 0x00, 0x00, 0x00, 0x00, 0x00, 0x00, 0x00, 0x00, 0x00, 0x00, 0x00, 0x00, 0x00, 0x00, 0x00, 0x00, 0x00, 0x00, 0x00, 0x00, 0x00, 0x00, 0x00, 0x00, 0x00, 0x00, 0x00, 0x00, 0x00, 0x00, 0x00, 0x00, 0x00, 0x00, 0x00, 0x00, 0x00, 0x00, 0x00, 0x00, 0x00, 0x00, 0x00, 0x00, 0x00, 0x00, 0x00, 0x00, 0x00, 0x00, 0x00, 0x00, 0x00, 0x00, 0x00, 0x00, 0x00, 0x00, 0x00,  //................................................................... 
  0x00, 0x00, 0x00, 0x00, 0x00, 0x00, 0x00, 0x00, 0x00, 0x00, 0x00, 0x00, 0x00, 0x00, 0x00, 0x00, 0x00, 0x00, 0x00, 0x00, 0x00, 0x00, 0x00, 0x00, 0x00, 0x00, 0x00, 0x00, 0x00, 0x00, 0x00, 0x00, 0x00, 0x00, 0x00, 0x00, 0x00, 0x00, 0x00, 0x00, 0x00, 0x00, 0x00, 0x00, 0x00, 0x00, 0x00, 0x00, 0x00, 0x00, 0x00, 0x00, 0x00, 0x00, 0x00, 0x00, 0x00, 0x00, 0x00, 0x00, 0x00, 0x00, 0x00, 0x00, 0x00, 0x00, 0x00,  //................................................................... 


  /*Unicode: U+24b7 (Ⓑ) , Width: 33 */
  0x00, 0x00, 0x00, 0x00, 0x00, 0x00, 0x00, 0x00, 0x00, 0x00, 0x00, 0x00, 0x00, 0x00, 0x00, 0x00, 0x00, 0x00, 0x00, 0x00, 0x00, 0x00, 0x00, 0x00, 0x00, 0x00, 0x00, 0x00, 0x00, 0x00, 0x00, 0x00, 0x00,  //................................. 
  0x00, 0x00, 0x00, 0x00, 0x00, 0x00, 0x00, 0x00, 0x00, 0x00, 0x00, 0x00, 0x00, 0x00, 0x00, 0x00, 0x00, 0x00, 0x00, 0x00, 0x00, 0x00, 0x00, 0x00, 0x00, 0x00, 0x00, 0x00, 0x00, 0x00, 0x00, 0x00, 0x00,  //................................. 
  0x00, 0x00, 0x00, 0x00, 0x00, 0x00, 0x00, 0x00, 0x00, 0x00, 0x00, 0x00, 0x00, 0x00, 0x00, 0x00, 0x00, 0x00, 0x00, 0x00, 0x00, 0x00, 0x00, 0x00, 0x00, 0x00, 0x00, 0x00, 0x00, 0x00, 0x00, 0x00, 0x00,  //................................. 
  0x00, 0x00, 0x00, 0x00, 0x00, 0x24, 0x3c, 0x3e, 0x3e, 0x3e, 0x3e, 0x3e, 0x3e, 0x3e, 0x3e, 0x3e, 0x3e, 0x3e, 0x3e, 0x3e, 0x3e, 0x3e, 0x3e, 0x3e, 0x3e, 0x3e, 0x30, 0x0c, 0x00, 0x00, 0x00, 0x00, 0x00,  //................................. 
  0x00, 0x00, 0x08, 0x7e, 0xe8, 0xff, 0xff, 0xff, 0xff, 0xff, 0xff, 0xff, 0xff, 0xff, 0xff, 0xff, 0xff, 0xff, 0xff, 0xff, 0xff, 0xff, 0xff, 0xff, 0xff, 0xff, 0xff, 0xf8, 0xb2, 0x2c, 0x00, 0x00, 0x00,  //...+@@@@@@@@@@@@@@@@@@@@@@@@%.... 
  0x00, 0x14, 0xca, 0xff, 0xff, 0xff, 0xff, 0xff, 0xff, 0xff, 0xff, 0xff, 0xff, 0xff, 0xff, 0xb4, 0x58, 0xff, 0xff, 0xff, 0xff, 0xff, 0xff, 0xff, 0xff, 0xff, 0xff, 0xff, 0xff, 0xf6, 0x54, 0x00, 0x00,  //..@@@@@@@@@@@@@%+@@@@@@@@@@@@@+.. 
  0x02, 0xc2, 0xff, 0xff, 0xff, 0xff, 0xff, 0xff, 0xff, 0xff, 0xff, 0xff, 0xd8, 0x58, 0xfc, 0x6a, 0x00, 0xf6, 0xaa, 0x86, 0xff, 0xff, 0xff, 0xff, 0xff, 0xff, 0xff, 0xff, 0xff, 0xff, 0xf8, 0x38, 0x00,  //.@@@@@@@@@@@@+@+.@%%@@@@@@@@@@@.. 
  0x5e, 0xff, 0xff, 0xff, 0xff, 0xff, 0xff, 0xff, 0xff, 0xff, 0xff, 0xec, 0x1a, 0x66, 0xff, 0x6a, 0x00, 0xf6, 0xc8, 0x0a, 0x92, 0xff, 0xff, 0xff, 0xff, 0xff, 0xff, 0xff, 0xff, 0xff, 0xff, 0xcc, 0x00,  //+@@@@@@@@@@@.+@+.@@.%@@@@@@@@@@@. 
  0xbe, 0xff, 0xff, 0xff, 0xff, 0xff, 0xff, 0xff, 0xff, 0xff, 0xff, 0x78, 0x2e, 0xfa, 0xff, 0x6a, 0x00, 0xf6, 0xff, 0x9a, 0x14, 0xf8, 0xff, 0xff, 0xff, 0xff, 0xff, 0xff, 0xff, 0xff, 0xff, 0xff, 0x2c,  //%@@@@@@@@@@+.@@+.@@%.@@@@@@@@@@@. 
  0xee, 0xff, 0xff, 0xff, 0xff, 0xff, 0xff, 0xff, 0xff, 0xff, 0xff, 0x30, 0x8e, 0xff, 0xff, 0x6a, 0x00, 0xf6, 0xff, 0xf8, 0x06, 0xc4, 0xff, 0xff, 0xff, 0xff, 0xff, 0xff, 0xff, 0xff, 0xff, 0xff, 0x5c,  //@@@@@@@@@@@.%@@+.@@@.@@@@@@@@@@@+ 
  0xf8, 0xff, 0xff, 0xff, 0xff, 0xff, 0xff, 0xff, 0xff, 0xff, 0xff, 0x22, 0xa8, 0xff, 0xff, 0xb0, 0x58, 0xff, 0xff, 0xff, 0x12, 0xae, 0xff, 0xff, 0xff, 0xff, 0xff, 0xff, 0xff, 0xff, 0xff, 0xff, 0x66,  //@@@@@@@@@@@.%@@%+@@@.%@@@@@@@@@@+ 
  0xdc, 0xff, 0xff, 0xff, 0xff, 0xff, 0xff, 0xff, 0xff, 0xff, 0xff, 0x42, 0x7e, 0xff, 0xff, 0xff, 0xff, 0xff, 0xff, 0xe6, 0x00, 0xd2, 0xff, 0xff, 0xff, 0xff, 0xff, 0xff, 0xff, 0xff, 0xff, 0xff, 0x4a,  //@@@@@@@@@@@++@@@@@@@.@@@@@@@@@@@+ 
  0x96, 0xff, 0xff, 0xff, 0xff, 0xff, 0xff, 0xff, 0xff, 0xff, 0xff, 0x98, 0x16, 0xea, 0xff, 0xff, 0xff, 0xff, 0xff, 0x6e, 0x30, 0xff, 0xff, 0xff, 0xff, 0xff, 0xff, 0xff, 0xff, 0xff, 0xff, 0xf6, 0x0c,  //%@@@@@@@@@@%.@@@@@@+.@@@@@@@@@@@. 
  0x22, 0xf8, 0xff, 0xff, 0xff, 0xff, 0xff, 0xff, 0xff, 0xff, 0xff, 0xfa, 0x3a, 0x34, 0xd2, 0xff, 0xff, 0xf8, 0x84, 0x06, 0xbe, 0xff, 0xff, 0xff, 0xff, 0xff, 0xff, 0xff, 0xff, 0xff, 0xff, 0x8c, 0x00,  //.@@@@@@@@@@@..@@@@%.%@@@@@@@@@@%. 
  0x00, 0x62, 0xff, 0xff, 0xff, 0xff, 0xff, 0xff, 0xff, 0xff, 0xff, 0xff, 0xee, 0x54, 0x00, 0x2c, 0x42, 0x12, 0x1e, 0xb6, 0xff, 0xff, 0xff, 0xff, 0xff, 0xff, 0xff, 0xff, 0xff, 0xff, 0xc8, 0x08, 0x00,  //.+@@@@@@@@@@@+..+..%@@@@@@@@@@@.. 
  0x00, 0x00, 0x5a, 0xf0, 0xff, 0xff, 0xff, 0xff, 0xff, 0xff, 0xff, 0xff, 0xff, 0xff, 0xd6, 0x94, 0x8e, 0xb6, 0xfa, 0xff, 0xff, 0xff, 0xff, 0xff, 0xff, 0xff, 0xff, 0xff, 0xff, 0xac, 0x0c, 0x00, 0x00,  //..+@@@@@@@@@@@@%%%@@@@@@@@@@@%... 
  0x00, 0x00, 0x00, 0x12, 0x72, 0xae, 0xc4, 0xc6, 0xc6, 0xc6, 0xc6, 0xc6, 0xc6, 0xc6, 0xc6, 0xc6, 0xc6, 0xc6, 0xc6, 0xc6, 0xc6, 0xc6, 0xc6, 0xc6, 0xc6, 0xc6, 0xb8, 0x90, 0x3a, 0x00, 0x00, 0x00, 0x00,  //....+%@@@@@@@@@@@@@@@@@@@@%%..... 
  0x00, 0x00, 0x00, 0x00, 0x00, 0x00, 0x00, 0x00, 0x00, 0x00, 0x00, 0x00, 0x00, 0x00, 0x00, 0x00, 0x00, 0x00, 0x00, 0x00, 0x00, 0x00, 0x00, 0x00, 0x00, 0x00, 0x00, 0x00, 0x00, 0x00, 0x00, 0x00, 0x00,  //................................. 
  0x00, 0x00, 0x00, 0x00, 0x00, 0x00, 0x00, 0x00, 0x00, 0x00, 0x00, 0x00, 0x00, 0x00, 0x00, 0x00, 0x00, 0x00, 0x00, 0x00, 0x00, 0x00, 0x00, 0x00, 0x00, 0x00, 0x00, 0x00, 0x00, 0x00, 0x00, 0x00, 0x00,  //................................. 
  0x00, 0x00, 0x00, 0x00, 0x00, 0x00, 0x00, 0x00, 0x00, 0x00, 0x00, 0x00, 0x00, 0x00, 0x00, 0x00, 0x00, 0x00, 0x00, 0x00, 0x00, 0x00, 0x00, 0x00, 0x00, 0x00, 0x00, 0x00, 0x00, 0x00, 0x00, 0x00, 0x00,  //................................. 
  0x00, 0x00, 0x00, 0x00, 0x00, 0x00, 0x00, 0x00, 0x00, 0x00, 0x00, 0x00, 0x00, 0x00, 0x00, 0x00, 0x00, 0x00, 0x00, 0x00, 0x00, 0x00, 0x00, 0x00, 0x00, 0x00, 0x00, 0x00, 0x00, 0x00, 0x00, 0x00, 0x00,  //................................. 


  /*Unicode: U+24b9 (Ⓓ) , Width: 102 */
  0x00, 0x00, 0x00, 0x00, 0x00, 0x00, 0x00, 0x00, 0x00, 0x00, 0x00, 0x00, 0x00, 0x00, 0x00, 0x00, 0x00, 0x00, 0x00, 0x00, 0x00, 0x00, 0x00, 0x00, 0x00, 0x00, 0x00, 0x00, 0x00, 0x00, 0x00, 0x00, 0x00, 0x00, 0x00, 0x00, 0x00, 0x00, 0x00, 0x00, 0x00, 0x00, 0x00, 0x00, 0x00, 0x00, 0x00, 0x00, 0x00, 0x00, 0x00, 0x00, 0x00, 0x00, 0x00, 0x00, 0x00, 0x00, 0x00, 0x00, 0x00, 0x00, 0x00, 0x00, 0x00, 0x00, 0x00, 0x00, 0x00, 0x00, 0x00, 0x00, 0x00, 0x00, 0x00, 0x00, 0x00, 0x00, 0x00, 0x00, 0x00, 0x00, 0x00, 0x00, 0x00, 0x00, 0x00, 0x00, 0x00, 0x00, 0x00, 0x00, 0x00, 0x00, 0x00, 0x00, 0x00, 0x00, 0x00, 0x00, 0x00, 0x00,  //...................................................................................................... 
  0x00, 0x00, 0x00, 0x00, 0x00, 0x00, 0x00, 0x00, 0x00, 0x00, 0x00, 0x00, 0x00, 0x00, 0x00, 0x00, 0x00, 0x00, 0x00, 0x00, 0x00, 0x00, 0x00, 0x00, 0x00, 0x00, 0x00, 0x00, 0x00, 0x00, 0x00, 0x00, 0x00, 0x00, 0x00, 0x00, 0x00, 0x00, 0x00, 0x00, 0x00, 0x00, 0x00, 0x00, 0x00, 0x00, 0x00, 0x00, 0x00, 0x00, 0x00, 0x00, 0x00, 0x00, 0x00, 0x00, 0x00, 0x00, 0x00, 0x00, 0x00, 0x00, 0x00, 0x00, 0x00, 0x00, 0x00, 0x00, 0x00, 0x00, 0x00, 0x00, 0x00, 0x00, 0x00, 0x00, 0x00, 0x00, 0x00, 0x00, 0x00, 0x00, 0x00, 0x00, 0x00, 0x00, 0x00, 0x00, 0x00, 0x00, 0x00, 0x00, 0x00, 0x00, 0x00, 0x00, 0x00, 0x00, 0x00, 0x00, 0x00, 0x00,  //...................................................................................................... 
  0x00, 0x00, 0x00, 0x00, 0x00, 0x00, 0x00, 0x00, 0x00, 0x00, 0x00, 0x00, 0x00, 0x00, 0x00, 0x00, 0x00, 0x00, 0x00, 0x00, 0x00, 0x00, 0x00, 0x00, 0x00, 0x00, 0x00, 0x00, 0x00, 0x00, 0x00, 0x00, 0x00, 0x00, 0x00, 0x00, 0x00, 0x00, 0x00, 0x00, 0x00, 0x00, 0x00, 0x00, 0x00, 0x00, 0x00, 0x00, 0x00, 0x00, 0x00, 0x00, 0x00, 0x00, 0x00, 0x00, 0x00, 0x00, 0x00, 0x00, 0x00, 0x00, 0x00, 0x00, 0x00, 0x1e, 0x3a, 0x06, 0x00, 0x00, 0x00, 0x00, 0x00, 0x00, 0x00, 0x00, 0x00, 0x06, 0x0e, 0x04, 0x00, 0x00, 0x00, 0x00, 0x00, 0x00, 0x00, 0x00, 0x00, 0x00, 0x00, 0x00, 0x00, 0x00, 0x00, 0x00, 0x00, 0x00, 0x00, 0x00, 0x00, 0x00,  //...................................................................................................... 
  0x00, 0x00, 0x00, 0x00, 0x00, 0x00, 0x00, 0x00, 0x00, 0x00, 0x00, 0x00, 0x00, 0x00, 0x00, 0x00, 0x00, 0x00, 0x00, 0x00, 0x00, 0x00, 0x00, 0x00, 0x00, 0x00, 0x00, 0x00, 0x00, 0x00, 0x00, 0x00, 0x00, 0x00, 0x00, 0x00, 0x00, 0x00, 0x00, 0x00, 0x00, 0x00, 0x00, 0x00, 0x00, 0x00, 0x00, 0x00, 0x00, 0x00, 0x00, 0x00, 0x00, 0x00, 0x00, 0x00, 0x00, 0x00, 0x00, 0x00, 0x00, 0x00, 0x00, 0x00, 0x00, 0x86, 0xff, 0x1e, 0x00, 0x00, 0x00, 0x00, 0x00, 0x00, 0x00, 0x00, 0x00, 0x1e, 0xc4, 0xd8, 0x28, 0x00, 0x00, 0x00, 0x00, 0x00, 0x00, 0x00, 0x00, 0x00, 0x00, 0x00, 0x00, 0x00, 0x00, 0x00, 0x00, 0x00, 0x00, 0x00, 0x00, 0x00,  //.................................................................%@...........@@...................... 
  0x00, 0x00, 0x00, 0x00, 0x00, 0x00, 0x00, 0x00, 0x00, 0x00, 0x0e, 0x92, 0x4e, 0x00, 0x00, 0x00, 0x00, 0x00, 0x00, 0x00, 0x00, 0x00, 0x00, 0x00, 0x00, 0x00, 0x00, 0x00, 0x00, 0x00, 0x00, 0x00, 0x00, 0x00, 0x00, 0x00, 0x00, 0x00, 0x00, 0x00, 0x00, 0x00, 0x00, 0x00, 0x00, 0x00, 0x00, 0x00, 0x00, 0x00, 0x00, 0x00, 0x00, 0x00, 0x00, 0x00, 0x00, 0x00, 0x00, 0x00, 0x00, 0x00, 0x00, 0x00, 0x00, 0x86, 0xff, 0x1e, 0x00, 0x00, 0x00, 0x00, 0x00, 0x00, 0x00, 0x00, 0x00, 0x00, 0x00, 0x6e, 0xd0, 0x26, 0x00, 0x00, 0x00, 0x00, 0x00, 0x00, 0x00, 0x00, 0x00, 0x00, 0x00, 0x00, 0x00, 0x00, 0x00, 0x00, 0x00, 0x00, 0x00, 0x00,  //...........%+....................................................%@............+@..................... 
  0x00, 0x00, 0x00, 0x00, 0x00, 0x00, 0x00, 0x00, 0x00, 0x00, 0x1a, 0xff, 0x8a, 0x00, 0x00, 0x00, 0x00, 0x00, 0x00, 0x00, 0x00, 0x00, 0x00, 0x00, 0x00, 0x00, 0x00, 0x00, 0x00, 0x00, 0x00, 0x00, 0x00, 0x00, 0x00, 0x00, 0x00, 0x00, 0x00, 0x00, 0x00, 0x00, 0x00, 0x00, 0x00, 0x00, 0x00, 0x00, 0x00, 0x00, 0x00, 0x00, 0x00, 0x00, 0x00, 0x00, 0x00, 0x00, 0x00, 0x00, 0x00, 0x00, 0x00, 0x00, 0x00, 0x86, 0xff, 0x1e, 0x00, 0x00, 0x00, 0x00, 0x00, 0x00, 0x00, 0x00, 0x00, 0x00, 0x00, 0x00, 0x00, 0x00, 0x00, 0x00, 0x00, 0x00, 0x00, 0x00, 0x00, 0x00, 0x00, 0x00, 0x00, 0x00, 0x00, 0x00, 0x00, 0x00, 0x00, 0x00, 0x00, 0x00,  //...........@%....................................................%@................................... 
  0x02, 0x5a, 0x9e, 0xbe, 0xb4, 0x86, 0x12, 0x00, 0x00, 0x72, 0xc8, 0xff, 0xe2, 0xc2, 0xc2, 0x02, 0x00, 0x42, 0xc2, 0x22, 0x76, 0xbe, 0xbc, 0x88, 0x22, 0x00, 0x54, 0xae, 0xc2, 0xae, 0x58, 0x00, 0x00, 0x00, 0x00, 0x00, 0x4a, 0xa8, 0xc2, 0xba, 0x8e, 0x1c, 0x00, 0x00, 0x00, 0x04, 0x72, 0xb4, 0xc2, 0xb4, 0x8c, 0x24, 0x00, 0x00, 0xac, 0x72, 0x2c, 0x9e, 0xc2, 0xbe, 0x92, 0x1a, 0x00, 0x00, 0x00, 0x86, 0xff, 0x2c, 0x7e, 0xbc, 0xbe, 0x98, 0x20, 0x00, 0x00, 0x00, 0x00, 0x0a, 0x7c, 0xba, 0xc2, 0x96, 0x3c, 0x00, 0x00, 0x00, 0x00, 0xb0, 0x70, 0x30, 0xa0, 0x86, 0x00, 0x00, 0x0e, 0x82, 0xba, 0xc2, 0xb2, 0x64, 0x00, 0x00,  //.+%%%%...+@@@@@..+@.+%%%..+%@%+.....+%@%%.....+%@%%...%+.%@%%....%@.+%%%......+%@%.....%+.%%...%%@%+.. 
  0x80, 0xf8, 0xb4, 0x90, 0xaa, 0xf6, 0xe0, 0x08, 0x00, 0x54, 0x9a, 0xff, 0xcc, 0x8e, 0x8e, 0x00, 0x00, 0x56, 0xff, 0xe2, 0xe8, 0xa2, 0xac, 0xf8, 0xee, 0xa8, 0xfc, 0xba, 0x9e, 0xe2, 0xff, 0x5c, 0x00, 0x00, 0x00, 0x6a, 0xff, 0xea, 0xa4, 0x9c, 0xe8, 0xf0, 0x28, 0x00, 0x00, 0x92, 0xfc, 0xb0, 0x8e, 0x9e, 0xe4, 0x66, 0x00, 0x00, 0xe2, 0xdc, 0xf8, 0xc8, 0x96, 0xb2, 0xfa, 0xe6, 0x18, 0x00, 0x00, 0x86, 0xff, 0xe6, 0xde, 0xa0, 0xb4, 0xfc, 0xea, 0x10, 0x00, 0x00, 0x04, 0xc6, 0xfa, 0xb8, 0x92, 0xba, 0xff, 0x92, 0x00, 0x00, 0x00, 0xe6, 0xd6, 0xf8, 0xda, 0x80, 0x00, 0x08, 0xd2, 0xf4, 0xa0, 0x8e, 0xbc, 0xff, 0x88, 0x00,  //%@%%%@@..+%@@%%..+@@@%%@@%@%%@@+...+@@%%@@...%@%%%@+..@@@@%%@@...%@@@%%@@....@@%%%@%...@@@@%..@@%%%@%. 
  0x18, 0x1e, 0x00, 0x00, 0x00, 0x46, 0xff, 0x62, 0x00, 0x00, 0x1a, 0xff, 0x8a, 0x00, 0x00, 0x00, 0x00, 0x56, 0xff, 0xcc, 0x0c, 0x00, 0x00, 0x4a, 0xff, 0xf8, 0x38, 0x00, 0x00, 0x10, 0xe6, 0xca, 0x00, 0x00, 0x14, 0xf4, 0xb2, 0x0c, 0x00, 0x00, 0x14, 0xe4, 0xca, 0x00, 0x0a, 0xf6, 0x94, 0x00, 0x00, 0x00, 0x04, 0x06, 0x00, 0x00, 0xe2, 0xff, 0x80, 0x00, 0x00, 0x00, 0x40, 0xfc, 0x96, 0x00, 0x00, 0x86, 0xff, 0xaa, 0x04, 0x00, 0x00, 0x62, 0xff, 0x72, 0x00, 0x00, 0x64, 0xfa, 0x3e, 0x00, 0x00, 0x00, 0x72, 0xff, 0x4a, 0x00, 0x00, 0xe6, 0xff, 0x64, 0x00, 0x00, 0x00, 0x70, 0xfa, 0x38, 0x00, 0x00, 0x00, 0x8a, 0xfa, 0x1a,  //.....+@+...@%....+@@...+@@....@@...@%....@@..@%.......@@%...+@%..%@%...+@+..+@....+@+..@@+...+@....%@. 
  0x00, 0x00, 0x00, 0x12, 0x20, 0x30, 0xff, 0x88, 0x00, 0x00, 0x1a, 0xff, 0x8a, 0x00, 0x00, 0x00, 0x00, 0x56, 0xff, 0x64, 0x00, 0x00, 0x00, 0x00, 0xf6, 0xc2, 0x00, 0x00, 0x00, 0x00, 0x96, 0xfa, 0x00, 0x00, 0x6c, 0xff, 0x1c, 0x00, 0x00, 0x00, 0x00, 0x74, 0xff, 0x36, 0x02, 0xe2, 0xd6, 0x54, 0x0a, 0x00, 0x00, 0x00, 0x00, 0x00, 0xe2, 0xea, 0x04, 0x00, 0x00, 0x00, 0x00, 0xb4, 0xea, 0x00, 0x00, 0x86, 0xff, 0x34, 0x00, 0x00, 0x00, 0x02, 0xec, 0xa8, 0x00, 0x00, 0xbc, 0xc4, 0x00, 0x00, 0x00, 0x00, 0x08, 0xf6, 0x8a, 0x00, 0x00, 0xe6, 0xcc, 0x00, 0x00, 0x00, 0x00, 0xc4, 0xb2, 0x00, 0x00, 0x00, 0x00, 0x0e, 0xf6, 0x64,  //......@%...@%....+@+....@@....%@..+@.....+@..@@+......@@.....%@..%@.....@%..%@.....@%..@@....@%.....@+ 
  0x18, 0xa0, 0xec, 0xff, 0xff, 0xff, 0xff, 0x96, 0x00, 0x00, 0x1a, 0xff, 0x8a, 0x00, 0x00, 0x00, 0x00, 0x56, 0xff, 0x4e, 0x00, 0x00, 0x00, 0x00, 0xea, 0xb6, 0x00, 0x00, 0x00, 0x00, 0x7c, 0xff, 0x00, 0x00, 0xa4, 0xf6, 0x00, 0x00, 0x00, 0x00, 0x00, 0x42, 0xff, 0x5c, 0x00, 0x46, 0xd0, 0xfa, 0xf8, 0xc6, 0x8e, 0x14, 0x00, 0x00, 0xe2, 0xbe, 0x00, 0x00, 0x00, 0x00, 0x00, 0x7e, 0xff, 0x1c, 0x00, 0x86, 0xff, 0x1e, 0x00, 0x00, 0x00, 0x00, 0xcc, 0xb6, 0x00, 0x00, 0xea, 0xfc, 0xf6, 0xf6, 0xf6, 0xf6, 0xf6, 0xff, 0x9a, 0x00, 0x00, 0xe6, 0xba, 0x00, 0x00, 0x00, 0x00, 0xf0, 0xfa, 0xf6, 0xf6, 0xf6, 0xf6, 0xf6, 0xff, 0x90,  //.%@@@@@%...@%....+@+....@%....+@..%@.....+@+.+@@@@%...@%.....+@..%@.....@%..@@@@@@@@%..@%....@@@@@@@@% 
  0xc8, 0xe6, 0x32, 0x06, 0x02, 0x12, 0xff, 0x96, 0x00, 0x00, 0x1a, 0xff, 0x8a, 0x00, 0x00, 0x00, 0x00, 0x56, 0xff, 0x4e, 0x00, 0x00, 0x00, 0x00, 0xea, 0xb6, 0x00, 0x00, 0x00, 0x00, 0x7a, 0xff, 0x00, 0x00, 0x96, 0xff, 0x12, 0x00, 0x00, 0x00, 0x00, 0x52, 0xff, 0x4a, 0x00, 0x00, 0x00, 0x0c, 0x4e, 0xaa, 0xfc, 0xb6, 0x00, 0x00, 0xe2, 0xe8, 0x00, 0x00, 0x00, 0x00, 0x00, 0x98, 0xf4, 0x04, 0x00, 0x86, 0xff, 0x1e, 0x00, 0x00, 0x00, 0x00, 0xc2, 0xb6, 0x00, 0x00, 0xc4, 0xcc, 0x02, 0x02, 0x02, 0x02, 0x02, 0x02, 0x08, 0x00, 0x00, 0xe6, 0xba, 0x00, 0x00, 0x00, 0x00, 0xe4, 0xae, 0x02, 0x02, 0x02, 0x02, 0x02, 0x02, 0x00,  //@@....@%...@%....+@+....@%....+@..%@.....+@+....+%@%..@@.....%@..%@.....@%..@@.........@%....@%....... 
  0xf2, 0xac, 0x00, 0x00, 0x00, 0x30, 0xff, 0x96, 0x00, 0x00, 0x08, 0xff, 0x8c, 0x00, 0x00, 0x00, 0x00, 0x56, 0xff, 0x4e, 0x00, 0x00, 0x00, 0x00, 0xea, 0xb6, 0x00, 0x00, 0x00, 0x00, 0x7a, 0xff, 0x00, 0x00, 0x4a, 0xff, 0x7e, 0x00, 0x00, 0x00, 0x0a, 0xc4, 0xf2, 0x0e, 0x00, 0x0c, 0x00, 0x00, 0x00, 0x00, 0xa2, 0xec, 0x00, 0x00, 0xe2, 0xff, 0x56, 0x00, 0x00, 0x00, 0x20, 0xee, 0xa6, 0x00, 0x00, 0x86, 0xff, 0x1e, 0x00, 0x00, 0x00, 0x00, 0xc2, 0xb6, 0x00, 0x00, 0x70, 0xff, 0x44, 0x00, 0x00, 0x00, 0x02, 0x22, 0x00, 0x00, 0x00, 0xe6, 0xba, 0x00, 0x00, 0x00, 0x00, 0x86, 0xf6, 0x36, 0x00, 0x00, 0x00, 0x04, 0x1c, 0x00,  //@%....@%...@%....+@+....@%....+@..+@+....@@.......%@..@@+....@%..%@.....@%..+@+........@%....%@....... 
  0xb2, 0xfa, 0x70, 0x38, 0x64, 0xdc, 0xff, 0x96, 0x00, 0x00, 0x00, 0xce, 0xea, 0x68, 0x66, 0x22, 0x00, 0x56, 0xff, 0x4e, 0x00, 0x00, 0x00, 0x00, 0xea, 0xb6, 0x00, 0x00, 0x00, 0x00, 0x7a, 0xff, 0x00, 0x00, 0x00, 0x9e, 0xff, 0xb0, 0x6e, 0x74, 0xdc, 0xfa, 0x5c, 0x00, 0x18, 0xf4, 0xb2, 0x74, 0x5a, 0x7a, 0xf2, 0x9e, 0x00, 0x00, 0xe2, 0xf0, 0xf4, 0x8e, 0x62, 0x92, 0xf2, 0xf2, 0x26, 0x00, 0x00, 0x86, 0xff, 0x1e, 0x00, 0x00, 0x00, 0x00, 0xc2, 0xb6, 0x00, 0x00, 0x0a, 0xd6, 0xf6, 0x94, 0x62, 0x76, 0xd0, 0xd8, 0x02, 0x00, 0x00, 0xe6, 0xba, 0x00, 0x00, 0x00, 0x00, 0x0a, 0xce, 0xf4, 0x98, 0x64, 0x74, 0xd8, 0xd4, 0x00,  //%@+.+@@%...@@++..+@+....@%....+@...%@%++@@+..@%+++@%..@@@%+%@@...%@.....@%...@@%++@@...@%.....@@%++@@. 
  0x12, 0x9a, 0xe2, 0xec, 0xc4, 0x46, 0xda, 0x8a, 0x00, 0x00, 0x00, 0x30, 0xc8, 0xf2, 0xda, 0x46, 0x00, 0x54, 0xf6, 0x44, 0x00, 0x00, 0x00, 0x00, 0xe2, 0xaa, 0x00, 0x00, 0x00, 0x00, 0x76, 0xf6, 0x00, 0x00, 0x00, 0x00, 0x54, 0xb6, 0xea, 0xde, 0x9e, 0x30, 0x00, 0x00, 0x04, 0x72, 0xc8, 0xec, 0xf4, 0xde, 0x92, 0x0a, 0x00, 0x00, 0xe2, 0xbe, 0x42, 0xc8, 0xf4, 0xf0, 0xbc, 0x32, 0x00, 0x00, 0x00, 0x82, 0xf6, 0x1e, 0x00, 0x00, 0x00, 0x00, 0xbc, 0xb0, 0x00, 0x00, 0x00, 0x16, 0x9e, 0xe6, 0xf6, 0xe6, 0xa6, 0x2a, 0x00, 0x00, 0x00, 0xde, 0xae, 0x00, 0x00, 0x00, 0x00, 0x00, 0x0c, 0x86, 0xd6, 0xf2, 0xe4, 0xa4, 0x26, 0x00,  //.%@@@+@%....@@@+.+@+....@%....+@....+%@@%....+@@@@%...@%+@@@%....%@.....%%....%@@@%....@%......%@@@%.. 
  0x00, 0x00, 0x00, 0x00, 0x00, 0x00, 0x00, 0x00, 0x00, 0x00, 0x00, 0x00, 0x00, 0x00, 0x00, 0x00, 0x00, 0x00, 0x00, 0x00, 0x00, 0x00, 0x00, 0x00, 0x00, 0x00, 0x00, 0x00, 0x00, 0x00, 0x00, 0x00, 0x00, 0x00, 0x00, 0x00, 0x00, 0x00, 0x00, 0x00, 0x00, 0x00, 0x00, 0x00, 0x00, 0x00, 0x00, 0x00, 0x00, 0x00, 0x00, 0x00, 0x00, 0x00, 0xe2, 0xbe, 0x00, 0x00, 0x00, 0x00, 0x00, 0x00, 0x00, 0x00, 0x00, 0x00, 0x00, 0x00, 0x00, 0x00, 0x00, 0x00, 0x00, 0x00, 0x00, 0x00, 0x00, 0x00, 0x00, 0x00, 0x00, 0x00, 0x00, 0x00, 0x00, 0x00, 0x00, 0x00, 0x00, 0x00, 0x00, 0x00, 0x00, 0x00, 0x00, 0x00, 0x00, 0x00, 0x00, 0x00, 0x00, 0x00,  //......................................................@%.............................................. 
  0x00, 0x00, 0x00, 0x00, 0x00, 0x00, 0x00, 0x00, 0x00, 0x00, 0x00, 0x00, 0x00, 0x00, 0x00, 0x00, 0x00, 0x00, 0x00, 0x00, 0x00, 0x00, 0x00, 0x00, 0x00, 0x00, 0x00, 0x00, 0x00, 0x00, 0x00, 0x00, 0x00, 0x00, 0x00, 0x00, 0x00, 0x00, 0x00, 0x00, 0x00, 0x00, 0x00, 0x00, 0x00, 0x00, 0x00, 0x00, 0x00, 0x00, 0x00, 0x00, 0x00, 0x00, 0xe2, 0xbe, 0x00, 0x00, 0x00, 0x00, 0x00, 0x00, 0x00, 0x00, 0x00, 0x00, 0x00, 0x00, 0x00, 0x00, 0x00, 0x00, 0x00, 0x00, 0x00, 0x00, 0x00, 0x00, 0x00, 0x00, 0x00, 0x00, 0x00, 0x00, 0x00, 0x00, 0x00, 0x00, 0x00, 0x00, 0x00, 0x00, 0x00, 0x00, 0x00, 0x00, 0x00, 0x00, 0x00, 0x00, 0x00, 0x00,  //......................................................@%.............................................. 
  0x00, 0x00, 0x00, 0x00, 0x00, 0x00, 0x00, 0x00, 0x00, 0x00, 0x00, 0x00, 0x00, 0x00, 0x00, 0x00, 0x00, 0x00, 0x00, 0x00, 0x00, 0x00, 0x00, 0x00, 0x00, 0x00, 0x00, 0x00, 0x00, 0x00, 0x00, 0x00, 0x00, 0x00, 0x00, 0x00, 0x00, 0x00, 0x00, 0x00, 0x00, 0x00, 0x00, 0x00, 0x00, 0x00, 0x00, 0x00, 0x00, 0x00, 0x00, 0x00, 0x00, 0x00, 0xe2, 0xbe, 0x00, 0x00, 0x00, 0x00, 0x00, 0x00, 0x00, 0x00, 0x00, 0x00, 0x00, 0x00, 0x00, 0x00, 0x00, 0x00, 0x00, 0x00, 0x00, 0x00, 0x00, 0x00, 0x00, 0x00, 0x00, 0x00, 0x00, 0x00, 0x00, 0x00, 0x00, 0x00, 0x00, 0x00, 0x00, 0x00, 0x00, 0x00, 0x00, 0x00, 0x00, 0x00, 0x00, 0x00, 0x00, 0x00,  //......................................................@%.............................................. 
  0x00, 0x00, 0x00, 0x00, 0x00, 0x00, 0x00, 0x00, 0x00, 0x00, 0x00, 0x00, 0x00, 0x00, 0x00, 0x00, 0x00, 0x00, 0x00, 0x00, 0x00, 0x00, 0x00, 0x00, 0x00, 0x00, 0x00, 0x00, 0x00, 0x00, 0x00, 0x00, 0x00, 0x00, 0x00, 0x00, 0x00, 0x00, 0x00, 0x00, 0x00, 0x00, 0x00, 0x00, 0x00, 0x00, 0x00, 0x00, 0x00, 0x00, 0x00, 0x00, 0x00, 0x00, 0x14, 0x10, 0x00, 0x00, 0x00, 0x00, 0x00, 0x00, 0x00, 0x00, 0x00, 0x00, 0x00, 0x00, 0x00, 0x00, 0x00, 0x00, 0x00, 0x00, 0x00, 0x00, 0x00, 0x00, 0x00, 0x00, 0x00, 0x00, 0x00, 0x00, 0x00, 0x00, 0x00, 0x00, 0x00, 0x00, 0x00, 0x00, 0x00, 0x00, 0x00, 0x00, 0x00, 0x00, 0x00, 0x00, 0x00, 0x00,  //...................................................................................................... 
  0x00, 0x00, 0x00, 0x00, 0x00, 0x00, 0x00, 0x00, 0x00, 0x00, 0x00, 0x00, 0x00, 0x00, 0x00, 0x00, 0x00, 0x00, 0x00, 0x00, 0x00, 0x00, 0x00, 0x00, 0x00, 0x00, 0x00, 0x00, 0x00, 0x00, 0x00, 0x00, 0x00, 0x00, 0x00, 0x00, 0x00, 0x00, 0x00, 0x00, 0x00, 0x00, 0x00, 0x00, 0x00, 0x00, 0x00, 0x00, 0x00, 0x00, 0x00, 0x00, 0x00, 0x00, 0x00, 0x00, 0x00, 0x00, 0x00, 0x00, 0x00, 0x00, 0x00, 0x00, 0x00, 0x00, 0x00, 0x00, 0x00, 0x00, 0x00, 0x00, 0x00, 0x00, 0x00, 0x00, 0x00, 0x00, 0x00, 0x00, 0x00, 0x00, 0x00, 0x00, 0x00, 0x00, 0x00, 0x00, 0x00, 0x00, 0x00, 0x00, 0x00, 0x00, 0x00, 0x00, 0x00, 0x00, 0x00, 0x00, 0x00, 0x00,  //...................................................................................................... 
  0x00, 0x00, 0x00, 0x00, 0x00, 0x00, 0x00, 0x00, 0x00, 0x00, 0x00, 0x00, 0x00, 0x00, 0x00, 0x00, 0x00, 0x00, 0x00, 0x00, 0x00, 0x00, 0x00, 0x00, 0x00, 0x00, 0x00, 0x00, 0x00, 0x00, 0x00, 0x00, 0x00, 0x00, 0x00, 0x00, 0x00, 0x00, 0x00, 0x00, 0x00, 0x00, 0x00, 0x00, 0x00, 0x00, 0x00, 0x00, 0x00, 0x00, 0x00, 0x00, 0x00, 0x00, 0x00, 0x00, 0x00, 0x00, 0x00, 0x00, 0x00, 0x00, 0x00, 0x00, 0x00, 0x00, 0x00, 0x00, 0x00, 0x00, 0x00, 0x00, 0x00, 0x00, 0x00, 0x00, 0x00, 0x00, 0x00, 0x00, 0x00, 0x00, 0x00, 0x00, 0x00, 0x00, 0x00, 0x00, 0x00, 0x00, 0x00, 0x00, 0x00, 0x00, 0x00, 0x00, 0x00, 0x00, 0x00, 0x00, 0x00, 0x00,  //...................................................................................................... 


  /*Unicode: U+24bb (Ⓕ) , Width: 82 */
  0x00, 0x00, 0x00, 0x00, 0x00, 0x00, 0x00, 0x00, 0x00, 0x00, 0x00, 0x00, 0x00, 0x00, 0x00, 0x00, 0x00, 0x00, 0x00, 0x00, 0x00, 0x00, 0x00, 0x00, 0x00, 0x00, 0x00, 0x00, 0x00, 0x00, 0x00, 0x00, 0x00, 0x00, 0x00, 0x00, 0x00, 0x00, 0x00, 0x00, 0x00, 0x00, 0x00, 0x00, 0x00, 0x00, 0x00, 0x00, 0x00, 0x00, 0x00, 0x00, 0x00, 0x00, 0x00, 0x00, 0x00, 0x00, 0x00, 0x00, 0x00, 0x00, 0x00, 0x00, 0x00, 0x00, 0x00, 0x00, 0x00, 0x00, 0x00, 0x00, 0x00, 0x00, 0x00, 0x00, 0x00, 0x00, 0x00, 0x00, 0x00, 0x00,  //.................................................................................. 
  0x00, 0x00, 0x00, 0x00, 0x00, 0x00, 0x00, 0x00, 0x00, 0x00, 0x00, 0x00, 0x00, 0x00, 0x00, 0x00, 0x00, 0x00, 0x00, 0x00, 0x00, 0x00, 0x00, 0x00, 0x00, 0x00, 0x00, 0x00, 0x00, 0x00, 0x00, 0x00, 0x00, 0x00, 0x00, 0x00, 0x00, 0x00, 0x00, 0x00, 0x00, 0x00, 0x00, 0x00, 0x00, 0x00, 0x00, 0x00, 0x00, 0x00, 0x00, 0x00, 0x00, 0x00, 0x00, 0x00, 0x00, 0x00, 0x00, 0x00, 0x00, 0x00, 0x00, 0x00, 0x00, 0x00, 0x00, 0x00, 0x00, 0x00, 0x00, 0x00, 0x00, 0x00, 0x00, 0x00, 0x00, 0x00, 0x00, 0x00, 0x00, 0x00,  //.................................................................................. 
  0x00, 0x00, 0x00, 0x00, 0x00, 0x00, 0x00, 0x00, 0x00, 0x00, 0x00, 0x00, 0x00, 0x00, 0x00, 0x00, 0x00, 0x00, 0x00, 0x00, 0x00, 0x00, 0x00, 0x00, 0x00, 0x00, 0x00, 0x00, 0x00, 0x00, 0x00, 0x00, 0x00, 0x00, 0x00, 0x00, 0x00, 0x00, 0x00, 0x00, 0x00, 0x00, 0x00, 0x00, 0x00, 0x00, 0x00, 0x00, 0x00, 0x00, 0x00, 0x00, 0x00, 0x00, 0x00, 0x00, 0x00, 0x00, 0x00, 0x00, 0x00, 0x00, 0x00, 0x00, 0x00, 0x00, 0x00, 0x00, 0x00, 0x00, 0x00, 0x00, 0x00, 0x00, 0x00, 0x00, 0x00, 0x00, 0x00, 0x00, 0x00, 0x00,  //.................................................................................. 
  0x00, 0x00, 0x00, 0x00, 0x22, 0x38, 0x38, 0x26, 0x04, 0x00, 0x00, 0x00, 0x00, 0x08, 0x22, 0x22, 0x0c, 0x00, 0x00, 0x00, 0x00, 0x06, 0x16, 0x1c, 0x00, 0x00, 0x00, 0x00, 0x00, 0x1a, 0x22, 0x1a, 0x00, 0x00, 0x00, 0x16, 0x1a, 0x14, 0x02, 0x00, 0x00, 0x16, 0x22, 0x22, 0x22, 0x1e, 0x16, 0x12, 0x12, 0x12, 0x12, 0x12, 0x06, 0x00, 0x00, 0x00, 0x00, 0x00, 0x00, 0x3e, 0x72, 0x7e, 0x64, 0x2a, 0x00, 0x00, 0x00, 0x00, 0x00, 0x00, 0x1e, 0x22, 0x1c, 0x00, 0x00, 0x00, 0x00, 0x00, 0x00, 0x1e, 0x16, 0x0c,  //............................................................+++................... 
  0x00, 0x08, 0x7c, 0xde, 0xff, 0xff, 0xff, 0xff, 0xf6, 0xbe, 0x70, 0x00, 0x00, 0x52, 0xff, 0xff, 0x8a, 0x00, 0x00, 0x00, 0x00, 0x8e, 0xff, 0xff, 0x1e, 0x00, 0x00, 0x00, 0x06, 0xf0, 0xff, 0xe8, 0x00, 0x00, 0x00, 0xbe, 0xff, 0xff, 0x30, 0x00, 0x00, 0xa2, 0xff, 0xff, 0xff, 0xff, 0xff, 0xff, 0xff, 0xff, 0xff, 0xff, 0x6e, 0x00, 0x00, 0x00, 0x00, 0x46, 0xda, 0xff, 0xff, 0xff, 0xff, 0xff, 0xc2, 0x28, 0x00, 0x00, 0x00, 0x00, 0xde, 0xff, 0xda, 0x00, 0x00, 0x00, 0x00, 0x00, 0x0a, 0xff, 0xff, 0xa2,  //..+@@@@@@%+..+@@%....%@@.....@@@...%@@...%@@@@@@@@@@+....+@@@@@@@.....@@@......@@% 
  0x12, 0xd6, 0xff, 0xff, 0xff, 0xff, 0xff, 0xff, 0xff, 0xff, 0xb2, 0x00, 0x00, 0x0e, 0xf6, 0xff, 0xcc, 0x00, 0x00, 0x00, 0x00, 0xdc, 0xff, 0xff, 0x68, 0x00, 0x00, 0x00, 0x3e, 0xff, 0xff, 0xa0, 0x00, 0x00, 0x00, 0xbe, 0xff, 0xff, 0x36, 0x00, 0x00, 0xa2, 0xff, 0xff, 0xff, 0xff, 0xff, 0xff, 0xff, 0xff, 0xff, 0xff, 0x6e, 0x00, 0x00, 0x00, 0x62, 0xfc, 0xff, 0xff, 0xff, 0xff, 0xff, 0xff, 0xff, 0xf6, 0x46, 0x00, 0x00, 0x00, 0xde, 0xff, 0xda, 0x00, 0x00, 0x00, 0x00, 0x00, 0x0a, 0xff, 0xff, 0xa8,  //.@@@@@@@@@%...@@@....@@@+....@@%...%@@...%@@@@@@@@@@+...+@@@@@@@@@+...@@@......@@% 
  0x9a, 0xff, 0xff, 0xa8, 0x44, 0x2c, 0x30, 0x4c, 0x82, 0xc4, 0x3e, 0x00, 0x00, 0x00, 0xbe, 0xff, 0xfc, 0x16, 0x00, 0x00, 0x2e, 0xff, 0xff, 0xff, 0xb6, 0x00, 0x00, 0x00, 0x7c, 0xff, 0xff, 0x56, 0x00, 0x00, 0x00, 0xbe, 0xff, 0xff, 0x3a, 0x00, 0x00, 0x7a, 0xc2, 0xc2, 0xc2, 0xe0, 0xff, 0xff, 0xd4, 0xb2, 0xb2, 0xae, 0x48, 0x00, 0x00, 0x42, 0xfc, 0xff, 0xff, 0xe6, 0x92, 0x76, 0x98, 0xec, 0xff, 0xff, 0xea, 0x0c, 0x00, 0x00, 0xde, 0xff, 0xda, 0x00, 0x00, 0x00, 0x00, 0x00, 0x0a, 0xff, 0xff, 0xac,  //%@@%+..+%@....%@@....@@@%...+@@+...%@@...+@@@@@@@%%%+..+@@@@%+%@@@@...@@@......@@% 
  0xd6, 0xff, 0xfc, 0x0c, 0x00, 0x00, 0x00, 0x00, 0x00, 0x00, 0x00, 0x00, 0x00, 0x00, 0x7a, 0xff, 0xff, 0x56, 0x00, 0x00, 0x74, 0xff, 0xff, 0xff, 0xf6, 0x08, 0x00, 0x00, 0xc4, 0xff, 0xfa, 0x12, 0x00, 0x00, 0x00, 0xbe, 0xff, 0xff, 0x3c, 0x00, 0x00, 0x00, 0x00, 0x00, 0x00, 0x82, 0xff, 0xff, 0x5e, 0x00, 0x00, 0x00, 0x00, 0x00, 0x02, 0xde, 0xff, 0xff, 0xb4, 0x0c, 0x00, 0x00, 0x00, 0x12, 0xba, 0xe4, 0x32, 0x00, 0x00, 0x00, 0xde, 0xff, 0xda, 0x00, 0x00, 0x00, 0x00, 0x00, 0x0a, 0xff, 0xff, 0xae,  //@@@...........+@@+..+@@@@...@@@....%@@.......%@@+......@@@%.....%@....@@@......@@% 
  0xbe, 0xff, 0xff, 0xc6, 0x54, 0x14, 0x00, 0x00, 0x00, 0x00, 0x00, 0x00, 0x00, 0x00, 0x30, 0xff, 0xff, 0x98, 0x00, 0x00, 0xbe, 0xff, 0xf2, 0xff, 0xff, 0x50, 0x00, 0x0e, 0xfa, 0xff, 0xc2, 0x00, 0x00, 0x00, 0x00, 0xbe, 0xff, 0xff, 0x3e, 0x00, 0x00, 0x00, 0x00, 0x00, 0x00, 0x82, 0xff, 0xff, 0x5e, 0x00, 0x00, 0x00, 0x00, 0x00, 0x48, 0xff, 0xff, 0xdc, 0x08, 0x00, 0x00, 0x00, 0x00, 0x00, 0x08, 0x18, 0x00, 0x00, 0x00, 0x00, 0xde, 0xff, 0xda, 0x00, 0x00, 0x00, 0x00, 0x00, 0x0a, 0xff, 0xff, 0xae,  //%@@@+..........@@%..%@@@@+..@@@....%@@.......%@@+.....+@@@............@@@......@@% 
  0x40, 0xf6, 0xff, 0xff, 0xff, 0xff, 0xe8, 0xac, 0x68, 0x14, 0x00, 0x00, 0x00, 0x00, 0x00, 0xe6, 0xff, 0xe0, 0x00, 0x0e, 0xfa, 0xff, 0x86, 0xe8, 0xff, 0x92, 0x00, 0x52, 0xff, 0xff, 0x78, 0x00, 0x00, 0x00, 0x00, 0xbe, 0xff, 0xff, 0x3e, 0x00, 0x00, 0x00, 0x00, 0x00, 0x00, 0x82, 0xff, 0xff, 0x5e, 0x00, 0x00, 0x00, 0x00, 0x00, 0x7a, 0xff, 0xff, 0x88, 0x00, 0x00, 0x00, 0x00, 0x00, 0x00, 0x00, 0x00, 0x00, 0x00, 0x00, 0x00, 0xde, 0xff, 0xff, 0xfa, 0xfa, 0xfa, 0xfa, 0xfa, 0xfa, 0xff, 0xff, 0xae,  //+@@@@@@%+......@@@..@@%@@%.+@@+....%@@.......%@@+.....+@@%............@@@@@@@@@@@% 
  0x00, 0x2e, 0xa8, 0xf4, 0xff, 0xff, 0xff, 0xff, 0xff, 0xf8, 0x90, 0x08, 0x00, 0x00, 0x00, 0xa2, 0xff, 0xff, 0x28, 0x54, 0xff, 0xff, 0x36, 0xa4, 0xff, 0xe2, 0x00, 0x98, 0xff, 0xff, 0x30, 0x00, 0x00, 0x00, 0x00, 0xbe, 0xff, 0xff, 0x3e, 0x00, 0x00, 0x00, 0x00, 0x00, 0x00, 0x82, 0xff, 0xff, 0x5e, 0x00, 0x00, 0x00, 0x00, 0x00, 0x8e, 0xff, 0xff, 0x7a, 0x00, 0x00, 0x00, 0x00, 0x00, 0x00, 0x00, 0x00, 0x00, 0x00, 0x00, 0x00, 0xde, 0xff, 0xff, 0xff, 0xff, 0xff, 0xff, 0xff, 0xff, 0xff, 0xff, 0xae,  //..%@@@@@@@%....%@@.+@@.%@@.%@@.....%@@.......%@@+.....%@@+............@@@@@@@@@@@% 
  0x00, 0x00, 0x00, 0x06, 0x40, 0x78, 0xa6, 0xde, 0xff, 0xff, 0xff, 0xa2, 0x00, 0x00, 0x00, 0x58, 0xff, 0xff, 0x70, 0x9e, 0xff, 0xe6, 0x00, 0x5c, 0xff, 0xff, 0x38, 0xd6, 0xff, 0xe8, 0x00, 0x00, 0x00, 0x00, 0x00, 0xbe, 0xff, 0xff, 0x3e, 0x00, 0x00, 0x00, 0x00, 0x00, 0x00, 0x82, 0xff, 0xff, 0x5e, 0x00, 0x00, 0x00, 0x00, 0x00, 0x6e, 0xff, 0xff, 0x90, 0x00, 0x00, 0x00, 0x00, 0x00, 0x00, 0x00, 0x00, 0x00, 0x00, 0x00, 0x00, 0xde, 0xff, 0xf6, 0xca, 0xca, 0xca, 0xca, 0xca, 0xcc, 0xff, 0xff, 0xb0,  //....++%@@@@%...+@@+%@@.+@@.@@@.....%@@.......%@@+.....+@@%............@@@@@@@@@@@% 
  0x00, 0x00, 0x00, 0x00, 0x00, 0x00, 0x00, 0x00, 0x40, 0xee, 0xff, 0xf0, 0x00, 0x00, 0x00, 0x14, 0xfc, 0xff, 0xb4, 0xe4, 0xff, 0xa0, 0x00, 0x16, 0xfc, 0xff, 0xa2, 0xff, 0xff, 0xa0, 0x00, 0x00, 0x00, 0x00, 0x00, 0xbe, 0xff, 0xff, 0x3e, 0x00, 0x00, 0x00, 0x00, 0x00, 0x00, 0x82, 0xff, 0xff, 0x5e, 0x00, 0x00, 0x00, 0x00, 0x00, 0x36, 0xff, 0xff, 0xea, 0x12, 0x00, 0x00, 0x00, 0x00, 0x00, 0x14, 0x32, 0x00, 0x00, 0x00, 0x00, 0xde, 0xff, 0xda, 0x00, 0x00, 0x00, 0x00, 0x00, 0x0a, 0xff, 0xff, 0xb2,  //........+@@@....@@%@@%..@@%@@%.....%@@.......%@@+......@@@............@@@......@@% 
  0x00, 0x20, 0x00, 0x00, 0x00, 0x00, 0x00, 0x00, 0x00, 0xc6, 0xff, 0xf6, 0x00, 0x00, 0x00, 0x00, 0xc6, 0xff, 0xfa, 0xff, 0xff, 0x56, 0x00, 0x00, 0xcc, 0xff, 0xff, 0xff, 0xff, 0x54, 0x00, 0x00, 0x00, 0x00, 0x00, 0xbe, 0xff, 0xff, 0x3e, 0x00, 0x00, 0x00, 0x00, 0x00, 0x00, 0x82, 0xff, 0xff, 0x5e, 0x00, 0x00, 0x00, 0x00, 0x00, 0x00, 0xce, 0xff, 0xff, 0xc4, 0x18, 0x00, 0x00, 0x00, 0x1e, 0xce, 0xf4, 0x4c, 0x00, 0x00, 0x00, 0xde, 0xff, 0xda, 0x00, 0x00, 0x00, 0x00, 0x00, 0x0a, 0xff, 0xff, 0xb4,  //.........@@@....@@@@@+..@@@@@+.....%@@.......%@@+......@@@@.....@@+...@@@......@@% 
  0x3e, 0xff, 0xc0, 0x6c, 0x3c, 0x32, 0x32, 0x46, 0xac, 0xff, 0xff, 0xc4, 0x00, 0x00, 0x00, 0x00, 0x82, 0xff, 0xff, 0xff, 0xfc, 0x14, 0x00, 0x00, 0x86, 0xff, 0xff, 0xff, 0xfa, 0x10, 0x00, 0x00, 0x00, 0x00, 0x00, 0xbe, 0xff, 0xff, 0x40, 0x00, 0x00, 0x00, 0x00, 0x00, 0x00, 0x82, 0xff, 0xff, 0x5e, 0x00, 0x00, 0x00, 0x00, 0x00, 0x00, 0x32, 0xfa, 0xff, 0xff, 0xf2, 0xa8, 0x92, 0xb0, 0xf6, 0xff, 0xff, 0xe4, 0x04, 0x00, 0x00, 0xde, 0xff, 0xda, 0x00, 0x00, 0x00, 0x00, 0x00, 0x0a, 0xff, 0xff, 0xb6,  //.@@+...+%@@@....%@@@@...%@@@@......%@@+......%@@+.......@@@@%%%@@@@...@@@......@@% 
  0xc6, 0xff, 0xff, 0xff, 0xff, 0xff, 0xff, 0xff, 0xff, 0xff, 0xf4, 0x3a, 0x00, 0x00, 0x00, 0x00, 0x34, 0xff, 0xff, 0xff, 0xca, 0x00, 0x00, 0x00, 0x3c, 0xff, 0xff, 0xff, 0xc6, 0x00, 0x00, 0x00, 0x00, 0x00, 0x00, 0xbe, 0xff, 0xff, 0x44, 0x00, 0x00, 0x00, 0x00, 0x00, 0x00, 0x82, 0xff, 0xff, 0x5e, 0x00, 0x00, 0x00, 0x00, 0x00, 0x00, 0x00, 0x50, 0xf8, 0xff, 0xff, 0xff, 0xff, 0xff, 0xff, 0xff, 0xec, 0x3a, 0x00, 0x00, 0x00, 0xde, 0xff, 0xda, 0x00, 0x00, 0x00, 0x00, 0x00, 0x0a, 0xff, 0xff, 0xb8,  //@@@@@@@@@@@......@@@@....@@@@......%@@+......%@@+.......+@@@@@@@@@....@@@......@@% 
  0x32, 0x94, 0xde, 0xff, 0xff, 0xff, 0xff, 0xff, 0xf4, 0xac, 0x2a, 0x00, 0x00, 0x00, 0x00, 0x00, 0x00, 0xd0, 0xee, 0xee, 0x76, 0x00, 0x00, 0x00, 0x02, 0xdc, 0xec, 0xee, 0x7a, 0x00, 0x00, 0x00, 0x00, 0x00, 0x00, 0xb0, 0xee, 0xee, 0x42, 0x00, 0x00, 0x00, 0x00, 0x00, 0x00, 0x7a, 0xee, 0xee, 0x58, 0x00, 0x00, 0x00, 0x00, 0x00, 0x00, 0x00, 0x00, 0x2c, 0xbc, 0xfc, 0xff, 0xff, 0xff, 0xf6, 0x9c, 0x18, 0x00, 0x00, 0x00, 0x00, 0xd0, 0xee, 0xcc, 0x00, 0x00, 0x00, 0x00, 0x00, 0x0a, 0xee, 0xee, 0xb0,  //.%@@@@@@@%.......@@@+....@@@+......%@@+......+@@+.........%@@@@@%.....@@@......@@% 
  0x00, 0x00, 0x00, 0x14, 0x34, 0x40, 0x40, 0x2c, 0x06, 0x00, 0x00, 0x00, 0x00, 0x00, 0x00, 0x00, 0x00, 0x00, 0x00, 0x00, 0x00, 0x00, 0x00, 0x00, 0x00, 0x00, 0x00, 0x00, 0x00, 0x00, 0x00, 0x00, 0x00, 0x00, 0x00, 0x00, 0x00, 0x00, 0x00, 0x00, 0x00, 0x00, 0x00, 0x00, 0x00, 0x00, 0x00, 0x00, 0x00, 0x00, 0x00, 0x00, 0x00, 0x00, 0x00, 0x00, 0x00, 0x00, 0x00, 0x1c, 0x48, 0x5a, 0x48, 0x10, 0x00, 0x00, 0x00, 0x00, 0x00, 0x00, 0x00, 0x00, 0x00, 0x00, 0x00, 0x00, 0x00, 0x00, 0x00, 0x00, 0x00, 0x00,  //.....++.....................................................+++................... 
  0x00, 0x00, 0x00, 0x00, 0x00, 0x00, 0x00, 0x00, 0x00, 0x00, 0x00, 0x00, 0x00, 0x00, 0x00, 0x00, 0x00, 0x00, 0x00, 0x00, 0x00, 0x00, 0x00, 0x00, 0x00, 0x00, 0x00, 0x00, 0x00, 0x00, 0x00, 0x00, 0x00, 0x00, 0x00, 0x00, 0x00, 0x00, 0x00, 0x00, 0x00, 0x00, 0x00, 0x00, 0x00, 0x00, 0x00, 0x00, 0x00, 0x00, 0x00, 0x00, 0x00, 0x00, 0x00, 0x00, 0x00, 0x00, 0x00, 0x00, 0x00, 0x00, 0x00, 0x00, 0x00, 0x00, 0x00, 0x00, 0x00, 0x00, 0x00, 0x00, 0x00, 0x00, 0x00, 0x00, 0x00, 0x00, 0x00, 0x00, 0x00, 0x00,  //.................................................................................. 
  0x00, 0x00, 0x00, 0x00, 0x00, 0x00, 0x00, 0x00, 0x00, 0x00, 0x00, 0x00, 0x00, 0x00, 0x00, 0x00, 0x00, 0x00, 0x00, 0x00, 0x00, 0x00, 0x00, 0x00, 0x00, 0x00, 0x00, 0x00, 0x00, 0x00, 0x00, 0x00, 0x00, 0x00, 0x00, 0x00, 0x00, 0x00, 0x00, 0x00, 0x00, 0x00, 0x00, 0x00, 0x00, 0x00, 0x00, 0x00, 0x00, 0x00, 0x00, 0x00, 0x00, 0x00, 0x00, 0x00, 0x00, 0x00, 0x00, 0x00, 0x00, 0x00, 0x00, 0x00, 0x00, 0x00, 0x00, 0x00, 0x00, 0x00, 0x00, 0x00, 0x00, 0x00, 0x00, 0x00, 0x00, 0x00, 0x00, 0x00, 0x00, 0x00,  //.................................................................................. 
  0x00, 0x00, 0x00, 0x00, 0x00, 0x00, 0x00, 0x00, 0x00, 0x00, 0x00, 0x00, 0x00, 0x00, 0x00, 0x00, 0x00, 0x00, 0x00, 0x00, 0x00, 0x00, 0x00, 0x00, 0x00, 0x00, 0x00, 0x00, 0x00, 0x00, 0x00, 0x00, 0x00, 0x00, 0x00, 0x00, 0x00, 0x00, 0x00, 0x00, 0x00, 0x00, 0x00, 0x00, 0x00, 0x00, 0x00, 0x00, 0x00, 0x00, 0x00, 0x00, 0x00, 0x00, 0x00, 0x00, 0x00, 0x00, 0x00, 0x00, 0x00, 0x00, 0x00, 0x00, 0x00, 0x00, 0x00, 0x00, 0x00, 0x00, 0x00, 0x00, 0x00, 0x00, 0x00, 0x00, 0x00, 0x00, 0x00, 0x00, 0x00, 0x00,  //.................................................................................. 


  /*Unicode: U+24c1 (Ⓛ) , Width: 49 */
  0x00, 0x00, 0x00, 0x00, 0x00, 0x00, 0x00, 0x00, 0x00, 0x00, 0x00, 0x00, 0x00, 0x00, 0x00, 0x00, 0x00, 0x00, 0x00, 0x00, 0x00, 0x00, 0x00, 0x00, 0x00, 0x00, 0x00, 0x00, 0x00, 0x00, 0x00, 0x00, 0x00, 0x00, 0x00, 0x00, 0x00, 0x00, 0x00, 0x00, 0x00, 0x00, 0x00, 0x00, 0x00, 0x00, 0x00, 0x00, 0x00,  //................................................. 
  0x00, 0x00, 0x00, 0x00, 0x00, 0x00, 0x00, 0x00, 0x00, 0x00, 0x00, 0x00, 0x00, 0x00, 0x00, 0x00, 0x00, 0x00, 0x00, 0x00, 0x00, 0x00, 0x00, 0x00, 0x00, 0x00, 0x00, 0x00, 0x00, 0x00, 0x00, 0x00, 0x00, 0x00, 0x00, 0x00, 0x00, 0x00, 0x00, 0x00, 0x00, 0x00, 0x00, 0x00, 0x00, 0x00, 0x00, 0x00, 0x00,  //................................................. 
  0x02, 0x24, 0x1c, 0x26, 0x00, 0x00, 0x00, 0x00, 0x00, 0x00, 0x00, 0x00, 0x00, 0x00, 0x00, 0x00, 0x00, 0x12, 0x26, 0x1c, 0x18, 0x00, 0x00, 0x00, 0x00, 0x00, 0x00, 0x00, 0x1a, 0x22, 0x20, 0x10, 0x00, 0x00, 0x00, 0x00, 0x00, 0x00, 0x00, 0x00, 0x00, 0x00, 0x00, 0x00, 0x00, 0x00, 0x00, 0x00, 0x00,  //................................................. 
  0xb6, 0xff, 0xbe, 0xff, 0x0e, 0x00, 0x00, 0x00, 0x00, 0x00, 0x00, 0x00, 0x00, 0x00, 0x00, 0x00, 0x30, 0xf4, 0xff, 0xbe, 0x9e, 0x00, 0x00, 0x00, 0x00, 0x00, 0x00, 0x54, 0xfc, 0xe2, 0xda, 0x72, 0x00, 0x00, 0x00, 0x00, 0x00, 0x00, 0x00, 0x00, 0x00, 0x00, 0x00, 0x00, 0x00, 0x00, 0x00, 0x00, 0x00,  //%@%@.............@@%%......+@@@+................. 
  0xfc, 0xff, 0xbe, 0xff, 0x0e, 0x00, 0x00, 0x00, 0x00, 0x00, 0x00, 0x00, 0x00, 0x00, 0x00, 0x00, 0x6c, 0xff, 0xff, 0xbe, 0x9e, 0x00, 0x00, 0x00, 0x00, 0x00, 0x00, 0x98, 0xff, 0xe2, 0xda, 0x72, 0x00, 0x00, 0x00, 0x00, 0x00, 0x00, 0x00, 0x00, 0x00, 0x00, 0x00, 0x00, 0x00, 0x00, 0x00, 0x00, 0x00,  //@@%@............+@@%%......%@@@+................. 
  0xff, 0xff, 0xbe, 0xff, 0x0e, 0x00, 0x00, 0x00, 0x00, 0x00, 0x00, 0x00, 0x00, 0x00, 0x00, 0x00, 0x6e, 0xff, 0xff, 0xbe, 0x9e, 0x00, 0x00, 0x00, 0x00, 0x00, 0x00, 0x9a, 0xff, 0xe2, 0xda, 0x72, 0x00, 0x00, 0x00, 0x00, 0x00, 0x00, 0x00, 0x00, 0x00, 0x00, 0x00, 0x00, 0x00, 0x00, 0x00, 0x00, 0x00,  //@@%@............+@@%%......%@@@+................. 
  0xff, 0xff, 0xbe, 0xff, 0x0e, 0x00, 0x00, 0x00, 0x00, 0x00, 0x00, 0x00, 0x00, 0x00, 0x00, 0x00, 0x6e, 0xff, 0xff, 0xbe, 0x9e, 0x00, 0x00, 0x00, 0x00, 0x00, 0x00, 0x9a, 0xff, 0xe2, 0xda, 0x72, 0x00, 0x00, 0x00, 0x00, 0x00, 0x00, 0x00, 0x00, 0x00, 0x00, 0x00, 0x00, 0x00, 0x00, 0x00, 0x00, 0x00,  //@@%@............+@@%%......%@@@+................. 
  0xff, 0xff, 0xbe, 0xff, 0x0e, 0x00, 0x00, 0x00, 0x00, 0x00, 0x0c, 0x0e, 0x0e, 0x0e, 0x0a, 0x06, 0x6e, 0xff, 0xff, 0xbe, 0x9e, 0x00, 0x00, 0x0e, 0x0e, 0x0a, 0x0e, 0x9a, 0xff, 0xe2, 0xda, 0x72, 0x00, 0x02, 0x0e, 0x0e, 0x0a, 0x0c, 0x00, 0x00, 0x00, 0x00, 0x06, 0x0e, 0x0e, 0x0e, 0x0a, 0x0e, 0x00,  //@@%@............+@@%%......%@@@+................. 
  0xff, 0xff, 0xbe, 0xff, 0x0e, 0x00, 0x00, 0x3e, 0xb8, 0xf6, 0xff, 0xff, 0xff, 0xfa, 0xc6, 0x86, 0x6e, 0xff, 0xff, 0xbe, 0x9e, 0x00, 0x0e, 0xff, 0xff, 0xbe, 0xfa, 0x9a, 0xff, 0xe2, 0xda, 0x72, 0x00, 0x3a, 0xff, 0xff, 0xbe, 0xce, 0x00, 0x0e, 0x86, 0xe0, 0xff, 0xff, 0xff, 0xff, 0xbe, 0xff, 0x02,  //@@%@....%@@@@@@%+@@%%..@@%@%@@@+..@@%@..%@@@@@%@. 
  0xff, 0xff, 0xbe, 0xff, 0x0e, 0x00, 0x6c, 0xfc, 0xff, 0xff, 0xff, 0xff, 0xff, 0xfa, 0xc6, 0x86, 0x6e, 0xff, 0xff, 0xbe, 0x9e, 0x00, 0x22, 0xff, 0xff, 0xc6, 0xf0, 0x9a, 0xff, 0xe2, 0xda, 0x72, 0x00, 0x50, 0xff, 0xff, 0xc6, 0xc2, 0x16, 0xd8, 0xff, 0xff, 0xff, 0xff, 0xff, 0xff, 0xbe, 0xff, 0x02,  //@@%@..+@@@@@@@@%+@@%%..@@@@%@@@+.+@@@@.@@@@@@@%@. 
  0xff, 0xff, 0xbe, 0xff, 0x0e, 0x32, 0xfa, 0xff, 0xf6, 0xec, 0xd6, 0xe8, 0xff, 0xfa, 0xc6, 0x86, 0x6e, 0xff, 0xff, 0xbe, 0x9e, 0x00, 0x7c, 0xff, 0xff, 0xc0, 0xc4, 0x9a, 0xff, 0xe2, 0xda, 0x72, 0x00, 0xaa, 0xff, 0xf8, 0xc6, 0x98, 0xb2, 0xff, 0xff, 0xe6, 0xec, 0xcc, 0xff, 0xff, 0xbe, 0xff, 0x02,  //@@%@..@@@@@@@@@%+@@%%.+@@@@%@@@+.%@@@%%@@@@@@@%@. 
  0xff, 0xff, 0xbe, 0xff, 0x0e, 0xa2, 0xff, 0xfa, 0xc6, 0xbe, 0x48, 0xf6, 0xff, 0xfa, 0xc6, 0x86, 0x6e, 0xff, 0xff, 0xcc, 0xba, 0x8e, 0xfc, 0xff, 0xd6, 0xea, 0x60, 0x9a, 0xff, 0xec, 0xde, 0xa4, 0xb0, 0xff, 0xff, 0xca, 0xfc, 0x62, 0xff, 0xff, 0xd4, 0xf0, 0x44, 0xba, 0xff, 0xff, 0xbe, 0xff, 0x02,  //@@%@.%@@@%+@@@@%+@@@%%@@@@+%@@@%%@@@@+@@@@+%@@%@. 
  0xff, 0xff, 0xbe, 0xff, 0x10, 0xda, 0xff, 0xca, 0xfc, 0x48, 0xb8, 0xff, 0xff, 0xfa, 0xc6, 0x86, 0x6e, 0xff, 0xff, 0xff, 0xff, 0xff, 0xff, 0xf2, 0xc2, 0xb6, 0x00, 0x9a, 0xff, 0xff, 0xff, 0xff, 0xff, 0xff, 0xe4, 0xd6, 0x92, 0x5e, 0xff, 0xff, 0xc6, 0xc6, 0x3c, 0xff, 0xff, 0xff, 0xbe, 0xff, 0x02,  //@@%@.@@@@+%@@@@%+@@@@@@@@%.%@@@@@@@@%+@@@@.@@@%@. 
  0xff, 0xff, 0xbc, 0xff, 0x20, 0xda, 0xff, 0xc0, 0xfc, 0x3e, 0xbc, 0xff, 0xff, 0xfa, 0xc6, 0x86, 0x6e, 0xff, 0xff, 0xff, 0xff, 0xff, 0xff, 0xf0, 0xd2, 0xae, 0x00, 0x9a, 0xff, 0xff, 0xff, 0xff, 0xff, 0xff, 0xe4, 0xde, 0x82, 0x5c, 0xff, 0xff, 0xbe, 0xbe, 0x3c, 0xff, 0xff, 0xff, 0xbe, 0xff, 0x02,  //@@%@.@@@@.%@@@@%+@@@@@@@@%.%@@@@@@@@%+@@%%.@@@%@. 
  0xff, 0xff, 0xc6, 0xfc, 0x44, 0xa8, 0xff, 0xf6, 0xc8, 0xb2, 0x4e, 0xfa, 0xff, 0xfa, 0xc6, 0x86, 0x6e, 0xff, 0xff, 0xd0, 0xc4, 0xa4, 0xff, 0xff, 0xd6, 0xe8, 0x56, 0x9a, 0xff, 0xec, 0xe4, 0xac, 0xba, 0xff, 0xff, 0xc6, 0xf8, 0x62, 0xff, 0xff, 0xc4, 0xee, 0x3a, 0xc8, 0xff, 0xff, 0xbe, 0xff, 0x02,  //@@@@+%@@@%+@@@@%+@@@@%@@@@+%@@@%%@@@@+@@@@.@@@%@. 
  0xff, 0xff, 0xf6, 0xcc, 0x9c, 0x3a, 0xff, 0xff, 0xf2, 0xea, 0xc6, 0xe4, 0xff, 0xfa, 0xc6, 0x86, 0x6e, 0xff, 0xff, 0xbe, 0x9e, 0x00, 0x8c, 0xff, 0xff, 0xc0, 0xbe, 0x9a, 0xff, 0xe2, 0xda, 0x72, 0x00, 0xb8, 0xff, 0xf6, 0xc6, 0x98, 0xb6, 0xff, 0xff, 0xda, 0xe4, 0xba, 0xff, 0xff, 0xbe, 0xff, 0x02,  //@@@@%.@@@@@@@@@%+@@%%.%@@@%%@@@+.%@@@%%@@@@%@@%@. 
  0xfc, 0xff, 0xff, 0xc2, 0xf2, 0x2a, 0x7c, 0xff, 0xff, 0xff, 0xff, 0xff, 0xff, 0xfa, 0xc6, 0x86, 0x6c, 0xff, 0xff, 0xbe, 0x9e, 0x00, 0x26, 0xff, 0xff, 0xc0, 0xec, 0x98, 0xff, 0xe2, 0xda, 0x72, 0x00, 0x50, 0xff, 0xff, 0xbc, 0xc4, 0x1a, 0xdc, 0xff, 0xff, 0xff, 0xff, 0xff, 0xff, 0xbe, 0xff, 0x02,  //@@@@@.+@@@@@@@@%+@@%%..@@@@%@@@+.+@@%@.@@@@@@@%@. 
  0xb6, 0xff, 0xff, 0xff, 0xc8, 0xd8, 0x1a, 0x50, 0xcc, 0xff, 0xff, 0xff, 0xff, 0xfa, 0xc6, 0x86, 0x2c, 0xf4, 0xff, 0xbe, 0x9e, 0x00, 0x0e, 0xff, 0xff, 0xbe, 0xfa, 0x58, 0xfc, 0xe2, 0xda, 0x72, 0x00, 0x3a, 0xff, 0xff, 0xbe, 0xce, 0x00, 0x12, 0x94, 0xee, 0xff, 0xff, 0xff, 0xff, 0xbe, 0xff, 0x02,  //%@@@@@.+@@@@@@@%.@@%%..@@%@+@@@+..@@%@..%@@@@@%@. 
  0x00, 0x1a, 0x1e, 0x1e, 0x1c, 0x1a, 0x10, 0x00, 0x00, 0x0a, 0x1c, 0x1e, 0x1e, 0x1e, 0x18, 0x10, 0x00, 0x08, 0x1e, 0x16, 0x12, 0x00, 0x00, 0x1e, 0x1e, 0x16, 0x1e, 0x00, 0x10, 0x1c, 0x18, 0x0c, 0x00, 0x06, 0x1e, 0x1e, 0x16, 0x18, 0x00, 0x00, 0x00, 0x00, 0x10, 0x1e, 0x1e, 0x1e, 0x16, 0x1e, 0x00,  //................................................. 
  0x00, 0x00, 0x00, 0x00, 0x00, 0x00, 0x00, 0x00, 0x00, 0x00, 0x00, 0x00, 0x00, 0x00, 0x00, 0x00, 0x00, 0x00, 0x00, 0x00, 0x00, 0x00, 0x00, 0x00, 0x00, 0x00, 0x00, 0x00, 0x00, 0x00, 0x00, 0x00, 0x00, 0x00, 0x00, 0x00, 0x00, 0x00, 0x00, 0x00, 0x00, 0x00, 0x00, 0x00, 0x00, 0x00, 0x00, 0x00, 0x00,  //................................................. 
  0x00, 0x00, 0x00, 0x00, 0x00, 0x00, 0x00, 0x00, 0x00, 0x00, 0x00, 0x00, 0x00, 0x00, 0x00, 0x00, 0x00, 0x00, 0x00, 0x00, 0x00, 0x00, 0x00, 0x00, 0x00, 0x00, 0x00, 0x00, 0x00, 0x00, 0x00, 0x00, 0x00, 0x00, 0x00, 0x00, 0x00, 0x00, 0x00, 0x00, 0x00, 0x00, 0x00, 0x00, 0x00, 0x00, 0x00, 0x00, 0x00,  //................................................. 


  /*Unicode: U+24c2 (Ⓜ) , Width: 39 */
  0x00, 0x00, 0x00, 0x00, 0x00, 0x00, 0x00, 0x00, 0x00, 0x00, 0x00, 0x00, 0x00, 0x00, 0x00, 0x00, 0x00, 0x00, 0x00, 0x00, 0x00, 0x00, 0x00, 0x00, 0x00, 0x00, 0x00, 0x00, 0x00, 0x00, 0x00, 0x00, 0x00, 0x00, 0x00, 0x00, 0x00, 0x00, 0x00,  //....................................... 
  0x00, 0x00, 0x00, 0x00, 0x00, 0x00, 0x00, 0x00, 0x00, 0x00, 0x00, 0x00, 0x00, 0x00, 0x00, 0x00, 0x00, 0x00, 0x00, 0x00, 0x00, 0x00, 0x00, 0x00, 0x00, 0x00, 0x00, 0x00, 0x00, 0x00, 0x00, 0x00, 0x00, 0x00, 0x00, 0x00, 0x00, 0x00, 0x00,  //....................................... 
  0x00, 0x00, 0x00, 0x00, 0x00, 0x00, 0x00, 0x00, 0x00, 0x00, 0x00, 0x00, 0x00, 0x00, 0x00, 0x00, 0x00, 0x00, 0x00, 0x00, 0x00, 0x00, 0x00, 0x00, 0x00, 0x00, 0x00, 0x00, 0x00, 0x00, 0x00, 0x00, 0x00, 0x00, 0x00, 0x00, 0x00, 0x00, 0x00,  //....................................... 
  0x00, 0x00, 0x00, 0x00, 0x00, 0x24, 0x3c, 0x3e, 0x3e, 0x3e, 0x3e, 0x3e, 0x3e, 0x3e, 0x3e, 0x3e, 0x3e, 0x3e, 0x3e, 0x3e, 0x3e, 0x3e, 0x3e, 0x3e, 0x3e, 0x3e, 0x3e, 0x3e, 0x3e, 0x3e, 0x3e, 0x3e, 0x3e, 0x3e, 0x3e, 0x3e, 0x3e, 0x3e, 0x1a,  //....................................... 
  0x00, 0x00, 0x08, 0x7e, 0xe8, 0xff, 0xff, 0xff, 0xff, 0xff, 0xff, 0xff, 0xff, 0xff, 0xff, 0xff, 0xff, 0xff, 0xff, 0xff, 0xff, 0xff, 0xff, 0xff, 0xff, 0xff, 0xff, 0xff, 0xff, 0xff, 0xff, 0xff, 0xff, 0xff, 0xff, 0xff, 0xff, 0xff, 0x6e,  //...+@@@@@@@@@@@@@@@@@@@@@@@@@@@@@@@@@@+ 
  0x00, 0x14, 0xca, 0xff, 0xff, 0xff, 0xff, 0xff, 0xff, 0xff, 0xff, 0xff, 0xff, 0xff, 0xff, 0xff, 0xff, 0xff, 0xff, 0xff, 0xff, 0xff, 0xff, 0xff, 0xff, 0xff, 0xff, 0xff, 0xff, 0xff, 0xff, 0xff, 0xff, 0xff, 0xff, 0xff, 0xff, 0xff, 0x6e,  //..@@@@@@@@@@@@@@@@@@@@@@@@@@@@@@@@@@@@+ 
  0x02, 0xc2, 0xff, 0xff, 0xff, 0xff, 0xff, 0xff, 0xff, 0xff, 0xff, 0xff, 0xff, 0xff, 0xff, 0xff, 0xff, 0xff, 0xff, 0xff, 0xff, 0xff, 0xff, 0xff, 0xff, 0xff, 0xff, 0xff, 0xff, 0xff, 0xff, 0xff, 0xff, 0xff, 0xff, 0xff, 0xff, 0xff, 0x6e,  //.@@@@@@@@@@@@@@@@@@@@@@@@@@@@@@@@@@@@@+ 
  0x5e, 0xff, 0xff, 0xff, 0xff, 0xff, 0xff, 0xff, 0xff, 0xff, 0xff, 0xff, 0xff, 0xff, 0xff, 0xff, 0xff, 0xff, 0xff, 0xff, 0xff, 0xff, 0xff, 0xff, 0xff, 0xff, 0xff, 0xff, 0xff, 0xff, 0xff, 0xff, 0xff, 0xff, 0xff, 0xff, 0xff, 0xff, 0x6e,  //+@@@@@@@@@@@@@@@@@@@@@@@@@@@@@@@@@@@@@+ 
  0xbe, 0xff, 0xff, 0xff, 0xff, 0xff, 0xff, 0xff, 0xff, 0xff, 0xff, 0xff, 0xff, 0xff, 0xff, 0xff, 0xff, 0xff, 0xff, 0xff, 0xff, 0xff, 0xff, 0xff, 0xff, 0xff, 0xff, 0xff, 0xff, 0xff, 0xff, 0xff, 0xff, 0xff, 0xff, 0xff, 0xff, 0xff, 0x6e,  //%@@@@@@@@@@@@@@@@@@@@@@@@@@@@@@@@@@@@@+ 
  0xee, 0xff, 0xff, 0xff, 0xff, 0xe8, 0x62, 0x62, 0x62, 0x62, 0x62, 0x62, 0x62, 0x80, 0xff, 0xff, 0xff, 0xff, 0xff, 0xff, 0xff, 0xff, 0xff, 0xff, 0xff, 0xff, 0xff, 0xff, 0xff, 0xff, 0xff, 0xff, 0xff, 0xff, 0xff, 0xff, 0xff, 0xff, 0x6e,  //@@@@@@+++++++%@@@@@@@@@@@@@@@@@@@@@@@@+ 
  0xf8, 0xff, 0xff, 0xff, 0xff, 0xda, 0x00, 0x00, 0x00, 0x00, 0x00, 0x00, 0x00, 0x2e, 0xff, 0xff, 0xff, 0xff, 0xff, 0xff, 0xff, 0xff, 0xff, 0xff, 0xff, 0xff, 0xff, 0xff, 0xff, 0xff, 0xff, 0xff, 0xff, 0xff, 0xff, 0xff, 0xff, 0xff, 0x6e,  //@@@@@@........@@@@@@@@@@@@@@@@@@@@@@@@+ 
  0xdc, 0xff, 0xff, 0xff, 0xff, 0xfa, 0xe2, 0xe2, 0xe2, 0xe2, 0xe2, 0xe2, 0xe2, 0xe8, 0xff, 0xff, 0xff, 0xff, 0xff, 0xff, 0xff, 0xff, 0xff, 0xff, 0xff, 0xff, 0xff, 0xff, 0xff, 0xff, 0xff, 0xff, 0xff, 0xff, 0xff, 0xff, 0xff, 0xff, 0x6e,  //@@@@@@@@@@@@@@@@@@@@@@@@@@@@@@@@@@@@@@+ 
  0x96, 0xff, 0xff, 0xff, 0xff, 0xff, 0xff, 0xff, 0xff, 0xff, 0xff, 0xff, 0xff, 0xff, 0xff, 0xff, 0xff, 0xff, 0xff, 0xff, 0xff, 0xff, 0xff, 0xff, 0xff, 0xff, 0xff, 0xff, 0xff, 0xff, 0xff, 0xff, 0xff, 0xff, 0xff, 0xff, 0xff, 0xff, 0x6e,  //%@@@@@@@@@@@@@@@@@@@@@@@@@@@@@@@@@@@@@+ 
  0x22, 0xf8, 0xff, 0xff, 0xff, 0xff, 0xff, 0xff, 0xff, 0xff, 0xff, 0xff, 0xff, 0xff, 0xff, 0xff, 0xff, 0xff, 0xff, 0xff, 0xff, 0xff, 0xff, 0xff, 0xff, 0xff, 0xff, 0xff, 0xff, 0xff, 0xff, 0xff, 0xff, 0xff, 0xff, 0xff, 0xff, 0xff, 0x6e,  //.@@@@@@@@@@@@@@@@@@@@@@@@@@@@@@@@@@@@@+ 
  0x00, 0x62, 0xff, 0xff, 0xff, 0xff, 0xff, 0xff, 0xff, 0xff, 0xff, 0xff, 0xff, 0xff, 0xff, 0xff, 0xff, 0xff, 0xff, 0xff, 0xff, 0xff, 0xff, 0xff, 0xff, 0xff, 0xff, 0xff, 0xff, 0xff, 0xff, 0xff, 0xff, 0xff, 0xff, 0xff, 0xff, 0xff, 0x6e,  //.+@@@@@@@@@@@@@@@@@@@@@@@@@@@@@@@@@@@@+ 
  0x00, 0x00, 0x5a, 0xf0, 0xff, 0xff, 0xff, 0xff, 0xff, 0xff, 0xff, 0xff, 0xff, 0xff, 0xff, 0xff, 0xff, 0xff, 0xff, 0xff, 0xff, 0xff, 0xff, 0xff, 0xff, 0xff, 0xff, 0xff, 0xff, 0xff, 0xff, 0xff, 0xff, 0xff, 0xff, 0xff, 0xff, 0xff, 0x6e,  //..+@@@@@@@@@@@@@@@@@@@@@@@@@@@@@@@@@@@+ 
  0x00, 0x00, 0x00, 0x12, 0x72, 0xae, 0xc4, 0xc6, 0xc6, 0xc6, 0xc6, 0xc6, 0xc6, 0xc6, 0xc6, 0xc6, 0xc6, 0xc6, 0xc6, 0xc6, 0xc6, 0xc6, 0xc6, 0xc6, 0xc6, 0xc6, 0xc6, 0xc6, 0xc6, 0xc6, 0xc6, 0xc6, 0xc6, 0xc6, 0xc6, 0xc6, 0xc6, 0xc6, 0x56,  //....+%@@@@@@@@@@@@@@@@@@@@@@@@@@@@@@@@+ 
  0x00, 0x00, 0x00, 0x00, 0x00, 0x00, 0x00, 0x00, 0x00, 0x00, 0x00, 0x00, 0x00, 0x00, 0x00, 0x00, 0x00, 0x00, 0x00, 0x00, 0x00, 0x00, 0x00, 0x00, 0x00, 0x00, 0x00, 0x00, 0x00, 0x00, 0x00, 0x00, 0x00, 0x00, 0x00, 0x00, 0x00, 0x00, 0x00,  //....................................... 
  0x00, 0x00, 0x00, 0x00, 0x00, 0x00, 0x00, 0x00, 0x00, 0x00, 0x00, 0x00, 0x00, 0x00, 0x00, 0x00, 0x00, 0x00, 0x00, 0x00, 0x00, 0x00, 0x00, 0x00, 0x00, 0x00, 0x00, 0x00, 0x00, 0x00, 0x00, 0x00, 0x00, 0x00, 0x00, 0x00, 0x00, 0x00, 0x00,  //....................................... 
  0x00, 0x00, 0x00, 0x00, 0x00, 0x00, 0x00, 0x00, 0x00, 0x00, 0x00, 0x00, 0x00, 0x00, 0x00, 0x00, 0x00, 0x00, 0x00, 0x00, 0x00, 0x00, 0x00, 0x00, 0x00, 0x00, 0x00, 0x00, 0x00, 0x00, 0x00, 0x00, 0x00, 0x00, 0x00, 0x00, 0x00, 0x00, 0x00,  //....................................... 
  0x00, 0x00, 0x00, 0x00, 0x00, 0x00, 0x00, 0x00, 0x00, 0x00, 0x00, 0x00, 0x00, 0x00, 0x00, 0x00, 0x00, 0x00, 0x00, 0x00, 0x00, 0x00, 0x00, 0x00, 0x00, 0x00, 0x00, 0x00, 0x00, 0x00, 0x00, 0x00, 0x00, 0x00, 0x00, 0x00, 0x00, 0x00, 0x00,  //....................................... 


  /*Unicode: U+24c5 (Ⓟ) , Width: 39 */
  0x00, 0x00, 0x00, 0x00, 0x00, 0x00, 0x00, 0x00, 0x00, 0x00, 0x00, 0x00, 0x00, 0x00, 0x00, 0x00, 0x00, 0x00, 0x00, 0x00, 0x00, 0x00, 0x00, 0x00, 0x00, 0x00, 0x00, 0x00, 0x00, 0x00, 0x00, 0x00, 0x00, 0x00, 0x00, 0x00, 0x00, 0x00, 0x00,  //....................................... 
  0x00, 0x00, 0x00, 0x00, 0x00, 0x00, 0x00, 0x00, 0x00, 0x00, 0x00, 0x00, 0x00, 0x00, 0x00, 0x00, 0x00, 0x00, 0x00, 0x00, 0x00, 0x00, 0x00, 0x00, 0x00, 0x00, 0x00, 0x00, 0x00, 0x00, 0x00, 0x00, 0x00, 0x00, 0x00, 0x00, 0x00, 0x00, 0x00,  //....................................... 
  0x00, 0x00, 0x00, 0x00, 0x00, 0x00, 0x00, 0x00, 0x00, 0x00, 0x00, 0x00, 0x00, 0x00, 0x00, 0x00, 0x00, 0x00, 0x00, 0x00, 0x00, 0x00, 0x00, 0x00, 0x00, 0x00, 0x00, 0x00, 0x00, 0x00, 0x00, 0x00, 0x00, 0x00, 0x00, 0x00, 0x00, 0x00, 0x00,  //....................................... 
  0x3e, 0x3e, 0x3e, 0x3e, 0x3e, 0x3e, 0x3e, 0x3e, 0x3e, 0x3e, 0x3e, 0x3e, 0x3e, 0x3e, 0x3e, 0x3e, 0x3e, 0x3e, 0x3e, 0x3e, 0x3e, 0x3e, 0x3e, 0x3e, 0x3e, 0x3e, 0x3e, 0x3e, 0x3e, 0x3e, 0x3e, 0x3e, 0x30, 0x0c, 0x00, 0x00, 0x00, 0x00, 0x00,  //....................................... 
  0xff, 0xff, 0xff, 0xff, 0xff, 0xff, 0xff, 0xff, 0xff, 0xff, 0xff, 0xff, 0xff, 0xff, 0xff, 0xff, 0xff, 0xff, 0xff, 0xff, 0xff, 0xff, 0xff, 0xff, 0xff, 0xff, 0xff, 0xff, 0xff, 0xff, 0xff, 0xff, 0xff, 0xfa, 0xb2, 0x2c, 0x00, 0x00, 0x00,  //@@@@@@@@@@@@@@@@@@@@@@@@@@@@@@@@@@%.... 
  0xff, 0xff, 0xff, 0xff, 0xff, 0xff, 0xff, 0xff, 0xff, 0xff, 0xff, 0xff, 0xff, 0xff, 0xff, 0xff, 0xff, 0xff, 0xff, 0xff, 0xff, 0xff, 0xff, 0xff, 0xff, 0xff, 0xff, 0xff, 0xff, 0xff, 0xff, 0xff, 0xff, 0xff, 0xff, 0xf6, 0x54, 0x00, 0x00,  //@@@@@@@@@@@@@@@@@@@@@@@@@@@@@@@@@@@@+.. 
  0xff, 0xff, 0xff, 0xff, 0xff, 0xff, 0xff, 0xff, 0xff, 0xff, 0xff, 0xff, 0xff, 0xff, 0xff, 0xff, 0xff, 0xff, 0xff, 0xff, 0xff, 0xff, 0xff, 0xff, 0xff, 0xff, 0xff, 0xde, 0x52, 0xa2, 0xff, 0xff, 0xff, 0xff, 0xff, 0xff, 0xf8, 0x38, 0x00,  //@@@@@@@@@@@@@@@@@@@@@@@@@@@@+%@@@@@@@.. 
  0xff, 0xff, 0xff, 0xff, 0xff, 0xff, 0xff, 0xff, 0xff, 0xff, 0xff, 0xff, 0xff, 0xff, 0xff, 0xff, 0xff, 0xff, 0xff, 0xff, 0xff, 0xff, 0xff, 0xff, 0xff, 0xff, 0xff, 0xce, 0x00, 0x76, 0xff, 0xff, 0xff, 0xff, 0xff, 0xff, 0xff, 0xcc, 0x00,  //@@@@@@@@@@@@@@@@@@@@@@@@@@@@.+@@@@@@@@. 
  0xff, 0xff, 0xff, 0xff, 0xff, 0xff, 0xff, 0xff, 0xff, 0xff, 0xff, 0xff, 0xff, 0xff, 0xff, 0xff, 0xff, 0xff, 0xff, 0xff, 0xff, 0xff, 0xff, 0xff, 0xff, 0xff, 0xff, 0xce, 0x00, 0x76, 0xff, 0xff, 0xff, 0xff, 0xff, 0xff, 0xff, 0xff, 0x2c,  //@@@@@@@@@@@@@@@@@@@@@@@@@@@@.+@@@@@@@@. 
  0xff, 0xff, 0xff, 0xff, 0xff, 0xff, 0xff, 0xff, 0xff, 0xff, 0xff, 0xff, 0xff, 0xff, 0xff, 0xff, 0xff, 0xff, 0xff, 0xff, 0xff, 0xff, 0xff, 0xff, 0xc6, 0x62, 0x62, 0x50, 0x00, 0x2c, 0x62, 0x62, 0x9e, 0xff, 0xff, 0xff, 0xff, 0xff, 0x5c,  //@@@@@@@@@@@@@@@@@@@@@@@@@+++..++%@@@@@+ 
  0xff, 0xff, 0xff, 0xff, 0xff, 0xff, 0xff, 0xff, 0xff, 0xff, 0xff, 0xff, 0xff, 0xff, 0xff, 0xff, 0xff, 0xff, 0xff, 0xff, 0xff, 0xff, 0xff, 0xff, 0xa2, 0x00, 0x00, 0x00, 0x00, 0x00, 0x00, 0x00, 0x62, 0xff, 0xff, 0xff, 0xff, 0xff, 0x66,  //@@@@@@@@@@@@@@@@@@@@@@@@%.......+@@@@@+ 
  0xff, 0xff, 0xff, 0xff, 0xff, 0xff, 0xff, 0xff, 0xff, 0xff, 0xff, 0xff, 0xff, 0xff, 0xff, 0xff, 0xff, 0xff, 0xff, 0xff, 0xff, 0xff, 0xff, 0xff, 0xf4, 0xe2, 0xe2, 0xb8, 0x00, 0x68, 0xe2, 0xe2, 0xec, 0xff, 0xff, 0xff, 0xff, 0xff, 0x4a,  //@@@@@@@@@@@@@@@@@@@@@@@@@@@%.+@@@@@@@@+ 
  0xff, 0xff, 0xff, 0xff, 0xff, 0xff, 0xff, 0xff, 0xff, 0xff, 0xff, 0xff, 0xff, 0xff, 0xff, 0xff, 0xff, 0xff, 0xff, 0xff, 0xff, 0xff, 0xff, 0xff, 0xff, 0xff, 0xff, 0xce, 0x00, 0x76, 0xff, 0xff, 0xff, 0xff, 0xff, 0xff, 0xff, 0xf6, 0x0c,  //@@@@@@@@@@@@@@@@@@@@@@@@@@@@.+@@@@@@@@. 
  0xff, 0xff, 0xff, 0xff, 0xff, 0xff, 0xff, 0xff, 0xff, 0xff, 0xff, 0xff, 0xff, 0xff, 0xff, 0xff, 0xff, 0xff, 0xff, 0xff, 0xff, 0xff, 0xff, 0xff, 0xff, 0xff, 0xff, 0xce, 0x00, 0x76, 0xff, 0xff, 0xff, 0xff, 0xff, 0xff, 0xff, 0x8a, 0x00,  //@@@@@@@@@@@@@@@@@@@@@@@@@@@@.+@@@@@@@%. 
  0xff, 0xff, 0xff, 0xff, 0xff, 0xff, 0xff, 0xff, 0xff, 0xff, 0xff, 0xff, 0xff, 0xff, 0xff, 0xff, 0xff, 0xff, 0xff, 0xff, 0xff, 0xff, 0xff, 0xff, 0xff, 0xff, 0xff, 0xf0, 0xb6, 0xd8, 0xff, 0xff, 0xff, 0xff, 0xff, 0xff, 0xc6, 0x06, 0x00,  //@@@@@@@@@@@@@@@@@@@@@@@@@@@@%@@@@@@@@.. 
  0xff, 0xff, 0xff, 0xff, 0xff, 0xff, 0xff, 0xff, 0xff, 0xff, 0xff, 0xff, 0xff, 0xff, 0xff, 0xff, 0xff, 0xff, 0xff, 0xff, 0xff, 0xff, 0xff, 0xff, 0xff, 0xff, 0xff, 0xff, 0xff, 0xff, 0xff, 0xff, 0xff, 0xff, 0xff, 0xaa, 0x0c, 0x00, 0x00,  //@@@@@@@@@@@@@@@@@@@@@@@@@@@@@@@@@@@%... 
  0xc6, 0xc6, 0xc6, 0xc6, 0xc6, 0xc6, 0xc6, 0xc6, 0xc6, 0xc6, 0xc6, 0xc6, 0xc6, 0xc6, 0xc6, 0xc6, 0xc6, 0xc6, 0xc6, 0xc6, 0xc6, 0xc6, 0xc6, 0xc6, 0xc6, 0xc6, 0xc6, 0xc6, 0xc6, 0xc6, 0xc6, 0xc6, 0xba, 0x90, 0x3a, 0x00, 0x00, 0x00, 0x00,  //@@@@@@@@@@@@@@@@@@@@@@@@@@@@@@@@%%..... 
  0x00, 0x00, 0x00, 0x00, 0x00, 0x00, 0x00, 0x00, 0x00, 0x00, 0x00, 0x00, 0x00, 0x00, 0x00, 0x00, 0x00, 0x00, 0x00, 0x00, 0x00, 0x00, 0x00, 0x00, 0x00, 0x00, 0x00, 0x00, 0x00, 0x00, 0x00, 0x00, 0x00, 0x00, 0x00, 0x00, 0x00, 0x00, 0x00,  //....................................... 
  0x00, 0x00, 0x00, 0x00, 0x00, 0x00, 0x00, 0x00, 0x00, 0x00, 0x00, 0x00, 0x00, 0x00, 0x00, 0x00, 0x00, 0x00, 0x00, 0x00, 0x00, 0x00, 0x00, 0x00, 0x00, 0x00, 0x00, 0x00, 0x00, 0x00, 0x00, 0x00, 0x00, 0x00, 0x00, 0x00, 0x00, 0x00, 0x00,  //....................................... 
  0x00, 0x00, 0x00, 0x00, 0x00, 0x00, 0x00, 0x00, 0x00, 0x00, 0x00, 0x00, 0x00, 0x00, 0x00, 0x00, 0x00, 0x00, 0x00, 0x00, 0x00, 0x00, 0x00, 0x00, 0x00, 0x00, 0x00, 0x00, 0x00, 0x00, 0x00, 0x00, 0x00, 0x00, 0x00, 0x00, 0x00, 0x00, 0x00,  //....................................... 
  0x00, 0x00, 0x00, 0x00, 0x00, 0x00, 0x00, 0x00, 0x00, 0x00, 0x00, 0x00, 0x00, 0x00, 0x00, 0x00, 0x00, 0x00, 0x00, 0x00, 0x00, 0x00, 0x00, 0x00, 0x00, 0x00, 0x00, 0x00, 0x00, 0x00, 0x00, 0x00, 0x00, 0x00, 0x00, 0x00, 0x00, 0x00, 0x00,  //....................................... 


  /*Unicode: U+24ca (Ⓤ) , Width: 59 */
  0x00, 0x00, 0x00, 0x00, 0x00, 0x00, 0x00, 0x00, 0x00, 0x00, 0x00, 0x00, 0x00, 0x00, 0x00, 0x00, 0x00, 0x00, 0x00, 0x00, 0x00, 0x00, 0x00, 0x00, 0x00, 0x00, 0x00, 0x00, 0x00, 0x00, 0x00, 0x00, 0x00, 0x00, 0x00, 0x00, 0x00, 0x00, 0x00, 0x00, 0x00, 0x00, 0x00, 0x00, 0x00, 0x00, 0x00, 0x00, 0x00, 0x00, 0x00, 0x00, 0x00, 0x00, 0x00, 0x00, 0x00, 0x00, 0x00,  //........................................................... 
  0x00, 0x00, 0x00, 0x00, 0x00, 0x00, 0x00, 0x00, 0x00, 0x00, 0x00, 0x00, 0x00, 0x00, 0x00, 0x00, 0x00, 0x00, 0x00, 0x00, 0x00, 0x00, 0x00, 0x00, 0x00, 0x00, 0x00, 0x00, 0x00, 0x00, 0x00, 0x00, 0x00, 0x00, 0x00, 0x00, 0x00, 0x00, 0x00, 0x00, 0x00, 0x00, 0x00, 0x00, 0x00, 0x00, 0x00, 0x00, 0x00, 0x00, 0x00, 0x00, 0x00, 0x00, 0x00, 0x00, 0x00, 0x00, 0x00,  //........................................................... 
  0x00, 0x00, 0x00, 0x00, 0x00, 0x00, 0x00, 0x00, 0x00, 0x00, 0x00, 0x02, 0x14, 0x00, 0x00, 0x00, 0x00, 0x00, 0x00, 0x00, 0x00, 0x00, 0x00, 0x00, 0x00, 0x00, 0x00, 0x00, 0x00, 0x00, 0x00, 0x00, 0x00, 0x00, 0x00, 0x00, 0x00, 0x00, 0x00, 0x00, 0x00, 0x00, 0x00, 0x00, 0x00, 0x00, 0x00, 0x00, 0x00, 0x00, 0x00, 0x00, 0x00, 0x00, 0x00, 0x00, 0x00, 0x00, 0x00,  //........................................................... 
  0x00, 0x00, 0x00, 0x00, 0x00, 0x00, 0x00, 0x00, 0x00, 0x00, 0x10, 0xf4, 0xb6, 0x00, 0x00, 0x00, 0x00, 0x00, 0x00, 0x00, 0x00, 0x00, 0x00, 0x00, 0x00, 0x00, 0x00, 0x00, 0x00, 0x00, 0x00, 0x00, 0x00, 0x00, 0x00, 0x00, 0x00, 0x00, 0x00, 0x00, 0x00, 0x00, 0x00, 0x00, 0x00, 0x00, 0x00, 0x00, 0x00, 0x00, 0x00, 0x00, 0x00, 0x00, 0x00, 0x00, 0x00, 0x00, 0x00,  //...........@%.............................................. 
  0x00, 0x00, 0x00, 0x00, 0x00, 0x00, 0x00, 0x00, 0x00, 0x00, 0x12, 0xff, 0xb6, 0x00, 0x00, 0x00, 0x00, 0x00, 0x00, 0x00, 0x00, 0x00, 0x00, 0x00, 0x00, 0x00, 0x00, 0x00, 0x00, 0x00, 0x00, 0x00, 0x00, 0x00, 0x00, 0x00, 0x00, 0x00, 0x00, 0x00, 0x00, 0x00, 0x00, 0x08, 0x32, 0x06, 0x00, 0x00, 0x00, 0x00, 0x00, 0x00, 0x00, 0x00, 0x00, 0x00, 0x00, 0x00, 0x00,  //...........@%.............................................. 
  0x00, 0x00, 0x00, 0x00, 0x00, 0x00, 0x00, 0x00, 0x00, 0x00, 0x12, 0xff, 0xb6, 0x00, 0x00, 0x00, 0x00, 0x00, 0x00, 0x00, 0x00, 0x00, 0x00, 0x00, 0x00, 0x00, 0x00, 0x00, 0x00, 0x00, 0x00, 0x00, 0x00, 0x00, 0x00, 0x00, 0x00, 0x00, 0x00, 0x00, 0x00, 0x00, 0x00, 0xae, 0xff, 0x1e, 0x00, 0x00, 0x00, 0x00, 0x00, 0x00, 0x00, 0x00, 0x00, 0x00, 0x00, 0x00, 0x00,  //...........@%..............................%@.............. 
  0x00, 0x00, 0x00, 0x00, 0x00, 0x00, 0x00, 0x00, 0x00, 0x00, 0x12, 0xff, 0xb6, 0x00, 0x00, 0x00, 0x00, 0x00, 0x00, 0x00, 0x00, 0x00, 0x00, 0x00, 0x00, 0x00, 0x00, 0x00, 0x00, 0x00, 0x00, 0x00, 0x00, 0x00, 0x00, 0x00, 0x00, 0x00, 0x00, 0x00, 0x00, 0x00, 0x00, 0xae, 0xff, 0x1e, 0x00, 0x00, 0x00, 0x00, 0x00, 0x00, 0x00, 0x00, 0x00, 0x00, 0x00, 0x00, 0x00,  //...........@%..............................%@.............. 
  0x28, 0x22, 0x00, 0x00, 0x00, 0x00, 0x14, 0x2a, 0x08, 0x00, 0x12, 0xff, 0xb6, 0x16, 0x5a, 0x5c, 0x36, 0x00, 0x00, 0x00, 0x00, 0x06, 0x2a, 0x18, 0x00, 0x00, 0x00, 0x00, 0x20, 0x2a, 0x00, 0x00, 0x00, 0x02, 0x2c, 0x44, 0x52, 0x48, 0x16, 0x00, 0x00, 0x00, 0x00, 0xae, 0xff, 0x36, 0x1a, 0x1a, 0x18, 0x00, 0x06, 0x1a, 0x0a, 0x00, 0x00, 0x00, 0x00, 0x26, 0x24,  //...........@%.++...................+++.....%@.............. 
  0xff, 0xca, 0x00, 0x00, 0x00, 0x00, 0x82, 0xff, 0x36, 0x00, 0x12, 0xff, 0xf0, 0xf8, 0xff, 0xff, 0xff, 0xd4, 0x28, 0x00, 0x00, 0x36, 0xff, 0x92, 0x00, 0x00, 0x00, 0x00, 0xca, 0xff, 0x00, 0x00, 0x4c, 0xf6, 0xff, 0xff, 0xff, 0xff, 0xf8, 0x7c, 0x00, 0x00, 0x00, 0xae, 0xff, 0xff, 0xff, 0xff, 0xf2, 0x00, 0x4a, 0xff, 0x6e, 0x00, 0x00, 0x00, 0x00, 0xee, 0xda,  //@@....%@...@@@@@@@....@%....@@..+@@@@@@+...%@@@@@.+@+....@@ 
  0xff, 0xca, 0x00, 0x00, 0x00, 0x00, 0x82, 0xff, 0x36, 0x00, 0x12, 0xff, 0xf4, 0x92, 0x46, 0x4a, 0xa2, 0xff, 0xd8, 0x04, 0x00, 0x36, 0xff, 0x92, 0x00, 0x00, 0x00, 0x00, 0xca, 0xff, 0x00, 0x00, 0x5a, 0xff, 0xa4, 0x42, 0x38, 0x60, 0xe2, 0xff, 0x50, 0x00, 0x00, 0xae, 0xff, 0x68, 0x52, 0x52, 0x4e, 0x00, 0x4a, 0xff, 0x6e, 0x00, 0x00, 0x00, 0x00, 0xee, 0xda,  //@@....%@...@@%++%@@...@%....@@..+@%+.+@@+..%@++++.+@+....@@ 
  0xff, 0xca, 0x00, 0x00, 0x00, 0x00, 0x82, 0xff, 0x36, 0x00, 0x12, 0xff, 0xb6, 0x00, 0x00, 0x00, 0x00, 0xa6, 0xff, 0x62, 0x00, 0x36, 0xff, 0x92, 0x00, 0x00, 0x00, 0x00, 0xca, 0xff, 0x00, 0x00, 0x5a, 0xff, 0x6e, 0x00, 0x00, 0x00, 0x40, 0xff, 0xac, 0x00, 0x00, 0xae, 0xff, 0x1e, 0x00, 0x00, 0x00, 0x00, 0x4a, 0xff, 0x6e, 0x00, 0x00, 0x00, 0x00, 0xee, 0xda,  //@@....%@...@%....%@+..@%....@@..+@+...+@%..%@.....+@+....@@ 
  0xff, 0xca, 0x00, 0x00, 0x00, 0x00, 0x82, 0xff, 0x36, 0x00, 0x12, 0xff, 0xb6, 0x00, 0x00, 0x00, 0x00, 0x40, 0xff, 0xa8, 0x00, 0x36, 0xff, 0x92, 0x00, 0x00, 0x00, 0x00, 0xca, 0xff, 0x00, 0x00, 0x5a, 0xff, 0x6e, 0x00, 0x00, 0x00, 0x04, 0xfa, 0xca, 0x00, 0x00, 0xae, 0xff, 0x1e, 0x00, 0x00, 0x00, 0x00, 0x4a, 0xff, 0x6e, 0x00, 0x00, 0x00, 0x00, 0xee, 0xda,  //@@....%@...@%....+@%..@%....@@..+@+....@@..%@.....+@+....@@ 
  0xff, 0xca, 0x00, 0x00, 0x00, 0x00, 0x82, 0xff, 0x36, 0x00, 0x12, 0xff, 0xb6, 0x00, 0x00, 0x00, 0x00, 0x1e, 0xff, 0xc4, 0x00, 0x36, 0xff, 0x92, 0x00, 0x00, 0x00, 0x00, 0xca, 0xff, 0x00, 0x00, 0x5a, 0xff, 0x6e, 0x00, 0x00, 0x00, 0x00, 0xee, 0xd6, 0x00, 0x00, 0xae, 0xff, 0x1e, 0x00, 0x00, 0x00, 0x00, 0x4a, 0xff, 0x6e, 0x00, 0x00, 0x00, 0x00, 0xee, 0xda,  //@@....%@...@%.....@@..@%....@@..+@+....@@..%@.....+@+....@@ 
  0xff, 0xce, 0x00, 0x00, 0x00, 0x00, 0x82, 0xff, 0x36, 0x00, 0x12, 0xff, 0xb6, 0x00, 0x00, 0x00, 0x00, 0x16, 0xff, 0xc2, 0x00, 0x34, 0xff, 0x94, 0x00, 0x00, 0x00, 0x00, 0xca, 0xff, 0x00, 0x00, 0x5a, 0xff, 0x6e, 0x00, 0x00, 0x00, 0x00, 0xee, 0xda, 0x00, 0x00, 0xae, 0xff, 0x1e, 0x00, 0x00, 0x00, 0x00, 0x4a, 0xff, 0x70, 0x00, 0x00, 0x00, 0x00, 0xee, 0xda,  //@@....%@...@%.....@@..@%....@@..+@+....@@..%@.....+@+....@@ 
  0xf2, 0xe8, 0x00, 0x00, 0x00, 0x00, 0x82, 0xff, 0x36, 0x00, 0x12, 0xff, 0xb6, 0x00, 0x00, 0x00, 0x00, 0x46, 0xff, 0xa4, 0x00, 0x22, 0xff, 0xac, 0x00, 0x00, 0x00, 0x00, 0xca, 0xff, 0x00, 0x00, 0x5a, 0xff, 0x6e, 0x00, 0x00, 0x00, 0x00, 0xee, 0xda, 0x00, 0x00, 0xae, 0xff, 0x1e, 0x00, 0x00, 0x00, 0x00, 0x42, 0xff, 0x88, 0x00, 0x00, 0x00, 0x00, 0xee, 0xda,  //@@....%@...@%....+@%..@%....@@..+@+....@@..%@.....+@%....@@ 
  0xb0, 0xff, 0x44, 0x00, 0x00, 0x00, 0x82, 0xff, 0x36, 0x00, 0x12, 0xff, 0xb6, 0x00, 0x00, 0x00, 0x08, 0xca, 0xff, 0x50, 0x00, 0x06, 0xf2, 0xee, 0x12, 0x00, 0x00, 0x00, 0xca, 0xff, 0x00, 0x00, 0x5a, 0xff, 0x6e, 0x00, 0x00, 0x00, 0x00, 0xee, 0xda, 0x00, 0x00, 0x9a, 0xff, 0x3a, 0x00, 0x00, 0x00, 0x00, 0x1a, 0xff, 0xd6, 0x02, 0x00, 0x00, 0x00, 0xee, 0xda,  //%@+...%@...@%....@@+..@@....@@..+@+....@@..%@......@@....@@ 
  0x40, 0xfc, 0xee, 0x76, 0x5a, 0x60, 0xbc, 0xff, 0x36, 0x00, 0x12, 0xff, 0xda, 0x66, 0x50, 0x6c, 0xd4, 0xff, 0xae, 0x00, 0x00, 0x00, 0x82, 0xff, 0xd0, 0x62, 0x5a, 0x62, 0xe4, 0xff, 0x00, 0x00, 0x5a, 0xff, 0x6e, 0x00, 0x00, 0x00, 0x00, 0xee, 0xda, 0x00, 0x00, 0x4a, 0xff, 0xda, 0x5c, 0x60, 0xa0, 0x0e, 0x00, 0xae, 0xff, 0xc4, 0x6c, 0x5c, 0x6e, 0xf8, 0xda,  //+@@+++%@...@@+++@@%...%@@+++@@..+@+....@@..+@@++%..%@@+++@@ 
  0x00, 0x5e, 0xec, 0xff, 0xff, 0xff, 0xfc, 0xda, 0x28, 0x00, 0x0c, 0xd6, 0xfc, 0xff, 0xff, 0xff, 0xf2, 0x8a, 0x04, 0x00, 0x00, 0x00, 0x02, 0x94, 0xf6, 0xff, 0xff, 0xff, 0xfa, 0xd0, 0x00, 0x00, 0x58, 0xf6, 0x6a, 0x00, 0x00, 0x00, 0x00, 0xe6, 0xd4, 0x00, 0x00, 0x00, 0x88, 0xf8, 0xff, 0xff, 0xee, 0x34, 0x00, 0x0a, 0x9c, 0xf6, 0xff, 0xff, 0xff, 0xf6, 0xb0,  //.+@@@@@@...@@@@@@%.....%@@@@@@..+@+....@@...%@@@@...%@@@@@% 
  0x00, 0x00, 0x08, 0x2e, 0x3e, 0x2c, 0x0e, 0x00, 0x00, 0x00, 0x00, 0x00, 0x0a, 0x22, 0x2e, 0x24, 0x04, 0x00, 0x00, 0x00, 0x00, 0x00, 0x00, 0x00, 0x04, 0x24, 0x2e, 0x1e, 0x04, 0x00, 0x00, 0x00, 0x00, 0x00, 0x00, 0x00, 0x00, 0x00, 0x00, 0x00, 0x00, 0x00, 0x00, 0x00, 0x00, 0x0c, 0x2c, 0x20, 0x04, 0x00, 0x00, 0x00, 0x00, 0x08, 0x26, 0x2e, 0x1e, 0x04, 0x00,  //........................................................... 
  0x00, 0x00, 0x00, 0x00, 0x00, 0x00, 0x00, 0x00, 0x00, 0x00, 0x00, 0x00, 0x00, 0x00, 0x00, 0x00, 0x00, 0x00, 0x00, 0x00, 0x00, 0x00, 0x00, 0x00, 0x00, 0x00, 0x00, 0x00, 0x00, 0x00, 0x00, 0x00, 0x00, 0x00, 0x00, 0x00, 0x00, 0x00, 0x00, 0x00, 0x00, 0x00, 0x00, 0x00, 0x00, 0x00, 0x00, 0x00, 0x00, 0x00, 0x00, 0x00, 0x00, 0x00, 0x00, 0x00, 0x00, 0x00, 0x00,  //........................................................... 
  0x00, 0x00, 0x00, 0x00, 0x00, 0x00, 0x00, 0x00, 0x00, 0x00, 0x00, 0x00, 0x00, 0x00, 0x00, 0x00, 0x00, 0x00, 0x00, 0x00, 0x00, 0x00, 0x00, 0x00, 0x00, 0x00, 0x00, 0x00, 0x00, 0x00, 0x00, 0x00, 0x00, 0x00, 0x00, 0x00, 0x00, 0x00, 0x00, 0x00, 0x00, 0x00, 0x00, 0x00, 0x00, 0x00, 0x00, 0x00, 0x00, 0x00, 0x00, 0x00, 0x00, 0x00, 0x00, 0x00, 0x00, 0x00, 0x00,  //........................................................... 


  /*Unicode: U+3000 (　) , Width: 6 */
  0x00, 0x00, 0x00, 0x00, 0x00, 0x00,  //...... 
  0x00, 0x00, 0x00, 0x00, 0x00, 0x00,  //...... 
  0x00, 0x00, 0x00, 0x00, 0x00, 0x00,  //...... 
  0x00, 0x00, 0x00, 0x00, 0x00, 0x00,  //...... 
  0x00, 0x00, 0x00, 0x00, 0x00, 0x00,  //...... 
  0x00, 0x00, 0x00, 0x00, 0x00, 0x00,  //...... 
  0x00, 0x00, 0x00, 0x00, 0x00, 0x00,  //...... 
  0x00, 0x00, 0x00, 0x00, 0x00, 0x00,  //...... 
  0x00, 0x00, 0x00, 0x00, 0x00, 0x00,  //...... 
  0x00, 0x00, 0x00, 0x00, 0x00, 0x00,  //...... 
  0x00, 0x00, 0x00, 0x00, 0x00, 0x00,  //...... 
  0x00, 0x00, 0x00, 0x00, 0x00, 0x00,  //...... 
  0x00, 0x00, 0x00, 0x00, 0x00, 0x00,  //...... 
  0x00, 0x00, 0x00, 0x00, 0x00, 0x00,  //...... 
  0x00, 0x00, 0x00, 0x00, 0x00, 0x00,  //...... 
  0x00, 0x00, 0x00, 0x00, 0x00, 0x00,  //...... 
  0x00, 0x00, 0x00, 0x00, 0x00, 0x00,  //...... 
  0x00, 0x00, 0x00, 0x00, 0x00, 0x00,  //...... 
  0x00, 0x00, 0x00, 0x00, 0x00, 0x00,  //...... 
  0x00, 0x00, 0x00, 0x00, 0x00, 0x00,  //...... 
  0x00, 0x00, 0x00, 0x00, 0x00, 0x00,  //...... 


  /*Unicode: U+ac00 (가) , Width: 14 */
  0x00, 0x00, 0x00, 0x00, 0x00, 0x00, 0x00, 0x00, 0x00, 0x00, 0x00, 0x00, 0x00, 0x00,  //.............. 
  0x00, 0x00, 0x00, 0x00, 0x00, 0x00, 0x00, 0x00, 0x00, 0x00, 0x00, 0x00, 0x00, 0x00,  //.............. 
  0x00, 0x00, 0x00, 0x00, 0x00, 0x00, 0x00, 0x00, 0x00, 0x00, 0x00, 0x00, 0x00, 0x00,  //.............. 
  0x00, 0x00, 0x00, 0x00, 0x00, 0x00, 0x00, 0x00, 0x00, 0x4a, 0x92, 0x46, 0x00, 0x00,  //.........+%+.. 
  0x00, 0x1a, 0x22, 0x22, 0x22, 0x28, 0x42, 0x1a, 0x00, 0x82, 0xff, 0x7a, 0x00, 0x00,  //......+..%@+.. 
  0x00, 0xc2, 0xff, 0xff, 0xff, 0xff, 0xff, 0xbe, 0x00, 0x82, 0xff, 0x7a, 0x00, 0x00,  //.@@@@@@%.%@+.. 
  0x00, 0x56, 0x72, 0x72, 0x72, 0xba, 0xff, 0xaa, 0x00, 0x82, 0xff, 0x7a, 0x00, 0x00,  //.++++%@%.%@+.. 
  0x00, 0x00, 0x00, 0x00, 0x00, 0x72, 0xff, 0x80, 0x00, 0x82, 0xff, 0x7a, 0x00, 0x00,  //.....+@%.%@+.. 
  0x00, 0x00, 0x00, 0x00, 0x00, 0xbc, 0xff, 0x42, 0x00, 0x82, 0xff, 0xbe, 0x42, 0x1a,  //.....%@+.%@%+. 
  0x00, 0x00, 0x00, 0x00, 0x34, 0xff, 0xde, 0x02, 0x00, 0x82, 0xff, 0xff, 0xff, 0x6a,  //.....@@..%@@@+ 
  0x00, 0x00, 0x00, 0x0a, 0xd0, 0xff, 0x6c, 0x00, 0x00, 0x82, 0xff, 0xda, 0x5e, 0x26,  //....@@+..%@@+. 
  0x00, 0x00, 0x0e, 0xba, 0xff, 0xbe, 0x00, 0x00, 0x00, 0x82, 0xff, 0x7a, 0x00, 0x00,  //...%@%...%@+.. 
  0x00, 0x36, 0xd6, 0xff, 0xd4, 0x18, 0x00, 0x00, 0x00, 0x82, 0xff, 0x7a, 0x00, 0x00,  //..@@@....%@+.. 
  0x44, 0xfc, 0xff, 0xbc, 0x10, 0x00, 0x00, 0x00, 0x00, 0x82, 0xff, 0x7a, 0x00, 0x00,  //+@@%.....%@+.. 
  0x00, 0xa0, 0x5e, 0x00, 0x00, 0x00, 0x00, 0x00, 0x00, 0x82, 0xff, 0x7a, 0x00, 0x00,  //.%+......%@+.. 
  0x00, 0x00, 0x00, 0x00, 0x00, 0x00, 0x00, 0x00, 0x00, 0x82, 0xff, 0x7a, 0x00, 0x00,  //.........%@+.. 
  0x00, 0x00, 0x00, 0x00, 0x00, 0x00, 0x00, 0x00, 0x00, 0x82, 0xff, 0x7a, 0x00, 0x00,  //.........%@+.. 
  0x00, 0x00, 0x00, 0x00, 0x00, 0x00, 0x00, 0x00, 0x00, 0x28, 0x4e, 0x24, 0x00, 0x00,  //..........+... 
  0x00, 0x00, 0x00, 0x00, 0x00, 0x00, 0x00, 0x00, 0x00, 0x00, 0x00, 0x00, 0x00, 0x00,  //.............. 
  0x00, 0x00, 0x00, 0x00, 0x00, 0x00, 0x00, 0x00, 0x00, 0x00, 0x00, 0x00, 0x00, 0x00,  //.............. 
  0x00, 0x00, 0x00, 0x00, 0x00, 0x00, 0x00, 0x00, 0x00, 0x00, 0x00, 0x00, 0x00, 0x00,  //.............. 


  /*Unicode: U+ac04 (간) , Width: 14 */
  0x00, 0x00, 0x00, 0x00, 0x00, 0x00, 0x00, 0x00, 0x00, 0x00, 0x00, 0x00, 0x00, 0x00,  //.............. 
  0x00, 0x00, 0x00, 0x00, 0x00, 0x00, 0x00, 0x00, 0x00, 0x00, 0x00, 0x00, 0x00, 0x00,  //.............. 
  0x00, 0x00, 0x00, 0x00, 0x00, 0x00, 0x00, 0x00, 0x00, 0x00, 0x00, 0x00, 0x00, 0x00,  //.............. 
  0x00, 0x00, 0x00, 0x00, 0x00, 0x00, 0x00, 0x00, 0x00, 0x42, 0x8e, 0x4a, 0x00, 0x00,  //.........+%+.. 
  0x00, 0x74, 0x82, 0x82, 0x82, 0xae, 0xe2, 0x62, 0x00, 0x76, 0xff, 0x86, 0x00, 0x00,  //.+%%%%@+.+@%.. 
  0x00, 0xe2, 0xff, 0xff, 0xff, 0xff, 0xff, 0xaa, 0x00, 0x76, 0xff, 0x86, 0x00, 0x00,  //.@@@@@@%.+@%.. 
  0x00, 0x0c, 0x0e, 0x0e, 0x0e, 0x90, 0xff, 0x7e, 0x00, 0x76, 0xff, 0x86, 0x00, 0x00,  //.....%@+.+@%.. 
  0x00, 0x00, 0x00, 0x00, 0x0c, 0xe2, 0xff, 0x26, 0x00, 0x76, 0xff, 0xff, 0xae, 0x40,  //.....@@..+@@%+ 
  0x00, 0x00, 0x00, 0x0c, 0xb6, 0xff, 0x98, 0x00, 0x00, 0x76, 0xff, 0xff, 0xf2, 0x5a,  //....%@%..+@@@+ 
  0x00, 0x00, 0x4e, 0xd8, 0xff, 0xc0, 0x0a, 0x00, 0x00, 0x76, 0xff, 0x86, 0x00, 0x00,  //..+@@@...+@%.. 
  0x38, 0xde, 0xff, 0xfc, 0x96, 0x06, 0x00, 0x00, 0x00, 0x76, 0xff, 0x86, 0x00, 0x00,  //.@@@%....+@%.. 
  0x0a, 0xda, 0x9a, 0x2e, 0x00, 0x00, 0x00, 0x00, 0x00, 0x76, 0xff, 0x86, 0x00, 0x00,  //.@%......+@%.. 
  0x00, 0x00, 0x44, 0x9e, 0x58, 0x00, 0x00, 0x00, 0x00, 0x76, 0xff, 0x86, 0x00, 0x00,  //..+%+....+@%.. 
  0x00, 0x00, 0x6e, 0xff, 0x8e, 0x00, 0x00, 0x00, 0x00, 0x2c, 0x5e, 0x32, 0x00, 0x00,  //..+@%.....+... 
  0x00, 0x00, 0x6e, 0xff, 0x8e, 0x00, 0x00, 0x00, 0x00, 0x00, 0x00, 0x00, 0x00, 0x00,  //..+@%......... 
  0x00, 0x00, 0xa8, 0xff, 0xff, 0x82, 0x82, 0x82, 0x82, 0x82, 0x82, 0x82, 0x00, 0x00,  //..%@@%%%%%%%.. 
  0x00, 0x00, 0x84, 0xff, 0xff, 0xff, 0xff, 0xff, 0xff, 0xff, 0xff, 0xff, 0x02, 0x00,  //..%@@@@@@@@@.. 
  0x00, 0x00, 0x08, 0x16, 0x16, 0x16, 0x16, 0x16, 0x16, 0x16, 0x16, 0x16, 0x00, 0x00,  //.............. 
  0x00, 0x00, 0x00, 0x00, 0x00, 0x00, 0x00, 0x00, 0x00, 0x00, 0x00, 0x00, 0x00, 0x00,  //.............. 
  0x00, 0x00, 0x00, 0x00, 0x00, 0x00, 0x00, 0x00, 0x00, 0x00, 0x00, 0x00, 0x00, 0x00,  //.............. 
  0x00, 0x00, 0x00, 0x00, 0x00, 0x00, 0x00, 0x00, 0x00, 0x00, 0x00, 0x00, 0x00, 0x00,  //.............. 


  /*Unicode: U+ac11 (갑) , Width: 14 */
  0x00, 0x00, 0x00, 0x00, 0x00, 0x00, 0x00, 0x00, 0x00, 0x00, 0x00, 0x00, 0x00, 0x00,  //.............. 
  0x00, 0x00, 0x00, 0x00, 0x00, 0x00, 0x00, 0x00, 0x00, 0x00, 0x00, 0x00, 0x00, 0x00,  //.............. 
  0x00, 0x00, 0x00, 0x00, 0x00, 0x00, 0x00, 0x00, 0x00, 0x00, 0x00, 0x00, 0x00, 0x00,  //.............. 
  0x00, 0x00, 0x00, 0x00, 0x00, 0x00, 0x00, 0x00, 0x00, 0x42, 0x8e, 0x4a, 0x00, 0x00,  //.........+%+.. 
  0x00, 0x9a, 0xd2, 0xd2, 0xd2, 0xff, 0xff, 0x8c, 0x00, 0x76, 0xff, 0x86, 0x00, 0x00,  //.%@@@@@%.+@%.. 
  0x00, 0x8c, 0xbe, 0xbe, 0xbe, 0xff, 0xff, 0x92, 0x00, 0x76, 0xff, 0x86, 0x00, 0x00,  //.%%%%@@%.+@%.. 
  0x00, 0x00, 0x00, 0x00, 0x00, 0xbe, 0xff, 0x50, 0x00, 0x76, 0xff, 0xff, 0x92, 0x36,  //.....%@+.+@@%. 
  0x00, 0x00, 0x00, 0x00, 0x60, 0xff, 0xdc, 0x04, 0x00, 0x76, 0xff, 0xff, 0xff, 0x5e,  //....+@@..+@@@+ 
  0x00, 0x00, 0x1a, 0x94, 0xfc, 0xf4, 0x36, 0x00, 0x00, 0x76, 0xff, 0x92, 0x0a, 0x02,  //...%@@...+@%.. 
  0x32, 0xbe, 0xfa, 0xff, 0xd8, 0x30, 0x00, 0x00, 0x00, 0x76, 0xff, 0x86, 0x00, 0x00,  //.%@@@....+@%.. 
  0x10, 0xee, 0xbe, 0x5e, 0x02, 0x00, 0x00, 0x00, 0x00, 0x70, 0xf2, 0x80, 0x00, 0x00,  //.@%+.....+@%.. 
  0x00, 0x06, 0x40, 0x7a, 0x36, 0x00, 0x00, 0x00, 0x00, 0x34, 0x7a, 0x40, 0x00, 0x00,  //..++......++.. 
  0x00, 0x00, 0x86, 0xff, 0x8a, 0x2a, 0x2a, 0x2a, 0x2a, 0x86, 0xff, 0x86, 0x00, 0x00,  //..%@%....%@%.. 
  0x00, 0x00, 0x86, 0xff, 0xff, 0xff, 0xff, 0xff, 0xff, 0xff, 0xff, 0x86, 0x00, 0x00,  //..%@@@@@@@@%.. 
  0x00, 0x00, 0x86, 0xff, 0xa4, 0x5a, 0x5a, 0x5a, 0x5a, 0xa2, 0xff, 0x86, 0x00, 0x00,  //..%@%++++%@%.. 
  0x00, 0x00, 0x86, 0xff, 0xaa, 0x66, 0x66, 0x66, 0x66, 0xa8, 0xff, 0x86, 0x00, 0x00,  //..%@%++++%@%.. 
  0x00, 0x00, 0x86, 0xff, 0xff, 0xff, 0xff, 0xff, 0xff, 0xff, 0xff, 0x86, 0x00, 0x00,  //..%@@@@@@@@%.. 
  0x00, 0x00, 0x18, 0x2e, 0x2e, 0x2e, 0x2e, 0x2e, 0x2e, 0x2e, 0x2e, 0x18, 0x00, 0x00,  //.............. 
  0x00, 0x00, 0x00, 0x00, 0x00, 0x00, 0x00, 0x00, 0x00, 0x00, 0x00, 0x00, 0x00, 0x00,  //.............. 
  0x00, 0x00, 0x00, 0x00, 0x00, 0x00, 0x00, 0x00, 0x00, 0x00, 0x00, 0x00, 0x00, 0x00,  //.............. 
  0x00, 0x00, 0x00, 0x00, 0x00, 0x00, 0x00, 0x00, 0x00, 0x00, 0x00, 0x00, 0x00, 0x00,  //.............. 


  /*Unicode: U+ac1c (개) , Width: 13 */
  0x00, 0x00, 0x00, 0x00, 0x00, 0x00, 0x00, 0x00, 0x00, 0x00, 0x00, 0x00, 0x00,  //............. 
  0x00, 0x00, 0x00, 0x00, 0x00, 0x00, 0x00, 0x00, 0x00, 0x00, 0x00, 0x00, 0x00,  //............. 
  0x00, 0x00, 0x00, 0x00, 0x00, 0x00, 0x00, 0x00, 0x00, 0x00, 0x00, 0x00, 0x00,  //............. 
  0x00, 0x00, 0x00, 0x00, 0x00, 0x00, 0x00, 0x18, 0x32, 0x12, 0x36, 0x8e, 0x46,  //...........%+ 
  0x00, 0x00, 0x00, 0x00, 0x00, 0x00, 0x00, 0x7a, 0xff, 0x62, 0x62, 0xff, 0x7e,  //.......+@++@+ 
  0x00, 0xbe, 0xda, 0xda, 0xff, 0xff, 0x7c, 0x7a, 0xff, 0x62, 0x62, 0xff, 0x7e,  //.%@@@@++@++@+ 
  0x00, 0xa2, 0xba, 0xba, 0xff, 0xff, 0x7a, 0x7a, 0xff, 0x62, 0x62, 0xff, 0x7e,  //.%%%@@++@++@+ 
  0x00, 0x00, 0x00, 0x00, 0x7c, 0xff, 0x64, 0x7a, 0xff, 0x62, 0x62, 0xff, 0x7e,  //....+@++@++@+ 
  0x00, 0x00, 0x00, 0x00, 0xb8, 0xff, 0x36, 0x7a, 0xff, 0xb6, 0xb6, 0xff, 0x7e,  //....%@.+@%%@+ 
  0x00, 0x00, 0x00, 0x1c, 0xfa, 0xe6, 0x02, 0x7a, 0xff, 0xff, 0xff, 0xff, 0x7e,  //....@@.+@@@@+ 
  0x00, 0x00, 0x00, 0xac, 0xff, 0x7c, 0x00, 0x7a, 0xff, 0xa6, 0xa6, 0xff, 0x7e,  //...%@+.+@%%@+ 
  0x00, 0x00, 0x82, 0xff, 0xda, 0x08, 0x00, 0x7a, 0xff, 0x62, 0x62, 0xff, 0x7e,  //..%@@..+@++@+ 
  0x0e, 0xa2, 0xff, 0xec, 0x2a, 0x00, 0x00, 0x7a, 0xff, 0x62, 0x62, 0xff, 0x7e,  //.%@@...+@++@+ 
  0x3a, 0xf8, 0xd6, 0x26, 0x00, 0x00, 0x00, 0x7a, 0xff, 0x62, 0x62, 0xff, 0x7e,  //.@@....+@++@+ 
  0x00, 0x3c, 0x06, 0x00, 0x00, 0x00, 0x00, 0x7a, 0xff, 0x62, 0x62, 0xff, 0x7e,  //.......+@++@+ 
  0x00, 0x00, 0x00, 0x00, 0x00, 0x00, 0x00, 0x7a, 0xff, 0x62, 0x62, 0xff, 0x7e,  //.......+@++@+ 
  0x00, 0x00, 0x00, 0x00, 0x00, 0x00, 0x00, 0x58, 0xb6, 0x46, 0x62, 0xff, 0x7e,  //.......+%++@+ 
  0x00, 0x00, 0x00, 0x00, 0x00, 0x00, 0x00, 0x00, 0x00, 0x00, 0x1e, 0x4e, 0x26,  //...........+. 
  0x00, 0x00, 0x00, 0x00, 0x00, 0x00, 0x00, 0x00, 0x00, 0x00, 0x00, 0x00, 0x00,  //............. 
  0x00, 0x00, 0x00, 0x00, 0x00, 0x00, 0x00, 0x00, 0x00, 0x00, 0x00, 0x00, 0x00,  //............. 
  0x00, 0x00, 0x00, 0x00, 0x00, 0x00, 0x00, 0x00, 0x00, 0x00, 0x00, 0x00, 0x00,  //............. 


  /*Unicode: U+ac70 (거) , Width: 13 */
  0x00, 0x00, 0x00, 0x00, 0x00, 0x00, 0x00, 0x00, 0x00, 0x00, 0x00, 0x00, 0x00,  //............. 
  0x00, 0x00, 0x00, 0x00, 0x00, 0x00, 0x00, 0x00, 0x00, 0x00, 0x00, 0x00, 0x00,  //............. 
  0x00, 0x00, 0x00, 0x00, 0x00, 0x00, 0x00, 0x00, 0x00, 0x00, 0x00, 0x00, 0x00,  //............. 
  0x00, 0x00, 0x00, 0x00, 0x00, 0x00, 0x00, 0x00, 0x00, 0x00, 0x6c, 0x8e, 0x1e,  //..........+%. 
  0x00, 0x1a, 0x1e, 0x1e, 0x1e, 0x28, 0x36, 0x12, 0x00, 0x00, 0xc2, 0xff, 0x36,  //..........@@. 
  0x00, 0xe2, 0xff, 0xff, 0xff, 0xff, 0xff, 0x9e, 0x00, 0x00, 0xc2, 0xff, 0x36,  //.@@@@@@%..@@. 
  0x00, 0x66, 0x72, 0x72, 0x72, 0xd6, 0xff, 0x8c, 0x00, 0x00, 0xc2, 0xff, 0x36,  //.++++@@%..@@. 
  0x00, 0x00, 0x00, 0x00, 0x00, 0x8a, 0xff, 0x68, 0x00, 0x00, 0xc2, 0xff, 0x36,  //.....%@+..@@. 
  0x00, 0x00, 0x00, 0x00, 0x00, 0xce, 0xff, 0x48, 0x3e, 0x3e, 0xff, 0xff, 0x36,  //.....@@+..@@. 
  0x00, 0x00, 0x00, 0x00, 0x3c, 0xff, 0xd8, 0x6e, 0xff, 0xff, 0xff, 0xff, 0x36,  //.....@@+@@@@. 
  0x00, 0x00, 0x00, 0x08, 0xd4, 0xff, 0x64, 0x28, 0x5e, 0x5e, 0xff, 0xff, 0x36,  //....@@+.++@@. 
  0x00, 0x00, 0x0a, 0xba, 0xff, 0xc0, 0x00, 0x00, 0x00, 0x00, 0xc2, 0xff, 0x36,  //...%@@....@@. 
  0x00, 0x34, 0xd6, 0xff, 0xd4, 0x12, 0x00, 0x00, 0x00, 0x00, 0xc2, 0xff, 0x36,  //..@@@.....@@. 
  0x48, 0xfc, 0xff, 0xb4, 0x10, 0x00, 0x00, 0x00, 0x00, 0x00, 0xc2, 0xff, 0x36,  //+@@%......@@. 
  0x02, 0xac, 0x5a, 0x00, 0x00, 0x00, 0x00, 0x00, 0x00, 0x00, 0xc2, 0xff, 0x36,  //.%+.......@@. 
  0x00, 0x00, 0x00, 0x00, 0x00, 0x00, 0x00, 0x00, 0x00, 0x00, 0xc2, 0xff, 0x36,  //..........@@. 
  0x00, 0x00, 0x00, 0x00, 0x00, 0x00, 0x00, 0x00, 0x00, 0x00, 0xc2, 0xff, 0x36,  //..........@@. 
  0x00, 0x00, 0x00, 0x00, 0x00, 0x00, 0x00, 0x00, 0x00, 0x00, 0x3e, 0x52, 0x10,  //...........+. 
  0x00, 0x00, 0x00, 0x00, 0x00, 0x00, 0x00, 0x00, 0x00, 0x00, 0x00, 0x00, 0x00,  //............. 
  0x00, 0x00, 0x00, 0x00, 0x00, 0x00, 0x00, 0x00, 0x00, 0x00, 0x00, 0x00, 0x00,  //............. 
  0x00, 0x00, 0x00, 0x00, 0x00, 0x00, 0x00, 0x00, 0x00, 0x00, 0x00, 0x00, 0x00,  //............. 


  /*Unicode: U+ac74 (건) , Width: 13 */
  0x00, 0x00, 0x00, 0x00, 0x00, 0x00, 0x00, 0x00, 0x00, 0x00, 0x00, 0x00, 0x00,  //............. 
  0x00, 0x00, 0x00, 0x00, 0x00, 0x00, 0x00, 0x00, 0x00, 0x00, 0x00, 0x00, 0x00,  //............. 
  0x00, 0x00, 0x00, 0x00, 0x00, 0x00, 0x00, 0x00, 0x00, 0x00, 0x00, 0x00, 0x00,  //............. 
  0x00, 0x00, 0x00, 0x00, 0x00, 0x00, 0x00, 0x00, 0x00, 0x00, 0x6c, 0x8e, 0x20,  //..........+%. 
  0x00, 0x42, 0x82, 0x82, 0x82, 0x94, 0xff, 0x88, 0x00, 0x00, 0xc2, 0xff, 0x3a,  //.+%%%%@%..@@. 
  0x00, 0x82, 0xff, 0xff, 0xff, 0xff, 0xff, 0xf6, 0x00, 0x00, 0xc2, 0xff, 0x3a,  //.%@@@@@@..@@. 
  0x00, 0x06, 0x0e, 0x0e, 0x0e, 0x62, 0xff, 0xac, 0x00, 0x00, 0xc2, 0xff, 0x3a,  //.....+@%..@@. 
  0x00, 0x00, 0x00, 0x00, 0x00, 0xbe, 0xff, 0x68, 0x82, 0x82, 0xff, 0xff, 0x3a,  //.....%@+%%@@. 
  0x00, 0x00, 0x00, 0x00, 0x80, 0xff, 0xc8, 0x28, 0xff, 0xff, 0xff, 0xff, 0x3a,  //....%@@.@@@@. 
  0x00, 0x00, 0x18, 0xa4, 0xff, 0xe4, 0x24, 0x02, 0x16, 0x16, 0xce, 0xff, 0x3a,  //...%@@....@@. 
  0x0e, 0x9e, 0xf4, 0xff, 0xd0, 0x24, 0x00, 0x00, 0x00, 0x00, 0xc2, 0xff, 0x3a,  //.%@@@.....@@. 
  0x00, 0xca, 0xde, 0x70, 0x02, 0x00, 0x00, 0x00, 0x00, 0x00, 0xc2, 0xff, 0x3a,  //.@@+......@@. 
  0x00, 0x14, 0x00, 0x5a, 0x6a, 0x0c, 0x00, 0x00, 0x00, 0x00, 0xc2, 0xff, 0x3a,  //...++.....@@. 
  0x00, 0x00, 0x00, 0xda, 0xff, 0x1e, 0x00, 0x00, 0x00, 0x00, 0x70, 0x92, 0x20,  //...@@.....+%. 
  0x00, 0x00, 0x00, 0xda, 0xff, 0x1e, 0x00, 0x00, 0x00, 0x00, 0x00, 0x00, 0x00,  //...@@........ 
  0x00, 0x00, 0x00, 0xff, 0xff, 0xa2, 0x82, 0x82, 0x82, 0x82, 0x82, 0x82, 0x4a,  //...@@%%%%%%%+ 
  0x00, 0x00, 0x00, 0xff, 0xff, 0xff, 0xff, 0xff, 0xff, 0xff, 0xff, 0xff, 0x92,  //...@@@@@@@@@% 
  0x00, 0x00, 0x00, 0x12, 0x16, 0x16, 0x16, 0x16, 0x16, 0x16, 0x16, 0x16, 0x0c,  //............. 
  0x00, 0x00, 0x00, 0x00, 0x00, 0x00, 0x00, 0x00, 0x00, 0x00, 0x00, 0x00, 0x00,  //............. 
  0x00, 0x00, 0x00, 0x00, 0x00, 0x00, 0x00, 0x00, 0x00, 0x00, 0x00, 0x00, 0x00,  //............. 
  0x00, 0x00, 0x00, 0x00, 0x00, 0x00, 0x00, 0x00, 0x00, 0x00, 0x00, 0x00, 0x00,  //............. 


  /*Unicode: U+ac8c (게) , Width: 13 */
  0x00, 0x00, 0x00, 0x00, 0x00, 0x00, 0x00, 0x00, 0x00, 0x00, 0x00, 0x00, 0x00,  //............. 
  0x00, 0x00, 0x00, 0x00, 0x00, 0x00, 0x00, 0x00, 0x00, 0x00, 0x00, 0x00, 0x00,  //............. 
  0x00, 0x00, 0x00, 0x00, 0x00, 0x00, 0x00, 0x00, 0x00, 0x00, 0x00, 0x00, 0x00,  //............. 
  0x00, 0x00, 0x00, 0x00, 0x00, 0x00, 0x00, 0x10, 0x42, 0x26, 0x2e, 0x8e, 0x50,  //........+..%+ 
  0x00, 0x00, 0x00, 0x00, 0x00, 0x00, 0x00, 0x42, 0xff, 0x96, 0x52, 0xff, 0x8e,  //.......+@%+@% 
  0x00, 0xbe, 0xee, 0xee, 0xff, 0xff, 0x90, 0x42, 0xff, 0x96, 0x52, 0xff, 0x8e,  //.%@@@@%+@%+@% 
  0x00, 0x88, 0xaa, 0xaa, 0xff, 0xff, 0x8c, 0x42, 0xff, 0x96, 0x52, 0xff, 0x8e,  //.%%%@@%+@%+@% 
  0x00, 0x00, 0x00, 0x00, 0x7a, 0xff, 0x6a, 0x42, 0xff, 0x96, 0x52, 0xff, 0x8e,  //....+@++@%+@% 
  0x00, 0x00, 0x00, 0x00, 0xb8, 0xff, 0x76, 0x82, 0xff, 0x96, 0x52, 0xff, 0x8e,  //....%@+%@%+@% 
  0x00, 0x00, 0x00, 0x20, 0xfc, 0xff, 0xff, 0xff, 0xff, 0x96, 0x52, 0xff, 0x8e,  //....@@@@@%+@% 
  0x00, 0x00, 0x00, 0xb6, 0xff, 0xbe, 0x56, 0x9a, 0xff, 0x96, 0x52, 0xff, 0x8e,  //...%@%+%@%+@% 
  0x00, 0x00, 0x90, 0xff, 0xd2, 0x04, 0x00, 0x42, 0xff, 0x96, 0x52, 0xff, 0x8e,  //..%@@..+@%+@% 
  0x14, 0xb0, 0xff, 0xe2, 0x20, 0x00, 0x00, 0x42, 0xff, 0x96, 0x52, 0xff, 0x8e,  //.%@@...+@%+@% 
  0x36, 0xf8, 0xc6, 0x20, 0x00, 0x00, 0x00, 0x42, 0xff, 0x96, 0x52, 0xff, 0x8e,  //.@@....+@%+@% 
  0x00, 0x32, 0x02, 0x00, 0x00, 0x00, 0x00, 0x42, 0xff, 0x96, 0x52, 0xff, 0x8e,  //.......+@%+@% 
  0x00, 0x00, 0x00, 0x00, 0x00, 0x00, 0x00, 0x42, 0xff, 0x96, 0x52, 0xff, 0x8e,  //.......+@%+@% 
  0x00, 0x00, 0x00, 0x00, 0x00, 0x00, 0x00, 0x2e, 0xb2, 0x68, 0x52, 0xff, 0x8e,  //........%++@% 
  0x00, 0x00, 0x00, 0x00, 0x00, 0x00, 0x00, 0x00, 0x00, 0x00, 0x18, 0x4e, 0x2c,  //...........+. 
  0x00, 0x00, 0x00, 0x00, 0x00, 0x00, 0x00, 0x00, 0x00, 0x00, 0x00, 0x00, 0x00,  //............. 
  0x00, 0x00, 0x00, 0x00, 0x00, 0x00, 0x00, 0x00, 0x00, 0x00, 0x00, 0x00, 0x00,  //............. 
  0x00, 0x00, 0x00, 0x00, 0x00, 0x00, 0x00, 0x00, 0x00, 0x00, 0x00, 0x00, 0x00,  //............. 


  /*Unicode: U+acb0 (결) , Width: 13 */
  0x00, 0x00, 0x00, 0x00, 0x00, 0x00, 0x00, 0x00, 0x00, 0x00, 0x00, 0x00, 0x00,  //............. 
  0x00, 0x00, 0x00, 0x00, 0x00, 0x00, 0x00, 0x00, 0x00, 0x00, 0x00, 0x00, 0x00,  //............. 
  0x00, 0x00, 0x00, 0x00, 0x00, 0x00, 0x00, 0x00, 0x00, 0x00, 0x00, 0x00, 0x00,  //............. 
  0x00, 0x04, 0x0a, 0x0a, 0x0a, 0x0e, 0x10, 0x08, 0x00, 0x00, 0x6c, 0x8e, 0x20,  //..........+%. 
  0x00, 0x6a, 0xff, 0xff, 0xff, 0xff, 0xff, 0xb8, 0x00, 0x00, 0xc2, 0xff, 0x3a,  //.+@@@@@%..@@. 
  0x00, 0x3a, 0x8a, 0x8a, 0x8a, 0xff, 0xff, 0xff, 0xd2, 0xd2, 0xff, 0xff, 0x3a,  //..%%%@@@@@@@. 
  0x00, 0x00, 0x00, 0x00, 0x00, 0xc2, 0xff, 0xce, 0xae, 0xae, 0xff, 0xff, 0x3a,  //.....@@@%%@@. 
  0x00, 0x00, 0x00, 0x02, 0x8a, 0xff, 0xca, 0x1e, 0x1e, 0x1e, 0xd0, 0xff, 0x3a,  //....%@@...@@. 
  0x00, 0x10, 0x5c, 0xcc, 0xff, 0xdc, 0x22, 0xd6, 0xff, 0xff, 0xff, 0xff, 0x3a,  //..+@@@.@@@@@. 
  0x10, 0xf6, 0xff, 0xf8, 0x9a, 0x12, 0x00, 0x50, 0x5e, 0x5e, 0xea, 0xff, 0x3a,  //.@@@%..+++@@. 
  0x00, 0x78, 0x6a, 0x2c, 0x12, 0x12, 0x12, 0x12, 0x12, 0x12, 0x62, 0x7a, 0x1c,  //.++.......++. 
  0x00, 0x00, 0x00, 0xee, 0xff, 0xff, 0xff, 0xff, 0xff, 0xff, 0xff, 0xff, 0x3a,  //...@@@@@@@@@. 
  0x00, 0x00, 0x00, 0x6e, 0x76, 0x76, 0x76, 0x76, 0x76, 0x76, 0xde, 0xff, 0x3a,  //...+++++++@@. 
  0x00, 0x00, 0x00, 0xac, 0xba, 0xba, 0xba, 0xba, 0xba, 0xba, 0xee, 0xff, 0x3a,  //...%%%%%%%@@. 
  0x00, 0x00, 0x00, 0xea, 0xff, 0xc2, 0xbe, 0xbe, 0xbe, 0xbe, 0xbe, 0xbe, 0x2c,  //...@@@%%%%%%. 
  0x00, 0x00, 0x00, 0xff, 0xff, 0x6e, 0x5e, 0x5e, 0x5e, 0x5e, 0x5e, 0x5e, 0x30,  //...@@+++++++. 
  0x00, 0x00, 0x00, 0xff, 0xff, 0xff, 0xff, 0xff, 0xff, 0xff, 0xff, 0xff, 0x82,  //...@@@@@@@@@% 
  0x00, 0x00, 0x00, 0x2e, 0x32, 0x32, 0x32, 0x32, 0x32, 0x32, 0x32, 0x32, 0x18,  //............. 
  0x00, 0x00, 0x00, 0x00, 0x00, 0x00, 0x00, 0x00, 0x00, 0x00, 0x00, 0x00, 0x00,  //............. 
  0x00, 0x00, 0x00, 0x00, 0x00, 0x00, 0x00, 0x00, 0x00, 0x00, 0x00, 0x00, 0x00,  //............. 
  0x00, 0x00, 0x00, 0x00, 0x00, 0x00, 0x00, 0x00, 0x00, 0x00, 0x00, 0x00, 0x00,  //............. 


  /*Unicode: U+acbd (경) , Width: 13 */
  0x00, 0x00, 0x00, 0x00, 0x00, 0x00, 0x00, 0x00, 0x00, 0x00, 0x00, 0x00, 0x00,  //............. 
  0x00, 0x00, 0x00, 0x00, 0x00, 0x00, 0x00, 0x00, 0x00, 0x00, 0x00, 0x00, 0x00,  //............. 
  0x00, 0x00, 0x00, 0x00, 0x00, 0x00, 0x00, 0x00, 0x00, 0x00, 0x00, 0x00, 0x00,  //............. 
  0x00, 0x00, 0x00, 0x00, 0x00, 0x00, 0x00, 0x00, 0x00, 0x00, 0x6c, 0x8e, 0x20,  //..........+%. 
  0x00, 0x54, 0x9e, 0x9e, 0x9e, 0xcc, 0xff, 0x90, 0x00, 0x00, 0xc2, 0xff, 0x3a,  //.+%%%@@%..@@. 
  0x00, 0x82, 0xf6, 0xf6, 0xf6, 0xff, 0xff, 0xff, 0x5a, 0x5a, 0xf6, 0xff, 0x3a,  //.%@@@@@@++@@. 
  0x00, 0x00, 0x00, 0x00, 0x00, 0x76, 0xff, 0xff, 0xff, 0xff, 0xff, 0xff, 0x3a,  //.....+@@@@@@. 
  0x00, 0x00, 0x00, 0x00, 0x0a, 0xdc, 0xff, 0x52, 0x32, 0x32, 0xe0, 0xff, 0x3a,  //.....@@+..@@. 
  0x00, 0x00, 0x00, 0x0e, 0xb8, 0xff, 0x98, 0x66, 0x7e, 0x7e, 0xfc, 0xff, 0x3a,  //....%@%+++@@. 
  0x00, 0x14, 0x70, 0xe6, 0xff, 0xb0, 0x08, 0xce, 0xff, 0xff, 0xff, 0xff, 0x3a,  //..+@@%.@@@@@. 
  0x16, 0xf6, 0xff, 0xec, 0x6e, 0x02, 0x00, 0x14, 0x1a, 0x1a, 0xce, 0xff, 0x3a,  //.@@@+.....@@. 
  0x00, 0x76, 0x5e, 0x0c, 0x00, 0x1e, 0x4e, 0x5e, 0x54, 0x2c, 0x52, 0x6a, 0x18,  //.++...+++.++. 
  0x00, 0x00, 0x00, 0x1e, 0xbc, 0xff, 0xff, 0xff, 0xff, 0xff, 0xda, 0x42, 0x00,  //....%@@@@@@+. 
  0x00, 0x00, 0x00, 0xce, 0xff, 0x96, 0x42, 0x2a, 0x3a, 0x72, 0xf4, 0xf4, 0x18,  //...@@%+..+@@. 
  0x00, 0x00, 0x04, 0xfc, 0xf4, 0x00, 0x00, 0x00, 0x00, 0x00, 0xb6, 0xff, 0x42,  //...@@.....%@+ 
  0x00, 0x00, 0x00, 0xbc, 0xff, 0xb6, 0x62, 0x4c, 0x5c, 0x94, 0xfc, 0xea, 0x10,  //...%@%+++%@@. 
  0x00, 0x00, 0x00, 0x0e, 0x9c, 0xf6, 0xff, 0xff, 0xff, 0xfc, 0xbc, 0x2a, 0x00,  //....%@@@@@%.. 
  0x00, 0x00, 0x00, 0x00, 0x00, 0x06, 0x2e, 0x3e, 0x34, 0x0e, 0x00, 0x00, 0x00,  //............. 
  0x00, 0x00, 0x00, 0x00, 0x00, 0x00, 0x00, 0x00, 0x00, 0x00, 0x00, 0x00, 0x00,  //............. 
  0x00, 0x00, 0x00, 0x00, 0x00, 0x00, 0x00, 0x00, 0x00, 0x00, 0x00, 0x00, 0x00,  //............. 
  0x00, 0x00, 0x00, 0x00, 0x00, 0x00, 0x00, 0x00, 0x00, 0x00, 0x00, 0x00, 0x00,  //............. 


  /*Unicode: U+ace0 (고) , Width: 14 */
  0x00, 0x00, 0x00, 0x00, 0x00, 0x00, 0x00, 0x00, 0x00, 0x00, 0x00, 0x00, 0x00, 0x00,  //.............. 
  0x00, 0x00, 0x00, 0x00, 0x00, 0x00, 0x00, 0x00, 0x00, 0x00, 0x00, 0x00, 0x00, 0x00,  //.............. 
  0x00, 0x00, 0x00, 0x00, 0x00, 0x00, 0x00, 0x00, 0x00, 0x00, 0x00, 0x00, 0x00, 0x00,  //.............. 
  0x00, 0x00, 0x00, 0x00, 0x00, 0x00, 0x00, 0x00, 0x00, 0x00, 0x00, 0x00, 0x00, 0x00,  //.............. 
  0x00, 0x08, 0x62, 0x62, 0x62, 0x62, 0x62, 0x62, 0x62, 0x66, 0xa6, 0x60, 0x00, 0x00,  //..++++++++%+.. 
  0x00, 0x16, 0xff, 0xff, 0xff, 0xff, 0xff, 0xff, 0xff, 0xff, 0xff, 0xfa, 0x00, 0x00,  //..@@@@@@@@@@.. 
  0x00, 0x02, 0x32, 0x32, 0x32, 0x32, 0x32, 0x32, 0x32, 0x3c, 0xff, 0xf8, 0x00, 0x00,  //..........@@.. 
  0x00, 0x00, 0x00, 0x00, 0x00, 0x00, 0x00, 0x00, 0x00, 0x0c, 0xff, 0xf2, 0x00, 0x00,  //..........@@.. 
  0x00, 0x00, 0x00, 0x00, 0x00, 0x00, 0x00, 0x00, 0x00, 0x14, 0xff, 0xe6, 0x00, 0x00,  //..........@@.. 
  0x00, 0x00, 0x00, 0x00, 0x00, 0xae, 0xba, 0x0a, 0x00, 0x26, 0xff, 0xd8, 0x00, 0x00,  //.....%%...@@.. 
  0x00, 0x00, 0x00, 0x00, 0x00, 0xee, 0xff, 0x0e, 0x00, 0x40, 0xff, 0xc0, 0x00, 0x00,  //.....@@..+@@.. 
  0x00, 0x00, 0x00, 0x00, 0x00, 0xee, 0xff, 0x0e, 0x00, 0x68, 0xff, 0x9e, 0x00, 0x00,  //.....@@..+@%.. 
  0x00, 0x00, 0x00, 0x00, 0x00, 0xee, 0xff, 0x0e, 0x00, 0x38, 0x7e, 0x46, 0x00, 0x00,  //.....@@...++.. 
  0x00, 0x00, 0x00, 0x00, 0x00, 0xee, 0xff, 0x0e, 0x00, 0x00, 0x00, 0x00, 0x00, 0x00,  //.....@@....... 
  0x5e, 0xf6, 0xf6, 0xf6, 0xf6, 0xff, 0xff, 0xff, 0xf6, 0xf6, 0xf6, 0xf6, 0xf6, 0x2c,  //+@@@@@@@@@@@@. 
  0x40, 0xa6, 0xa6, 0xa6, 0xa6, 0xa6, 0xa6, 0xa6, 0xa6, 0xa6, 0xa6, 0xa6, 0xa6, 0x1e,  //+%%%%%%%%%%%%. 
  0x00, 0x00, 0x00, 0x00, 0x00, 0x00, 0x00, 0x00, 0x00, 0x00, 0x00, 0x00, 0x00, 0x00,  //.............. 
  0x00, 0x00, 0x00, 0x00, 0x00, 0x00, 0x00, 0x00, 0x00, 0x00, 0x00, 0x00, 0x00, 0x00,  //.............. 
  0x00, 0x00, 0x00, 0x00, 0x00, 0x00, 0x00, 0x00, 0x00, 0x00, 0x00, 0x00, 0x00, 0x00,  //.............. 
  0x00, 0x00, 0x00, 0x00, 0x00, 0x00, 0x00, 0x00, 0x00, 0x00, 0x00, 0x00, 0x00, 0x00,  //.............. 
  0x00, 0x00, 0x00, 0x00, 0x00, 0x00, 0x00, 0x00, 0x00, 0x00, 0x00, 0x00, 0x00, 0x00,  //.............. 


  /*Unicode: U+acfc (과) , Width: 14 */
  0x00, 0x00, 0x00, 0x00, 0x00, 0x00, 0x00, 0x00, 0x00, 0x00, 0x00, 0x00, 0x00, 0x00,  //.............. 
  0x00, 0x00, 0x00, 0x00, 0x00, 0x00, 0x00, 0x00, 0x00, 0x00, 0x00, 0x00, 0x00, 0x00,  //.............. 
  0x00, 0x00, 0x00, 0x00, 0x00, 0x00, 0x00, 0x00, 0x00, 0x00, 0x00, 0x00, 0x00, 0x00,  //.............. 
  0x00, 0x00, 0x00, 0x00, 0x00, 0x00, 0x00, 0x00, 0x00, 0x40, 0x8e, 0x48, 0x00, 0x00,  //.........+%+.. 
  0x00, 0x26, 0x2e, 0x2e, 0x2e, 0x2e, 0x4c, 0x38, 0x10, 0x72, 0xff, 0x82, 0x00, 0x00,  //......+..+@%.. 
  0x00, 0xce, 0xff, 0xff, 0xff, 0xff, 0xff, 0xff, 0x5a, 0x72, 0xff, 0x82, 0x00, 0x00,  //.@@@@@@@++@%.. 
  0x00, 0x52, 0x66, 0x66, 0x66, 0x66, 0xff, 0xff, 0x58, 0x72, 0xff, 0x82, 0x00, 0x00,  //.+++++@@++@%.. 
  0x00, 0x00, 0x00, 0x00, 0x00, 0x00, 0xa4, 0xff, 0x52, 0x72, 0xff, 0x82, 0x00, 0x00,  //......%@++@%.. 
  0x00, 0x00, 0x00, 0x36, 0x32, 0x00, 0xb0, 0xff, 0x44, 0x72, 0xff, 0x82, 0x00, 0x00,  //......%@++@%.. 
  0x00, 0x00, 0x02, 0xff, 0xee, 0x00, 0xc4, 0xff, 0x30, 0x72, 0xff, 0xff, 0xfa, 0x60,  //...@@.@@.+@@@+ 
  0x00, 0x00, 0x02, 0xff, 0xee, 0x00, 0xe6, 0xff, 0x10, 0x72, 0xff, 0xff, 0xa6, 0x40,  //...@@.@@.+@@%+ 
  0x00, 0x00, 0x02, 0xff, 0xee, 0x00, 0x24, 0x3a, 0x00, 0x72, 0xff, 0x82, 0x00, 0x00,  //...@@....+@%.. 
  0x0a, 0x18, 0x1c, 0xff, 0xff, 0x30, 0x40, 0x56, 0x62, 0x72, 0xff, 0x82, 0x00, 0x00,  //...@@.++++@%.. 
  0x6e, 0xff, 0xff, 0xff, 0xff, 0xff, 0xff, 0xff, 0xf6, 0x72, 0xff, 0x82, 0x00, 0x00,  //+@@@@@@@@+@%.. 
  0x2e, 0x84, 0x80, 0x7a, 0x6e, 0x60, 0x4a, 0x2a, 0x0a, 0x72, 0xff, 0x82, 0x00, 0x00,  //.%%++++..+@%.. 
  0x00, 0x00, 0x00, 0x00, 0x00, 0x00, 0x00, 0x00, 0x00, 0x72, 0xff, 0x82, 0x00, 0x00,  //.........+@%.. 
  0x00, 0x00, 0x00, 0x00, 0x00, 0x00, 0x00, 0x00, 0x00, 0x72, 0xff, 0x82, 0x00, 0x00,  //.........+@%.. 
  0x00, 0x00, 0x00, 0x00, 0x00, 0x00, 0x00, 0x00, 0x00, 0x22, 0x4e, 0x28, 0x00, 0x00,  //..........+... 
  0x00, 0x00, 0x00, 0x00, 0x00, 0x00, 0x00, 0x00, 0x00, 0x00, 0x00, 0x00, 0x00, 0x00,  //.............. 
  0x00, 0x00, 0x00, 0x00, 0x00, 0x00, 0x00, 0x00, 0x00, 0x00, 0x00, 0x00, 0x00, 0x00,  //.............. 
  0x00, 0x00, 0x00, 0x00, 0x00, 0x00, 0x00, 0x00, 0x00, 0x00, 0x00, 0x00, 0x00, 0x00,  //.............. 


  /*Unicode: U+ad6c (구) , Width: 14 */
  0x00, 0x00, 0x00, 0x00, 0x00, 0x00, 0x00, 0x00, 0x00, 0x00, 0x00, 0x00, 0x00, 0x00,  //.............. 
  0x00, 0x00, 0x00, 0x00, 0x00, 0x00, 0x00, 0x00, 0x00, 0x00, 0x00, 0x00, 0x00, 0x00,  //.............. 
  0x00, 0x00, 0x00, 0x00, 0x00, 0x00, 0x00, 0x00, 0x00, 0x00, 0x00, 0x00, 0x00, 0x00,  //.............. 
  0x00, 0x00, 0x00, 0x00, 0x00, 0x00, 0x00, 0x00, 0x00, 0x00, 0x00, 0x00, 0x00, 0x00,  //.............. 
  0x00, 0x00, 0xb6, 0xc2, 0xc2, 0xc2, 0xc2, 0xc2, 0xc2, 0xf6, 0xff, 0x88, 0x00, 0x00,  //..%@@@@@@@@%.. 
  0x00, 0x00, 0xc2, 0xce, 0xce, 0xce, 0xce, 0xce, 0xce, 0xff, 0xff, 0xb2, 0x00, 0x00,  //..@@@@@@@@@%.. 
  0x00, 0x00, 0x00, 0x00, 0x00, 0x00, 0x00, 0x00, 0x00, 0x4c, 0xff, 0xac, 0x00, 0x00,  //.........+@%.. 
  0x00, 0x00, 0x00, 0x00, 0x00, 0x00, 0x00, 0x00, 0x00, 0x54, 0xff, 0xa2, 0x00, 0x00,  //.........+@%.. 
  0x00, 0x00, 0x00, 0x00, 0x00, 0x00, 0x00, 0x00, 0x00, 0x68, 0xff, 0x90, 0x00, 0x00,  //.........+@%.. 
  0x00, 0x00, 0x00, 0x00, 0x00, 0x00, 0x00, 0x00, 0x00, 0x88, 0xff, 0x6e, 0x00, 0x00,  //.........%@+.. 
  0x52, 0xd6, 0xd6, 0xd6, 0xd6, 0xd6, 0xd6, 0xd6, 0xd6, 0xff, 0xff, 0xff, 0xd6, 0x26,  //+@@@@@@@@@@@@. 
  0x4a, 0xc2, 0xc2, 0xc2, 0xc2, 0xe4, 0xff, 0xff, 0xc2, 0xc2, 0xce, 0xc8, 0xc2, 0x22,  //+@@@@@@@@@@@@. 
  0x00, 0x00, 0x00, 0x00, 0x00, 0x2e, 0xff, 0xd2, 0x00, 0x00, 0x00, 0x00, 0x00, 0x00,  //......@@...... 
  0x00, 0x00, 0x00, 0x00, 0x00, 0x2e, 0xff, 0xd2, 0x00, 0x00, 0x00, 0x00, 0x00, 0x00,  //......@@...... 
  0x00, 0x00, 0x00, 0x00, 0x00, 0x2e, 0xff, 0xd2, 0x00, 0x00, 0x00, 0x00, 0x00, 0x00,  //......@@...... 
  0x00, 0x00, 0x00, 0x00, 0x00, 0x2e, 0xff, 0xd2, 0x00, 0x00, 0x00, 0x00, 0x00, 0x00,  //......@@...... 
  0x00, 0x00, 0x00, 0x00, 0x00, 0x2e, 0xff, 0xd2, 0x00, 0x00, 0x00, 0x00, 0x00, 0x00,  //......@@...... 
  0x00, 0x00, 0x00, 0x00, 0x00, 0x0e, 0x52, 0x44, 0x00, 0x00, 0x00, 0x00, 0x00, 0x00,  //......++...... 
  0x00, 0x00, 0x00, 0x00, 0x00, 0x00, 0x00, 0x00, 0x00, 0x00, 0x00, 0x00, 0x00, 0x00,  //.............. 
  0x00, 0x00, 0x00, 0x00, 0x00, 0x00, 0x00, 0x00, 0x00, 0x00, 0x00, 0x00, 0x00, 0x00,  //.............. 
  0x00, 0x00, 0x00, 0x00, 0x00, 0x00, 0x00, 0x00, 0x00, 0x00, 0x00, 0x00, 0x00, 0x00,  //.............. 


  /*Unicode: U+ad8c (권) , Width: 13 */
  0x00, 0x00, 0x00, 0x00, 0x00, 0x00, 0x00, 0x00, 0x00, 0x00, 0x00, 0x00, 0x00,  //............. 
  0x00, 0x00, 0x00, 0x00, 0x00, 0x00, 0x00, 0x00, 0x00, 0x00, 0x00, 0x00, 0x00,  //............. 
  0x00, 0x00, 0x00, 0x00, 0x00, 0x00, 0x00, 0x00, 0x00, 0x00, 0x00, 0x00, 0x00,  //............. 
  0x00, 0x00, 0x00, 0x00, 0x00, 0x00, 0x00, 0x00, 0x00, 0x00, 0x56, 0x8e, 0x38,  //..........+%. 
  0x00, 0x30, 0xde, 0xde, 0xde, 0xde, 0xff, 0xff, 0x58, 0x00, 0x9a, 0xff, 0x66,  //..@@@@@@+.%@+ 
  0x00, 0x26, 0xb2, 0xb2, 0xb2, 0xb2, 0xff, 0xff, 0x62, 0x00, 0x9a, 0xff, 0x66,  //..%%%%@@+.%@+ 
  0x00, 0x00, 0x00, 0x00, 0x00, 0x00, 0xa4, 0xff, 0x56, 0x00, 0x9a, 0xff, 0x66,  //......%@+.%@+ 
  0x00, 0x00, 0x00, 0x00, 0x00, 0x00, 0xba, 0xff, 0x3e, 0x00, 0x9a, 0xff, 0x66,  //......%@..%@+ 
  0x24, 0x50, 0x54, 0x58, 0x62, 0x6c, 0xff, 0xff, 0xc8, 0x5a, 0x9a, 0xff, 0x66,  //.+++++@@@+%@+ 
  0x5c, 0xff, 0xff, 0xff, 0xff, 0xff, 0xff, 0xe6, 0xc6, 0x5c, 0x9a, 0xff, 0x66,  //+@@@@@@@@+%@+ 
  0x10, 0x40, 0x3c, 0x34, 0xff, 0xff, 0x2c, 0x08, 0x22, 0x22, 0xb8, 0xff, 0x66,  //.+..@@....%@+ 
  0x00, 0x00, 0x00, 0x00, 0xd6, 0xff, 0x26, 0x46, 0xff, 0xff, 0xff, 0xff, 0x66,  //....@@.+@@@@+ 
  0x00, 0x00, 0x16, 0x26, 0xe6, 0xff, 0x26, 0x1a, 0x62, 0x62, 0xee, 0xff, 0x66,  //....@@..++@@+ 
  0x00, 0x00, 0x96, 0xff, 0x6c, 0x0a, 0x00, 0x00, 0x00, 0x00, 0x88, 0xe2, 0x5a,  //..%@+.....%@+ 
  0x00, 0x00, 0x96, 0xff, 0x62, 0x00, 0x00, 0x00, 0x00, 0x00, 0x00, 0x00, 0x00,  //..%@+........ 
  0x00, 0x00, 0xd4, 0xff, 0xdc, 0x82, 0x82, 0x82, 0x82, 0x82, 0x82, 0x82, 0x5c,  //..@@@%%%%%%%+ 
  0x00, 0x00, 0x96, 0xff, 0xff, 0xff, 0xff, 0xff, 0xff, 0xff, 0xff, 0xff, 0xb6,  //..%@@@@@@@@@% 
  0x00, 0x00, 0x0c, 0x16, 0x16, 0x16, 0x16, 0x16, 0x16, 0x16, 0x16, 0x16, 0x10,  //............. 
  0x00, 0x00, 0x00, 0x00, 0x00, 0x00, 0x00, 0x00, 0x00, 0x00, 0x00, 0x00, 0x00,  //............. 
  0x00, 0x00, 0x00, 0x00, 0x00, 0x00, 0x00, 0x00, 0x00, 0x00, 0x00, 0x00, 0x00,  //............. 
  0x00, 0x00, 0x00, 0x00, 0x00, 0x00, 0x00, 0x00, 0x00, 0x00, 0x00, 0x00, 0x00,  //............. 


  /*Unicode: U+adf8 (그) , Width: 14 */
  0x00, 0x00, 0x00, 0x00, 0x00, 0x00, 0x00, 0x00, 0x00, 0x00, 0x00, 0x00, 0x00, 0x00,  //.............. 
  0x00, 0x00, 0x00, 0x00, 0x00, 0x00, 0x00, 0x00, 0x00, 0x00, 0x00, 0x00, 0x00, 0x00,  //.............. 
  0x00, 0x00, 0x00, 0x00, 0x00, 0x00, 0x00, 0x00, 0x00, 0x00, 0x00, 0x00, 0x00, 0x00,  //.............. 
  0x00, 0x00, 0x00, 0x00, 0x00, 0x00, 0x00, 0x00, 0x00, 0x00, 0x00, 0x00, 0x00, 0x00,  //.............. 
  0x00, 0x06, 0x4a, 0x4a, 0x4a, 0x4a, 0x4a, 0x4a, 0x4a, 0x66, 0x7e, 0x2e, 0x00, 0x00,  //..+++++++++... 
  0x00, 0x16, 0xff, 0xff, 0xff, 0xff, 0xff, 0xff, 0xff, 0xff, 0xff, 0xa2, 0x00, 0x00,  //..@@@@@@@@@%.. 
  0x00, 0x06, 0x4a, 0x4a, 0x4a, 0x4a, 0x4a, 0x4a, 0x4a, 0xa6, 0xff, 0xa2, 0x00, 0x00,  //..+++++++%@%.. 
  0x00, 0x00, 0x00, 0x00, 0x00, 0x00, 0x00, 0x00, 0x00, 0x60, 0xff, 0x9e, 0x00, 0x00,  //.........+@%.. 
  0x00, 0x00, 0x00, 0x00, 0x00, 0x00, 0x00, 0x00, 0x00, 0x66, 0xff, 0x98, 0x00, 0x00,  //.........+@%.. 
  0x00, 0x00, 0x00, 0x00, 0x00, 0x00, 0x00, 0x00, 0x00, 0x72, 0xff, 0x8a, 0x00, 0x00,  //.........+@%.. 
  0x00, 0x00, 0x00, 0x00, 0x00, 0x00, 0x00, 0x00, 0x00, 0x84, 0xff, 0x7c, 0x00, 0x00,  //.........%@+.. 
  0x00, 0x00, 0x00, 0x00, 0x00, 0x00, 0x00, 0x00, 0x00, 0xa8, 0xff, 0x5e, 0x00, 0x00,  //.........%@+.. 
  0x00, 0x00, 0x00, 0x00, 0x00, 0x00, 0x00, 0x00, 0x00, 0xba, 0xfc, 0x36, 0x00, 0x00,  //.........%@... 
  0x08, 0x16, 0x16, 0x16, 0x16, 0x16, 0x16, 0x16, 0x16, 0x16, 0x1a, 0x18, 0x16, 0x02,  //.............. 
  0x62, 0xff, 0xff, 0xff, 0xff, 0xff, 0xff, 0xff, 0xff, 0xff, 0xff, 0xff, 0xff, 0x2e,  //+@@@@@@@@@@@@. 
  0x32, 0x82, 0x82, 0x82, 0x82, 0x82, 0x82, 0x82, 0x82, 0x82, 0x82, 0x82, 0x82, 0x16,  //.%%%%%%%%%%%%. 
  0x00, 0x00, 0x00, 0x00, 0x00, 0x00, 0x00, 0x00, 0x00, 0x00, 0x00, 0x00, 0x00, 0x00,  //.............. 
  0x00, 0x00, 0x00, 0x00, 0x00, 0x00, 0x00, 0x00, 0x00, 0x00, 0x00, 0x00, 0x00, 0x00,  //.............. 
  0x00, 0x00, 0x00, 0x00, 0x00, 0x00, 0x00, 0x00, 0x00, 0x00, 0x00, 0x00, 0x00, 0x00,  //.............. 
  0x00, 0x00, 0x00, 0x00, 0x00, 0x00, 0x00, 0x00, 0x00, 0x00, 0x00, 0x00, 0x00, 0x00,  //.............. 
  0x00, 0x00, 0x00, 0x00, 0x00, 0x00, 0x00, 0x00, 0x00, 0x00, 0x00, 0x00, 0x00, 0x00,  //.............. 


  /*Unicode: U+ae08 (금) , Width: 14 */
  0x00, 0x00, 0x00, 0x00, 0x00, 0x00, 0x00, 0x00, 0x00, 0x00, 0x00, 0x00, 0x00, 0x00,  //.............. 
  0x00, 0x00, 0x00, 0x00, 0x00, 0x00, 0x00, 0x00, 0x00, 0x00, 0x00, 0x00, 0x00, 0x00,  //.............. 
  0x00, 0x00, 0x00, 0x00, 0x00, 0x00, 0x00, 0x00, 0x00, 0x00, 0x00, 0x00, 0x00, 0x00,  //.............. 
  0x00, 0x00, 0x00, 0x00, 0x00, 0x00, 0x00, 0x00, 0x00, 0x00, 0x00, 0x00, 0x00, 0x00,  //.............. 
  0x00, 0x00, 0xc8, 0xee, 0xee, 0xee, 0xee, 0xee, 0xee, 0xff, 0xff, 0xaa, 0x00, 0x00,  //..@@@@@@@@@%.. 
  0x00, 0x00, 0x88, 0xa2, 0xa2, 0xa2, 0xa2, 0xa2, 0xa2, 0xe6, 0xff, 0xb4, 0x00, 0x00,  //..%%%%%%%@@%.. 
  0x00, 0x00, 0x00, 0x00, 0x00, 0x00, 0x00, 0x00, 0x00, 0x4a, 0xff, 0xae, 0x00, 0x00,  //.........+@%.. 
  0x00, 0x00, 0x00, 0x00, 0x00, 0x00, 0x00, 0x00, 0x00, 0x5a, 0xff, 0x9e, 0x00, 0x00,  //.........+@%.. 
  0x00, 0x00, 0x00, 0x00, 0x00, 0x00, 0x00, 0x00, 0x00, 0x7e, 0xff, 0x7c, 0x00, 0x00,  //.........+@+.. 
  0x5c, 0xee, 0xee, 0xee, 0xee, 0xee, 0xee, 0xee, 0xee, 0xff, 0xff, 0xff, 0xee, 0x2e,  //+@@@@@@@@@@@@. 
  0x3c, 0x9e, 0x9e, 0x9e, 0x9e, 0x9e, 0x9e, 0x9e, 0x9e, 0x9e, 0x9e, 0x9e, 0x9e, 0x1e,  //.%%%%%%%%%%%%. 
  0x00, 0x00, 0x00, 0x00, 0x00, 0x00, 0x00, 0x00, 0x00, 0x00, 0x00, 0x00, 0x00, 0x00,  //.............. 
  0x00, 0x00, 0xd8, 0xea, 0xea, 0xea, 0xea, 0xea, 0xea, 0xea, 0xea, 0x98, 0x00, 0x00,  //..@@@@@@@@@%.. 
  0x00, 0x00, 0xea, 0xff, 0xa6, 0xa2, 0xa2, 0xa2, 0xa2, 0xbe, 0xff, 0xa6, 0x00, 0x00,  //..@@%%%%%%@%.. 
  0x00, 0x00, 0xea, 0xff, 0x0a, 0x00, 0x00, 0x00, 0x00, 0x4a, 0xff, 0xa6, 0x00, 0x00,  //..@@.....+@%.. 
  0x00, 0x00, 0xea, 0xff, 0x6a, 0x62, 0x62, 0x62, 0x62, 0x90, 0xff, 0xa6, 0x00, 0x00,  //..@@+++++%@%.. 
  0x00, 0x00, 0xea, 0xff, 0xff, 0xff, 0xff, 0xff, 0xff, 0xff, 0xff, 0xa6, 0x00, 0x00,  //..@@@@@@@@@%.. 
  0x00, 0x00, 0x2a, 0x2e, 0x2e, 0x2e, 0x2e, 0x2e, 0x2e, 0x2e, 0x2e, 0x1e, 0x00, 0x00,  //.............. 
  0x00, 0x00, 0x00, 0x00, 0x00, 0x00, 0x00, 0x00, 0x00, 0x00, 0x00, 0x00, 0x00, 0x00,  //.............. 
  0x00, 0x00, 0x00, 0x00, 0x00, 0x00, 0x00, 0x00, 0x00, 0x00, 0x00, 0x00, 0x00, 0x00,  //.............. 
  0x00, 0x00, 0x00, 0x00, 0x00, 0x00, 0x00, 0x00, 0x00, 0x00, 0x00, 0x00, 0x00, 0x00,  //.............. 


  /*Unicode: U+ae30 (기) , Width: 13 */
  0x00, 0x00, 0x00, 0x00, 0x00, 0x00, 0x00, 0x00, 0x00, 0x00, 0x00, 0x00, 0x00,  //............. 
  0x00, 0x00, 0x00, 0x00, 0x00, 0x00, 0x00, 0x00, 0x00, 0x00, 0x00, 0x00, 0x00,  //............. 
  0x00, 0x00, 0x00, 0x00, 0x00, 0x00, 0x00, 0x00, 0x00, 0x00, 0x00, 0x00, 0x00,  //............. 
  0x00, 0x00, 0x00, 0x00, 0x00, 0x00, 0x00, 0x00, 0x00, 0x00, 0x74, 0x8e, 0x1a,  //..........+%. 
  0x00, 0x12, 0x1e, 0x1e, 0x1e, 0x1e, 0x3c, 0x1e, 0x00, 0x00, 0xce, 0xff, 0x2e,  //..........@@. 
  0x00, 0x9a, 0xff, 0xff, 0xff, 0xff, 0xff, 0xff, 0x06, 0x00, 0xce, 0xff, 0x2e,  //.%@@@@@@..@@. 
  0x00, 0x44, 0x72, 0x72, 0x72, 0x74, 0xff, 0xf6, 0x00, 0x00, 0xce, 0xff, 0x2e,  //.+++++@@..@@. 
  0x00, 0x00, 0x00, 0x00, 0x00, 0x28, 0xff, 0xce, 0x00, 0x00, 0xce, 0xff, 0x2e,  //......@@..@@. 
  0x00, 0x00, 0x00, 0x00, 0x00, 0x6e, 0xff, 0x90, 0x00, 0x00, 0xce, 0xff, 0x2e,  //.....+@%..@@. 
  0x00, 0x00, 0x00, 0x00, 0x02, 0xdc, 0xff, 0x3c, 0x00, 0x00, 0xce, 0xff, 0x2e,  //.....@@...@@. 
  0x00, 0x00, 0x00, 0x00, 0x86, 0xff, 0xc4, 0x00, 0x00, 0x00, 0xce, 0xff, 0x2e,  //....%@@...@@. 
  0x00, 0x00, 0x00, 0x74, 0xff, 0xf6, 0x28, 0x00, 0x00, 0x00, 0xce, 0xff, 0x2e,  //...+@@....@@. 
  0x00, 0x1c, 0xac, 0xff, 0xf8, 0x48, 0x00, 0x00, 0x00, 0x00, 0xce, 0xff, 0x2e,  //..%@@+....@@. 
  0x20, 0xf4, 0xff, 0xe0, 0x38, 0x00, 0x00, 0x00, 0x00, 0x00, 0xce, 0xff, 0x2e,  //.@@@......@@. 
  0x00, 0x98, 0x86, 0x0c, 0x00, 0x00, 0x00, 0x00, 0x00, 0x00, 0xce, 0xff, 0x2e,  //.%%.......@@. 
  0x00, 0x00, 0x00, 0x00, 0x00, 0x00, 0x00, 0x00, 0x00, 0x00, 0xce, 0xff, 0x2e,  //..........@@. 
  0x00, 0x00, 0x00, 0x00, 0x00, 0x00, 0x00, 0x00, 0x00, 0x00, 0xce, 0xff, 0x2e,  //..........@@. 
  0x00, 0x00, 0x00, 0x00, 0x00, 0x00, 0x00, 0x00, 0x00, 0x00, 0x40, 0x4e, 0x0e,  //..........++. 
  0x00, 0x00, 0x00, 0x00, 0x00, 0x00, 0x00, 0x00, 0x00, 0x00, 0x00, 0x00, 0x00,  //............. 
  0x00, 0x00, 0x00, 0x00, 0x00, 0x00, 0x00, 0x00, 0x00, 0x00, 0x00, 0x00, 0x00,  //............. 
  0x00, 0x00, 0x00, 0x00, 0x00, 0x00, 0x00, 0x00, 0x00, 0x00, 0x00, 0x00, 0x00,  //............. 


  /*Unicode: U+ae4c (까) , Width: 14 */
  0x00, 0x00, 0x00, 0x00, 0x00, 0x00, 0x00, 0x00, 0x00, 0x00, 0x00, 0x00, 0x00, 0x00,  //.............. 
  0x00, 0x00, 0x00, 0x00, 0x00, 0x00, 0x00, 0x00, 0x00, 0x00, 0x00, 0x00, 0x00, 0x00,  //.............. 
  0x00, 0x00, 0x00, 0x00, 0x00, 0x00, 0x00, 0x00, 0x00, 0x00, 0x00, 0x00, 0x00, 0x00,  //.............. 
  0x00, 0x00, 0x00, 0x00, 0x00, 0x00, 0x00, 0x00, 0x00, 0x30, 0x8e, 0x5c, 0x00, 0x00,  //..........%+.. 
  0x00, 0x22, 0x28, 0x38, 0x16, 0x1c, 0x2e, 0x34, 0x10, 0x56, 0xff, 0xa6, 0x00, 0x00,  //.........+@%.. 
  0x0e, 0xff, 0xff, 0xff, 0xa8, 0xd2, 0xff, 0xff, 0x80, 0x56, 0xff, 0xa6, 0x00, 0x00,  //.@@@%@@@%+@%.. 
  0x06, 0x72, 0xac, 0xff, 0xa0, 0x5e, 0xd8, 0xff, 0x78, 0x56, 0xff, 0xa6, 0x00, 0x00,  //.+%@%+@@++@%.. 
  0x00, 0x00, 0x46, 0xff, 0x94, 0x00, 0x6e, 0xff, 0x70, 0x56, 0xff, 0xa6, 0x00, 0x00,  //..+@%.+@++@%.. 
  0x00, 0x00, 0x6e, 0xff, 0x72, 0x00, 0x8c, 0xff, 0x52, 0x56, 0xff, 0xc8, 0x22, 0x0e,  //..+@+.%@++@@.. 
  0x00, 0x00, 0x9e, 0xff, 0x4a, 0x00, 0xb2, 0xff, 0x2e, 0x56, 0xff, 0xff, 0xff, 0x72,  //..%@+.%@.+@@@+ 
  0x00, 0x0a, 0xee, 0xfc, 0x14, 0x02, 0xe8, 0xf8, 0x08, 0x56, 0xff, 0xff, 0x82, 0x3a,  //..@@..@@.+@@%. 
  0x00, 0x6a, 0xff, 0xba, 0x00, 0x46, 0xff, 0xc0, 0x00, 0x56, 0xff, 0xa6, 0x00, 0x00,  //.+@%.+@@.+@%.. 
  0x1c, 0xec, 0xff, 0x3e, 0x00, 0xb0, 0xff, 0x64, 0x00, 0x56, 0xff, 0xa6, 0x00, 0x00,  //.@@..%@+.+@%.. 
  0x50, 0xf4, 0x9a, 0x00, 0x48, 0xff, 0xe4, 0x08, 0x00, 0x56, 0xff, 0xa6, 0x00, 0x00,  //+@%.+@@..+@%.. 
  0x00, 0x28, 0x06, 0x00, 0x5a, 0xf2, 0x56, 0x00, 0x00, 0x56, 0xff, 0xa6, 0x00, 0x00,  //....+@+..+@%.. 
  0x00, 0x00, 0x00, 0x00, 0x00, 0x16, 0x00, 0x00, 0x00, 0x56, 0xff, 0xa6, 0x00, 0x00,  //.........+@%.. 
  0x00, 0x00, 0x00, 0x00, 0x00, 0x00, 0x00, 0x00, 0x00, 0x56, 0xff, 0xa6, 0x00, 0x00,  //.........+@%.. 
  0x00, 0x00, 0x00, 0x00, 0x00, 0x00, 0x00, 0x00, 0x00, 0x1a, 0x4e, 0x32, 0x00, 0x00,  //..........+... 
  0x00, 0x00, 0x00, 0x00, 0x00, 0x00, 0x00, 0x00, 0x00, 0x00, 0x00, 0x00, 0x00, 0x00,  //.............. 
  0x00, 0x00, 0x00, 0x00, 0x00, 0x00, 0x00, 0x00, 0x00, 0x00, 0x00, 0x00, 0x00, 0x00,  //.............. 
  0x00, 0x00, 0x00, 0x00, 0x00, 0x00, 0x00, 0x00, 0x00, 0x00, 0x00, 0x00, 0x00, 0x00,  //.............. 


  /*Unicode: U+aebc (꺼) , Width: 13 */
  0x00, 0x00, 0x00, 0x00, 0x00, 0x00, 0x00, 0x00, 0x00, 0x00, 0x00, 0x00, 0x00,  //............. 
  0x00, 0x00, 0x00, 0x00, 0x00, 0x00, 0x00, 0x00, 0x00, 0x00, 0x00, 0x00, 0x00,  //............. 
  0x00, 0x00, 0x00, 0x00, 0x00, 0x00, 0x00, 0x00, 0x00, 0x00, 0x00, 0x00, 0x00,  //............. 
  0x00, 0x00, 0x00, 0x00, 0x00, 0x00, 0x00, 0x00, 0x00, 0x00, 0x78, 0x8e, 0x14,  //..........+%. 
  0x00, 0x22, 0x28, 0x38, 0x16, 0x1c, 0x30, 0x32, 0x10, 0x00, 0xd6, 0xff, 0x26,  //..........@@. 
  0x0e, 0xff, 0xff, 0xff, 0xa8, 0xda, 0xff, 0xff, 0x78, 0x00, 0xd6, 0xff, 0x26,  //.@@@%@@@+.@@. 
  0x06, 0x72, 0xac, 0xff, 0xa0, 0x62, 0xe0, 0xff, 0x70, 0x00, 0xd6, 0xff, 0x26,  //.+%@%+@@+.@@. 
  0x00, 0x00, 0x46, 0xff, 0x94, 0x00, 0x76, 0xff, 0x68, 0x00, 0xd6, 0xff, 0x26,  //..+@%.+@+.@@. 
  0x00, 0x00, 0x6e, 0xff, 0x72, 0x00, 0x94, 0xff, 0xb6, 0x6a, 0xff, 0xff, 0x26,  //..+@+.%@%+@@. 
  0x00, 0x00, 0x9e, 0xff, 0x4a, 0x00, 0xba, 0xff, 0xff, 0xff, 0xff, 0xff, 0x26,  //..%@+.%@@@@@. 
  0x00, 0x0a, 0xee, 0xfc, 0x14, 0x06, 0xee, 0xff, 0x30, 0x2a, 0xf2, 0xff, 0x26,  //..@@..@@..@@. 
  0x00, 0x6a, 0xff, 0xba, 0x00, 0x4e, 0xff, 0xb8, 0x00, 0x00, 0xd6, 0xff, 0x26,  //.+@%.+@%..@@. 
  0x1c, 0xec, 0xff, 0x3e, 0x00, 0xb8, 0xff, 0x5c, 0x00, 0x00, 0xd6, 0xff, 0x26,  //.@@..%@+..@@. 
  0x50, 0xf4, 0x9a, 0x00, 0x50, 0xff, 0xde, 0x04, 0x00, 0x00, 0xd6, 0xff, 0x26,  //+@%.+@@...@@. 
  0x00, 0x28, 0x06, 0x00, 0x60, 0xf4, 0x4e, 0x00, 0x00, 0x00, 0xd6, 0xff, 0x26,  //....+@+...@@. 
  0x00, 0x00, 0x00, 0x00, 0x00, 0x16, 0x00, 0x00, 0x00, 0x00, 0xd6, 0xff, 0x26,  //..........@@. 
  0x00, 0x00, 0x00, 0x00, 0x00, 0x00, 0x00, 0x00, 0x00, 0x00, 0xd6, 0xff, 0x26,  //..........@@. 
  0x00, 0x00, 0x00, 0x00, 0x00, 0x00, 0x00, 0x00, 0x00, 0x00, 0x42, 0x4e, 0x0a,  //..........++. 
  0x00, 0x00, 0x00, 0x00, 0x00, 0x00, 0x00, 0x00, 0x00, 0x00, 0x00, 0x00, 0x00,  //............. 
  0x00, 0x00, 0x00, 0x00, 0x00, 0x00, 0x00, 0x00, 0x00, 0x00, 0x00, 0x00, 0x00,  //............. 
  0x00, 0x00, 0x00, 0x00, 0x00, 0x00, 0x00, 0x00, 0x00, 0x00, 0x00, 0x00, 0x00,  //............. 


  /*Unicode: U+b098 (나) , Width: 13 */
  0x00, 0x00, 0x00, 0x00, 0x00, 0x00, 0x00, 0x00, 0x00, 0x00, 0x00, 0x00, 0x00,  //............. 
  0x00, 0x00, 0x00, 0x00, 0x00, 0x00, 0x00, 0x00, 0x00, 0x00, 0x00, 0x00, 0x00,  //............. 
  0x00, 0x00, 0x00, 0x00, 0x00, 0x00, 0x00, 0x00, 0x00, 0x00, 0x00, 0x00, 0x00,  //............. 
  0x00, 0x00, 0x00, 0x00, 0x00, 0x00, 0x00, 0x00, 0x4a, 0x92, 0x46, 0x00, 0x00,  //........+%+.. 
  0x3c, 0x3e, 0x00, 0x00, 0x00, 0x00, 0x00, 0x00, 0x82, 0xff, 0x7a, 0x00, 0x00,  //........%@+.. 
  0xf6, 0xff, 0x02, 0x00, 0x00, 0x00, 0x00, 0x00, 0x82, 0xff, 0x7a, 0x00, 0x00,  //@@......%@+.. 
  0xf6, 0xff, 0x02, 0x00, 0x00, 0x00, 0x00, 0x00, 0x82, 0xff, 0x7a, 0x00, 0x00,  //@@......%@+.. 
  0xf6, 0xff, 0x02, 0x00, 0x00, 0x00, 0x00, 0x00, 0x82, 0xff, 0x7a, 0x00, 0x00,  //@@......%@+.. 
  0xf6, 0xff, 0x02, 0x00, 0x00, 0x00, 0x00, 0x00, 0x82, 0xff, 0xca, 0x4e, 0x20,  //@@......%@@+. 
  0xf6, 0xff, 0x02, 0x00, 0x00, 0x00, 0x00, 0x00, 0x82, 0xff, 0xff, 0xff, 0x6a,  //@@......%@@@+ 
  0xf6, 0xff, 0x02, 0x00, 0x00, 0x00, 0x00, 0x00, 0x82, 0xff, 0xce, 0x52, 0x22,  //@@......%@@+. 
  0xf6, 0xff, 0x02, 0x00, 0x00, 0x04, 0x26, 0x28, 0x82, 0xff, 0x7a, 0x00, 0x00,  //@@......%@+.. 
  0xff, 0xff, 0xca, 0xce, 0xde, 0xfa, 0xff, 0xb2, 0x82, 0xff, 0x7a, 0x00, 0x00,  //@@@@@@@%%@+.. 
  0xff, 0xff, 0xe4, 0xd8, 0xc8, 0xa6, 0x80, 0x4a, 0x82, 0xff, 0x7a, 0x00, 0x00,  //@@@@@%%+%@+.. 
  0x00, 0x00, 0x00, 0x00, 0x00, 0x00, 0x00, 0x00, 0x82, 0xff, 0x7a, 0x00, 0x00,  //........%@+.. 
  0x00, 0x00, 0x00, 0x00, 0x00, 0x00, 0x00, 0x00, 0x82, 0xff, 0x7a, 0x00, 0x00,  //........%@+.. 
  0x00, 0x00, 0x00, 0x00, 0x00, 0x00, 0x00, 0x00, 0x82, 0xff, 0x7a, 0x00, 0x00,  //........%@+.. 
  0x00, 0x00, 0x00, 0x00, 0x00, 0x00, 0x00, 0x00, 0x28, 0x4e, 0x24, 0x00, 0x00,  //.........+... 
  0x00, 0x00, 0x00, 0x00, 0x00, 0x00, 0x00, 0x00, 0x00, 0x00, 0x00, 0x00, 0x00,  //............. 
  0x00, 0x00, 0x00, 0x00, 0x00, 0x00, 0x00, 0x00, 0x00, 0x00, 0x00, 0x00, 0x00,  //............. 
  0x00, 0x00, 0x00, 0x00, 0x00, 0x00, 0x00, 0x00, 0x00, 0x00, 0x00, 0x00, 0x00,  //............. 


  /*Unicode: U+b0b4 (내) , Width: 12 */
  0x00, 0x00, 0x00, 0x00, 0x00, 0x00, 0x00, 0x00, 0x00, 0x00, 0x00, 0x00,  //............ 
  0x00, 0x00, 0x00, 0x00, 0x00, 0x00, 0x00, 0x00, 0x00, 0x00, 0x00, 0x00,  //............ 
  0x00, 0x00, 0x00, 0x00, 0x00, 0x00, 0x00, 0x00, 0x00, 0x00, 0x00, 0x00,  //............ 
  0x00, 0x00, 0x00, 0x00, 0x00, 0x00, 0x28, 0x52, 0x1c, 0x36, 0x8e, 0x46,  //.......+..%+ 
  0x04, 0x06, 0x00, 0x00, 0x00, 0x00, 0x7e, 0xff, 0x5a, 0x62, 0xff, 0x7e,  //......+@++@+ 
  0xd6, 0xff, 0x26, 0x00, 0x00, 0x00, 0x7e, 0xff, 0x5a, 0x62, 0xff, 0x7e,  //@@....+@++@+ 
  0xd6, 0xff, 0x26, 0x00, 0x00, 0x00, 0x7e, 0xff, 0x5a, 0x62, 0xff, 0x7e,  //@@....+@++@+ 
  0xd6, 0xff, 0x26, 0x00, 0x00, 0x00, 0x7e, 0xff, 0x5a, 0x62, 0xff, 0x7e,  //@@....+@++@+ 
  0xd6, 0xff, 0x26, 0x00, 0x00, 0x00, 0x7e, 0xff, 0x92, 0x9a, 0xff, 0x7e,  //@@....+@%%@+ 
  0xd6, 0xff, 0x26, 0x00, 0x00, 0x00, 0x7e, 0xff, 0xff, 0xff, 0xff, 0x7e,  //@@....+@@@@+ 
  0xd6, 0xff, 0x26, 0x00, 0x00, 0x00, 0x7e, 0xff, 0xbe, 0xc6, 0xff, 0x7e,  //@@....+@%@@+ 
  0xd6, 0xff, 0x26, 0x00, 0x02, 0x12, 0x7e, 0xff, 0x5a, 0x62, 0xff, 0x7e,  //@@....+@++@+ 
  0xff, 0xff, 0xf4, 0xda, 0xf8, 0xcc, 0x7e, 0xff, 0x5a, 0x62, 0xff, 0x7e,  //@@@@@@+@++@+ 
  0xc8, 0xec, 0xe4, 0xd8, 0xba, 0x8c, 0x7e, 0xff, 0x5a, 0x62, 0xff, 0x7e,  //@@@@%%+@++@+ 
  0x00, 0x00, 0x00, 0x00, 0x00, 0x00, 0x7e, 0xff, 0x5a, 0x62, 0xff, 0x7e,  //......+@++@+ 
  0x00, 0x00, 0x00, 0x00, 0x00, 0x00, 0x7e, 0xff, 0x5a, 0x62, 0xff, 0x7e,  //......+@++@+ 
  0x00, 0x00, 0x00, 0x00, 0x00, 0x00, 0x54, 0xaa, 0x3c, 0x62, 0xff, 0x7e,  //......+%.+@+ 
  0x00, 0x00, 0x00, 0x00, 0x00, 0x00, 0x00, 0x00, 0x00, 0x1e, 0x4e, 0x26,  //..........+. 
  0x00, 0x00, 0x00, 0x00, 0x00, 0x00, 0x00, 0x00, 0x00, 0x00, 0x00, 0x00,  //............ 
  0x00, 0x00, 0x00, 0x00, 0x00, 0x00, 0x00, 0x00, 0x00, 0x00, 0x00, 0x00,  //............ 
  0x00, 0x00, 0x00, 0x00, 0x00, 0x00, 0x00, 0x00, 0x00, 0x00, 0x00, 0x00,  //............ 


  /*Unicode: U+b0b8 (낸) , Width: 12 */
  0x00, 0x00, 0x00, 0x00, 0x00, 0x00, 0x00, 0x00, 0x00, 0x00, 0x00, 0x00,  //............ 
  0x00, 0x00, 0x00, 0x00, 0x00, 0x00, 0x00, 0x00, 0x00, 0x00, 0x00, 0x00,  //............ 
  0x00, 0x00, 0x00, 0x00, 0x00, 0x00, 0x00, 0x00, 0x00, 0x00, 0x00, 0x00,  //............ 
  0x00, 0x00, 0x00, 0x00, 0x00, 0x00, 0x24, 0x4e, 0x1e, 0x40, 0x8e, 0x40,  //.......+.+%+ 
  0x56, 0x66, 0x0e, 0x00, 0x00, 0x00, 0x76, 0xff, 0x62, 0x72, 0xff, 0x72,  //++....+@++@+ 
  0xd6, 0xff, 0x26, 0x00, 0x00, 0x00, 0x76, 0xff, 0x62, 0x72, 0xff, 0x72,  //@@....+@++@+ 
  0xd6, 0xff, 0x26, 0x00, 0x00, 0x00, 0x76, 0xff, 0x62, 0x72, 0xff, 0x72,  //@@....+@++@+ 
  0xd6, 0xff, 0x26, 0x00, 0x00, 0x00, 0x76, 0xff, 0xff, 0xff, 0xff, 0x72,  //@@....+@@@@+ 
  0xd6, 0xff, 0x26, 0x00, 0x00, 0x00, 0x76, 0xff, 0xff, 0xff, 0xff, 0x72,  //@@....+@@@@+ 
  0xff, 0xff, 0x94, 0x7c, 0x9e, 0x92, 0x76, 0xff, 0x62, 0x72, 0xff, 0x72,  //@@%+%%+@++@+ 
  0xd6, 0xff, 0xff, 0xff, 0xfa, 0xc0, 0x76, 0xff, 0x62, 0x72, 0xff, 0x72,  //@@@@@@+@++@+ 
  0x2e, 0x32, 0x2c, 0x20, 0x02, 0x00, 0x76, 0xff, 0x62, 0x72, 0xff, 0x72,  //......+@++@+ 
  0x00, 0x00, 0x92, 0x96, 0x06, 0x00, 0x76, 0xff, 0x62, 0x72, 0xff, 0x72,  //..%%..+@++@+ 
  0x00, 0x00, 0xf6, 0xff, 0x0a, 0x00, 0x22, 0x4a, 0x1c, 0x4e, 0xae, 0x4e,  //..@@...+.+%+ 
  0x00, 0x00, 0xf6, 0xff, 0x0a, 0x00, 0x00, 0x00, 0x00, 0x00, 0x00, 0x00,  //..@@........ 
  0x00, 0x00, 0xff, 0xff, 0x9a, 0x8e, 0x8e, 0x8e, 0x8e, 0x8e, 0x8e, 0x70,  //..@@%%%%%%%+ 
  0x00, 0x00, 0xff, 0xff, 0xff, 0xff, 0xff, 0xff, 0xff, 0xff, 0xff, 0xca,  //..@@@@@@@@@@ 
  0x00, 0x00, 0x0a, 0x0a, 0x0a, 0x0a, 0x0a, 0x0a, 0x0a, 0x0a, 0x0a, 0x08,  //............ 
  0x00, 0x00, 0x00, 0x00, 0x00, 0x00, 0x00, 0x00, 0x00, 0x00, 0x00, 0x00,  //............ 
  0x00, 0x00, 0x00, 0x00, 0x00, 0x00, 0x00, 0x00, 0x00, 0x00, 0x00, 0x00,  //............ 
  0x00, 0x00, 0x00, 0x00, 0x00, 0x00, 0x00, 0x00, 0x00, 0x00, 0x00, 0x00,  //............ 


  /*Unicode: U+b108 (너) , Width: 12 */
  0x00, 0x00, 0x00, 0x00, 0x00, 0x00, 0x00, 0x00, 0x00, 0x00, 0x00, 0x00,  //............ 
  0x00, 0x00, 0x00, 0x00, 0x00, 0x00, 0x00, 0x00, 0x00, 0x00, 0x00, 0x00,  //............ 
  0x00, 0x00, 0x00, 0x00, 0x00, 0x00, 0x00, 0x00, 0x00, 0x00, 0x00, 0x00,  //............ 
  0x00, 0x00, 0x00, 0x00, 0x00, 0x00, 0x00, 0x00, 0x00, 0x66, 0x8e, 0x24,  //.........+%. 
  0x0c, 0x12, 0x04, 0x00, 0x00, 0x00, 0x00, 0x00, 0x00, 0xb6, 0xff, 0x42,  //.........%@+ 
  0xae, 0xff, 0x4a, 0x00, 0x00, 0x00, 0x00, 0x00, 0x00, 0xb6, 0xff, 0x42,  //%@+......%@+ 
  0xae, 0xff, 0x4a, 0x00, 0x00, 0x00, 0x00, 0x00, 0x00, 0xb6, 0xff, 0x42,  //%@+......%@+ 
  0xae, 0xff, 0x4a, 0x00, 0x00, 0x1c, 0x42, 0x42, 0x42, 0xf0, 0xff, 0x42,  //%@+...+++@@+ 
  0xae, 0xff, 0x4a, 0x00, 0x00, 0x72, 0xff, 0xff, 0xff, 0xff, 0xff, 0x42,  //%@+..+@@@@@+ 
  0xae, 0xff, 0x4a, 0x00, 0x00, 0x26, 0x56, 0x56, 0x56, 0xff, 0xff, 0x42,  //%@+...+++@@+ 
  0xae, 0xff, 0x4a, 0x00, 0x00, 0x00, 0x00, 0x00, 0x00, 0xb6, 0xff, 0x42,  //%@+......%@+ 
  0xae, 0xff, 0x4a, 0x00, 0x00, 0x00, 0x00, 0x08, 0x00, 0xb6, 0xff, 0x42,  //%@+......%@+ 
  0xff, 0xff, 0xe0, 0x9c, 0xb0, 0xc6, 0xea, 0xc2, 0x00, 0xb6, 0xff, 0x42,  //@@@%%@@@.%@+ 
  0xff, 0xff, 0xff, 0xff, 0xf8, 0xe2, 0xbe, 0x82, 0x00, 0xb6, 0xff, 0x42,  //@@@@@@%%.%@+ 
  0x12, 0x1a, 0x16, 0x0e, 0x00, 0x00, 0x00, 0x00, 0x00, 0xb6, 0xff, 0x42,  //.........%@+ 
  0x00, 0x00, 0x00, 0x00, 0x00, 0x00, 0x00, 0x00, 0x00, 0xb6, 0xff, 0x42,  //.........%@+ 
  0x00, 0x00, 0x00, 0x00, 0x00, 0x00, 0x00, 0x00, 0x00, 0xb6, 0xff, 0x42,  //.........%@+ 
  0x00, 0x00, 0x00, 0x00, 0x00, 0x00, 0x00, 0x00, 0x00, 0x40, 0x5a, 0x16,  //.........++. 
  0x00, 0x00, 0x00, 0x00, 0x00, 0x00, 0x00, 0x00, 0x00, 0x00, 0x00, 0x00,  //............ 
  0x00, 0x00, 0x00, 0x00, 0x00, 0x00, 0x00, 0x00, 0x00, 0x00, 0x00, 0x00,  //............ 
  0x00, 0x00, 0x00, 0x00, 0x00, 0x00, 0x00, 0x00, 0x00, 0x00, 0x00, 0x00,  //............ 


  /*Unicode: U+b179 (녹) , Width: 14 */
  0x00, 0x00, 0x00, 0x00, 0x00, 0x00, 0x00, 0x00, 0x00, 0x00, 0x00, 0x00, 0x00, 0x00,  //.............. 
  0x00, 0x00, 0x00, 0x00, 0x00, 0x00, 0x00, 0x00, 0x00, 0x00, 0x00, 0x00, 0x00, 0x00,  //.............. 
  0x00, 0x00, 0x00, 0x00, 0x00, 0x00, 0x00, 0x00, 0x00, 0x00, 0x00, 0x00, 0x00, 0x00,  //.............. 
  0x00, 0x00, 0x4c, 0x5a, 0x0c, 0x00, 0x00, 0x00, 0x00, 0x00, 0x00, 0x00, 0x00, 0x00,  //..++.......... 
  0x00, 0x00, 0xd6, 0xff, 0x26, 0x00, 0x00, 0x00, 0x00, 0x00, 0x00, 0x00, 0x00, 0x00,  //..@@.......... 
  0x00, 0x00, 0xd6, 0xff, 0x26, 0x00, 0x00, 0x00, 0x00, 0x00, 0x00, 0x00, 0x00, 0x00,  //..@@.......... 
  0x00, 0x00, 0xfc, 0xff, 0x52, 0x2a, 0x2a, 0x2a, 0x2a, 0x2a, 0x2a, 0x22, 0x00, 0x00,  //..@@+......... 
  0x00, 0x00, 0xff, 0xff, 0xff, 0xff, 0xff, 0xff, 0xff, 0xff, 0xff, 0xca, 0x00, 0x00,  //..@@@@@@@@@@.. 
  0x00, 0x00, 0x5c, 0x6e, 0x6e, 0x8a, 0xff, 0xff, 0x6e, 0x6e, 0x6e, 0x58, 0x00, 0x00,  //..+++%@@++++.. 
  0x08, 0x1a, 0x1a, 0x1a, 0x1a, 0x36, 0xff, 0xfa, 0x1a, 0x1a, 0x1a, 0x1a, 0x1a, 0x04,  //......@@...... 
  0x5e, 0xff, 0xff, 0xff, 0xff, 0xff, 0xff, 0xff, 0xff, 0xff, 0xff, 0xff, 0xff, 0x2e,  //+@@@@@@@@@@@@. 
  0x2c, 0x7a, 0x7a, 0x7a, 0x7a, 0x7a, 0x7a, 0x7a, 0x7a, 0x7a, 0x7a, 0x7a, 0x7a, 0x16,  //.++++++++++++. 
  0x00, 0x00, 0x6e, 0x72, 0x72, 0x72, 0x72, 0x72, 0x72, 0x72, 0x72, 0x4a, 0x00, 0x00,  //..++++++++++.. 
  0x00, 0x00, 0xf6, 0xff, 0xff, 0xff, 0xff, 0xff, 0xff, 0xff, 0xff, 0xa6, 0x00, 0x00,  //..@@@@@@@@@%.. 
  0x00, 0x00, 0x20, 0x22, 0x22, 0x22, 0x22, 0x22, 0x22, 0x6e, 0xff, 0xa6, 0x00, 0x00,  //.........+@%.. 
  0x00, 0x00, 0x00, 0x00, 0x00, 0x00, 0x00, 0x00, 0x00, 0x56, 0xff, 0xa6, 0x00, 0x00,  //.........+@%.. 
  0x00, 0x00, 0x00, 0x00, 0x00, 0x00, 0x00, 0x00, 0x00, 0x56, 0xff, 0xa6, 0x00, 0x00,  //.........+@%.. 
  0x00, 0x00, 0x00, 0x00, 0x00, 0x00, 0x00, 0x00, 0x00, 0x1a, 0x52, 0x36, 0x00, 0x00,  //..........+... 
  0x00, 0x00, 0x00, 0x00, 0x00, 0x00, 0x00, 0x00, 0x00, 0x00, 0x00, 0x00, 0x00, 0x00,  //.............. 
  0x00, 0x00, 0x00, 0x00, 0x00, 0x00, 0x00, 0x00, 0x00, 0x00, 0x00, 0x00, 0x00, 0x00,  //.............. 
  0x00, 0x00, 0x00, 0x00, 0x00, 0x00, 0x00, 0x00, 0x00, 0x00, 0x00, 0x00, 0x00, 0x00,  //.............. 


  /*Unicode: U+b205 (눅) , Width: 14 */
  0x00, 0x00, 0x00, 0x00, 0x00, 0x00, 0x00, 0x00, 0x00, 0x00, 0x00, 0x00, 0x00, 0x00,  //.............. 
  0x00, 0x00, 0x00, 0x00, 0x00, 0x00, 0x00, 0x00, 0x00, 0x00, 0x00, 0x00, 0x00, 0x00,  //.............. 
  0x00, 0x00, 0x00, 0x00, 0x00, 0x00, 0x00, 0x00, 0x00, 0x00, 0x00, 0x00, 0x00, 0x00,  //.............. 
  0x00, 0x00, 0x4c, 0x5a, 0x0c, 0x00, 0x00, 0x00, 0x00, 0x00, 0x00, 0x00, 0x00, 0x00,  //..++.......... 
  0x00, 0x00, 0xd6, 0xff, 0x26, 0x00, 0x00, 0x00, 0x00, 0x00, 0x00, 0x00, 0x00, 0x00,  //..@@.......... 
  0x00, 0x00, 0xd6, 0xff, 0x26, 0x00, 0x00, 0x00, 0x00, 0x00, 0x00, 0x00, 0x00, 0x00,  //..@@.......... 
  0x00, 0x00, 0xf8, 0xff, 0x4e, 0x26, 0x26, 0x26, 0x26, 0x26, 0x26, 0x1e, 0x00, 0x00,  //..@@+......... 
  0x00, 0x00, 0xff, 0xff, 0xff, 0xff, 0xff, 0xff, 0xff, 0xff, 0xff, 0xca, 0x00, 0x00,  //..@@@@@@@@@@.. 
  0x00, 0x00, 0x5c, 0x6e, 0x6e, 0x6e, 0x6e, 0x6e, 0x6e, 0x6e, 0x6e, 0x58, 0x00, 0x00,  //..++++++++++.. 
  0x2c, 0x76, 0x76, 0x76, 0x76, 0x76, 0x76, 0x76, 0x76, 0x76, 0x76, 0x76, 0x76, 0x14,  //.++++++++++++. 
  0x5e, 0xff, 0xff, 0xff, 0xff, 0xff, 0xff, 0xff, 0xff, 0xff, 0xff, 0xff, 0xff, 0x2e,  //+@@@@@@@@@@@@. 
  0x08, 0x1a, 0x1a, 0x1a, 0x1a, 0x36, 0xff, 0xfa, 0x1a, 0x1a, 0x1a, 0x1a, 0x1a, 0x04,  //......@@...... 
  0x00, 0x00, 0x66, 0x6a, 0x6a, 0x86, 0xff, 0xff, 0x6a, 0x6a, 0x6a, 0x44, 0x00, 0x00,  //..+++%@@++++.. 
  0x00, 0x00, 0xf6, 0xff, 0xff, 0xff, 0xff, 0xff, 0xff, 0xff, 0xff, 0xa6, 0x00, 0x00,  //..@@@@@@@@@%.. 
  0x00, 0x00, 0x28, 0x2a, 0x2a, 0x2a, 0x2a, 0x2a, 0x2a, 0x72, 0xff, 0xa6, 0x00, 0x00,  //.........+@%.. 
  0x00, 0x00, 0x00, 0x00, 0x00, 0x00, 0x00, 0x00, 0x00, 0x56, 0xff, 0xa6, 0x00, 0x00,  //.........+@%.. 
  0x00, 0x00, 0x00, 0x00, 0x00, 0x00, 0x00, 0x00, 0x00, 0x56, 0xff, 0xa6, 0x00, 0x00,  //.........+@%.. 
  0x00, 0x00, 0x00, 0x00, 0x00, 0x00, 0x00, 0x00, 0x00, 0x20, 0x5e, 0x3e, 0x00, 0x00,  //..........+... 
  0x00, 0x00, 0x00, 0x00, 0x00, 0x00, 0x00, 0x00, 0x00, 0x00, 0x00, 0x00, 0x00, 0x00,  //.............. 
  0x00, 0x00, 0x00, 0x00, 0x00, 0x00, 0x00, 0x00, 0x00, 0x00, 0x00, 0x00, 0x00, 0x00,  //.............. 
  0x00, 0x00, 0x00, 0x00, 0x00, 0x00, 0x00, 0x00, 0x00, 0x00, 0x00, 0x00, 0x00, 0x00,  //.............. 


  /*Unicode: U+b294 (는) , Width: 14 */
  0x00, 0x00, 0x00, 0x00, 0x00, 0x00, 0x00, 0x00, 0x00, 0x00, 0x00, 0x00, 0x00, 0x00,  //.............. 
  0x00, 0x00, 0x00, 0x00, 0x00, 0x00, 0x00, 0x00, 0x00, 0x00, 0x00, 0x00, 0x00, 0x00,  //.............. 
  0x00, 0x00, 0x00, 0x00, 0x00, 0x00, 0x00, 0x00, 0x00, 0x00, 0x00, 0x00, 0x00, 0x00,  //.............. 
  0x00, 0x00, 0x0e, 0x12, 0x02, 0x00, 0x00, 0x00, 0x00, 0x00, 0x00, 0x00, 0x00, 0x00,  //.............. 
  0x00, 0x00, 0xd6, 0xff, 0x26, 0x00, 0x00, 0x00, 0x00, 0x00, 0x00, 0x00, 0x00, 0x00,  //..@@.......... 
  0x00, 0x00, 0xd6, 0xff, 0x26, 0x00, 0x00, 0x00, 0x00, 0x00, 0x00, 0x00, 0x00, 0x00,  //..@@.......... 
  0x00, 0x00, 0xd6, 0xff, 0x26, 0x00, 0x00, 0x00, 0x00, 0x00, 0x00, 0x00, 0x00, 0x00,  //..@@.......... 
  0x00, 0x00, 0xff, 0xff, 0xf4, 0xce, 0xce, 0xce, 0xce, 0xce, 0xce, 0xa4, 0x00, 0x00,  //..@@@@@@@@@%.. 
  0x00, 0x00, 0xa4, 0xc2, 0xc2, 0xc2, 0xc2, 0xc2, 0xc2, 0xc2, 0xc2, 0x9a, 0x00, 0x00,  //..%@@@@@@@@%.. 
  0x00, 0x00, 0x00, 0x00, 0x00, 0x00, 0x00, 0x00, 0x00, 0x00, 0x00, 0x00, 0x00, 0x00,  //.............. 
  0x4e, 0xca, 0xca, 0xca, 0xca, 0xca, 0xca, 0xca, 0xca, 0xca, 0xca, 0xca, 0xca, 0x24,  //+@@@@@@@@@@@@. 
  0x4e, 0xca, 0xca, 0xca, 0xca, 0xca, 0xca, 0xca, 0xca, 0xca, 0xca, 0xca, 0xca, 0x24,  //+@@@@@@@@@@@@. 
  0x00, 0x00, 0x18, 0x1a, 0x00, 0x00, 0x00, 0x00, 0x00, 0x00, 0x00, 0x00, 0x00, 0x00,  //.............. 
  0x00, 0x00, 0xf2, 0xff, 0x06, 0x00, 0x00, 0x00, 0x00, 0x00, 0x00, 0x00, 0x00, 0x00,  //..@@.......... 
  0x00, 0x00, 0xf2, 0xff, 0x06, 0x00, 0x00, 0x00, 0x00, 0x00, 0x00, 0x00, 0x00, 0x00,  //..@@.......... 
  0x00, 0x00, 0xff, 0xff, 0x94, 0x8e, 0x8e, 0x8e, 0x8e, 0x8e, 0x8e, 0x7a, 0x00, 0x00,  //..@@%%%%%%%+.. 
  0x00, 0x00, 0xf2, 0xff, 0xff, 0xff, 0xff, 0xff, 0xff, 0xff, 0xff, 0xda, 0x00, 0x00,  //..@@@@@@@@@@.. 
  0x00, 0x00, 0x06, 0x06, 0x06, 0x06, 0x06, 0x06, 0x06, 0x06, 0x06, 0x04, 0x00, 0x00,  //.............. 
  0x00, 0x00, 0x00, 0x00, 0x00, 0x00, 0x00, 0x00, 0x00, 0x00, 0x00, 0x00, 0x00, 0x00,  //.............. 
  0x00, 0x00, 0x00, 0x00, 0x00, 0x00, 0x00, 0x00, 0x00, 0x00, 0x00, 0x00, 0x00, 0x00,  //.............. 
  0x00, 0x00, 0x00, 0x00, 0x00, 0x00, 0x00, 0x00, 0x00, 0x00, 0x00, 0x00, 0x00, 0x00,  //.............. 


  /*Unicode: U+b2a5 (능) , Width: 14 */
  0x00, 0x00, 0x00, 0x00, 0x00, 0x00, 0x00, 0x00, 0x00, 0x00, 0x00, 0x00, 0x00, 0x00,  //.............. 
  0x00, 0x00, 0x00, 0x00, 0x00, 0x00, 0x00, 0x00, 0x00, 0x00, 0x00, 0x00, 0x00, 0x00,  //.............. 
  0x00, 0x00, 0x00, 0x00, 0x00, 0x00, 0x00, 0x00, 0x00, 0x00, 0x00, 0x00, 0x00, 0x00,  //.............. 
  0x00, 0x00, 0x42, 0x52, 0x0e, 0x00, 0x00, 0x00, 0x00, 0x00, 0x00, 0x00, 0x00, 0x00,  //..++.......... 
  0x00, 0x00, 0xce, 0xff, 0x2e, 0x00, 0x00, 0x00, 0x00, 0x00, 0x00, 0x00, 0x00, 0x00,  //..@@.......... 
  0x00, 0x00, 0xce, 0xff, 0x2e, 0x00, 0x00, 0x00, 0x00, 0x00, 0x00, 0x00, 0x00, 0x00,  //..@@.......... 
  0x00, 0x00, 0xe4, 0xff, 0x4a, 0x1a, 0x1a, 0x1a, 0x1a, 0x1a, 0x1a, 0x14, 0x00, 0x00,  //..@@+......... 
  0x00, 0x00, 0xff, 0xff, 0xff, 0xff, 0xff, 0xff, 0xff, 0xff, 0xff, 0xca, 0x00, 0x00,  //..@@@@@@@@@@.. 
  0x00, 0x00, 0x60, 0x76, 0x76, 0x76, 0x76, 0x76, 0x76, 0x76, 0x76, 0x5e, 0x00, 0x00,  //..++++++++++.. 
  0x20, 0x56, 0x56, 0x56, 0x56, 0x56, 0x56, 0x56, 0x56, 0x56, 0x56, 0x56, 0x56, 0x0e,  //.++++++++++++. 
  0x5e, 0xff, 0xff, 0xff, 0xff, 0xff, 0xff, 0xff, 0xff, 0xff, 0xff, 0xff, 0xff, 0x2e,  //+@@@@@@@@@@@@. 
  0x16, 0x3e, 0x3e, 0x3e, 0x3e, 0x3e, 0x3e, 0x3e, 0x3e, 0x3e, 0x3e, 0x3e, 0x3e, 0x0a,  //.............. 
  0x00, 0x00, 0x00, 0x38, 0x90, 0xbc, 0xd2, 0xcc, 0xb6, 0x7a, 0x1e, 0x00, 0x00, 0x00,  //....%%@@%+.... 
  0x00, 0x00, 0x78, 0xff, 0xf6, 0xc0, 0xaa, 0xae, 0xd0, 0xff, 0xf6, 0x3c, 0x00, 0x00,  //..+@@@%%@@@... 
  0x00, 0x00, 0xe8, 0xff, 0x2a, 0x00, 0x00, 0x00, 0x00, 0x76, 0xff, 0xa2, 0x00, 0x00,  //..@@.....+@%.. 
  0x00, 0x00, 0xc0, 0xff, 0xaa, 0x50, 0x3a, 0x3c, 0x60, 0xd2, 0xff, 0x7a, 0x00, 0x00,  //..@@%+..+@@+.. 
  0x00, 0x00, 0x18, 0xa8, 0xf6, 0xff, 0xff, 0xff, 0xff, 0xe8, 0x86, 0x02, 0x00, 0x00,  //...%@@@@@@%... 
  0x00, 0x00, 0x00, 0x00, 0x0c, 0x32, 0x46, 0x40, 0x2a, 0x02, 0x00, 0x00, 0x00, 0x00,  //......++...... 
  0x00, 0x00, 0x00, 0x00, 0x00, 0x00, 0x00, 0x00, 0x00, 0x00, 0x00, 0x00, 0x00, 0x00,  //.............. 
  0x00, 0x00, 0x00, 0x00, 0x00, 0x00, 0x00, 0x00, 0x00, 0x00, 0x00, 0x00, 0x00, 0x00,  //.............. 
  0x00, 0x00, 0x00, 0x00, 0x00, 0x00, 0x00, 0x00, 0x00, 0x00, 0x00, 0x00, 0x00, 0x00,  //.............. 


  /*Unicode: U+b2c8 (니) , Width: 12 */
  0x00, 0x00, 0x00, 0x00, 0x00, 0x00, 0x00, 0x00, 0x00, 0x00, 0x00, 0x00,  //............ 
  0x00, 0x00, 0x00, 0x00, 0x00, 0x00, 0x00, 0x00, 0x00, 0x00, 0x00, 0x00,  //............ 
  0x00, 0x00, 0x00, 0x00, 0x00, 0x00, 0x00, 0x00, 0x00, 0x00, 0x00, 0x00,  //............ 
  0x00, 0x00, 0x00, 0x00, 0x00, 0x00, 0x00, 0x00, 0x00, 0x6c, 0x8e, 0x1c,  //.........+%. 
  0x2a, 0x3e, 0x14, 0x00, 0x00, 0x00, 0x00, 0x00, 0x00, 0xc2, 0xff, 0x32,  //.........@@. 
  0xaa, 0xff, 0x52, 0x00, 0x00, 0x00, 0x00, 0x00, 0x00, 0xc2, 0xff, 0x32,  //%@+......@@. 
  0xaa, 0xff, 0x52, 0x00, 0x00, 0x00, 0x00, 0x00, 0x00, 0xc2, 0xff, 0x32,  //%@+......@@. 
  0xaa, 0xff, 0x52, 0x00, 0x00, 0x00, 0x00, 0x00, 0x00, 0xc2, 0xff, 0x32,  //%@+......@@. 
  0xaa, 0xff, 0x52, 0x00, 0x00, 0x00, 0x00, 0x00, 0x00, 0xc2, 0xff, 0x32,  //%@+......@@. 
  0xaa, 0xff, 0x52, 0x00, 0x00, 0x00, 0x00, 0x00, 0x00, 0xc2, 0xff, 0x32,  //%@+......@@. 
  0xaa, 0xff, 0x52, 0x00, 0x00, 0x00, 0x00, 0x00, 0x00, 0xc2, 0xff, 0x32,  //%@+......@@. 
  0xaa, 0xff, 0x52, 0x00, 0x00, 0x06, 0x28, 0x4a, 0x10, 0xc2, 0xff, 0x32,  //%@+....+.@@. 
  0xff, 0xff, 0xff, 0xde, 0xe8, 0xfc, 0xff, 0xff, 0x42, 0xc2, 0xff, 0x32,  //@@@@@@@@+@@. 
  0xde, 0xff, 0xff, 0xd4, 0xca, 0xb0, 0x8a, 0x64, 0x18, 0xc2, 0xff, 0x32,  //@@@@@%%+.@@. 
  0x00, 0x00, 0x00, 0x00, 0x00, 0x00, 0x00, 0x00, 0x00, 0xc2, 0xff, 0x32,  //.........@@. 
  0x00, 0x00, 0x00, 0x00, 0x00, 0x00, 0x00, 0x00, 0x00, 0xc2, 0xff, 0x32,  //.........@@. 
  0x00, 0x00, 0x00, 0x00, 0x00, 0x00, 0x00, 0x00, 0x00, 0xc2, 0xff, 0x32,  //.........@@. 
  0x00, 0x00, 0x00, 0x00, 0x00, 0x00, 0x00, 0x00, 0x00, 0x3c, 0x4e, 0x0e,  //..........+. 
  0x00, 0x00, 0x00, 0x00, 0x00, 0x00, 0x00, 0x00, 0x00, 0x00, 0x00, 0x00,  //............ 
  0x00, 0x00, 0x00, 0x00, 0x00, 0x00, 0x00, 0x00, 0x00, 0x00, 0x00, 0x00,  //............ 
  0x00, 0x00, 0x00, 0x00, 0x00, 0x00, 0x00, 0x00, 0x00, 0x00, 0x00, 0x00,  //............ 


  /*Unicode: U+b2e4 (다) , Width: 13 */
  0x00, 0x00, 0x00, 0x00, 0x00, 0x00, 0x00, 0x00, 0x00, 0x00, 0x00, 0x00, 0x00,  //............. 
  0x00, 0x00, 0x00, 0x00, 0x00, 0x00, 0x00, 0x00, 0x00, 0x00, 0x00, 0x00, 0x00,  //............. 
  0x00, 0x00, 0x00, 0x00, 0x00, 0x00, 0x00, 0x00, 0x00, 0x00, 0x00, 0x00, 0x00,  //............. 
  0x00, 0x00, 0x00, 0x00, 0x00, 0x00, 0x00, 0x00, 0x4a, 0x92, 0x46, 0x00, 0x00,  //........+%+.. 
  0x40, 0x4a, 0x4a, 0x4a, 0x4a, 0x4a, 0x2e, 0x00, 0x82, 0xff, 0x7a, 0x00, 0x00,  //++++++..%@+.. 
  0xda, 0xff, 0xff, 0xff, 0xff, 0xff, 0x9e, 0x00, 0x82, 0xff, 0x7a, 0x00, 0x00,  //@@@@@@%.%@+.. 
  0xda, 0xff, 0x66, 0x4e, 0x4e, 0x4e, 0x30, 0x00, 0x82, 0xff, 0x7a, 0x00, 0x00,  //@@++++..%@+.. 
  0xda, 0xff, 0x22, 0x00, 0x00, 0x00, 0x00, 0x00, 0x82, 0xff, 0x7a, 0x00, 0x00,  //@@......%@+.. 
  0xda, 0xff, 0x22, 0x00, 0x00, 0x00, 0x00, 0x00, 0x82, 0xff, 0xe4, 0x6e, 0x36,  //@@......%@@+. 
  0xda, 0xff, 0x22, 0x00, 0x00, 0x00, 0x00, 0x00, 0x82, 0xff, 0xff, 0xff, 0x7e,  //@@......%@@@+ 
  0xda, 0xff, 0x22, 0x00, 0x00, 0x00, 0x00, 0x00, 0x82, 0xff, 0xaa, 0x32, 0x18,  //@@......%@%.. 
  0xda, 0xff, 0x22, 0x00, 0x00, 0x00, 0x00, 0x04, 0x82, 0xff, 0x7a, 0x00, 0x00,  //@@......%@+.. 
  0xff, 0xff, 0xc6, 0xa8, 0xb8, 0xcc, 0xec, 0x98, 0x82, 0xff, 0x7a, 0x00, 0x00,  //@@@%%@@%%@+.. 
  0xfc, 0xff, 0xff, 0xfa, 0xec, 0xdc, 0xbc, 0x6c, 0x82, 0xff, 0x7a, 0x00, 0x00,  //@@@@@@%+%@+.. 
  0x02, 0x02, 0x00, 0x00, 0x00, 0x00, 0x00, 0x00, 0x82, 0xff, 0x7a, 0x00, 0x00,  //........%@+.. 
  0x00, 0x00, 0x00, 0x00, 0x00, 0x00, 0x00, 0x00, 0x82, 0xff, 0x7a, 0x00, 0x00,  //........%@+.. 
  0x00, 0x00, 0x00, 0x00, 0x00, 0x00, 0x00, 0x00, 0x82, 0xff, 0x7a, 0x00, 0x00,  //........%@+.. 
  0x00, 0x00, 0x00, 0x00, 0x00, 0x00, 0x00, 0x00, 0x2c, 0x56, 0x28, 0x00, 0x00,  //.........+... 
  0x00, 0x00, 0x00, 0x00, 0x00, 0x00, 0x00, 0x00, 0x00, 0x00, 0x00, 0x00, 0x00,  //............. 
  0x00, 0x00, 0x00, 0x00, 0x00, 0x00, 0x00, 0x00, 0x00, 0x00, 0x00, 0x00, 0x00,  //............. 
  0x00, 0x00, 0x00, 0x00, 0x00, 0x00, 0x00, 0x00, 0x00, 0x00, 0x00, 0x00, 0x00,  //............. 


  /*Unicode: U+b2f9 (당) , Width: 13 */
  0x00, 0x00, 0x00, 0x00, 0x00, 0x00, 0x00, 0x00, 0x00, 0x00, 0x00, 0x00, 0x00,  //............. 
  0x00, 0x00, 0x00, 0x00, 0x00, 0x00, 0x00, 0x00, 0x00, 0x00, 0x00, 0x00, 0x00,  //............. 
  0x00, 0x00, 0x00, 0x00, 0x00, 0x00, 0x00, 0x00, 0x00, 0x00, 0x00, 0x00, 0x00,  //............. 
  0x00, 0x00, 0x00, 0x00, 0x00, 0x00, 0x00, 0x00, 0x3e, 0x8e, 0x50, 0x00, 0x00,  //.........%+.. 
  0x96, 0xa2, 0xa2, 0xa2, 0xa2, 0xa2, 0x32, 0x00, 0x6e, 0xff, 0x8e, 0x00, 0x00,  //%%%%%%..+@%.. 
  0xea, 0xff, 0xf6, 0xf6, 0xf6, 0xf6, 0x4c, 0x00, 0x6e, 0xff, 0x8e, 0x00, 0x00,  //@@@@@@+.+@%.. 
  0xea, 0xff, 0x12, 0x00, 0x00, 0x00, 0x00, 0x00, 0x6e, 0xff, 0xd6, 0x46, 0x1a,  //@@......+@@+. 
  0xea, 0xff, 0x12, 0x00, 0x00, 0x00, 0x00, 0x00, 0x6e, 0xff, 0xff, 0xff, 0x5e,  //@@......+@@@+ 
  0xea, 0xff, 0x12, 0x00, 0x00, 0x02, 0x24, 0x22, 0x6e, 0xff, 0xe6, 0x56, 0x20,  //@@......+@@+. 
  0xff, 0xff, 0xf4, 0xe4, 0xf0, 0xff, 0xff, 0x94, 0x6e, 0xff, 0x8e, 0x00, 0x00,  //@@@@@@@%+@%.. 
  0xde, 0xf2, 0xbc, 0xb4, 0xa8, 0x96, 0x78, 0x38, 0x6e, 0xff, 0x8e, 0x00, 0x00,  //@@%%%%+.+@%.. 
  0x00, 0x00, 0x00, 0x00, 0x2a, 0x46, 0x46, 0x2a, 0x34, 0x72, 0x40, 0x00, 0x00,  //.....++..++.. 
  0x00, 0x00, 0x70, 0xe8, 0xff, 0xff, 0xff, 0xff, 0xe8, 0x70, 0x00, 0x00, 0x00,  //..+@@@@@@+... 
  0x00, 0x68, 0xff, 0xdc, 0x70, 0x4c, 0x4c, 0x70, 0xda, 0xff, 0x68, 0x00, 0x00,  //.+@@++++@@+.. 
  0x00, 0xa6, 0xff, 0x56, 0x00, 0x00, 0x00, 0x00, 0x52, 0xff, 0xa6, 0x00, 0x00,  //.%@+....+@%.. 
  0x00, 0x6e, 0xff, 0xd8, 0x68, 0x44, 0x44, 0x68, 0xd6, 0xff, 0x6e, 0x00, 0x00,  //.+@@++++@@+.. 
  0x00, 0x02, 0x82, 0xf2, 0xff, 0xff, 0xff, 0xff, 0xf2, 0x80, 0x02, 0x00, 0x00,  //..%@@@@@@%... 
  0x00, 0x00, 0x00, 0x06, 0x36, 0x4e, 0x4e, 0x36, 0x06, 0x00, 0x00, 0x00, 0x00,  //.....++...... 
  0x00, 0x00, 0x00, 0x00, 0x00, 0x00, 0x00, 0x00, 0x00, 0x00, 0x00, 0x00, 0x00,  //............. 
  0x00, 0x00, 0x00, 0x00, 0x00, 0x00, 0x00, 0x00, 0x00, 0x00, 0x00, 0x00, 0x00,  //............. 
  0x00, 0x00, 0x00, 0x00, 0x00, 0x00, 0x00, 0x00, 0x00, 0x00, 0x00, 0x00, 0x00,  //............. 


  /*Unicode: U+b300 (대) , Width: 12 */
  0x00, 0x00, 0x00, 0x00, 0x00, 0x00, 0x00, 0x00, 0x00, 0x00, 0x00, 0x00,  //............ 
  0x00, 0x00, 0x00, 0x00, 0x00, 0x00, 0x00, 0x00, 0x00, 0x00, 0x00, 0x00,  //............ 
  0x00, 0x00, 0x00, 0x00, 0x00, 0x00, 0x00, 0x00, 0x00, 0x00, 0x00, 0x00,  //............ 
  0x00, 0x00, 0x00, 0x00, 0x00, 0x00, 0x26, 0x52, 0x1e, 0x32, 0x8e, 0x4c,  //.......+..%+ 
  0x00, 0x00, 0x00, 0x00, 0x00, 0x00, 0x76, 0xff, 0x5e, 0x5a, 0xff, 0x8a,  //......+@++@% 
  0xf2, 0xf2, 0xf2, 0xf2, 0xf2, 0x1c, 0x76, 0xff, 0x5e, 0x5a, 0xff, 0x8a,  //@@@@@.+@++@% 
  0xff, 0xfc, 0xa6, 0xa6, 0xa6, 0x14, 0x76, 0xff, 0x5e, 0x5a, 0xff, 0x8a,  //@@%%%.+@++@% 
  0xff, 0xf6, 0x00, 0x00, 0x00, 0x00, 0x76, 0xff, 0x5e, 0x5a, 0xff, 0x8a,  //@@....+@++@% 
  0xff, 0xf6, 0x00, 0x00, 0x00, 0x00, 0x76, 0xff, 0x96, 0x92, 0xff, 0x8a,  //@@....+@%%@% 
  0xff, 0xf6, 0x00, 0x00, 0x00, 0x00, 0x76, 0xff, 0xff, 0xff, 0xff, 0x8a,  //@@....+@@@@% 
  0xff, 0xf6, 0x00, 0x00, 0x00, 0x00, 0x76, 0xff, 0xc2, 0xbe, 0xff, 0x8a,  //@@....+@@%@% 
  0xff, 0xf6, 0x00, 0x00, 0x00, 0x00, 0x76, 0xff, 0x5e, 0x5a, 0xff, 0x8a,  //@@....+@++@% 
  0xff, 0xff, 0x76, 0x86, 0x9e, 0x96, 0x76, 0xff, 0x5e, 0x5a, 0xff, 0x8a,  //@@+%%%+@++@% 
  0xff, 0xff, 0xff, 0xff, 0xfc, 0xc8, 0x76, 0xff, 0x5e, 0x5a, 0xff, 0x8a,  //@@@@@@+@++@% 
  0x32, 0x32, 0x2e, 0x1e, 0x06, 0x00, 0x76, 0xff, 0x5e, 0x5a, 0xff, 0x8a,  //......+@++@% 
  0x00, 0x00, 0x00, 0x00, 0x00, 0x00, 0x76, 0xff, 0x5e, 0x5a, 0xff, 0x8a,  //......+@++@% 
  0x00, 0x00, 0x00, 0x00, 0x00, 0x00, 0x4e, 0xaa, 0x3e, 0x5a, 0xff, 0x8a,  //......+%.+@% 
  0x00, 0x00, 0x00, 0x00, 0x00, 0x00, 0x00, 0x00, 0x00, 0x1a, 0x4e, 0x2a,  //..........+. 
  0x00, 0x00, 0x00, 0x00, 0x00, 0x00, 0x00, 0x00, 0x00, 0x00, 0x00, 0x00,  //............ 
  0x00, 0x00, 0x00, 0x00, 0x00, 0x00, 0x00, 0x00, 0x00, 0x00, 0x00, 0x00,  //............ 
  0x00, 0x00, 0x00, 0x00, 0x00, 0x00, 0x00, 0x00, 0x00, 0x00, 0x00, 0x00,  //............ 


  /*Unicode: U+b354 (더) , Width: 12 */
  0x00, 0x00, 0x00, 0x00, 0x00, 0x00, 0x00, 0x00, 0x00, 0x00, 0x00, 0x00,  //............ 
  0x00, 0x00, 0x00, 0x00, 0x00, 0x00, 0x00, 0x00, 0x00, 0x00, 0x00, 0x00,  //............ 
  0x00, 0x00, 0x00, 0x00, 0x00, 0x00, 0x00, 0x00, 0x00, 0x00, 0x00, 0x00,  //............ 
  0x00, 0x00, 0x00, 0x00, 0x00, 0x00, 0x00, 0x00, 0x00, 0x66, 0x8e, 0x24,  //.........+%. 
  0x3e, 0x56, 0x56, 0x56, 0x56, 0x56, 0x30, 0x00, 0x00, 0xb6, 0xff, 0x42,  //.+++++...%@+ 
  0xb6, 0xff, 0xff, 0xff, 0xff, 0xff, 0x8e, 0x00, 0x00, 0xb6, 0xff, 0x42,  //%@@@@@%..%@+ 
  0xb6, 0xff, 0x72, 0x3e, 0x3e, 0x3e, 0x22, 0x00, 0x00, 0xb6, 0xff, 0x42,  //%@+......%@+ 
  0xb6, 0xff, 0x42, 0x00, 0x00, 0x00, 0x00, 0x00, 0x00, 0xb6, 0xff, 0x42,  //%@+......%@+ 
  0xb6, 0xff, 0x42, 0x00, 0x00, 0x14, 0xc2, 0xc2, 0xc2, 0xff, 0xff, 0x42,  //%@+...@@@@@+ 
  0xb6, 0xff, 0x42, 0x00, 0x00, 0x16, 0xd6, 0xd6, 0xd6, 0xff, 0xff, 0x42,  //%@+...@@@@@+ 
  0xb6, 0xff, 0x42, 0x00, 0x00, 0x00, 0x00, 0x00, 0x00, 0xb6, 0xff, 0x42,  //%@+......%@+ 
  0xb6, 0xff, 0x42, 0x00, 0x00, 0x00, 0x00, 0x00, 0x00, 0xb6, 0xff, 0x42,  //%@+......%@+ 
  0xff, 0xff, 0xe6, 0xa6, 0xb2, 0xc4, 0xe6, 0x50, 0x00, 0xb6, 0xff, 0x42,  //@@@%%@@+.%@+ 
  0xb6, 0xff, 0xfa, 0xf6, 0xea, 0xda, 0xba, 0x42, 0x00, 0xb6, 0xff, 0x42,  //%@@@@@%+.%@+ 
  0x00, 0x00, 0x00, 0x00, 0x00, 0x00, 0x00, 0x00, 0x00, 0xb6, 0xff, 0x42,  //.........%@+ 
  0x00, 0x00, 0x00, 0x00, 0x00, 0x00, 0x00, 0x00, 0x00, 0xb6, 0xff, 0x42,  //.........%@+ 
  0x00, 0x00, 0x00, 0x00, 0x00, 0x00, 0x00, 0x00, 0x00, 0xb6, 0xff, 0x42,  //.........%@+ 
  0x00, 0x00, 0x00, 0x00, 0x00, 0x00, 0x00, 0x00, 0x00, 0x40, 0x5a, 0x16,  //.........++. 
  0x00, 0x00, 0x00, 0x00, 0x00, 0x00, 0x00, 0x00, 0x00, 0x00, 0x00, 0x00,  //............ 
  0x00, 0x00, 0x00, 0x00, 0x00, 0x00, 0x00, 0x00, 0x00, 0x00, 0x00, 0x00,  //............ 
  0x00, 0x00, 0x00, 0x00, 0x00, 0x00, 0x00, 0x00, 0x00, 0x00, 0x00, 0x00,  //............ 


  /*Unicode: U+b370 (데) , Width: 12 */
  0x00, 0x00, 0x00, 0x00, 0x00, 0x00, 0x00, 0x00, 0x00, 0x00, 0x00, 0x00,  //............ 
  0x00, 0x00, 0x00, 0x00, 0x00, 0x00, 0x00, 0x00, 0x00, 0x00, 0x00, 0x00,  //............ 
  0x00, 0x00, 0x00, 0x00, 0x00, 0x00, 0x00, 0x00, 0x00, 0x00, 0x00, 0x00,  //............ 
  0x00, 0x00, 0x00, 0x00, 0x00, 0x00, 0x10, 0x4e, 0x30, 0x30, 0x8e, 0x4c,  //.......+..%+ 
  0x00, 0x00, 0x00, 0x00, 0x00, 0x00, 0x3a, 0xff, 0x9e, 0x56, 0xff, 0x8a,  //.......@%+@% 
  0xff, 0xff, 0xff, 0xff, 0xff, 0x4e, 0x3a, 0xff, 0x9e, 0x56, 0xff, 0x8a,  //@@@@@+.@%+@% 
  0xff, 0xfa, 0x92, 0x92, 0x92, 0x2c, 0x3a, 0xff, 0x9e, 0x56, 0xff, 0x8a,  //@@%%%..@%+@% 
  0xff, 0xf6, 0x00, 0x00, 0x00, 0x00, 0x3a, 0xff, 0x9e, 0x56, 0xff, 0x8a,  //@@.....@%+@% 
  0xff, 0xf6, 0x00, 0x00, 0x4e, 0x7e, 0xba, 0xff, 0x9e, 0x56, 0xff, 0x8a,  //@@..++%@%+@% 
  0xff, 0xf6, 0x00, 0x00, 0x9e, 0xff, 0xff, 0xff, 0x9e, 0x56, 0xff, 0x8a,  //@@..%@@@%+@% 
  0xff, 0xf6, 0x00, 0x00, 0x10, 0x1a, 0x56, 0xff, 0x9e, 0x56, 0xff, 0x8a,  //@@....+@%+@% 
  0xff, 0xf6, 0x00, 0x00, 0x00, 0x00, 0x3a, 0xff, 0x9e, 0x56, 0xff, 0x8a,  //@@.....@%+@% 
  0xff, 0xff, 0x68, 0x76, 0x8c, 0x8c, 0x3a, 0xff, 0x9e, 0x56, 0xff, 0x8a,  //@@++%%.@%+@% 
  0xff, 0xff, 0xff, 0xff, 0xff, 0xd6, 0x3a, 0xff, 0x9e, 0x56, 0xff, 0x8a,  //@@@@@@.@%+@% 
  0x3e, 0x3c, 0x38, 0x2a, 0x14, 0x00, 0x3a, 0xff, 0x9e, 0x56, 0xff, 0x8a,  //.......@%+@% 
  0x00, 0x00, 0x00, 0x00, 0x00, 0x00, 0x3a, 0xff, 0x9e, 0x56, 0xff, 0x8a,  //.......@%+@% 
  0x00, 0x00, 0x00, 0x00, 0x00, 0x00, 0x2a, 0xb6, 0x72, 0x56, 0xff, 0x8a,  //.......%++@% 
  0x00, 0x00, 0x00, 0x00, 0x00, 0x00, 0x00, 0x00, 0x00, 0x1a, 0x4e, 0x2a,  //..........+. 
  0x00, 0x00, 0x00, 0x00, 0x00, 0x00, 0x00, 0x00, 0x00, 0x00, 0x00, 0x00,  //............ 
  0x00, 0x00, 0x00, 0x00, 0x00, 0x00, 0x00, 0x00, 0x00, 0x00, 0x00, 0x00,  //............ 
  0x00, 0x00, 0x00, 0x00, 0x00, 0x00, 0x00, 0x00, 0x00, 0x00, 0x00, 0x00,  //............ 


  /*Unicode: U+b3c4 (도) , Width: 14 */
  0x00, 0x00, 0x00, 0x00, 0x00, 0x00, 0x00, 0x00, 0x00, 0x00, 0x00, 0x00, 0x00, 0x00,  //.............. 
  0x00, 0x00, 0x00, 0x00, 0x00, 0x00, 0x00, 0x00, 0x00, 0x00, 0x00, 0x00, 0x00, 0x00,  //.............. 
  0x00, 0x00, 0x00, 0x00, 0x00, 0x00, 0x00, 0x00, 0x00, 0x00, 0x00, 0x00, 0x00, 0x00,  //.............. 
  0x00, 0x00, 0x00, 0x00, 0x00, 0x00, 0x00, 0x00, 0x00, 0x00, 0x00, 0x00, 0x00, 0x00,  //.............. 
  0x00, 0x00, 0x8e, 0x9a, 0x9a, 0x9a, 0x9a, 0x9a, 0x9a, 0x9a, 0x9a, 0x74, 0x00, 0x00,  //..%%%%%%%%%+.. 
  0x00, 0x00, 0xea, 0xff, 0xfa, 0xfa, 0xfa, 0xfa, 0xfa, 0xfa, 0xfa, 0xbc, 0x00, 0x00,  //..@@@@@@@@@%.. 
  0x00, 0x00, 0xea, 0xff, 0x0e, 0x00, 0x00, 0x00, 0x00, 0x00, 0x00, 0x00, 0x00, 0x00,  //..@@.......... 
  0x00, 0x00, 0xea, 0xff, 0x0e, 0x00, 0x00, 0x00, 0x00, 0x00, 0x00, 0x00, 0x00, 0x00,  //..@@.......... 
  0x00, 0x00, 0xea, 0xff, 0x0e, 0x00, 0x00, 0x00, 0x00, 0x00, 0x00, 0x00, 0x00, 0x00,  //..@@.......... 
  0x00, 0x00, 0xff, 0xff, 0x6e, 0x5e, 0x5e, 0x5e, 0x5e, 0x5e, 0x5e, 0x50, 0x00, 0x00,  //..@@++++++++.. 
  0x00, 0x00, 0xff, 0xff, 0xff, 0xff, 0xff, 0xff, 0xff, 0xff, 0xff, 0xd6, 0x00, 0x00,  //..@@@@@@@@@@.. 
  0x00, 0x00, 0x36, 0x3a, 0x3a, 0x56, 0xff, 0xff, 0x3a, 0x3a, 0x3a, 0x30, 0x00, 0x00,  //.....+@@...... 
  0x00, 0x00, 0x00, 0x00, 0x00, 0x1a, 0xff, 0xde, 0x00, 0x00, 0x00, 0x00, 0x00, 0x00,  //......@@...... 
  0x00, 0x00, 0x00, 0x00, 0x00, 0x1a, 0xff, 0xde, 0x00, 0x00, 0x00, 0x00, 0x00, 0x00,  //......@@...... 
  0x54, 0xda, 0xda, 0xda, 0xda, 0xec, 0xff, 0xff, 0xda, 0xda, 0xda, 0xda, 0xda, 0x2a,  //+@@@@@@@@@@@@. 
  0x4c, 0xc6, 0xc6, 0xc6, 0xc6, 0xc6, 0xc6, 0xc6, 0xc6, 0xc6, 0xc6, 0xc6, 0xc6, 0x26,  //+@@@@@@@@@@@@. 
  0x00, 0x00, 0x00, 0x00, 0x00, 0x00, 0x00, 0x00, 0x00, 0x00, 0x00, 0x00, 0x00, 0x00,  //.............. 
  0x00, 0x00, 0x00, 0x00, 0x00, 0x00, 0x00, 0x00, 0x00, 0x00, 0x00, 0x00, 0x00, 0x00,  //.............. 
  0x00, 0x00, 0x00, 0x00, 0x00, 0x00, 0x00, 0x00, 0x00, 0x00, 0x00, 0x00, 0x00, 0x00,  //.............. 
  0x00, 0x00, 0x00, 0x00, 0x00, 0x00, 0x00, 0x00, 0x00, 0x00, 0x00, 0x00, 0x00, 0x00,  //.............. 
  0x00, 0x00, 0x00, 0x00, 0x00, 0x00, 0x00, 0x00, 0x00, 0x00, 0x00, 0x00, 0x00, 0x00,  //.............. 


  /*Unicode: U+b3cc (돌) , Width: 14 */
  0x00, 0x00, 0x00, 0x00, 0x00, 0x00, 0x00, 0x00, 0x00, 0x00, 0x00, 0x00, 0x00, 0x00,  //.............. 
  0x00, 0x00, 0x00, 0x00, 0x00, 0x00, 0x00, 0x00, 0x00, 0x00, 0x00, 0x00, 0x00, 0x00,  //.............. 
  0x00, 0x00, 0x00, 0x00, 0x00, 0x00, 0x00, 0x00, 0x00, 0x00, 0x00, 0x00, 0x00, 0x00,  //.............. 
  0x00, 0x00, 0x16, 0x1a, 0x1a, 0x1a, 0x1a, 0x1a, 0x1a, 0x1a, 0x1a, 0x0e, 0x00, 0x00,  //.............. 
  0x00, 0x00, 0xd2, 0xff, 0xff, 0xff, 0xff, 0xff, 0xff, 0xff, 0xff, 0x92, 0x00, 0x00,  //..@@@@@@@@@%.. 
  0x00, 0x00, 0xd2, 0xff, 0x8c, 0x76, 0x76, 0x76, 0x76, 0x76, 0x76, 0x44, 0x00, 0x00,  //..@@%+++++++.. 
  0x00, 0x00, 0xff, 0xff, 0x86, 0x5e, 0x5e, 0x5e, 0x5e, 0x5e, 0x5e, 0x42, 0x00, 0x00,  //..@@%+++++++.. 
  0x00, 0x00, 0xff, 0xff, 0xff, 0xff, 0xff, 0xff, 0xff, 0xff, 0xff, 0xb2, 0x00, 0x00,  //..@@@@@@@@@%.. 
  0x00, 0x00, 0x26, 0x2e, 0x2e, 0x4a, 0xff, 0xff, 0x2e, 0x2e, 0x2e, 0x20, 0x00, 0x00,  //.....+@@...... 
  0x60, 0xee, 0xee, 0xee, 0xee, 0xff, 0xff, 0xff, 0xee, 0xee, 0xee, 0xee, 0xee, 0x28,  //+@@@@@@@@@@@@. 
  0x40, 0x9e, 0x9e, 0x9e, 0x9e, 0x9e, 0xa2, 0xa2, 0x9e, 0x9e, 0x9e, 0x9e, 0x9e, 0x1a,  //+%%%%%%%%%%%%. 
  0x00, 0x00, 0x9e, 0xa6, 0xa6, 0xa6, 0xa6, 0xa6, 0xa6, 0xa6, 0xa6, 0x6a, 0x00, 0x00,  //..%%%%%%%%%+.. 
  0x00, 0x00, 0xc8, 0xd2, 0xd2, 0xd2, 0xd2, 0xd2, 0xd2, 0xe0, 0xff, 0xa2, 0x00, 0x00,  //..@@@@@@@@@%.. 
  0x00, 0x00, 0x68, 0x6e, 0x6e, 0x6e, 0x6e, 0x6e, 0x6e, 0x9e, 0xff, 0xa2, 0x00, 0x00,  //..+++++++%@%.. 
  0x00, 0x00, 0xee, 0xff, 0xee, 0xee, 0xee, 0xee, 0xee, 0xee, 0xee, 0x98, 0x00, 0x00,  //..@@@@@@@@@%.. 
  0x00, 0x00, 0xff, 0xff, 0x4a, 0x42, 0x42, 0x42, 0x42, 0x42, 0x42, 0x42, 0x00, 0x00,  //..@@++++++++.. 
  0x00, 0x00, 0xff, 0xff, 0xff, 0xff, 0xff, 0xff, 0xff, 0xff, 0xff, 0xff, 0x02, 0x00,  //..@@@@@@@@@@.. 
  0x00, 0x00, 0x36, 0x3a, 0x3a, 0x3a, 0x3a, 0x3a, 0x3a, 0x3a, 0x3a, 0x3a, 0x00, 0x00,  //.............. 
  0x00, 0x00, 0x00, 0x00, 0x00, 0x00, 0x00, 0x00, 0x00, 0x00, 0x00, 0x00, 0x00, 0x00,  //.............. 
  0x00, 0x00, 0x00, 0x00, 0x00, 0x00, 0x00, 0x00, 0x00, 0x00, 0x00, 0x00, 0x00, 0x00,  //.............. 
  0x00, 0x00, 0x00, 0x00, 0x00, 0x00, 0x00, 0x00, 0x00, 0x00, 0x00, 0x00, 0x00, 0x00,  //.............. 


  /*Unicode: U+b3d9 (동) , Width: 14 */
  0x00, 0x00, 0x00, 0x00, 0x00, 0x00, 0x00, 0x00, 0x00, 0x00, 0x00, 0x00, 0x00, 0x00,  //.............. 
  0x00, 0x00, 0x00, 0x00, 0x00, 0x00, 0x00, 0x00, 0x00, 0x00, 0x00, 0x00, 0x00, 0x00,  //.............. 
  0x00, 0x00, 0x00, 0x00, 0x00, 0x00, 0x00, 0x00, 0x00, 0x00, 0x00, 0x00, 0x00, 0x00,  //.............. 
  0x00, 0x00, 0x00, 0x00, 0x00, 0x00, 0x00, 0x00, 0x00, 0x00, 0x00, 0x00, 0x00, 0x00,  //.............. 
  0x00, 0x00, 0xd4, 0xf6, 0xf6, 0xf6, 0xf6, 0xf6, 0xf6, 0xf6, 0xf6, 0xa8, 0x00, 0x00,  //..@@@@@@@@@%.. 
  0x00, 0x00, 0xda, 0xff, 0xa6, 0x9a, 0x9a, 0x9a, 0x9a, 0x9a, 0x9a, 0x6a, 0x00, 0x00,  //..@@%%%%%%%+.. 
  0x00, 0x00, 0xda, 0xff, 0x1e, 0x00, 0x00, 0x00, 0x00, 0x00, 0x00, 0x00, 0x00, 0x00,  //..@@.......... 
  0x00, 0x00, 0xff, 0xff, 0xde, 0xc0, 0xda, 0xd8, 0xbe, 0xbe, 0xbe, 0x92, 0x00, 0x00,  //..@@@@@@%%%%.. 
  0x00, 0x00, 0xe8, 0xff, 0xd6, 0xe6, 0xff, 0xff, 0xce, 0xce, 0xce, 0x9e, 0x00, 0x00,  //..@@@@@@@@@%.. 
  0x02, 0x06, 0x06, 0x06, 0x06, 0x1e, 0xff, 0xee, 0x06, 0x06, 0x06, 0x06, 0x06, 0x00,  //......@@...... 
  0x5e, 0xff, 0xff, 0xff, 0xff, 0xff, 0xff, 0xff, 0xff, 0xff, 0xff, 0xff, 0xff, 0x2e,  //+@@@@@@@@@@@@. 
  0x32, 0x8a, 0x8a, 0x8a, 0x8a, 0x8a, 0x8a, 0x8a, 0x8a, 0x8a, 0x8a, 0x8a, 0x8a, 0x18,  //.%%%%%%%%%%%%. 
  0x00, 0x00, 0x00, 0x22, 0x78, 0xa4, 0xba, 0xb4, 0x9e, 0x62, 0x10, 0x00, 0x00, 0x00,  //....+%%%%+.... 
  0x00, 0x00, 0x68, 0xfc, 0xfc, 0xd6, 0xc2, 0xc4, 0xe4, 0xff, 0xec, 0x30, 0x00, 0x00,  //..+@@@@@@@@... 
  0x00, 0x00, 0xe4, 0xff, 0x36, 0x00, 0x00, 0x00, 0x00, 0x82, 0xff, 0xa0, 0x00, 0x00,  //..@@.....%@%.. 
  0x00, 0x00, 0xc8, 0xff, 0x98, 0x42, 0x2e, 0x30, 0x50, 0xc6, 0xff, 0x82, 0x00, 0x00,  //..@@%+..+@@%.. 
  0x00, 0x00, 0x22, 0xb8, 0xfa, 0xff, 0xff, 0xff, 0xff, 0xf0, 0x96, 0x06, 0x00, 0x00,  //...%@@@@@@%... 
  0x00, 0x00, 0x00, 0x00, 0x12, 0x3a, 0x4e, 0x4a, 0x34, 0x06, 0x00, 0x00, 0x00, 0x00,  //......++...... 
  0x00, 0x00, 0x00, 0x00, 0x00, 0x00, 0x00, 0x00, 0x00, 0x00, 0x00, 0x00, 0x00, 0x00,  //.............. 
  0x00, 0x00, 0x00, 0x00, 0x00, 0x00, 0x00, 0x00, 0x00, 0x00, 0x00, 0x00, 0x00, 0x00,  //.............. 
  0x00, 0x00, 0x00, 0x00, 0x00, 0x00, 0x00, 0x00, 0x00, 0x00, 0x00, 0x00, 0x00, 0x00,  //.............. 


  /*Unicode: U+b418 (되) , Width: 13 */
  0x00, 0x00, 0x00, 0x00, 0x00, 0x00, 0x00, 0x00, 0x00, 0x00, 0x00, 0x00, 0x00,  //............. 
  0x00, 0x00, 0x00, 0x00, 0x00, 0x00, 0x00, 0x00, 0x00, 0x00, 0x00, 0x00, 0x00,  //............. 
  0x00, 0x00, 0x00, 0x00, 0x00, 0x00, 0x00, 0x00, 0x00, 0x00, 0x00, 0x00, 0x00,  //............. 
  0x00, 0x00, 0x00, 0x00, 0x00, 0x00, 0x00, 0x00, 0x00, 0x00, 0x74, 0x92, 0x1a,  //..........+%. 
  0x00, 0x26, 0x56, 0x56, 0x56, 0x56, 0x56, 0x56, 0x3e, 0x00, 0xca, 0xff, 0x2e,  //..++++++..@@. 
  0x00, 0x72, 0xff, 0xff, 0xff, 0xff, 0xff, 0xff, 0xba, 0x00, 0xca, 0xff, 0x2e,  //.+@@@@@@%.@@. 
  0x00, 0x72, 0xff, 0xaa, 0x3e, 0x3e, 0x3e, 0x3e, 0x2e, 0x00, 0xca, 0xff, 0x2e,  //.+@%......@@. 
  0x00, 0x72, 0xff, 0x8e, 0x00, 0x00, 0x00, 0x00, 0x00, 0x00, 0xca, 0xff, 0x2e,  //.+@%......@@. 
  0x00, 0x72, 0xff, 0x8e, 0x00, 0x00, 0x00, 0x00, 0x00, 0x00, 0xca, 0xff, 0x2e,  //.+@%......@@. 
  0x00, 0xaa, 0xff, 0xff, 0xee, 0xee, 0xee, 0xee, 0xc2, 0x00, 0xca, 0xff, 0x2e,  //.%@@@@@@@.@@. 
  0x00, 0x4a, 0xa6, 0xa6, 0xff, 0xff, 0xc2, 0xa6, 0x86, 0x00, 0xca, 0xff, 0x2e,  //.+%%@@@%%.@@. 
  0x00, 0x00, 0x00, 0x00, 0xd6, 0xff, 0x2a, 0x00, 0x00, 0x00, 0xca, 0xff, 0x2e,  //....@@....@@. 
  0x00, 0x00, 0x00, 0x02, 0xe0, 0xff, 0x44, 0x2a, 0x3e, 0x22, 0xca, 0xff, 0x2e,  //....@@+...@@. 
  0x40, 0xff, 0xff, 0xff, 0xff, 0xff, 0xff, 0xff, 0xff, 0x84, 0xca, 0xff, 0x2e,  //+@@@@@@@@%@@. 
  0x14, 0x9e, 0x9c, 0x9a, 0x90, 0x84, 0x76, 0x5c, 0x3e, 0x16, 0xca, 0xff, 0x2e,  //.%%%%%++..@@. 
  0x00, 0x00, 0x00, 0x00, 0x00, 0x00, 0x00, 0x00, 0x00, 0x00, 0xca, 0xff, 0x2e,  //..........@@. 
  0x00, 0x00, 0x00, 0x00, 0x00, 0x00, 0x00, 0x00, 0x00, 0x00, 0xca, 0xff, 0x2e,  //..........@@. 
  0x00, 0x00, 0x00, 0x00, 0x00, 0x00, 0x00, 0x00, 0x00, 0x00, 0x44, 0x56, 0x0e,  //..........++. 
  0x00, 0x00, 0x00, 0x00, 0x00, 0x00, 0x00, 0x00, 0x00, 0x00, 0x00, 0x00, 0x00,  //............. 
  0x00, 0x00, 0x00, 0x00, 0x00, 0x00, 0x00, 0x00, 0x00, 0x00, 0x00, 0x00, 0x00,  //............. 
  0x00, 0x00, 0x00, 0x00, 0x00, 0x00, 0x00, 0x00, 0x00, 0x00, 0x00, 0x00, 0x00,  //............. 


  /*Unicode: U+b41c (된) , Width: 13 */
  0x00, 0x00, 0x00, 0x00, 0x00, 0x00, 0x00, 0x00, 0x00, 0x00, 0x00, 0x00, 0x00,  //............. 
  0x00, 0x00, 0x00, 0x00, 0x00, 0x00, 0x00, 0x00, 0x00, 0x00, 0x00, 0x00, 0x00,  //............. 
  0x00, 0x00, 0x00, 0x00, 0x00, 0x00, 0x00, 0x00, 0x00, 0x00, 0x00, 0x00, 0x00,  //............. 
  0x00, 0x00, 0x00, 0x00, 0x00, 0x00, 0x00, 0x00, 0x00, 0x00, 0x74, 0x8e, 0x1a,  //..........+%. 
  0x00, 0x20, 0xb6, 0xb6, 0xb6, 0xb6, 0xb6, 0xb6, 0x62, 0x00, 0xce, 0xff, 0x2e,  //..%%%%%%+.@@. 
  0x00, 0x2e, 0xff, 0xf8, 0xda, 0xda, 0xda, 0xda, 0x76, 0x00, 0xce, 0xff, 0x2e,  //..@@@@@@+.@@. 
  0x00, 0x2e, 0xff, 0xce, 0x00, 0x00, 0x00, 0x00, 0x00, 0x00, 0xce, 0xff, 0x2e,  //..@@......@@. 
  0x00, 0x3e, 0xff, 0xff, 0x4e, 0x4e, 0x4e, 0x4e, 0x30, 0x00, 0xce, 0xff, 0x2e,  //..@@++++..@@. 
  0x00, 0x3e, 0xff, 0xff, 0xff, 0xff, 0xff, 0xff, 0x9e, 0x00, 0xce, 0xff, 0x2e,  //..@@@@@@%.@@. 
  0x00, 0x0a, 0x42, 0x42, 0xff, 0xff, 0x76, 0x42, 0x28, 0x00, 0xce, 0xff, 0x2e,  //..++@@++..@@. 
  0x12, 0x42, 0x44, 0x46, 0xff, 0xff, 0x94, 0x70, 0x82, 0x34, 0xce, 0xff, 0x2e,  //.+++@@%+%.@@. 
  0x34, 0xff, 0xff, 0xff, 0xff, 0xff, 0xff, 0xff, 0xf2, 0x64, 0xce, 0xff, 0x2e,  //.@@@@@@@@+@@. 
  0x06, 0x4c, 0x4a, 0x46, 0x3c, 0x32, 0x24, 0x0c, 0x00, 0x00, 0xce, 0xff, 0x2e,  //.+++......@@. 
  0x00, 0x00, 0x2e, 0xd6, 0xa6, 0x00, 0x00, 0x00, 0x00, 0x00, 0xb8, 0xe2, 0x28,  //...@%.....%@. 
  0x00, 0x00, 0x36, 0xff, 0xc6, 0x00, 0x00, 0x00, 0x00, 0x00, 0x00, 0x00, 0x00,  //...@@........ 
  0x00, 0x00, 0x52, 0xff, 0xff, 0x82, 0x82, 0x82, 0x82, 0x82, 0x82, 0x82, 0x48,  //..+@@%%%%%%%+ 
  0x00, 0x00, 0x3c, 0xff, 0xff, 0xff, 0xff, 0xff, 0xff, 0xff, 0xff, 0xff, 0x8e,  //...@@@@@@@@@% 
  0x00, 0x00, 0x04, 0x16, 0x16, 0x16, 0x16, 0x16, 0x16, 0x16, 0x16, 0x16, 0x0c,  //............. 
  0x00, 0x00, 0x00, 0x00, 0x00, 0x00, 0x00, 0x00, 0x00, 0x00, 0x00, 0x00, 0x00,  //............. 
  0x00, 0x00, 0x00, 0x00, 0x00, 0x00, 0x00, 0x00, 0x00, 0x00, 0x00, 0x00, 0x00,  //............. 
  0x00, 0x00, 0x00, 0x00, 0x00, 0x00, 0x00, 0x00, 0x00, 0x00, 0x00, 0x00, 0x00,  //............. 


  /*Unicode: U+b428 (됨) , Width: 13 */
  0x00, 0x00, 0x00, 0x00, 0x00, 0x00, 0x00, 0x00, 0x00, 0x00, 0x00, 0x00, 0x00,  //............. 
  0x00, 0x00, 0x00, 0x00, 0x00, 0x00, 0x00, 0x00, 0x00, 0x00, 0x00, 0x00, 0x00,  //............. 
  0x00, 0x00, 0x00, 0x00, 0x00, 0x00, 0x00, 0x00, 0x00, 0x00, 0x00, 0x00, 0x00,  //............. 
  0x00, 0x00, 0x00, 0x00, 0x00, 0x00, 0x00, 0x00, 0x00, 0x00, 0x6c, 0x8e, 0x1e,  //..........+%. 
  0x00, 0x24, 0xd6, 0xd6, 0xd6, 0xd6, 0xd6, 0xd6, 0x74, 0x00, 0xc2, 0xff, 0x36,  //..@@@@@@+.@@. 
  0x00, 0x2a, 0xff, 0xf2, 0xb6, 0xb6, 0xb6, 0xb6, 0x62, 0x00, 0xc2, 0xff, 0x36,  //..@@%%%%+.@@. 
  0x00, 0x2a, 0xff, 0xd2, 0x00, 0x00, 0x00, 0x00, 0x00, 0x00, 0xc2, 0xff, 0x36,  //..@@......@@. 
  0x00, 0x40, 0xff, 0xff, 0xce, 0xce, 0xce, 0xce, 0x80, 0x00, 0xc2, 0xff, 0x36,  //.+@@@@@@%.@@. 
  0x00, 0x20, 0xbe, 0xbe, 0xff, 0xff, 0xe6, 0xbe, 0x76, 0x00, 0xc2, 0xff, 0x36,  //..%%@@@%+.@@. 
  0x00, 0x00, 0x00, 0x00, 0xd0, 0xff, 0x48, 0x30, 0x4a, 0x28, 0xc2, 0xff, 0x36,  //....@@+.+.@@. 
  0x32, 0xf6, 0xf8, 0xfc, 0xff, 0xff, 0xff, 0xff, 0xff, 0x7e, 0xc2, 0xff, 0x36,  //.@@@@@@@@+@@. 
  0x0c, 0x8c, 0x88, 0x82, 0x78, 0x6c, 0x5c, 0x3e, 0x1e, 0x02, 0xaa, 0xde, 0x30,  //.%%%+++...%@. 
  0x00, 0x00, 0x16, 0x8e, 0x8e, 0x8e, 0x8e, 0x8e, 0x8e, 0x8e, 0x8e, 0x8e, 0x1e,  //...%%%%%%%%%. 
  0x00, 0x00, 0x2a, 0xff, 0xff, 0xff, 0xff, 0xff, 0xff, 0xff, 0xff, 0xff, 0x36,  //...@@@@@@@@@. 
  0x00, 0x00, 0x2a, 0xff, 0xc6, 0x02, 0x02, 0x02, 0x02, 0x02, 0xb4, 0xff, 0x36,  //...@@.....%@. 
  0x00, 0x00, 0x2a, 0xff, 0xdc, 0x62, 0x62, 0x62, 0x62, 0x62, 0xd0, 0xff, 0x36,  //...@@+++++@@. 
  0x00, 0x00, 0x2a, 0xff, 0xff, 0xff, 0xff, 0xff, 0xff, 0xff, 0xff, 0xff, 0x36,  //...@@@@@@@@@. 
  0x00, 0x00, 0x06, 0x2e, 0x2e, 0x2e, 0x2e, 0x2e, 0x2e, 0x2e, 0x2e, 0x2e, 0x08,  //............. 
  0x00, 0x00, 0x00, 0x00, 0x00, 0x00, 0x00, 0x00, 0x00, 0x00, 0x00, 0x00, 0x00,  //............. 
  0x00, 0x00, 0x00, 0x00, 0x00, 0x00, 0x00, 0x00, 0x00, 0x00, 0x00, 0x00, 0x00,  //............. 
  0x00, 0x00, 0x00, 0x00, 0x00, 0x00, 0x00, 0x00, 0x00, 0x00, 0x00, 0x00, 0x00,  //............. 


  /*Unicode: U+b429 (됩) , Width: 13 */
  0x00, 0x00, 0x00, 0x00, 0x00, 0x00, 0x00, 0x00, 0x00, 0x00, 0x00, 0x00, 0x00,  //............. 
  0x00, 0x00, 0x00, 0x00, 0x00, 0x00, 0x00, 0x00, 0x00, 0x00, 0x00, 0x00, 0x00,  //............. 
  0x00, 0x00, 0x00, 0x00, 0x00, 0x00, 0x00, 0x00, 0x00, 0x00, 0x00, 0x00, 0x00,  //............. 
  0x00, 0x00, 0x00, 0x00, 0x00, 0x00, 0x00, 0x00, 0x00, 0x00, 0x6e, 0x8e, 0x1c,  //..........+%. 
  0x00, 0x2a, 0xea, 0xea, 0xea, 0xea, 0xea, 0xea, 0x6c, 0x00, 0xc6, 0xff, 0x32,  //..@@@@@@+.@@. 
  0x00, 0x2e, 0xff, 0xee, 0xa6, 0xa6, 0xa6, 0xa6, 0x4c, 0x00, 0xc6, 0xff, 0x32,  //..@@%%%%+.@@. 
  0x00, 0x2e, 0xff, 0xce, 0x00, 0x00, 0x00, 0x00, 0x00, 0x00, 0xc6, 0xff, 0x32,  //..@@......@@. 
  0x00, 0x46, 0xff, 0xff, 0xe2, 0xe2, 0xe2, 0xe2, 0x7e, 0x00, 0xc6, 0xff, 0x32,  //.+@@@@@@+.@@. 
  0x00, 0x20, 0xae, 0xae, 0xff, 0xff, 0xda, 0xae, 0x62, 0x00, 0xc6, 0xff, 0x32,  //..%%@@@%+.@@. 
  0x0e, 0x30, 0x30, 0x34, 0xff, 0xff, 0x86, 0x6e, 0x86, 0x36, 0xc6, 0xff, 0x32,  //....@@%+%.@@. 
  0x3e, 0xff, 0xff, 0xff, 0xff, 0xff, 0xff, 0xfc, 0xe0, 0x58, 0xc6, 0xff, 0x32,  //.@@@@@@@@+@@. 
  0x0a, 0x54, 0x52, 0x4e, 0x42, 0x34, 0x24, 0x06, 0x00, 0x00, 0x62, 0x7e, 0x18,  //.++++.....++. 
  0x00, 0x00, 0x2c, 0xee, 0xb6, 0x00, 0x00, 0x00, 0x00, 0x00, 0xb6, 0xee, 0x2e,  //...@%.....%@. 
  0x00, 0x00, 0x2e, 0xff, 0xf8, 0xe6, 0xe6, 0xe6, 0xe6, 0xe6, 0xf8, 0xff, 0x32,  //...@@@@@@@@@. 
  0x00, 0x00, 0x2e, 0xff, 0xe6, 0x96, 0x96, 0x96, 0x96, 0x96, 0xe6, 0xff, 0x32,  //...@@%%%%%@@. 
  0x00, 0x00, 0x2e, 0xff, 0xda, 0x62, 0x62, 0x62, 0x62, 0x62, 0xda, 0xff, 0x32,  //...@@+++++@@. 
  0x00, 0x00, 0x2e, 0xff, 0xff, 0xff, 0xff, 0xff, 0xff, 0xff, 0xff, 0xff, 0x32,  //...@@@@@@@@@. 
  0x00, 0x00, 0x08, 0x2e, 0x2e, 0x2e, 0x2e, 0x2e, 0x2e, 0x2e, 0x2e, 0x2e, 0x08,  //............. 
  0x00, 0x00, 0x00, 0x00, 0x00, 0x00, 0x00, 0x00, 0x00, 0x00, 0x00, 0x00, 0x00,  //............. 
  0x00, 0x00, 0x00, 0x00, 0x00, 0x00, 0x00, 0x00, 0x00, 0x00, 0x00, 0x00, 0x00,  //............. 
  0x00, 0x00, 0x00, 0x00, 0x00, 0x00, 0x00, 0x00, 0x00, 0x00, 0x00, 0x00, 0x00,  //............. 


  /*Unicode: U+b450 (두) , Width: 14 */
  0x00, 0x00, 0x00, 0x00, 0x00, 0x00, 0x00, 0x00, 0x00, 0x00, 0x00, 0x00, 0x00, 0x00,  //.............. 
  0x00, 0x00, 0x00, 0x00, 0x00, 0x00, 0x00, 0x00, 0x00, 0x00, 0x00, 0x00, 0x00, 0x00,  //.............. 
  0x00, 0x00, 0x00, 0x00, 0x00, 0x00, 0x00, 0x00, 0x00, 0x00, 0x00, 0x00, 0x00, 0x00,  //.............. 
  0x00, 0x00, 0x00, 0x00, 0x00, 0x00, 0x00, 0x00, 0x00, 0x00, 0x00, 0x00, 0x00, 0x00,  //.............. 
  0x00, 0x00, 0xa6, 0xd2, 0xd2, 0xd2, 0xd2, 0xd2, 0xd2, 0xd2, 0xd2, 0x7c, 0x00, 0x00,  //..%@@@@@@@@+.. 
  0x00, 0x00, 0xca, 0xff, 0xce, 0xbe, 0xbe, 0xbe, 0xbe, 0xbe, 0xbe, 0x70, 0x00, 0x00,  //..@@@%%%%%%+.. 
  0x00, 0x00, 0xca, 0xff, 0x3e, 0x00, 0x00, 0x00, 0x00, 0x00, 0x00, 0x00, 0x00, 0x00,  //..@@.......... 
  0x00, 0x00, 0xca, 0xff, 0x3e, 0x00, 0x00, 0x00, 0x00, 0x00, 0x00, 0x00, 0x00, 0x00,  //..@@.......... 
  0x00, 0x00, 0xff, 0xff, 0xe6, 0xa6, 0xa6, 0xa6, 0xa6, 0xa6, 0xa6, 0x7c, 0x00, 0x00,  //..@@@%%%%%%+.. 
  0x00, 0x00, 0xd4, 0xff, 0xf6, 0xee, 0xee, 0xee, 0xee, 0xee, 0xee, 0xb2, 0x00, 0x00,  //..@@@@@@@@@%.. 
  0x00, 0x00, 0x00, 0x00, 0x00, 0x00, 0x00, 0x00, 0x00, 0x00, 0x00, 0x00, 0x00, 0x00,  //.............. 
  0x42, 0xae, 0xae, 0xae, 0xae, 0xae, 0xae, 0xae, 0xae, 0xae, 0xae, 0xae, 0xae, 0x20,  //+%%%%%%%%%%%%. 
  0x58, 0xe6, 0xe6, 0xe6, 0xe6, 0xff, 0xff, 0xff, 0xe6, 0xe6, 0xe6, 0xe6, 0xe6, 0x2a,  //+@@@@@@@@@@@@. 
  0x00, 0x00, 0x00, 0x00, 0x00, 0x26, 0xff, 0xd6, 0x00, 0x00, 0x00, 0x00, 0x00, 0x00,  //......@@...... 
  0x00, 0x00, 0x00, 0x00, 0x00, 0x26, 0xff, 0xd6, 0x00, 0x00, 0x00, 0x00, 0x00, 0x00,  //......@@...... 
  0x00, 0x00, 0x00, 0x00, 0x00, 0x26, 0xff, 0xd6, 0x00, 0x00, 0x00, 0x00, 0x00, 0x00,  //......@@...... 
  0x00, 0x00, 0x00, 0x00, 0x00, 0x26, 0xff, 0xd6, 0x00, 0x00, 0x00, 0x00, 0x00, 0x00,  //......@@...... 
  0x00, 0x00, 0x00, 0x00, 0x00, 0x0a, 0x4e, 0x42, 0x00, 0x00, 0x00, 0x00, 0x00, 0x00,  //......++...... 
  0x00, 0x00, 0x00, 0x00, 0x00, 0x00, 0x00, 0x00, 0x00, 0x00, 0x00, 0x00, 0x00, 0x00,  //.............. 
  0x00, 0x00, 0x00, 0x00, 0x00, 0x00, 0x00, 0x00, 0x00, 0x00, 0x00, 0x00, 0x00, 0x00,  //.............. 
  0x00, 0x00, 0x00, 0x00, 0x00, 0x00, 0x00, 0x00, 0x00, 0x00, 0x00, 0x00, 0x00, 0x00,  //.............. 


  /*Unicode: U+b4a4 (뒤) , Width: 13 */
  0x00, 0x00, 0x00, 0x00, 0x00, 0x00, 0x00, 0x00, 0x00, 0x00, 0x00, 0x00, 0x00,  //............. 
  0x00, 0x00, 0x00, 0x00, 0x00, 0x00, 0x00, 0x00, 0x00, 0x00, 0x00, 0x00, 0x00,  //............. 
  0x00, 0x00, 0x00, 0x00, 0x00, 0x00, 0x00, 0x00, 0x00, 0x00, 0x00, 0x00, 0x00,  //............. 
  0x00, 0x00, 0x00, 0x00, 0x00, 0x00, 0x00, 0x00, 0x00, 0x00, 0x6a, 0x8e, 0x20,  //..........+%. 
  0x00, 0x2c, 0xd2, 0xd2, 0xd2, 0xd2, 0xd2, 0xd2, 0x68, 0x00, 0xbe, 0xff, 0x3a,  //..@@@@@@+.%@. 
  0x00, 0x36, 0xff, 0xf0, 0xbe, 0xbe, 0xbe, 0xbe, 0x5e, 0x00, 0xbe, 0xff, 0x3a,  //..@@%%%%+.%@. 
  0x00, 0x36, 0xff, 0xc6, 0x00, 0x00, 0x00, 0x00, 0x00, 0x00, 0xbe, 0xff, 0x3a,  //..@@......%@. 
  0x00, 0x3e, 0xff, 0xee, 0x26, 0x26, 0x26, 0x26, 0x18, 0x00, 0xbe, 0xff, 0x3a,  //..@@......%@. 
  0x00, 0x68, 0xff, 0xff, 0xff, 0xff, 0xff, 0xff, 0xa6, 0x00, 0xbe, 0xff, 0x3a,  //.+@@@@@@%.%@. 
  0x00, 0x16, 0x6a, 0x6a, 0x6a, 0x6a, 0x6a, 0x6a, 0x44, 0x00, 0xbe, 0xff, 0x3a,  //..+++++++.%@. 
  0x10, 0x28, 0x28, 0x2a, 0x32, 0x3a, 0x44, 0x58, 0x6c, 0x40, 0xbe, 0xff, 0x3a,  //......++++%@. 
  0x54, 0xff, 0xff, 0xff, 0xff, 0xff, 0xff, 0xff, 0xff, 0x8a, 0xbe, 0xff, 0x3a,  //+@@@@@@@@%%@. 
  0x16, 0x6e, 0x6e, 0x6e, 0xff, 0xff, 0x78, 0x30, 0x10, 0x00, 0xbe, 0xff, 0x3a,  //.+++@@+...%@. 
  0x00, 0x00, 0x00, 0x00, 0xd6, 0xff, 0x2a, 0x00, 0x00, 0x00, 0xbe, 0xff, 0x3a,  //....@@....%@. 
  0x00, 0x00, 0x00, 0x00, 0xd6, 0xff, 0x2a, 0x00, 0x00, 0x00, 0xbe, 0xff, 0x3a,  //....@@....%@. 
  0x00, 0x00, 0x00, 0x00, 0xd6, 0xff, 0x2a, 0x00, 0x00, 0x00, 0xbe, 0xff, 0x3a,  //....@@....%@. 
  0x00, 0x00, 0x00, 0x00, 0xc6, 0xea, 0x26, 0x00, 0x00, 0x00, 0xbe, 0xff, 0x3a,  //....@@....%@. 
  0x00, 0x00, 0x00, 0x00, 0x00, 0x00, 0x00, 0x00, 0x00, 0x00, 0x3a, 0x4e, 0x10,  //...........+. 
  0x00, 0x00, 0x00, 0x00, 0x00, 0x00, 0x00, 0x00, 0x00, 0x00, 0x00, 0x00, 0x00,  //............. 
  0x00, 0x00, 0x00, 0x00, 0x00, 0x00, 0x00, 0x00, 0x00, 0x00, 0x00, 0x00, 0x00,  //............. 
  0x00, 0x00, 0x00, 0x00, 0x00, 0x00, 0x00, 0x00, 0x00, 0x00, 0x00, 0x00, 0x00,  //............. 


  /*Unicode: U+b4c8 (듈) , Width: 14 */
  0x00, 0x00, 0x00, 0x00, 0x00, 0x00, 0x00, 0x00, 0x00, 0x00, 0x00, 0x00, 0x00, 0x00,  //.............. 
  0x00, 0x00, 0x00, 0x00, 0x00, 0x00, 0x00, 0x00, 0x00, 0x00, 0x00, 0x00, 0x00, 0x00,  //.............. 
  0x00, 0x00, 0x00, 0x00, 0x00, 0x00, 0x00, 0x00, 0x00, 0x00, 0x00, 0x00, 0x00, 0x00,  //.............. 
  0x00, 0x00, 0x20, 0x26, 0x26, 0x26, 0x26, 0x26, 0x26, 0x26, 0x26, 0x16, 0x00, 0x00,  //.............. 
  0x00, 0x00, 0xd2, 0xff, 0xff, 0xff, 0xff, 0xff, 0xff, 0xff, 0xff, 0x92, 0x00, 0x00,  //..@@@@@@@@@%.. 
  0x00, 0x00, 0xd2, 0xff, 0x82, 0x6a, 0x6a, 0x6a, 0x6a, 0x6a, 0x6a, 0x3c, 0x00, 0x00,  //..@@%++++++... 
  0x00, 0x00, 0xff, 0xff, 0x96, 0x6e, 0x6e, 0x6e, 0x6e, 0x6e, 0x6e, 0x4c, 0x00, 0x00,  //..@@%+++++++.. 
  0x00, 0x00, 0xff, 0xff, 0xff, 0xff, 0xff, 0xff, 0xff, 0xff, 0xff, 0xb2, 0x00, 0x00,  //..@@@@@@@@@%.. 
  0x0c, 0x22, 0x3c, 0x42, 0x42, 0x42, 0x42, 0x42, 0x42, 0x42, 0x42, 0x38, 0x22, 0x04,  //...++++++++... 
  0x66, 0xff, 0xff, 0xff, 0xff, 0xff, 0xff, 0xff, 0xff, 0xff, 0xff, 0xff, 0xff, 0x2a,  //+@@@@@@@@@@@@. 
  0x2c, 0x6e, 0x6e, 0xa6, 0xff, 0xff, 0x6e, 0x6e, 0xff, 0xff, 0x8e, 0x6e, 0x6e, 0x12,  //.++%@@++@@%++. 
  0x00, 0x00, 0x9e, 0xde, 0xff, 0xff, 0xa6, 0xa6, 0xff, 0xff, 0xc6, 0x6a, 0x00, 0x00,  //..%@@@%%@@@+.. 
  0x00, 0x00, 0xc8, 0xd6, 0xe2, 0xde, 0xd2, 0xd2, 0xe0, 0xf0, 0xff, 0xa2, 0x00, 0x00,  //..@@@@@@@@@%.. 
  0x00, 0x00, 0x68, 0x6e, 0x6e, 0x6e, 0x6e, 0x6e, 0x6e, 0x9e, 0xff, 0xa2, 0x00, 0x00,  //..+++++++%@%.. 
  0x00, 0x00, 0xee, 0xff, 0xee, 0xee, 0xee, 0xee, 0xee, 0xee, 0xee, 0x98, 0x00, 0x00,  //..@@@@@@@@@%.. 
  0x00, 0x00, 0xff, 0xff, 0x4a, 0x42, 0x42, 0x42, 0x42, 0x42, 0x42, 0x42, 0x00, 0x00,  //..@@++++++++.. 
  0x00, 0x00, 0xff, 0xff, 0xff, 0xff, 0xff, 0xff, 0xff, 0xff, 0xff, 0xff, 0x02, 0x00,  //..@@@@@@@@@@.. 
  0x00, 0x00, 0x36, 0x3a, 0x3a, 0x3a, 0x3a, 0x3a, 0x3a, 0x3a, 0x3a, 0x3a, 0x00, 0x00,  //.............. 
  0x00, 0x00, 0x00, 0x00, 0x00, 0x00, 0x00, 0x00, 0x00, 0x00, 0x00, 0x00, 0x00, 0x00,  //.............. 
  0x00, 0x00, 0x00, 0x00, 0x00, 0x00, 0x00, 0x00, 0x00, 0x00, 0x00, 0x00, 0x00, 0x00,  //.............. 
  0x00, 0x00, 0x00, 0x00, 0x00, 0x00, 0x00, 0x00, 0x00, 0x00, 0x00, 0x00, 0x00, 0x00,  //.............. 


  /*Unicode: U+b4dc (드) , Width: 14 */
  0x00, 0x00, 0x00, 0x00, 0x00, 0x00, 0x00, 0x00, 0x00, 0x00, 0x00, 0x00, 0x00, 0x00,  //.............. 
  0x00, 0x00, 0x00, 0x00, 0x00, 0x00, 0x00, 0x00, 0x00, 0x00, 0x00, 0x00, 0x00, 0x00,  //.............. 
  0x00, 0x00, 0x00, 0x00, 0x00, 0x00, 0x00, 0x00, 0x00, 0x00, 0x00, 0x00, 0x00, 0x00,  //.............. 
  0x00, 0x00, 0x00, 0x00, 0x00, 0x00, 0x00, 0x00, 0x00, 0x00, 0x00, 0x00, 0x00, 0x00,  //.............. 
  0x00, 0x00, 0x66, 0x6e, 0x6e, 0x6e, 0x6e, 0x6e, 0x6e, 0x6e, 0x6e, 0x52, 0x00, 0x00,  //..++++++++++.. 
  0x00, 0x00, 0xea, 0xff, 0xff, 0xff, 0xff, 0xff, 0xff, 0xff, 0xff, 0xbe, 0x00, 0x00,  //..@@@@@@@@@%.. 
  0x00, 0x00, 0xea, 0xff, 0x3c, 0x2e, 0x2e, 0x2e, 0x2e, 0x2e, 0x2e, 0x22, 0x00, 0x00,  //..@@.......... 
  0x00, 0x00, 0xea, 0xff, 0x0e, 0x00, 0x00, 0x00, 0x00, 0x00, 0x00, 0x00, 0x00, 0x00,  //..@@.......... 
  0x00, 0x00, 0xea, 0xff, 0x0e, 0x00, 0x00, 0x00, 0x00, 0x00, 0x00, 0x00, 0x00, 0x00,  //..@@.......... 
  0x00, 0x00, 0xff, 0xff, 0x36, 0x26, 0x26, 0x26, 0x26, 0x26, 0x26, 0x20, 0x00, 0x00,  //..@@.......... 
  0x00, 0x00, 0xff, 0xff, 0xff, 0xff, 0xff, 0xff, 0xff, 0xff, 0xff, 0xd6, 0x00, 0x00,  //..@@@@@@@@@@.. 
  0x00, 0x00, 0x62, 0x6a, 0x6a, 0x6a, 0x6a, 0x6a, 0x6a, 0x6a, 0x6a, 0x5a, 0x00, 0x00,  //..++++++++++.. 
  0x00, 0x00, 0x00, 0x00, 0x00, 0x00, 0x00, 0x00, 0x00, 0x00, 0x00, 0x00, 0x00, 0x00,  //.............. 
  0x00, 0x00, 0x00, 0x00, 0x00, 0x00, 0x00, 0x00, 0x00, 0x00, 0x00, 0x00, 0x00, 0x00,  //.............. 
  0x5e, 0xf6, 0xf6, 0xf6, 0xf6, 0xf6, 0xf6, 0xf6, 0xf6, 0xf6, 0xf6, 0xf6, 0xf6, 0x30,  //+@@@@@@@@@@@@. 
  0x40, 0xa6, 0xa6, 0xa6, 0xa6, 0xa6, 0xa6, 0xa6, 0xa6, 0xa6, 0xa6, 0xa6, 0xa6, 0x20,  //+%%%%%%%%%%%%. 
  0x00, 0x00, 0x00, 0x00, 0x00, 0x00, 0x00, 0x00, 0x00, 0x00, 0x00, 0x00, 0x00, 0x00,  //.............. 
  0x00, 0x00, 0x00, 0x00, 0x00, 0x00, 0x00, 0x00, 0x00, 0x00, 0x00, 0x00, 0x00, 0x00,  //.............. 
  0x00, 0x00, 0x00, 0x00, 0x00, 0x00, 0x00, 0x00, 0x00, 0x00, 0x00, 0x00, 0x00, 0x00,  //.............. 
  0x00, 0x00, 0x00, 0x00, 0x00, 0x00, 0x00, 0x00, 0x00, 0x00, 0x00, 0x00, 0x00, 0x00,  //.............. 
  0x00, 0x00, 0x00, 0x00, 0x00, 0x00, 0x00, 0x00, 0x00, 0x00, 0x00, 0x00, 0x00, 0x00,  //.............. 


  /*Unicode: U+b4e0 (든) , Width: 14 */
  0x00, 0x00, 0x00, 0x00, 0x00, 0x00, 0x00, 0x00, 0x00, 0x00, 0x00, 0x00, 0x00, 0x00,  //.............. 
  0x00, 0x00, 0x00, 0x00, 0x00, 0x00, 0x00, 0x00, 0x00, 0x00, 0x00, 0x00, 0x00, 0x00,  //.............. 
  0x00, 0x00, 0x00, 0x00, 0x00, 0x00, 0x00, 0x00, 0x00, 0x00, 0x00, 0x00, 0x00, 0x00,  //.............. 
  0x00, 0x00, 0x0c, 0x0e, 0x0e, 0x0e, 0x0e, 0x0e, 0x0e, 0x0e, 0x0e, 0x0a, 0x00, 0x00,  //.............. 
  0x00, 0x00, 0xda, 0xff, 0xff, 0xff, 0xff, 0xff, 0xff, 0xff, 0xff, 0xae, 0x00, 0x00,  //..@@@@@@@@@%.. 
  0x00, 0x00, 0xda, 0xff, 0x92, 0x82, 0x82, 0x82, 0x82, 0x82, 0x82, 0x58, 0x00, 0x00,  //..@@%%%%%%%+.. 
  0x00, 0x00, 0xda, 0xff, 0x1e, 0x00, 0x00, 0x00, 0x00, 0x00, 0x00, 0x00, 0x00, 0x00,  //..@@.......... 
  0x00, 0x00, 0xff, 0xff, 0x8a, 0x6a, 0x6a, 0x6a, 0x6a, 0x6a, 0x6a, 0x56, 0x00, 0x00,  //..@@%+++++++.. 
  0x00, 0x00, 0xfc, 0xff, 0xff, 0xff, 0xff, 0xff, 0xff, 0xff, 0xff, 0xce, 0x00, 0x00,  //..@@@@@@@@@@.. 
  0x00, 0x00, 0x24, 0x2a, 0x2a, 0x2a, 0x2a, 0x2a, 0x2a, 0x2a, 0x2a, 0x22, 0x00, 0x00,  //.............. 
  0x42, 0xb2, 0xb2, 0xb2, 0xb2, 0xb2, 0xb2, 0xb2, 0xb2, 0xb2, 0xb2, 0xb2, 0xb2, 0x20,  //+%%%%%%%%%%%%. 
  0x54, 0xe2, 0xe2, 0xe2, 0xe2, 0xe2, 0xe2, 0xe2, 0xe2, 0xe2, 0xe2, 0xe2, 0xe2, 0x28,  //+@@@@@@@@@@@@. 
  0x00, 0x00, 0x10, 0x12, 0x00, 0x00, 0x00, 0x00, 0x00, 0x00, 0x00, 0x00, 0x00, 0x00,  //.............. 
  0x00, 0x00, 0xe6, 0xff, 0x16, 0x00, 0x00, 0x00, 0x00, 0x00, 0x00, 0x00, 0x00, 0x00,  //..@@.......... 
  0x00, 0x00, 0xe6, 0xff, 0x16, 0x00, 0x00, 0x00, 0x00, 0x00, 0x00, 0x00, 0x00, 0x00,  //..@@.......... 
  0x00, 0x00, 0xff, 0xff, 0x98, 0x82, 0x82, 0x82, 0x82, 0x82, 0x82, 0x74, 0x00, 0x00,  //..@@%%%%%%%+.. 
  0x00, 0x00, 0xe6, 0xff, 0xff, 0xff, 0xff, 0xff, 0xff, 0xff, 0xff, 0xe2, 0x00, 0x00,  //..@@@@@@@@@@.. 
  0x00, 0x00, 0x10, 0x12, 0x12, 0x12, 0x12, 0x12, 0x12, 0x12, 0x12, 0x10, 0x00, 0x00,  //.............. 
  0x00, 0x00, 0x00, 0x00, 0x00, 0x00, 0x00, 0x00, 0x00, 0x00, 0x00, 0x00, 0x00, 0x00,  //.............. 
  0x00, 0x00, 0x00, 0x00, 0x00, 0x00, 0x00, 0x00, 0x00, 0x00, 0x00, 0x00, 0x00, 0x00,  //.............. 
  0x00, 0x00, 0x00, 0x00, 0x00, 0x00, 0x00, 0x00, 0x00, 0x00, 0x00, 0x00, 0x00, 0x00,  //.............. 


  /*Unicode: U+b4f1 (등) , Width: 14 */
  0x00, 0x00, 0x00, 0x00, 0x00, 0x00, 0x00, 0x00, 0x00, 0x00, 0x00, 0x00, 0x00, 0x00,  //.............. 
  0x00, 0x00, 0x00, 0x00, 0x00, 0x00, 0x00, 0x00, 0x00, 0x00, 0x00, 0x00, 0x00, 0x00,  //.............. 
  0x00, 0x00, 0x00, 0x00, 0x00, 0x00, 0x00, 0x00, 0x00, 0x00, 0x00, 0x00, 0x00, 0x00,  //.............. 
  0x00, 0x00, 0x28, 0x2e, 0x2e, 0x2e, 0x2e, 0x2e, 0x2e, 0x2e, 0x2e, 0x20, 0x00, 0x00,  //.............. 
  0x00, 0x00, 0xda, 0xff, 0xff, 0xff, 0xff, 0xff, 0xff, 0xff, 0xff, 0xae, 0x00, 0x00,  //..@@@@@@@@@%.. 
  0x00, 0x00, 0xda, 0xff, 0x7a, 0x66, 0x66, 0x66, 0x66, 0x66, 0x66, 0x46, 0x00, 0x00,  //..@@++++++++.. 
  0x00, 0x00, 0xda, 0xff, 0x1e, 0x00, 0x00, 0x00, 0x00, 0x00, 0x00, 0x00, 0x00, 0x00,  //..@@.......... 
  0x00, 0x00, 0xff, 0xff, 0xde, 0xbe, 0xbe, 0xbe, 0xbe, 0xbe, 0xbe, 0x92, 0x00, 0x00,  //..@@@%%%%%%%.. 
  0x00, 0x00, 0xbc, 0xda, 0xd4, 0xd2, 0xd2, 0xd2, 0xd2, 0xd2, 0xd2, 0xa0, 0x00, 0x00,  //..%@@@@@@@@%.. 
  0x12, 0x32, 0x32, 0x32, 0x32, 0x32, 0x32, 0x32, 0x32, 0x32, 0x32, 0x32, 0x32, 0x08,  //.............. 
  0x5e, 0xff, 0xff, 0xff, 0xff, 0xff, 0xff, 0xff, 0xff, 0xff, 0xff, 0xff, 0xff, 0x2e,  //+@@@@@@@@@@@@. 
  0x26, 0x66, 0x66, 0x66, 0x66, 0x66, 0x66, 0x66, 0x66, 0x66, 0x66, 0x66, 0x66, 0x12,  //.++++++++++++. 
  0x00, 0x00, 0x00, 0x26, 0x7c, 0xa8, 0xbe, 0xb8, 0xa2, 0x66, 0x12, 0x00, 0x00, 0x00,  //....+%%%%+.... 
  0x00, 0x00, 0x6a, 0xfc, 0xfc, 0xd2, 0xbe, 0xc0, 0xe0, 0xff, 0xee, 0x32, 0x00, 0x00,  //..+@@@%@@@@... 
  0x00, 0x00, 0xe4, 0xff, 0x34, 0x00, 0x00, 0x00, 0x00, 0x80, 0xff, 0xa0, 0x00, 0x00,  //..@@.....%@%.. 
  0x00, 0x00, 0xc6, 0xff, 0x9c, 0x46, 0x32, 0x34, 0x54, 0xc8, 0xff, 0x80, 0x00, 0x00,  //..@@%+..+@@%.. 
  0x00, 0x00, 0x20, 0xb4, 0xfa, 0xff, 0xff, 0xff, 0xff, 0xee, 0x92, 0x06, 0x00, 0x00,  //...%@@@@@@%... 
  0x00, 0x00, 0x00, 0x00, 0x10, 0x36, 0x4a, 0x46, 0x30, 0x04, 0x00, 0x00, 0x00, 0x00,  //......++...... 
  0x00, 0x00, 0x00, 0x00, 0x00, 0x00, 0x00, 0x00, 0x00, 0x00, 0x00, 0x00, 0x00, 0x00,  //.............. 
  0x00, 0x00, 0x00, 0x00, 0x00, 0x00, 0x00, 0x00, 0x00, 0x00, 0x00, 0x00, 0x00, 0x00,  //.............. 
  0x00, 0x00, 0x00, 0x00, 0x00, 0x00, 0x00, 0x00, 0x00, 0x00, 0x00, 0x00, 0x00, 0x00,  //.............. 


  /*Unicode: U+b529 (딩) , Width: 12 */
  0x00, 0x00, 0x00, 0x00, 0x00, 0x00, 0x00, 0x00, 0x00, 0x00, 0x00, 0x00,  //............ 
  0x00, 0x00, 0x00, 0x00, 0x00, 0x00, 0x00, 0x00, 0x00, 0x00, 0x00, 0x00,  //............ 
  0x00, 0x00, 0x00, 0x00, 0x00, 0x00, 0x00, 0x00, 0x00, 0x00, 0x00, 0x00,  //............ 
  0x00, 0x00, 0x00, 0x00, 0x00, 0x00, 0x00, 0x00, 0x00, 0x78, 0x8e, 0x14,  //.........+%. 
  0x50, 0x86, 0x86, 0x86, 0x86, 0x86, 0x84, 0x00, 0x00, 0xd6, 0xff, 0x26,  //+%%%%%%..@@. 
  0x9a, 0xff, 0xff, 0xff, 0xff, 0xff, 0xfa, 0x00, 0x00, 0xd6, 0xff, 0x26,  //%@@@@@@..@@. 
  0x9a, 0xff, 0x68, 0x0e, 0x0e, 0x0e, 0x0e, 0x00, 0x00, 0xd6, 0xff, 0x26,  //%@+......@@. 
  0x9a, 0xff, 0x5e, 0x00, 0x00, 0x00, 0x00, 0x00, 0x00, 0xd6, 0xff, 0x26,  //%@+......@@. 
  0x9a, 0xff, 0x5e, 0x00, 0x00, 0x00, 0x00, 0x08, 0x00, 0xd6, 0xff, 0x26,  //%@+......@@. 
  0xff, 0xff, 0xff, 0xb2, 0xba, 0xca, 0xe0, 0xfc, 0x24, 0xd6, 0xff, 0x26,  //@@@%%@@@.@@. 
  0xac, 0xff, 0xfa, 0xe2, 0xda, 0xcc, 0xb8, 0x94, 0x1c, 0xd6, 0xff, 0x26,  //%@@@@@%%.@@. 
  0x00, 0x00, 0x00, 0x00, 0x00, 0x10, 0x1a, 0x0e, 0x00, 0x9a, 0xb6, 0x1a,  //.........%%. 
  0x00, 0x00, 0x1c, 0x9c, 0xe8, 0xff, 0xff, 0xff, 0xe4, 0x92, 0x12, 0x00,  //...%@@@@@%.. 
  0x00, 0x0a, 0xe0, 0xff, 0xb0, 0x78, 0x6c, 0x7a, 0xbc, 0xff, 0xd2, 0x02,  //..@@%+++%@@. 
  0x00, 0x3e, 0xff, 0xc0, 0x00, 0x00, 0x00, 0x00, 0x00, 0xd8, 0xff, 0x26,  //..@@.....@@. 
  0x00, 0x16, 0xf4, 0xf6, 0x76, 0x3c, 0x30, 0x3e, 0x84, 0xfc, 0xe8, 0x08,  //..@@+...%@@. 
  0x00, 0x00, 0x40, 0xd8, 0xff, 0xff, 0xff, 0xff, 0xff, 0xce, 0x32, 0x00,  //..+@@@@@@@.. 
  0x00, 0x00, 0x00, 0x00, 0x24, 0x48, 0x52, 0x46, 0x20, 0x00, 0x00, 0x00,  //.....+++.... 
  0x00, 0x00, 0x00, 0x00, 0x00, 0x00, 0x00, 0x00, 0x00, 0x00, 0x00, 0x00,  //............ 
  0x00, 0x00, 0x00, 0x00, 0x00, 0x00, 0x00, 0x00, 0x00, 0x00, 0x00, 0x00,  //............ 
  0x00, 0x00, 0x00, 0x00, 0x00, 0x00, 0x00, 0x00, 0x00, 0x00, 0x00, 0x00,  //............ 


  /*Unicode: U+b6f0 (뛰) , Width: 13 */
  0x00, 0x00, 0x00, 0x00, 0x00, 0x00, 0x00, 0x00, 0x00, 0x00, 0x00, 0x00, 0x00,  //............. 
  0x00, 0x00, 0x00, 0x00, 0x00, 0x00, 0x00, 0x00, 0x00, 0x00, 0x00, 0x00, 0x00,  //............. 
  0x00, 0x00, 0x00, 0x00, 0x00, 0x00, 0x00, 0x00, 0x00, 0x00, 0x00, 0x00, 0x00,  //............. 
  0x00, 0x00, 0x00, 0x00, 0x00, 0x00, 0x00, 0x00, 0x00, 0x00, 0x5c, 0x8e, 0x30,  //..........+%. 
  0x00, 0x74, 0xa2, 0xa2, 0x90, 0x48, 0xa2, 0xa2, 0xa2, 0x2a, 0xa6, 0xff, 0x56,  //.+%%%+%%%.%@+ 
  0x00, 0xb6, 0xff, 0xf8, 0xda, 0x72, 0xff, 0xfa, 0xf6, 0x40, 0xa6, 0xff, 0x56,  //.%@@@+@@@+%@+ 
  0x00, 0xb6, 0xff, 0x3a, 0x00, 0x72, 0xff, 0x82, 0x00, 0x00, 0xa6, 0xff, 0x56,  //.%@..+@%..%@+ 
  0x00, 0xb8, 0xff, 0x4a, 0x32, 0x78, 0xff, 0x8a, 0x06, 0x00, 0xa6, 0xff, 0x56,  //.%@+.+@%..%@+ 
  0x00, 0xff, 0xff, 0xff, 0xff, 0xd6, 0xff, 0xff, 0xff, 0x5a, 0xa6, 0xff, 0x56,  //.@@@@@@@@+%@+ 
  0x00, 0x62, 0x86, 0x7c, 0x60, 0x48, 0x8a, 0x8a, 0x8a, 0x30, 0xa6, 0xff, 0x56,  //.+%+++%%%.%@+ 
  0x14, 0x32, 0x32, 0x34, 0x3a, 0x42, 0x4a, 0x5c, 0x72, 0x5c, 0xa6, 0xff, 0x56,  //.....+++++%@+ 
  0x54, 0xff, 0xff, 0xff, 0xff, 0xff, 0xff, 0xff, 0xff, 0xbc, 0xa6, 0xff, 0x56,  //+@@@@@@@@%%@+ 
  0x18, 0x6a, 0x68, 0x66, 0xff, 0xff, 0x76, 0x2c, 0x0e, 0x00, 0xa6, 0xff, 0x56,  //.+++@@+...%@+ 
  0x00, 0x00, 0x00, 0x00, 0xca, 0xff, 0x2e, 0x00, 0x00, 0x00, 0xa6, 0xff, 0x56,  //....@@....%@+ 
  0x00, 0x00, 0x00, 0x00, 0xca, 0xff, 0x2e, 0x00, 0x00, 0x00, 0xa6, 0xff, 0x56,  //....@@....%@+ 
  0x00, 0x00, 0x00, 0x00, 0xca, 0xff, 0x2e, 0x00, 0x00, 0x00, 0xa6, 0xff, 0x56,  //....@@....%@+ 
  0x00, 0x00, 0x00, 0x00, 0xba, 0xea, 0x2a, 0x00, 0x00, 0x00, 0xa6, 0xff, 0x56,  //....%@....%@+ 
  0x00, 0x00, 0x00, 0x00, 0x00, 0x00, 0x00, 0x00, 0x00, 0x00, 0x32, 0x4e, 0x1a,  //...........+. 
  0x00, 0x00, 0x00, 0x00, 0x00, 0x00, 0x00, 0x00, 0x00, 0x00, 0x00, 0x00, 0x00,  //............. 
  0x00, 0x00, 0x00, 0x00, 0x00, 0x00, 0x00, 0x00, 0x00, 0x00, 0x00, 0x00, 0x00,  //............. 
  0x00, 0x00, 0x00, 0x00, 0x00, 0x00, 0x00, 0x00, 0x00, 0x00, 0x00, 0x00, 0x00,  //............. 


  /*Unicode: U+b7c9 (량) , Width: 13 */
  0x00, 0x00, 0x00, 0x00, 0x00, 0x00, 0x00, 0x00, 0x00, 0x00, 0x00, 0x00, 0x00,  //............. 
  0x00, 0x00, 0x00, 0x00, 0x00, 0x00, 0x00, 0x00, 0x00, 0x00, 0x00, 0x00, 0x00,  //............. 
  0x00, 0x00, 0x00, 0x00, 0x00, 0x00, 0x00, 0x00, 0x00, 0x00, 0x00, 0x00, 0x00,  //............. 
  0x00, 0x00, 0x00, 0x00, 0x00, 0x00, 0x00, 0x00, 0x40, 0x8e, 0x4a, 0x00, 0x00,  //........+%+.. 
  0xb0, 0xbe, 0xbe, 0xbe, 0xbe, 0xbe, 0x50, 0x00, 0x72, 0xff, 0x86, 0x00, 0x00,  //%%%%%%+.+@%.. 
  0xc6, 0xd6, 0xd6, 0xd6, 0xec, 0xff, 0x6a, 0x00, 0x72, 0xff, 0xff, 0xae, 0x40,  //@@@@@@+.+@@%+ 
  0x08, 0x0a, 0x0a, 0x0a, 0x90, 0xff, 0x6a, 0x00, 0x72, 0xff, 0xff, 0xea, 0x56,  //....%@+.+@@@+ 
  0xe2, 0xff, 0xff, 0xff, 0xff, 0xff, 0x6a, 0x00, 0x72, 0xff, 0x86, 0x00, 0x00,  //@@@@@@+.+@%.. 
  0xe2, 0xff, 0x7a, 0x6e, 0x6e, 0x6e, 0x2e, 0x00, 0x72, 0xff, 0xff, 0xc2, 0x48,  //@@++++..+@@@+ 
  0xff, 0xff, 0x74, 0x66, 0x72, 0x84, 0xa2, 0x7a, 0x72, 0xff, 0xff, 0xda, 0x50,  //@@+++%%++@@@+ 
  0xff, 0xff, 0xff, 0xff, 0xff, 0xff, 0xf6, 0xa0, 0x72, 0xff, 0x86, 0x00, 0x00,  //@@@@@@@%+@%.. 
  0x34, 0x3a, 0x38, 0x34, 0x28, 0x18, 0x00, 0x00, 0x5c, 0xce, 0x6c, 0x00, 0x00,  //........+@+.. 
  0x00, 0x00, 0x30, 0x9a, 0xd0, 0xe6, 0xe6, 0xce, 0x96, 0x2c, 0x00, 0x00, 0x00,  //...%@@@@%.... 
  0x00, 0x48, 0xfa, 0xf6, 0xb2, 0x92, 0x94, 0xb4, 0xf8, 0xf8, 0x3e, 0x00, 0x00,  //.+@@%%%%@@... 
  0x00, 0xa8, 0xff, 0x56, 0x00, 0x00, 0x00, 0x00, 0x60, 0xff, 0x9c, 0x00, 0x00,  //.%@+....+@%.. 
  0x00, 0x80, 0xff, 0xbe, 0x4e, 0x32, 0x32, 0x50, 0xc4, 0xff, 0x78, 0x00, 0x00,  //.%@%+..+@@+.. 
  0x00, 0x06, 0x94, 0xf6, 0xff, 0xff, 0xff, 0xff, 0xee, 0x8c, 0x04, 0x00, 0x00,  //..%@@@@@@%... 
  0x00, 0x00, 0x00, 0x0a, 0x36, 0x4c, 0x46, 0x30, 0x04, 0x00, 0x00, 0x00, 0x00,  //.....++...... 
  0x00, 0x00, 0x00, 0x00, 0x00, 0x00, 0x00, 0x00, 0x00, 0x00, 0x00, 0x00, 0x00,  //............. 
  0x00, 0x00, 0x00, 0x00, 0x00, 0x00, 0x00, 0x00, 0x00, 0x00, 0x00, 0x00, 0x00,  //............. 
  0x00, 0x00, 0x00, 0x00, 0x00, 0x00, 0x00, 0x00, 0x00, 0x00, 0x00, 0x00, 0x00,  //............. 


  /*Unicode: U+b7f0 (런) , Width: 12 */
  0x00, 0x00, 0x00, 0x00, 0x00, 0x00, 0x00, 0x00, 0x00, 0x00, 0x00, 0x00,  //............ 
  0x00, 0x00, 0x00, 0x00, 0x00, 0x00, 0x00, 0x00, 0x00, 0x00, 0x00, 0x00,  //............ 
  0x00, 0x00, 0x00, 0x00, 0x00, 0x00, 0x00, 0x00, 0x00, 0x00, 0x00, 0x00,  //............ 
  0x00, 0x00, 0x00, 0x00, 0x00, 0x00, 0x00, 0x00, 0x00, 0x6c, 0x8e, 0x20,  //.........+%. 
  0x94, 0xa6, 0xa6, 0xa6, 0xa6, 0xa6, 0x3e, 0x00, 0x00, 0xc2, 0xff, 0x3a,  //%%%%%%...@@. 
  0xd4, 0xee, 0xee, 0xee, 0xf8, 0xff, 0x5e, 0x00, 0x00, 0xc2, 0xff, 0x3a,  //@@@@@@+..@@. 
  0x00, 0x00, 0x00, 0x00, 0x92, 0xff, 0x5e, 0x32, 0x36, 0xe6, 0xff, 0x3a,  //....%@+..@@. 
  0x96, 0xae, 0xae, 0xae, 0xdc, 0xff, 0x5e, 0xee, 0xff, 0xff, 0xff, 0x3a,  //%%%%@@+@@@@. 
  0xda, 0xff, 0xd0, 0xca, 0xca, 0xca, 0x4a, 0x6a, 0x72, 0xff, 0xff, 0x3a,  //@@@@@@+++@@. 
  0xda, 0xff, 0x1e, 0x00, 0x00, 0x00, 0x00, 0x00, 0x00, 0xc2, 0xff, 0x3a,  //@@.......@@. 
  0xff, 0xff, 0xd8, 0xba, 0xc6, 0xd4, 0xf0, 0x60, 0x00, 0xc2, 0xff, 0x3a,  //@@@%@@@+.@@. 
  0xff, 0xff, 0xea, 0xda, 0xd0, 0xc2, 0xa6, 0x40, 0x00, 0xc2, 0xff, 0x3a,  //@@@@@@%+.@@. 
  0x00, 0x00, 0x22, 0x22, 0x00, 0x00, 0x00, 0x00, 0x00, 0xc2, 0xff, 0x3a,  //.........@@. 
  0x00, 0x02, 0xff, 0xff, 0x00, 0x00, 0x00, 0x00, 0x00, 0x7e, 0xa6, 0x26,  //..@@.....+%. 
  0x00, 0x02, 0xff, 0xff, 0x00, 0x00, 0x00, 0x00, 0x00, 0x00, 0x00, 0x00,  //..@@........ 
  0x00, 0x04, 0xff, 0xff, 0x82, 0x82, 0x82, 0x82, 0x82, 0x82, 0x82, 0x48,  //..@@%%%%%%%+ 
  0x00, 0x02, 0xff, 0xff, 0xff, 0xff, 0xff, 0xff, 0xff, 0xff, 0xff, 0x8e,  //..@@@@@@@@@% 
  0x00, 0x00, 0x16, 0x16, 0x16, 0x16, 0x16, 0x16, 0x16, 0x16, 0x16, 0x0c,  //............ 
  0x00, 0x00, 0x00, 0x00, 0x00, 0x00, 0x00, 0x00, 0x00, 0x00, 0x00, 0x00,  //............ 
  0x00, 0x00, 0x00, 0x00, 0x00, 0x00, 0x00, 0x00, 0x00, 0x00, 0x00, 0x00,  //............ 
  0x00, 0x00, 0x00, 0x00, 0x00, 0x00, 0x00, 0x00, 0x00, 0x00, 0x00, 0x00,  //............ 


  /*Unicode: U+b808 (레) , Width: 13 */
  0x00, 0x00, 0x00, 0x00, 0x00, 0x00, 0x00, 0x00, 0x00, 0x00, 0x00, 0x00, 0x00,  //............. 
  0x00, 0x00, 0x00, 0x00, 0x00, 0x00, 0x00, 0x00, 0x00, 0x00, 0x00, 0x00, 0x00,  //............. 
  0x00, 0x00, 0x00, 0x00, 0x00, 0x00, 0x00, 0x00, 0x00, 0x00, 0x00, 0x00, 0x00,  //............. 
  0x00, 0x00, 0x00, 0x00, 0x00, 0x00, 0x00, 0x0e, 0x4e, 0x32, 0x32, 0x8e, 0x4c,  //........+..%+ 
  0x00, 0x2e, 0x2e, 0x2e, 0x2e, 0x28, 0x00, 0x2e, 0xff, 0xa6, 0x5a, 0xff, 0x8a,  //........@%+@% 
  0x0a, 0xff, 0xff, 0xff, 0xff, 0xde, 0x00, 0x2e, 0xff, 0xa6, 0x5a, 0xff, 0x8a,  //.@@@@@..@%+@% 
  0x02, 0x62, 0x62, 0x6a, 0xff, 0xde, 0x00, 0x2e, 0xff, 0xa6, 0x5a, 0xff, 0x8a,  //.+++@@..@%+@% 
  0x00, 0x00, 0x00, 0x0a, 0xff, 0xde, 0x00, 0x2e, 0xff, 0xa6, 0x5a, 0xff, 0x8a,  //....@@..@%+@% 
  0x00, 0x72, 0x72, 0x78, 0xff, 0xde, 0x74, 0xff, 0xff, 0xa6, 0x5a, 0xff, 0x8a,  //.+++@@+@@%+@% 
  0x02, 0xff, 0xff, 0xff, 0xff, 0xde, 0x6e, 0xfa, 0xff, 0xa6, 0x5a, 0xff, 0x8a,  //.@@@@@+@@%+@% 
  0x02, 0xff, 0xec, 0x1e, 0x1e, 0x1a, 0x00, 0x2e, 0xff, 0xa6, 0x5a, 0xff, 0x8a,  //.@@.....@%+@% 
  0x02, 0xff, 0xea, 0x00, 0x00, 0x00, 0x00, 0x2e, 0xff, 0xa6, 0x5a, 0xff, 0x8a,  //.@@.....@%+@% 
  0x04, 0xff, 0xff, 0x94, 0x9e, 0xba, 0xc0, 0x2e, 0xff, 0xa6, 0x5a, 0xff, 0x8a,  //.@@%%%@.@%+@% 
  0x02, 0xff, 0xff, 0xff, 0xfc, 0xe4, 0xc2, 0x2e, 0xff, 0xa6, 0x5a, 0xff, 0x8a,  //.@@@@@@.@%+@% 
  0x00, 0x12, 0x10, 0x0a, 0x02, 0x00, 0x00, 0x2e, 0xff, 0xa6, 0x5a, 0xff, 0x8a,  //........@%+@% 
  0x00, 0x00, 0x00, 0x00, 0x00, 0x00, 0x00, 0x2e, 0xff, 0xa6, 0x5a, 0xff, 0x8a,  //........@%+@% 
  0x00, 0x00, 0x00, 0x00, 0x00, 0x00, 0x00, 0x1e, 0xa6, 0x6c, 0x5a, 0xff, 0x8a,  //........%++@% 
  0x00, 0x00, 0x00, 0x00, 0x00, 0x00, 0x00, 0x00, 0x00, 0x00, 0x1a, 0x4e, 0x2a,  //...........+. 
  0x00, 0x00, 0x00, 0x00, 0x00, 0x00, 0x00, 0x00, 0x00, 0x00, 0x00, 0x00, 0x00,  //............. 
  0x00, 0x00, 0x00, 0x00, 0x00, 0x00, 0x00, 0x00, 0x00, 0x00, 0x00, 0x00, 0x00,  //............. 
  0x00, 0x00, 0x00, 0x00, 0x00, 0x00, 0x00, 0x00, 0x00, 0x00, 0x00, 0x00, 0x00,  //............. 


  /*Unicode: U+b824 (려) , Width: 12 */
  0x00, 0x00, 0x00, 0x00, 0x00, 0x00, 0x00, 0x00, 0x00, 0x00, 0x00, 0x00,  //............ 
  0x00, 0x00, 0x00, 0x00, 0x00, 0x00, 0x00, 0x00, 0x00, 0x00, 0x00, 0x00,  //............ 
  0x00, 0x00, 0x00, 0x00, 0x00, 0x00, 0x00, 0x00, 0x00, 0x00, 0x00, 0x00,  //............ 
  0x00, 0x00, 0x00, 0x00, 0x00, 0x00, 0x00, 0x00, 0x00, 0x6e, 0x92, 0x1e,  //.........+%. 
  0x60, 0x66, 0x66, 0x66, 0x66, 0x66, 0x1a, 0x00, 0x00, 0xbe, 0xff, 0x36,  //++++++...%@. 
  0xee, 0xff, 0xff, 0xff, 0xff, 0xff, 0x42, 0x00, 0x00, 0xbe, 0xff, 0x36,  //@@@@@@+..%@. 
  0x28, 0x2a, 0x2a, 0x2a, 0xc0, 0xff, 0x4a, 0x9a, 0x9a, 0xff, 0xff, 0x36,  //....@@+%%@@. 
  0x00, 0x00, 0x00, 0x00, 0xb2, 0xff, 0x4e, 0xf6, 0xf6, 0xff, 0xff, 0x36,  //....%@+@@@@. 
  0x8a, 0x96, 0x96, 0x96, 0xe0, 0xff, 0x42, 0x00, 0x00, 0xbe, 0xff, 0x36,  //%%%%@@+..%@. 
  0xea, 0xff, 0xf6, 0xf6, 0xf6, 0xf6, 0x40, 0x00, 0x00, 0xbe, 0xff, 0x36,  //@@@@@@+..%@. 
  0xea, 0xff, 0x0e, 0x00, 0x00, 0x00, 0x0e, 0xd2, 0xd2, 0xff, 0xff, 0x36,  //@@.....@@@@. 
  0xea, 0xff, 0x0e, 0x00, 0x00, 0x00, 0x0e, 0xbe, 0xbe, 0xff, 0xff, 0x36,  //@@.....%%@@. 
  0xff, 0xff, 0x70, 0x66, 0x74, 0x8a, 0xa4, 0x00, 0x00, 0xbe, 0xff, 0x36,  //@@+++%%..%@. 
  0xea, 0xff, 0xff, 0xff, 0xff, 0xff, 0xf6, 0x0a, 0x00, 0xbe, 0xff, 0x36,  //@@@@@@@..%@. 
  0x40, 0x44, 0x42, 0x3a, 0x2c, 0x16, 0x00, 0x00, 0x00, 0xbe, 0xff, 0x36,  //+++......%@. 
  0x00, 0x00, 0x00, 0x00, 0x00, 0x00, 0x00, 0x00, 0x00, 0xbe, 0xff, 0x36,  //.........%@. 
  0x00, 0x00, 0x00, 0x00, 0x00, 0x00, 0x00, 0x00, 0x00, 0xbe, 0xff, 0x36,  //.........%@. 
  0x00, 0x00, 0x00, 0x00, 0x00, 0x00, 0x00, 0x00, 0x00, 0x40, 0x56, 0x12,  //.........++. 
  0x00, 0x00, 0x00, 0x00, 0x00, 0x00, 0x00, 0x00, 0x00, 0x00, 0x00, 0x00,  //............ 
  0x00, 0x00, 0x00, 0x00, 0x00, 0x00, 0x00, 0x00, 0x00, 0x00, 0x00, 0x00,  //............ 
  0x00, 0x00, 0x00, 0x00, 0x00, 0x00, 0x00, 0x00, 0x00, 0x00, 0x00, 0x00,  //............ 


  /*Unicode: U+b825 (력) , Width: 12 */
  0x00, 0x00, 0x00, 0x00, 0x00, 0x00, 0x00, 0x00, 0x00, 0x00, 0x00, 0x00,  //............ 
  0x00, 0x00, 0x00, 0x00, 0x00, 0x00, 0x00, 0x00, 0x00, 0x00, 0x00, 0x00,  //............ 
  0x00, 0x00, 0x00, 0x00, 0x00, 0x00, 0x00, 0x00, 0x00, 0x00, 0x00, 0x00,  //............ 
  0x00, 0x00, 0x00, 0x00, 0x00, 0x00, 0x00, 0x00, 0x00, 0x6c, 0x8e, 0x20,  //.........+%. 
  0xb0, 0xc6, 0xc6, 0xc6, 0xc6, 0xc6, 0x2a, 0x00, 0x00, 0xc2, 0xff, 0x3a,  //%@@@@@...@@. 
  0xb8, 0xce, 0xce, 0xce, 0xf2, 0xff, 0x36, 0xa0, 0xa2, 0xff, 0xff, 0x3a,  //%@@@@@.%%@@. 
  0x00, 0x00, 0x00, 0x00, 0xbe, 0xff, 0x36, 0xee, 0xf2, 0xff, 0xff, 0x3a,  //....%@.@@@@. 
  0xbe, 0xde, 0xde, 0xde, 0xf6, 0xff, 0x36, 0x00, 0x00, 0xc2, 0xff, 0x3a,  //%@@@@@...@@. 
  0xda, 0xff, 0xa6, 0x9a, 0x9a, 0x9a, 0x20, 0xac, 0xae, 0xff, 0xff, 0x3a,  //@@%%%%.%%@@. 
  0xda, 0xff, 0x1e, 0x00, 0x08, 0x1e, 0x28, 0xe2, 0xe6, 0xff, 0xff, 0x3a,  //@@.....@@@@. 
  0xff, 0xff, 0xff, 0xf8, 0xff, 0xff, 0xca, 0x00, 0x00, 0xc2, 0xff, 0x3a,  //@@@@@@@..@@. 
  0xa6, 0xc2, 0xa6, 0x9e, 0x94, 0x7e, 0x54, 0x00, 0x00, 0xc2, 0xff, 0x3a,  //%@%%%++..@@. 
  0x00, 0x18, 0x5a, 0x5a, 0x5a, 0x5a, 0x5a, 0x5a, 0x5a, 0x5e, 0x5e, 0x14,  //..+++++++++. 
  0x00, 0x46, 0xff, 0xff, 0xff, 0xff, 0xff, 0xff, 0xff, 0xff, 0xff, 0x3a,  //.+@@@@@@@@@. 
  0x00, 0x0e, 0x36, 0x36, 0x36, 0x36, 0x36, 0x36, 0x36, 0xd0, 0xff, 0x3a,  //.........@@. 
  0x00, 0x00, 0x00, 0x00, 0x00, 0x00, 0x00, 0x00, 0x00, 0xc2, 0xff, 0x3a,  //.........@@. 
  0x00, 0x00, 0x00, 0x00, 0x00, 0x00, 0x00, 0x00, 0x00, 0xc2, 0xff, 0x3a,  //.........@@. 
  0x00, 0x00, 0x00, 0x00, 0x00, 0x00, 0x00, 0x00, 0x00, 0x3e, 0x52, 0x12,  //..........+. 
  0x00, 0x00, 0x00, 0x00, 0x00, 0x00, 0x00, 0x00, 0x00, 0x00, 0x00, 0x00,  //............ 
  0x00, 0x00, 0x00, 0x00, 0x00, 0x00, 0x00, 0x00, 0x00, 0x00, 0x00, 0x00,  //............ 
  0x00, 0x00, 0x00, 0x00, 0x00, 0x00, 0x00, 0x00, 0x00, 0x00, 0x00, 0x00,  //............ 


  /*Unicode: U+b85c (로) , Width: 14 */
  0x00, 0x00, 0x00, 0x00, 0x00, 0x00, 0x00, 0x00, 0x00, 0x00, 0x00, 0x00, 0x00, 0x00,  //.............. 
  0x00, 0x00, 0x00, 0x00, 0x00, 0x00, 0x00, 0x00, 0x00, 0x00, 0x00, 0x00, 0x00, 0x00,  //.............. 
  0x00, 0x00, 0x00, 0x00, 0x00, 0x00, 0x00, 0x00, 0x00, 0x00, 0x00, 0x00, 0x00, 0x00,  //.............. 
  0x00, 0x00, 0x00, 0x00, 0x00, 0x00, 0x00, 0x00, 0x00, 0x00, 0x00, 0x00, 0x00, 0x00,  //.............. 
  0x00, 0x00, 0xa2, 0xaa, 0xaa, 0xaa, 0xaa, 0xaa, 0xaa, 0xaa, 0xaa, 0x84, 0x00, 0x00,  //..%%%%%%%%%%.. 
  0x00, 0x00, 0xde, 0xea, 0xea, 0xea, 0xea, 0xea, 0xea, 0xee, 0xff, 0xc6, 0x00, 0x00,  //..@@@@@@@@@@.. 
  0x00, 0x00, 0x00, 0x00, 0x00, 0x00, 0x00, 0x00, 0x00, 0x32, 0xff, 0xc6, 0x00, 0x00,  //..........@@.. 
  0x00, 0x00, 0x8c, 0x96, 0x96, 0x96, 0x96, 0x96, 0x96, 0xac, 0xff, 0xc6, 0x00, 0x00,  //..%%%%%%%%@@.. 
  0x00, 0x00, 0xee, 0xff, 0xf6, 0xf6, 0xf6, 0xf6, 0xf6, 0xf6, 0xf6, 0xc0, 0x00, 0x00,  //..@@@@@@@@@@.. 
  0x00, 0x00, 0xee, 0xff, 0x06, 0x00, 0x00, 0x00, 0x00, 0x00, 0x00, 0x00, 0x00, 0x00,  //..@@.......... 
  0x00, 0x00, 0xff, 0xff, 0x82, 0x7a, 0x7a, 0x7a, 0x7a, 0x7a, 0x7a, 0x7a, 0x0a, 0x00,  //..@@%+++++++.. 
  0x00, 0x00, 0xff, 0xff, 0xff, 0xff, 0xff, 0xff, 0xff, 0xff, 0xff, 0xff, 0x16, 0x00,  //..@@@@@@@@@@.. 
  0x00, 0x00, 0x14, 0x16, 0x16, 0x32, 0xff, 0xf6, 0x16, 0x16, 0x16, 0x16, 0x00, 0x00,  //......@@...... 
  0x00, 0x00, 0x00, 0x00, 0x00, 0x1a, 0xff, 0xde, 0x00, 0x00, 0x00, 0x00, 0x00, 0x00,  //......@@...... 
  0x50, 0xce, 0xce, 0xce, 0xce, 0xe6, 0xff, 0xff, 0xce, 0xce, 0xce, 0xce, 0xce, 0x28,  //+@@@@@@@@@@@@. 
  0x50, 0xce, 0xce, 0xce, 0xce, 0xce, 0xce, 0xce, 0xce, 0xce, 0xce, 0xce, 0xce, 0x28,  //+@@@@@@@@@@@@. 
  0x00, 0x00, 0x00, 0x00, 0x00, 0x00, 0x00, 0x00, 0x00, 0x00, 0x00, 0x00, 0x00, 0x00,  //.............. 
  0x00, 0x00, 0x00, 0x00, 0x00, 0x00, 0x00, 0x00, 0x00, 0x00, 0x00, 0x00, 0x00, 0x00,  //.............. 
  0x00, 0x00, 0x00, 0x00, 0x00, 0x00, 0x00, 0x00, 0x00, 0x00, 0x00, 0x00, 0x00, 0x00,  //.............. 
  0x00, 0x00, 0x00, 0x00, 0x00, 0x00, 0x00, 0x00, 0x00, 0x00, 0x00, 0x00, 0x00, 0x00,  //.............. 
  0x00, 0x00, 0x00, 0x00, 0x00, 0x00, 0x00, 0x00, 0x00, 0x00, 0x00, 0x00, 0x00, 0x00,  //.............. 


  /*Unicode: U+b8cc (료) , Width: 14 */
  0x00, 0x00, 0x00, 0x00, 0x00, 0x00, 0x00, 0x00, 0x00, 0x00, 0x00, 0x00, 0x00, 0x00,  //.............. 
  0x00, 0x00, 0x00, 0x00, 0x00, 0x00, 0x00, 0x00, 0x00, 0x00, 0x00, 0x00, 0x00, 0x00,  //.............. 
  0x00, 0x00, 0x00, 0x00, 0x00, 0x00, 0x00, 0x00, 0x00, 0x00, 0x00, 0x00, 0x00, 0x00,  //.............. 
  0x00, 0x00, 0x00, 0x00, 0x00, 0x00, 0x00, 0x00, 0x00, 0x00, 0x00, 0x00, 0x00, 0x00,  //.............. 
  0x00, 0x00, 0xa2, 0xaa, 0xaa, 0xaa, 0xaa, 0xaa, 0xaa, 0xaa, 0xaa, 0x84, 0x00, 0x00,  //..%%%%%%%%%%.. 
  0x00, 0x00, 0xde, 0xea, 0xea, 0xea, 0xea, 0xea, 0xea, 0xee, 0xff, 0xc6, 0x00, 0x00,  //..@@@@@@@@@@.. 
  0x00, 0x00, 0x00, 0x00, 0x00, 0x00, 0x00, 0x00, 0x00, 0x32, 0xff, 0xc6, 0x00, 0x00,  //..........@@.. 
  0x00, 0x00, 0x94, 0x9e, 0x9e, 0x9e, 0x9e, 0x9e, 0x9e, 0xb2, 0xff, 0xc6, 0x00, 0x00,  //..%%%%%%%%@@.. 
  0x00, 0x00, 0xee, 0xff, 0xee, 0xee, 0xee, 0xee, 0xee, 0xee, 0xee, 0xba, 0x00, 0x00,  //..@@@@@@@@@%.. 
  0x00, 0x00, 0xee, 0xff, 0x06, 0x00, 0x00, 0x00, 0x00, 0x00, 0x00, 0x00, 0x00, 0x00,  //..@@.......... 
  0x00, 0x00, 0xff, 0xff, 0x8e, 0x86, 0x86, 0x86, 0x86, 0x86, 0x86, 0x86, 0x0a, 0x00,  //..@@%%%%%%%%.. 
  0x00, 0x00, 0xff, 0xff, 0xff, 0xff, 0xff, 0xff, 0xff, 0xff, 0xff, 0xff, 0x16, 0x00,  //..@@@@@@@@@@.. 
  0x00, 0x00, 0x0e, 0x42, 0xff, 0xd2, 0x0e, 0x0e, 0xde, 0xff, 0x32, 0x0e, 0x00, 0x00,  //...+@@..@@.... 
  0x00, 0x00, 0x00, 0x32, 0xff, 0xc2, 0x00, 0x00, 0xce, 0xff, 0x22, 0x00, 0x00, 0x00,  //....@@..@@.... 
  0x50, 0xce, 0xce, 0xf8, 0xff, 0xff, 0xce, 0xce, 0xff, 0xff, 0xea, 0xce, 0xce, 0x28,  //+@@@@@@@@@@@@. 
  0x50, 0xce, 0xce, 0xce, 0xce, 0xce, 0xce, 0xce, 0xce, 0xce, 0xce, 0xce, 0xce, 0x28,  //+@@@@@@@@@@@@. 
  0x00, 0x00, 0x00, 0x00, 0x00, 0x00, 0x00, 0x00, 0x00, 0x00, 0x00, 0x00, 0x00, 0x00,  //.............. 
  0x00, 0x00, 0x00, 0x00, 0x00, 0x00, 0x00, 0x00, 0x00, 0x00, 0x00, 0x00, 0x00, 0x00,  //.............. 
  0x00, 0x00, 0x00, 0x00, 0x00, 0x00, 0x00, 0x00, 0x00, 0x00, 0x00, 0x00, 0x00, 0x00,  //.............. 
  0x00, 0x00, 0x00, 0x00, 0x00, 0x00, 0x00, 0x00, 0x00, 0x00, 0x00, 0x00, 0x00, 0x00,  //.............. 
  0x00, 0x00, 0x00, 0x00, 0x00, 0x00, 0x00, 0x00, 0x00, 0x00, 0x00, 0x00, 0x00, 0x00,  //.............. 


  /*Unicode: U+b958 (류) , Width: 14 */
  0x00, 0x00, 0x00, 0x00, 0x00, 0x00, 0x00, 0x00, 0x00, 0x00, 0x00, 0x00, 0x00, 0x00,  //.............. 
  0x00, 0x00, 0x00, 0x00, 0x00, 0x00, 0x00, 0x00, 0x00, 0x00, 0x00, 0x00, 0x00, 0x00,  //.............. 
  0x00, 0x00, 0x00, 0x00, 0x00, 0x00, 0x00, 0x00, 0x00, 0x00, 0x00, 0x00, 0x00, 0x00,  //.............. 
  0x00, 0x00, 0x20, 0x22, 0x22, 0x22, 0x22, 0x22, 0x22, 0x22, 0x22, 0x1a, 0x00, 0x00,  //.............. 
  0x00, 0x00, 0xee, 0xff, 0xff, 0xff, 0xff, 0xff, 0xff, 0xff, 0xff, 0xbe, 0x00, 0x00,  //..@@@@@@@@@%.. 
  0x00, 0x00, 0x68, 0x6e, 0x6e, 0x6e, 0x6e, 0x6e, 0x6e, 0x96, 0xff, 0xbe, 0x00, 0x00,  //..+++++++%@%.. 
  0x00, 0x00, 0x82, 0x8a, 0x8a, 0x8a, 0x8a, 0x8a, 0x8a, 0xaa, 0xff, 0xbe, 0x00, 0x00,  //..%%%%%%%%@%.. 
  0x00, 0x00, 0xee, 0xff, 0xf0, 0xee, 0xee, 0xee, 0xee, 0xee, 0xee, 0xb2, 0x00, 0x00,  //..@@@@@@@@@%.. 
  0x00, 0x00, 0xee, 0xff, 0x16, 0x00, 0x00, 0x00, 0x00, 0x00, 0x00, 0x00, 0x00, 0x00,  //..@@.......... 
  0x00, 0x00, 0xff, 0xff, 0xff, 0xfa, 0xfa, 0xfa, 0xfa, 0xfa, 0xfa, 0xfa, 0x12, 0x00,  //..@@@@@@@@@@.. 
  0x00, 0x00, 0xa4, 0xae, 0x98, 0x96, 0x96, 0x96, 0x96, 0x96, 0x96, 0x96, 0x0a, 0x00,  //..%%%%%%%%%%.. 
  0x26, 0x66, 0x66, 0x66, 0x66, 0x66, 0x66, 0x66, 0x66, 0x66, 0x66, 0x66, 0x66, 0x12,  //.++++++++++++. 
  0x62, 0xff, 0xff, 0xff, 0xff, 0xff, 0xff, 0xff, 0xff, 0xff, 0xff, 0xff, 0xff, 0x2e,  //+@@@@@@@@@@@@. 
  0x0e, 0x26, 0x26, 0xa2, 0xff, 0xa6, 0x26, 0x26, 0xd6, 0xff, 0x76, 0x26, 0x26, 0x06,  //...%@%..@@+... 
  0x00, 0x00, 0x00, 0x7a, 0xff, 0x7e, 0x00, 0x00, 0xae, 0xff, 0x4e, 0x00, 0x00, 0x00,  //...+@+..%@+... 
  0x00, 0x00, 0x00, 0x7a, 0xff, 0x7e, 0x00, 0x00, 0xae, 0xff, 0x4e, 0x00, 0x00, 0x00,  //...+@+..%@+... 
  0x00, 0x00, 0x00, 0x7a, 0xff, 0x7e, 0x00, 0x00, 0xae, 0xff, 0x4e, 0x00, 0x00, 0x00,  //...+@+..%@+... 
  0x00, 0x00, 0x00, 0x26, 0x52, 0x28, 0x00, 0x00, 0x38, 0x52, 0x18, 0x00, 0x00, 0x00,  //....+....+.... 
  0x00, 0x00, 0x00, 0x00, 0x00, 0x00, 0x00, 0x00, 0x00, 0x00, 0x00, 0x00, 0x00, 0x00,  //.............. 
  0x00, 0x00, 0x00, 0x00, 0x00, 0x00, 0x00, 0x00, 0x00, 0x00, 0x00, 0x00, 0x00, 0x00,  //.............. 
  0x00, 0x00, 0x00, 0x00, 0x00, 0x00, 0x00, 0x00, 0x00, 0x00, 0x00, 0x00, 0x00, 0x00,  //.............. 


  /*Unicode: U+b968 (륨) , Width: 14 */
  0x00, 0x00, 0x00, 0x00, 0x00, 0x00, 0x00, 0x00, 0x00, 0x00, 0x00, 0x00, 0x00, 0x00,  //.............. 
  0x00, 0x00, 0x00, 0x00, 0x00, 0x00, 0x00, 0x00, 0x00, 0x00, 0x00, 0x00, 0x00, 0x00,  //.............. 
  0x00, 0x00, 0x00, 0x00, 0x00, 0x00, 0x00, 0x00, 0x00, 0x00, 0x00, 0x00, 0x00, 0x00,  //.............. 
  0x00, 0x00, 0x42, 0x4e, 0x4e, 0x4e, 0x4e, 0x4e, 0x4e, 0x4e, 0x4e, 0x32, 0x00, 0x00,  //..+++++++++... 
  0x00, 0x00, 0xda, 0xff, 0xff, 0xff, 0xff, 0xff, 0xff, 0xff, 0xff, 0xa6, 0x00, 0x00,  //..@@@@@@@@@%.. 
  0x00, 0x00, 0x32, 0x3a, 0x3a, 0x3a, 0x3a, 0x3a, 0x3a, 0x78, 0xff, 0xa6, 0x00, 0x00,  //.........+@%.. 
  0x00, 0x00, 0xd2, 0xff, 0xff, 0xff, 0xff, 0xff, 0xff, 0xff, 0xff, 0xa6, 0x00, 0x00,  //..@@@@@@@@@%.. 
  0x00, 0x00, 0xd2, 0xff, 0x74, 0x5e, 0x5e, 0x5e, 0x5e, 0x5e, 0x5e, 0x3e, 0x00, 0x00,  //..@@+++++++... 
  0x00, 0x00, 0xff, 0xff, 0xf6, 0xd6, 0xd6, 0xd6, 0xd6, 0xd6, 0xd6, 0xc6, 0x00, 0x00,  //..@@@@@@@@@@.. 
  0x00, 0x00, 0x8c, 0xaa, 0xaa, 0xaa, 0xaa, 0xaa, 0xaa, 0xaa, 0xaa, 0x9c, 0x00, 0x00,  //..%%%%%%%%%%.. 
  0x3e, 0xa2, 0xa2, 0xa2, 0xa2, 0xa2, 0xa2, 0xa2, 0xa2, 0xa2, 0xa2, 0xa2, 0xa2, 0x1c,  //.%%%%%%%%%%%%. 
  0x5c, 0xee, 0xee, 0xff, 0xff, 0xff, 0xee, 0xee, 0xff, 0xff, 0xff, 0xee, 0xee, 0x2c,  //+@@@@@@@@@@@@. 
  0x00, 0x00, 0x12, 0x5a, 0xff, 0xce, 0x16, 0x16, 0xee, 0xff, 0x36, 0x10, 0x00, 0x00,  //...+@@..@@.... 
  0x00, 0x00, 0xce, 0xff, 0xff, 0xff, 0xff, 0xff, 0xff, 0xff, 0xff, 0xba, 0x00, 0x00,  //..@@@@@@@@@%.. 
  0x00, 0x00, 0xce, 0xff, 0x84, 0x6e, 0x6e, 0x6e, 0x6e, 0x90, 0xff, 0xba, 0x00, 0x00,  //..@@%++++%@%.. 
  0x00, 0x00, 0xce, 0xff, 0x74, 0x5a, 0x5a, 0x5a, 0x5a, 0x80, 0xff, 0xba, 0x00, 0x00,  //..@@+++++%@%.. 
  0x00, 0x00, 0xce, 0xff, 0xff, 0xff, 0xff, 0xff, 0xff, 0xff, 0xff, 0xba, 0x00, 0x00,  //..@@@@@@@@@%.. 
  0x00, 0x00, 0x28, 0x32, 0x32, 0x32, 0x32, 0x32, 0x32, 0x32, 0x32, 0x24, 0x00, 0x00,  //.............. 
  0x00, 0x00, 0x00, 0x00, 0x00, 0x00, 0x00, 0x00, 0x00, 0x00, 0x00, 0x00, 0x00, 0x00,  //.............. 
  0x00, 0x00, 0x00, 0x00, 0x00, 0x00, 0x00, 0x00, 0x00, 0x00, 0x00, 0x00, 0x00, 0x00,  //.............. 
  0x00, 0x00, 0x00, 0x00, 0x00, 0x00, 0x00, 0x00, 0x00, 0x00, 0x00, 0x00, 0x00, 0x00,  //.............. 


  /*Unicode: U+b97c (를) , Width: 14 */
  0x00, 0x00, 0x00, 0x00, 0x00, 0x00, 0x00, 0x00, 0x00, 0x00, 0x00, 0x00, 0x00, 0x00,  //.............. 
  0x00, 0x00, 0x00, 0x00, 0x00, 0x00, 0x00, 0x00, 0x00, 0x00, 0x00, 0x00, 0x00, 0x00,  //.............. 
  0x00, 0x00, 0x00, 0x00, 0x00, 0x00, 0x00, 0x00, 0x00, 0x00, 0x00, 0x00, 0x00, 0x00,  //.............. 
  0x00, 0x00, 0x46, 0x52, 0x52, 0x52, 0x52, 0x52, 0x52, 0x52, 0x52, 0x36, 0x00, 0x00,  //..+++++++++... 
  0x00, 0x00, 0xda, 0xff, 0xff, 0xff, 0xff, 0xff, 0xff, 0xff, 0xff, 0xa6, 0x00, 0x00,  //..@@@@@@@@@%.. 
  0x00, 0x00, 0x44, 0x52, 0x52, 0x52, 0x52, 0x52, 0x52, 0x88, 0xff, 0xa6, 0x00, 0x00,  //..+++++++%@%.. 
  0x00, 0x00, 0xd2, 0xff, 0xf4, 0xf2, 0xf2, 0xf2, 0xf2, 0xf2, 0xf2, 0x9e, 0x00, 0x00,  //..@@@@@@@@@%.. 
  0x00, 0x00, 0xff, 0xff, 0x76, 0x52, 0x52, 0x52, 0x52, 0x52, 0x52, 0x4a, 0x00, 0x00,  //..@@++++++++.. 
  0x00, 0x00, 0xe2, 0xff, 0xff, 0xff, 0xff, 0xff, 0xff, 0xff, 0xff, 0xe6, 0x00, 0x00,  //..@@@@@@@@@@.. 
  0x1e, 0x52, 0x58, 0x5a, 0x5a, 0x5a, 0x5a, 0x5a, 0x5a, 0x5a, 0x5a, 0x5a, 0x52, 0x0e,  //.++++++++++++. 
  0x62, 0xff, 0xff, 0xff, 0xff, 0xff, 0xff, 0xff, 0xff, 0xff, 0xff, 0xff, 0xff, 0x2e,  //+@@@@@@@@@@@@. 
  0x08, 0x1a, 0x48, 0x4a, 0x4a, 0x4a, 0x4a, 0x4a, 0x4a, 0x4a, 0x4a, 0x3c, 0x1a, 0x04,  //..+++++++++... 
  0x00, 0x00, 0xf6, 0xff, 0xff, 0xff, 0xff, 0xff, 0xff, 0xff, 0xff, 0xb2, 0x00, 0x00,  //..@@@@@@@@@%.. 
  0x00, 0x00, 0x4a, 0x4e, 0x4e, 0x4e, 0x4e, 0x4e, 0x4e, 0x7c, 0xff, 0xb2, 0x00, 0x00,  //..++++++++@%.. 
  0x00, 0x00, 0xf2, 0xff, 0xff, 0xff, 0xff, 0xff, 0xff, 0xff, 0xff, 0xb2, 0x00, 0x00,  //..@@@@@@@@@%.. 
  0x00, 0x00, 0xff, 0xff, 0x42, 0x3e, 0x3e, 0x3e, 0x3e, 0x3e, 0x3e, 0x36, 0x02, 0x00,  //..@@+......... 
  0x00, 0x00, 0xff, 0xff, 0xff, 0xff, 0xff, 0xff, 0xff, 0xff, 0xff, 0xff, 0x16, 0x00,  //..@@@@@@@@@@.. 
  0x00, 0x00, 0x34, 0x36, 0x36, 0x36, 0x36, 0x36, 0x36, 0x36, 0x36, 0x36, 0x04, 0x00,  //.............. 
  0x00, 0x00, 0x00, 0x00, 0x00, 0x00, 0x00, 0x00, 0x00, 0x00, 0x00, 0x00, 0x00, 0x00,  //.............. 
  0x00, 0x00, 0x00, 0x00, 0x00, 0x00, 0x00, 0x00, 0x00, 0x00, 0x00, 0x00, 0x00, 0x00,  //.............. 
  0x00, 0x00, 0x00, 0x00, 0x00, 0x00, 0x00, 0x00, 0x00, 0x00, 0x00, 0x00, 0x00, 0x00,  //.............. 


  /*Unicode: U+b9ac (리) , Width: 12 */
  0x00, 0x00, 0x00, 0x00, 0x00, 0x00, 0x00, 0x00, 0x00, 0x00, 0x00, 0x00,  //............ 
  0x00, 0x00, 0x00, 0x00, 0x00, 0x00, 0x00, 0x00, 0x00, 0x00, 0x00, 0x00,  //............ 
  0x00, 0x00, 0x00, 0x00, 0x00, 0x00, 0x00, 0x00, 0x00, 0x00, 0x00, 0x00,  //............ 
  0x00, 0x00, 0x00, 0x00, 0x00, 0x00, 0x00, 0x00, 0x00, 0x78, 0x92, 0x1a,  //.........+%. 
  0x44, 0x66, 0x66, 0x66, 0x66, 0x66, 0x5a, 0x00, 0x00, 0xd2, 0xff, 0x2e,  //+++++++..@@. 
  0xaa, 0xff, 0xff, 0xff, 0xff, 0xff, 0xe2, 0x00, 0x00, 0xd2, 0xff, 0x2e,  //%@@@@@@..@@. 
  0x20, 0x32, 0x32, 0x32, 0x4e, 0xff, 0xe2, 0x00, 0x00, 0xd2, 0xff, 0x2e,  //....+@@..@@. 
  0x00, 0x00, 0x00, 0x00, 0x22, 0xff, 0xe2, 0x00, 0x00, 0xd2, 0xff, 0x2e,  //.....@@..@@. 
  0x60, 0x96, 0x96, 0x96, 0xa4, 0xff, 0xe2, 0x00, 0x00, 0xd2, 0xff, 0x2e,  //+%%%%@@..@@. 
  0xa2, 0xff, 0xfc, 0xfa, 0xfa, 0xfa, 0xde, 0x00, 0x00, 0xd2, 0xff, 0x2e,  //%@@@@@@..@@. 
  0xa2, 0xff, 0x62, 0x00, 0x00, 0x00, 0x00, 0x00, 0x00, 0xd2, 0xff, 0x2e,  //%@+......@@. 
  0xa2, 0xff, 0x62, 0x00, 0x00, 0x00, 0x00, 0x00, 0x00, 0xd2, 0xff, 0x2e,  //%@+......@@. 
  0xf6, 0xff, 0xe8, 0x88, 0x92, 0xa2, 0xba, 0xdc, 0x40, 0xd2, 0xff, 0x2e,  //@@@%%%%@+@@. 
  0xb4, 0xff, 0xff, 0xff, 0xff, 0xf8, 0xdc, 0xbc, 0x3e, 0xd2, 0xff, 0x2e,  //%@@@@@@%.@@. 
  0x12, 0x1e, 0x1c, 0x16, 0x0e, 0x00, 0x00, 0x00, 0x00, 0xd2, 0xff, 0x2e,  //.........@@. 
  0x00, 0x00, 0x00, 0x00, 0x00, 0x00, 0x00, 0x00, 0x00, 0xd2, 0xff, 0x2e,  //.........@@. 
  0x00, 0x00, 0x00, 0x00, 0x00, 0x00, 0x00, 0x00, 0x00, 0xd2, 0xff, 0x2e,  //.........@@. 
  0x00, 0x00, 0x00, 0x00, 0x00, 0x00, 0x00, 0x00, 0x00, 0x46, 0x56, 0x0e,  //.........++. 
  0x00, 0x00, 0x00, 0x00, 0x00, 0x00, 0x00, 0x00, 0x00, 0x00, 0x00, 0x00,  //............ 
  0x00, 0x00, 0x00, 0x00, 0x00, 0x00, 0x00, 0x00, 0x00, 0x00, 0x00, 0x00,  //............ 
  0x00, 0x00, 0x00, 0x00, 0x00, 0x00, 0x00, 0x00, 0x00, 0x00, 0x00, 0x00,  //............ 


  /*Unicode: U+b9b0 (린) , Width: 12 */
  0x00, 0x00, 0x00, 0x00, 0x00, 0x00, 0x00, 0x00, 0x00, 0x00, 0x00, 0x00,  //............ 
  0x00, 0x00, 0x00, 0x00, 0x00, 0x00, 0x00, 0x00, 0x00, 0x00, 0x00, 0x00,  //............ 
  0x00, 0x00, 0x00, 0x00, 0x00, 0x00, 0x00, 0x00, 0x00, 0x00, 0x00, 0x00,  //............ 
  0x00, 0x00, 0x00, 0x00, 0x00, 0x00, 0x00, 0x00, 0x00, 0x78, 0x8e, 0x14,  //.........+%. 
  0x72, 0xa6, 0xa6, 0xa6, 0xa6, 0xa6, 0x74, 0x00, 0x00, 0xd6, 0xff, 0x26,  //+%%%%%+..@@. 
  0xa4, 0xee, 0xee, 0xee, 0xf2, 0xff, 0xb2, 0x00, 0x00, 0xd6, 0xff, 0x26,  //%@@@@@%..@@. 
  0x00, 0x00, 0x00, 0x00, 0x42, 0xff, 0xb2, 0x00, 0x00, 0xd6, 0xff, 0x26,  //....+@%..@@. 
  0x74, 0xae, 0xae, 0xae, 0xc4, 0xff, 0xb2, 0x00, 0x00, 0xd6, 0xff, 0x26,  //+%%%@@%..@@. 
  0xaa, 0xff, 0xd8, 0xca, 0xca, 0xca, 0x8e, 0x00, 0x00, 0xd6, 0xff, 0x26,  //%@@@@@%..@@. 
  0xaa, 0xff, 0x46, 0x00, 0x00, 0x00, 0x00, 0x08, 0x00, 0xd6, 0xff, 0x26,  //%@+......@@. 
  0xf8, 0xff, 0xe6, 0xb2, 0xbc, 0xca, 0xe0, 0xfc, 0x18, 0xd6, 0xff, 0x26,  //@@@%%@@@.@@. 
  0x9c, 0xea, 0xe8, 0xe6, 0xdc, 0xcc, 0xb6, 0x92, 0x16, 0xd6, 0xff, 0x26,  //%@@@@@%%.@@. 
  0x00, 0x04, 0x2a, 0x24, 0x00, 0x00, 0x00, 0x00, 0x00, 0xd6, 0xff, 0x26,  //.........@@. 
  0x00, 0x26, 0xff, 0xd6, 0x00, 0x00, 0x00, 0x00, 0x00, 0x90, 0xaa, 0x18,  //..@@.....%%. 
  0x00, 0x26, 0xff, 0xd6, 0x00, 0x00, 0x00, 0x00, 0x00, 0x00, 0x00, 0x00,  //..@@........ 
  0x00, 0x3a, 0xff, 0xff, 0x82, 0x82, 0x82, 0x82, 0x82, 0x82, 0x82, 0x40,  //..@@%%%%%%%+ 
  0x00, 0x32, 0xff, 0xff, 0xff, 0xff, 0xff, 0xff, 0xff, 0xff, 0xff, 0x7e,  //..@@@@@@@@@+ 
  0x00, 0x02, 0x16, 0x16, 0x16, 0x16, 0x16, 0x16, 0x16, 0x16, 0x16, 0x0a,  //............ 
  0x00, 0x00, 0x00, 0x00, 0x00, 0x00, 0x00, 0x00, 0x00, 0x00, 0x00, 0x00,  //............ 
  0x00, 0x00, 0x00, 0x00, 0x00, 0x00, 0x00, 0x00, 0x00, 0x00, 0x00, 0x00,  //............ 
  0x00, 0x00, 0x00, 0x00, 0x00, 0x00, 0x00, 0x00, 0x00, 0x00, 0x00, 0x00,  //............ 


  /*Unicode: U+b9c1 (링) , Width: 12 */
  0x00, 0x00, 0x00, 0x00, 0x00, 0x00, 0x00, 0x00, 0x00, 0x00, 0x00, 0x00,  //............ 
  0x00, 0x00, 0x00, 0x00, 0x00, 0x00, 0x00, 0x00, 0x00, 0x00, 0x00, 0x00,  //............ 
  0x00, 0x00, 0x00, 0x00, 0x00, 0x00, 0x00, 0x00, 0x00, 0x00, 0x00, 0x00,  //............ 
  0x00, 0x00, 0x00, 0x00, 0x00, 0x00, 0x00, 0x00, 0x00, 0x78, 0x8e, 0x14,  //.........+%. 
  0x82, 0xbe, 0xbe, 0xbe, 0xbe, 0xbe, 0x86, 0x00, 0x00, 0xd6, 0xff, 0x26,  //%%%%%%%..@@. 
  0x92, 0xd6, 0xd6, 0xd6, 0xe0, 0xff, 0xb2, 0x00, 0x00, 0xd6, 0xff, 0x26,  //%@@@@@%..@@. 
  0x00, 0x00, 0x00, 0x00, 0x42, 0xff, 0xb2, 0x00, 0x00, 0xd6, 0xff, 0x26,  //....+@%..@@. 
  0xa8, 0xfa, 0xfa, 0xfa, 0xfc, 0xff, 0xb2, 0x00, 0x00, 0xd6, 0xff, 0x26,  //%@@@@@%..@@. 
  0xaa, 0xff, 0xa0, 0x7a, 0x7a, 0x7a, 0x56, 0x00, 0x00, 0xd6, 0xff, 0x26,  //%@%++++..@@. 
  0xda, 0xff, 0x90, 0x4c, 0x56, 0x66, 0x7c, 0x9a, 0x06, 0xd6, 0xff, 0x26,  //@@%++++%.@@. 
  0xff, 0xff, 0xff, 0xff, 0xff, 0xff, 0xff, 0xfc, 0x24, 0xd6, 0xff, 0x26,  //@@@@@@@@.@@. 
  0x34, 0x4e, 0x4e, 0x4c, 0x44, 0x34, 0x20, 0x04, 0x00, 0xbc, 0xde, 0x22,  //.++++....%@. 
  0x00, 0x00, 0x06, 0x5e, 0xac, 0xcc, 0xdc, 0xcc, 0xaa, 0x5a, 0x04, 0x00,  //...+%@@@%+.. 
  0x00, 0x02, 0xc8, 0xff, 0xe8, 0xb8, 0xac, 0xba, 0xea, 0xff, 0xc0, 0x00,  //..@@@%%%@@@. 
  0x00, 0x38, 0xff, 0xce, 0x04, 0x00, 0x00, 0x00, 0x06, 0xd8, 0xff, 0x2e,  //..@@.....@@. 
  0x00, 0x18, 0xf8, 0xf4, 0x74, 0x3e, 0x34, 0x40, 0x78, 0xf6, 0xf4, 0x12,  //..@@+..++@@. 
  0x00, 0x00, 0x4a, 0xd2, 0xff, 0xff, 0xff, 0xff, 0xff, 0xce, 0x42, 0x00,  //..+@@@@@@@+. 
  0x00, 0x00, 0x00, 0x00, 0x22, 0x40, 0x50, 0x40, 0x20, 0x00, 0x00, 0x00,  //.....+++.... 
  0x00, 0x00, 0x00, 0x00, 0x00, 0x00, 0x00, 0x00, 0x00, 0x00, 0x00, 0x00,  //............ 
  0x00, 0x00, 0x00, 0x00, 0x00, 0x00, 0x00, 0x00, 0x00, 0x00, 0x00, 0x00,  //............ 
  0x00, 0x00, 0x00, 0x00, 0x00, 0x00, 0x00, 0x00, 0x00, 0x00, 0x00, 0x00,  //............ 


  /*Unicode: U+b9c8 (마) , Width: 13 */
  0x00, 0x00, 0x00, 0x00, 0x00, 0x00, 0x00, 0x00, 0x00, 0x00, 0x00, 0x00, 0x00,  //............. 
  0x00, 0x00, 0x00, 0x00, 0x00, 0x00, 0x00, 0x00, 0x00, 0x00, 0x00, 0x00, 0x00,  //............. 
  0x00, 0x00, 0x00, 0x00, 0x00, 0x00, 0x00, 0x00, 0x00, 0x00, 0x00, 0x00, 0x00,  //............. 
  0x00, 0x00, 0x00, 0x00, 0x00, 0x00, 0x00, 0x00, 0x48, 0x8e, 0x44, 0x00, 0x00,  //........+%+.. 
  0x40, 0x42, 0x42, 0x42, 0x42, 0x42, 0x2c, 0x00, 0x82, 0xff, 0x7a, 0x00, 0x00,  //++++++..%@+.. 
  0xf6, 0xff, 0xff, 0xff, 0xff, 0xff, 0xae, 0x00, 0x82, 0xff, 0x7a, 0x00, 0x00,  //@@@@@@%.%@+.. 
  0xf6, 0xff, 0x4e, 0x4e, 0x80, 0xff, 0xae, 0x00, 0x82, 0xff, 0x7a, 0x00, 0x00,  //@@++%@%.%@+.. 
  0xf6, 0xff, 0x00, 0x00, 0x46, 0xff, 0xae, 0x00, 0x82, 0xff, 0x7a, 0x00, 0x00,  //@@..+@%.%@+.. 
  0xf6, 0xff, 0x00, 0x00, 0x46, 0xff, 0xae, 0x00, 0x82, 0xff, 0xc6, 0x4e, 0x26,  //@@..+@%.%@@+. 
  0xf6, 0xff, 0x00, 0x00, 0x46, 0xff, 0xae, 0x00, 0x82, 0xff, 0xff, 0xff, 0x7e,  //@@..+@%.%@@@+ 
  0xf6, 0xff, 0x00, 0x00, 0x46, 0xff, 0xae, 0x00, 0x82, 0xff, 0xc6, 0x4e, 0x26,  //@@..+@%.%@@+. 
  0xf6, 0xff, 0x00, 0x00, 0x46, 0xff, 0xae, 0x00, 0x82, 0xff, 0x7a, 0x00, 0x00,  //@@..+@%.%@+.. 
  0xf6, 0xff, 0x9a, 0x9a, 0xb6, 0xff, 0xae, 0x00, 0x82, 0xff, 0x7a, 0x00, 0x00,  //@@%%%@%.%@+.. 
  0xe6, 0xee, 0xee, 0xee, 0xee, 0xee, 0xa4, 0x00, 0x82, 0xff, 0x7a, 0x00, 0x00,  //@@@@@@%.%@+.. 
  0x00, 0x00, 0x00, 0x00, 0x00, 0x00, 0x00, 0x00, 0x82, 0xff, 0x7a, 0x00, 0x00,  //........%@+.. 
  0x00, 0x00, 0x00, 0x00, 0x00, 0x00, 0x00, 0x00, 0x82, 0xff, 0x7a, 0x00, 0x00,  //........%@+.. 
  0x00, 0x00, 0x00, 0x00, 0x00, 0x00, 0x00, 0x00, 0x82, 0xff, 0x7a, 0x00, 0x00,  //........%@+.. 
  0x00, 0x00, 0x00, 0x00, 0x00, 0x00, 0x00, 0x00, 0x2a, 0x52, 0x26, 0x00, 0x00,  //.........+... 
  0x00, 0x00, 0x00, 0x00, 0x00, 0x00, 0x00, 0x00, 0x00, 0x00, 0x00, 0x00, 0x00,  //............. 
  0x00, 0x00, 0x00, 0x00, 0x00, 0x00, 0x00, 0x00, 0x00, 0x00, 0x00, 0x00, 0x00,  //............. 
  0x00, 0x00, 0x00, 0x00, 0x00, 0x00, 0x00, 0x00, 0x00, 0x00, 0x00, 0x00, 0x00,  //............. 


  /*Unicode: U+b9cc (만) , Width: 13 */
  0x00, 0x00, 0x00, 0x00, 0x00, 0x00, 0x00, 0x00, 0x00, 0x00, 0x00, 0x00, 0x00,  //............. 
  0x00, 0x00, 0x00, 0x00, 0x00, 0x00, 0x00, 0x00, 0x00, 0x00, 0x00, 0x00, 0x00,  //............. 
  0x00, 0x00, 0x00, 0x00, 0x00, 0x00, 0x00, 0x00, 0x00, 0x00, 0x00, 0x00, 0x00,  //............. 
  0x00, 0x00, 0x00, 0x00, 0x00, 0x00, 0x00, 0x00, 0x40, 0x8e, 0x4a, 0x00, 0x00,  //........+%+.. 
  0x6e, 0x6e, 0x6e, 0x6e, 0x6e, 0x6e, 0x46, 0x00, 0x72, 0xff, 0x86, 0x00, 0x00,  //+++++++.+@%.. 
  0xff, 0xff, 0xff, 0xff, 0xff, 0xff, 0xa2, 0x00, 0x72, 0xff, 0x86, 0x00, 0x00,  //@@@@@@%.+@%.. 
  0xff, 0xf8, 0x26, 0x26, 0x6c, 0xff, 0xa2, 0x00, 0x72, 0xff, 0x86, 0x00, 0x00,  //@@..+@%.+@%.. 
  0xff, 0xf6, 0x00, 0x00, 0x52, 0xff, 0xa2, 0x00, 0x72, 0xff, 0xff, 0x8a, 0x32,  //@@..+@%.+@@%. 
  0xff, 0xf6, 0x00, 0x00, 0x52, 0xff, 0xa2, 0x00, 0x72, 0xff, 0xff, 0xff, 0x5e,  //@@..+@%.+@@@+ 
  0xff, 0xf8, 0x46, 0x46, 0x82, 0xff, 0xa2, 0x00, 0x72, 0xff, 0x9a, 0x12, 0x06,  //@@++%@%.+@%.. 
  0xff, 0xff, 0xff, 0xff, 0xff, 0xff, 0xa2, 0x00, 0x72, 0xff, 0x86, 0x00, 0x00,  //@@@@@@%.+@%.. 
  0x4a, 0x4a, 0x4a, 0x4a, 0x4a, 0x4a, 0x2e, 0x00, 0x72, 0xff, 0x86, 0x00, 0x00,  //++++++..+@%.. 
  0x00, 0x2c, 0x6a, 0x3e, 0x00, 0x00, 0x00, 0x00, 0x72, 0xff, 0x86, 0x00, 0x00,  //..+.....+@%.. 
  0x00, 0x6a, 0xff, 0x96, 0x00, 0x00, 0x00, 0x00, 0x40, 0x8e, 0x4a, 0x00, 0x00,  //.+@%....+%+.. 
  0x00, 0x6a, 0xff, 0x96, 0x00, 0x00, 0x00, 0x00, 0x00, 0x00, 0x00, 0x00, 0x00,  //.+@%......... 
  0x00, 0xa2, 0xff, 0xff, 0x82, 0x82, 0x82, 0x82, 0x82, 0x82, 0x82, 0x02, 0x00,  //.%@@%%%%%%%.. 
  0x00, 0x8a, 0xff, 0xff, 0xff, 0xff, 0xff, 0xff, 0xff, 0xff, 0xff, 0x06, 0x00,  //.%@@@@@@@@@.. 
  0x00, 0x08, 0x16, 0x16, 0x16, 0x16, 0x16, 0x16, 0x16, 0x16, 0x16, 0x00, 0x00,  //............. 
  0x00, 0x00, 0x00, 0x00, 0x00, 0x00, 0x00, 0x00, 0x00, 0x00, 0x00, 0x00, 0x00,  //............. 
  0x00, 0x00, 0x00, 0x00, 0x00, 0x00, 0x00, 0x00, 0x00, 0x00, 0x00, 0x00, 0x00,  //............. 
  0x00, 0x00, 0x00, 0x00, 0x00, 0x00, 0x00, 0x00, 0x00, 0x00, 0x00, 0x00, 0x00,  //............. 


  /*Unicode: U+b9f7 (맷) , Width: 12 */
  0x00, 0x00, 0x00, 0x00, 0x00, 0x00, 0x00, 0x00, 0x00, 0x00, 0x00, 0x00,  //............ 
  0x00, 0x00, 0x00, 0x00, 0x00, 0x00, 0x00, 0x00, 0x00, 0x00, 0x00, 0x00,  //............ 
  0x00, 0x00, 0x00, 0x00, 0x00, 0x00, 0x00, 0x00, 0x00, 0x00, 0x00, 0x00,  //............ 
  0x00, 0x00, 0x00, 0x00, 0x00, 0x00, 0x1a, 0x4a, 0x22, 0x40, 0x8e, 0x40,  //.......+.+%+ 
  0x58, 0x62, 0x62, 0x62, 0x62, 0x38, 0x5e, 0xff, 0x7a, 0x72, 0xff, 0x72,  //+++++.+@++@+ 
  0xe6, 0xff, 0xff, 0xff, 0xff, 0x92, 0x5e, 0xff, 0x7a, 0x72, 0xff, 0x72,  //@@@@@%+@++@+ 
  0xe6, 0xf4, 0x1e, 0x5a, 0xff, 0x92, 0x5e, 0xff, 0xc6, 0xbe, 0xff, 0x72,  //@@.+@%+@@%@+ 
  0xe6, 0xf2, 0x00, 0x42, 0xff, 0x92, 0x5e, 0xff, 0xff, 0xff, 0xff, 0x72,  //@@.+@%+@@@@+ 
  0xe6, 0xf2, 0x00, 0x42, 0xff, 0x92, 0x5e, 0xff, 0xca, 0xc2, 0xff, 0x72,  //@@.+@%+@@@@+ 
  0xe6, 0xfa, 0xa6, 0xbe, 0xff, 0x92, 0x5e, 0xff, 0x7a, 0x72, 0xff, 0x72,  //@@%%@%+@++@+ 
  0xbe, 0xd2, 0xd2, 0xd2, 0xd2, 0x78, 0x5e, 0xff, 0x7a, 0x72, 0xff, 0x72,  //%@@@@++@++@+ 
  0x00, 0x00, 0x00, 0x00, 0x00, 0x00, 0x26, 0x66, 0x30, 0x72, 0xff, 0x72,  //.......+.+@+ 
  0x00, 0x00, 0x00, 0x00, 0x00, 0x60, 0xff, 0xf8, 0x00, 0x50, 0xb2, 0x50,  //.....+@@.+%+ 
  0x00, 0x00, 0x00, 0x00, 0x00, 0xaa, 0xff, 0xff, 0x0e, 0x00, 0x00, 0x00,  //.....%@@.... 
  0x00, 0x00, 0x00, 0x04, 0x86, 0xff, 0xff, 0xff, 0xc0, 0x16, 0x00, 0x00,  //....%@@@@... 
  0x00, 0x3c, 0x8a, 0xe2, 0xff, 0xda, 0x22, 0xa6, 0xff, 0xf6, 0xa2, 0x60,  //..%@@@.%@@%+ 
  0x00, 0x64, 0xff, 0xe8, 0x86, 0x0e, 0x00, 0x00, 0x5a, 0xce, 0xff, 0xb4,  //.+@@%...+@@% 
  0x00, 0x06, 0x2e, 0x02, 0x00, 0x00, 0x00, 0x00, 0x00, 0x00, 0x1c, 0x1a,  //............ 
  0x00, 0x00, 0x00, 0x00, 0x00, 0x00, 0x00, 0x00, 0x00, 0x00, 0x00, 0x00,  //............ 
  0x00, 0x00, 0x00, 0x00, 0x00, 0x00, 0x00, 0x00, 0x00, 0x00, 0x00, 0x00,  //............ 
  0x00, 0x00, 0x00, 0x00, 0x00, 0x00, 0x00, 0x00, 0x00, 0x00, 0x00, 0x00,  //............ 


  /*Unicode: U+ba54 (메) , Width: 12 */
  0x00, 0x00, 0x00, 0x00, 0x00, 0x00, 0x00, 0x00, 0x00, 0x00, 0x00, 0x00,  //............ 
  0x00, 0x00, 0x00, 0x00, 0x00, 0x00, 0x00, 0x00, 0x00, 0x00, 0x00, 0x00,  //............ 
  0x00, 0x00, 0x00, 0x00, 0x00, 0x00, 0x00, 0x00, 0x00, 0x00, 0x00, 0x00,  //............ 
  0x00, 0x00, 0x00, 0x00, 0x00, 0x00, 0x0e, 0x56, 0x3a, 0x32, 0x8e, 0x4c,  //.......+..%+ 
  0x22, 0x22, 0x22, 0x22, 0x22, 0x10, 0x2e, 0xff, 0xaa, 0x5a, 0xff, 0x8a,  //.......@%+@% 
  0xff, 0xff, 0xff, 0xff, 0xff, 0x7a, 0x2e, 0xff, 0xaa, 0x5a, 0xff, 0x8a,  //@@@@@+.@%+@% 
  0xff, 0xea, 0x6a, 0xa0, 0xff, 0x7a, 0x2e, 0xff, 0xaa, 0x5a, 0xff, 0x8a,  //@@+%@+.@%+@% 
  0xff, 0xda, 0x00, 0x5a, 0xff, 0x7a, 0x2e, 0xff, 0xaa, 0x5a, 0xff, 0x8a,  //@@.+@+.@%+@% 
  0xff, 0xda, 0x00, 0x5a, 0xff, 0xff, 0xb2, 0xff, 0xaa, 0x5a, 0xff, 0x8a,  //@@.+@@%@%+@% 
  0xff, 0xda, 0x00, 0x5a, 0xff, 0xff, 0xff, 0xff, 0xaa, 0x5a, 0xff, 0x8a,  //@@.+@@@@%+@% 
  0xff, 0xda, 0x00, 0x5a, 0xff, 0x92, 0x46, 0xff, 0xaa, 0x5a, 0xff, 0x8a,  //@@.+@%+@%+@% 
  0xff, 0xda, 0x00, 0x5a, 0xff, 0x7a, 0x2e, 0xff, 0xaa, 0x5a, 0xff, 0x8a,  //@@.+@+.@%+@% 
  0xff, 0xf2, 0xae, 0xca, 0xff, 0x7a, 0x2e, 0xff, 0xaa, 0x5a, 0xff, 0x8a,  //@@%@@+.@%+@% 
  0xda, 0xda, 0xda, 0xda, 0xda, 0x68, 0x2e, 0xff, 0xaa, 0x5a, 0xff, 0x8a,  //@@@@@+.@%+@% 
  0x00, 0x00, 0x00, 0x00, 0x00, 0x00, 0x2e, 0xff, 0xaa, 0x5a, 0xff, 0x8a,  //.......@%+@% 
  0x00, 0x00, 0x00, 0x00, 0x00, 0x00, 0x2e, 0xff, 0xaa, 0x5a, 0xff, 0x8a,  //.......@%+@% 
  0x00, 0x00, 0x00, 0x00, 0x00, 0x00, 0x20, 0xb2, 0x76, 0x5a, 0xff, 0x8a,  //.......%++@% 
  0x00, 0x00, 0x00, 0x00, 0x00, 0x00, 0x00, 0x00, 0x00, 0x1a, 0x4e, 0x2a,  //..........+. 
  0x00, 0x00, 0x00, 0x00, 0x00, 0x00, 0x00, 0x00, 0x00, 0x00, 0x00, 0x00,  //............ 
  0x00, 0x00, 0x00, 0x00, 0x00, 0x00, 0x00, 0x00, 0x00, 0x00, 0x00, 0x00,  //............ 
  0x00, 0x00, 0x00, 0x00, 0x00, 0x00, 0x00, 0x00, 0x00, 0x00, 0x00, 0x00,  //............ 


  /*Unicode: U+ba70 (며) , Width: 12 */
  0x00, 0x00, 0x00, 0x00, 0x00, 0x00, 0x00, 0x00, 0x00, 0x00, 0x00, 0x00,  //............ 
  0x00, 0x00, 0x00, 0x00, 0x00, 0x00, 0x00, 0x00, 0x00, 0x00, 0x00, 0x00,  //............ 
  0x00, 0x00, 0x00, 0x00, 0x00, 0x00, 0x00, 0x00, 0x00, 0x00, 0x00, 0x00,  //............ 
  0x00, 0x00, 0x00, 0x00, 0x00, 0x00, 0x00, 0x00, 0x00, 0x68, 0x92, 0x26,  //.........+%. 
  0x4e, 0x5a, 0x5a, 0x5a, 0x5a, 0x5a, 0x42, 0x00, 0x00, 0xb6, 0xff, 0x42,  //+++++++..%@+ 
  0xde, 0xff, 0xff, 0xff, 0xff, 0xff, 0xba, 0x00, 0x00, 0xb6, 0xff, 0x42,  //@@@@@@%..%@+ 
  0xde, 0xff, 0x48, 0x36, 0x62, 0xff, 0xff, 0x6e, 0x6e, 0xff, 0xff, 0x42,  //@@+.+@@++@@+ 
  0xde, 0xff, 0x16, 0x00, 0x36, 0xff, 0xff, 0xff, 0xff, 0xff, 0xff, 0x42,  //@@...@@@@@@+ 
  0xde, 0xff, 0x16, 0x00, 0x36, 0xff, 0xe0, 0x2a, 0x2a, 0xe0, 0xff, 0x42,  //@@...@@..@@+ 
  0xde, 0xff, 0x16, 0x00, 0x36, 0xff, 0xba, 0x00, 0x00, 0xb6, 0xff, 0x42,  //@@...@%..%@+ 
  0xde, 0xff, 0x16, 0x00, 0x36, 0xff, 0xff, 0xaa, 0xaa, 0xff, 0xff, 0x42,  //@@...@@%%@@+ 
  0xde, 0xff, 0x16, 0x00, 0x36, 0xff, 0xff, 0xea, 0xea, 0xff, 0xff, 0x42,  //@@...@@@@@@+ 
  0xde, 0xff, 0xa4, 0x9a, 0xb0, 0xff, 0xba, 0x00, 0x00, 0xb6, 0xff, 0x42,  //@@%%%@%..%@+ 
  0xd0, 0xee, 0xee, 0xee, 0xee, 0xee, 0xae, 0x00, 0x00, 0xb6, 0xff, 0x42,  //@@@@@@%..%@+ 
  0x00, 0x00, 0x00, 0x00, 0x00, 0x00, 0x00, 0x00, 0x00, 0xb6, 0xff, 0x42,  //.........%@+ 
  0x00, 0x00, 0x00, 0x00, 0x00, 0x00, 0x00, 0x00, 0x00, 0xb6, 0xff, 0x42,  //.........%@+ 
  0x00, 0x00, 0x00, 0x00, 0x00, 0x00, 0x00, 0x00, 0x00, 0xb6, 0xff, 0x42,  //.........%@+ 
  0x00, 0x00, 0x00, 0x00, 0x00, 0x00, 0x00, 0x00, 0x00, 0x3e, 0x56, 0x16,  //..........+. 
  0x00, 0x00, 0x00, 0x00, 0x00, 0x00, 0x00, 0x00, 0x00, 0x00, 0x00, 0x00,  //............ 
  0x00, 0x00, 0x00, 0x00, 0x00, 0x00, 0x00, 0x00, 0x00, 0x00, 0x00, 0x00,  //............ 
  0x00, 0x00, 0x00, 0x00, 0x00, 0x00, 0x00, 0x00, 0x00, 0x00, 0x00, 0x00,  //............ 


  /*Unicode: U+ba74 (면) , Width: 12 */
  0x00, 0x00, 0x00, 0x00, 0x00, 0x00, 0x00, 0x00, 0x00, 0x00, 0x00, 0x00,  //............ 
  0x00, 0x00, 0x00, 0x00, 0x00, 0x00, 0x00, 0x00, 0x00, 0x00, 0x00, 0x00,  //............ 
  0x00, 0x00, 0x00, 0x00, 0x00, 0x00, 0x00, 0x00, 0x00, 0x00, 0x00, 0x00,  //............ 
  0x00, 0x00, 0x00, 0x00, 0x00, 0x00, 0x00, 0x00, 0x00, 0x6c, 0x8e, 0x20,  //.........+%. 
  0x5a, 0x6e, 0x6e, 0x6e, 0x6e, 0x6e, 0x50, 0x00, 0x00, 0xc2, 0xff, 0x3a,  //+++++++..@@. 
  0xd2, 0xff, 0xff, 0xff, 0xff, 0xff, 0xfc, 0x5e, 0x5e, 0xff, 0xff, 0x3a,  //@@@@@@@++@@. 
  0xd2, 0xff, 0x3a, 0x1a, 0x48, 0xff, 0xff, 0xff, 0xff, 0xff, 0xff, 0x3a,  //@@..+@@@@@@. 
  0xd2, 0xff, 0x22, 0x00, 0x32, 0xff, 0xde, 0x32, 0x32, 0xec, 0xff, 0x3a,  //@@...@@..@@. 
  0xd2, 0xff, 0x22, 0x00, 0x32, 0xff, 0xff, 0x62, 0x62, 0xff, 0xff, 0x3a,  //@@...@@++@@. 
  0xd2, 0xff, 0x52, 0x36, 0x5e, 0xff, 0xff, 0xff, 0xff, 0xff, 0xff, 0x3a,  //@@+.+@@@@@@. 
  0xd2, 0xff, 0xff, 0xff, 0xff, 0xff, 0xdc, 0x2e, 0x2e, 0xec, 0xff, 0x3a,  //@@@@@@@..@@. 
  0x46, 0x56, 0x56, 0x56, 0x56, 0x56, 0x3e, 0x00, 0x00, 0xc2, 0xff, 0x3a,  //++++++...@@. 
  0x00, 0x00, 0x5e, 0x62, 0x02, 0x00, 0x00, 0x00, 0x00, 0xc2, 0xff, 0x3a,  //..++.....@@. 
  0x00, 0x00, 0xf2, 0xff, 0x0a, 0x00, 0x00, 0x00, 0x00, 0x6c, 0x8e, 0x20,  //..@@.....+%. 
  0x00, 0x00, 0xf2, 0xff, 0x0a, 0x00, 0x00, 0x00, 0x00, 0x00, 0x00, 0x00,  //..@@........ 
  0x00, 0x00, 0xff, 0xff, 0x8e, 0x82, 0x82, 0x82, 0x82, 0x82, 0x82, 0x46,  //..@@%%%%%%%+ 
  0x00, 0x00, 0xff, 0xff, 0xff, 0xff, 0xff, 0xff, 0xff, 0xff, 0xff, 0x8a,  //..@@@@@@@@@% 
  0x00, 0x00, 0x14, 0x16, 0x16, 0x16, 0x16, 0x16, 0x16, 0x16, 0x16, 0x0c,  //............ 
  0x00, 0x00, 0x00, 0x00, 0x00, 0x00, 0x00, 0x00, 0x00, 0x00, 0x00, 0x00,  //............ 
  0x00, 0x00, 0x00, 0x00, 0x00, 0x00, 0x00, 0x00, 0x00, 0x00, 0x00, 0x00,  //............ 
  0x00, 0x00, 0x00, 0x00, 0x00, 0x00, 0x00, 0x00, 0x00, 0x00, 0x00, 0x00,  //............ 


  /*Unicode: U+baa8 (모) , Width: 14 */
  0x00, 0x00, 0x00, 0x00, 0x00, 0x00, 0x00, 0x00, 0x00, 0x00, 0x00, 0x00, 0x00, 0x00,  //.............. 
  0x00, 0x00, 0x00, 0x00, 0x00, 0x00, 0x00, 0x00, 0x00, 0x00, 0x00, 0x00, 0x00, 0x00,  //.............. 
  0x00, 0x00, 0x00, 0x00, 0x00, 0x00, 0x00, 0x00, 0x00, 0x00, 0x00, 0x00, 0x00, 0x00,  //.............. 
  0x00, 0x00, 0x00, 0x00, 0x00, 0x00, 0x00, 0x00, 0x00, 0x00, 0x00, 0x00, 0x00, 0x00,  //.............. 
  0x00, 0x06, 0x86, 0x86, 0x86, 0x86, 0x86, 0x86, 0x86, 0x86, 0x86, 0x6c, 0x00, 0x00,  //..%%%%%%%%%+.. 
  0x00, 0x0e, 0xff, 0xff, 0xff, 0xff, 0xff, 0xff, 0xff, 0xff, 0xff, 0xce, 0x00, 0x00,  //..@@@@@@@@@@.. 
  0x00, 0x0e, 0xff, 0xe8, 0x0a, 0x0a, 0x0a, 0x0a, 0x0a, 0x2c, 0xff, 0xce, 0x00, 0x00,  //..@@......@@.. 
  0x00, 0x0e, 0xff, 0xe6, 0x00, 0x00, 0x00, 0x00, 0x00, 0x22, 0xff, 0xce, 0x00, 0x00,  //..@@......@@.. 
  0x00, 0x0e, 0xff, 0xe6, 0x00, 0x00, 0x00, 0x00, 0x00, 0x22, 0xff, 0xce, 0x00, 0x00,  //..@@......@@.. 
  0x00, 0x0e, 0xff, 0xee, 0x4a, 0x4a, 0x4a, 0x4a, 0x4a, 0x64, 0xff, 0xce, 0x00, 0x00,  //..@@++++++@@.. 
  0x00, 0x0e, 0xff, 0xff, 0xff, 0xff, 0xff, 0xff, 0xff, 0xff, 0xff, 0xce, 0x00, 0x00,  //..@@@@@@@@@@.. 
  0x00, 0x02, 0x4a, 0x4a, 0x4a, 0x66, 0xff, 0xff, 0x4a, 0x4a, 0x4a, 0x3c, 0x00, 0x00,  //..++++@@+++... 
  0x00, 0x00, 0x00, 0x00, 0x00, 0x1a, 0xff, 0xde, 0x00, 0x00, 0x00, 0x00, 0x00, 0x00,  //......@@...... 
  0x00, 0x00, 0x00, 0x00, 0x00, 0x1a, 0xff, 0xde, 0x00, 0x00, 0x00, 0x00, 0x00, 0x00,  //......@@...... 
  0x58, 0xe6, 0xe6, 0xe6, 0xe6, 0xf4, 0xff, 0xff, 0xe6, 0xe6, 0xe6, 0xe6, 0xe6, 0x2e,  //+@@@@@@@@@@@@. 
  0x46, 0xb6, 0xb6, 0xb6, 0xb6, 0xb6, 0xb6, 0xb6, 0xb6, 0xb6, 0xb6, 0xb6, 0xb6, 0x24,  //+%%%%%%%%%%%%. 
  0x00, 0x00, 0x00, 0x00, 0x00, 0x00, 0x00, 0x00, 0x00, 0x00, 0x00, 0x00, 0x00, 0x00,  //.............. 
  0x00, 0x00, 0x00, 0x00, 0x00, 0x00, 0x00, 0x00, 0x00, 0x00, 0x00, 0x00, 0x00, 0x00,  //.............. 
  0x00, 0x00, 0x00, 0x00, 0x00, 0x00, 0x00, 0x00, 0x00, 0x00, 0x00, 0x00, 0x00, 0x00,  //.............. 
  0x00, 0x00, 0x00, 0x00, 0x00, 0x00, 0x00, 0x00, 0x00, 0x00, 0x00, 0x00, 0x00, 0x00,  //.............. 
  0x00, 0x00, 0x00, 0x00, 0x00, 0x00, 0x00, 0x00, 0x00, 0x00, 0x00, 0x00, 0x00, 0x00,  //.............. 


  /*Unicode: U+baa9 (목) , Width: 14 */
  0x00, 0x00, 0x00, 0x00, 0x00, 0x00, 0x00, 0x00, 0x00, 0x00, 0x00, 0x00, 0x00, 0x00,  //.............. 
  0x00, 0x00, 0x00, 0x00, 0x00, 0x00, 0x00, 0x00, 0x00, 0x00, 0x00, 0x00, 0x00, 0x00,  //.............. 
  0x00, 0x00, 0x00, 0x00, 0x00, 0x00, 0x00, 0x00, 0x00, 0x00, 0x00, 0x00, 0x00, 0x00,  //.............. 
  0x00, 0x00, 0x02, 0x02, 0x02, 0x02, 0x02, 0x02, 0x02, 0x02, 0x02, 0x00, 0x00, 0x00,  //.............. 
  0x00, 0x00, 0xda, 0xff, 0xff, 0xff, 0xff, 0xff, 0xff, 0xff, 0xff, 0x92, 0x00, 0x00,  //..@@@@@@@@@%.. 
  0x00, 0x00, 0xda, 0xff, 0x96, 0x8a, 0x8a, 0x8a, 0x8a, 0xb8, 0xff, 0x92, 0x00, 0x00,  //..@@%%%%%%@%.. 
  0x00, 0x00, 0xda, 0xff, 0x1a, 0x00, 0x00, 0x00, 0x00, 0x62, 0xff, 0x92, 0x00, 0x00,  //..@@.....+@%.. 
  0x00, 0x00, 0xda, 0xff, 0xb4, 0xaa, 0xaa, 0xaa, 0xaa, 0xca, 0xff, 0x92, 0x00, 0x00,  //..@@%%%%%@@%.. 
  0x00, 0x00, 0xc2, 0xe2, 0xe2, 0xf0, 0xff, 0xff, 0xe2, 0xe2, 0xe2, 0x82, 0x00, 0x00,  //..@@@@@@@@@%.. 
  0x00, 0x00, 0x00, 0x00, 0x00, 0x1e, 0xff, 0xda, 0x00, 0x00, 0x00, 0x00, 0x00, 0x00,  //......@@...... 
  0x50, 0xca, 0xca, 0xca, 0xca, 0xde, 0xff, 0xff, 0xca, 0xca, 0xca, 0xca, 0xca, 0x22,  //+@@@@@@@@@@@@. 
  0x50, 0xc6, 0xc6, 0xc6, 0xc6, 0xc6, 0xc6, 0xc6, 0xc6, 0xc6, 0xc6, 0xc6, 0xc6, 0x20,  //+@@@@@@@@@@@@. 
  0x00, 0x00, 0x32, 0x32, 0x32, 0x32, 0x32, 0x32, 0x32, 0x32, 0x32, 0x20, 0x00, 0x00,  //.............. 
  0x00, 0x00, 0xff, 0xff, 0xff, 0xff, 0xff, 0xff, 0xff, 0xff, 0xff, 0xa6, 0x00, 0x00,  //..@@@@@@@@@%.. 
  0x00, 0x00, 0x56, 0x56, 0x56, 0x56, 0x56, 0x56, 0x56, 0x90, 0xff, 0xa6, 0x00, 0x00,  //..+++++++%@%.. 
  0x00, 0x00, 0x00, 0x00, 0x00, 0x00, 0x00, 0x00, 0x00, 0x56, 0xff, 0xa6, 0x00, 0x00,  //.........+@%.. 
  0x00, 0x00, 0x00, 0x00, 0x00, 0x00, 0x00, 0x00, 0x00, 0x56, 0xff, 0xa6, 0x00, 0x00,  //.........+@%.. 
  0x00, 0x00, 0x00, 0x00, 0x00, 0x00, 0x00, 0x00, 0x00, 0x1a, 0x52, 0x36, 0x00, 0x00,  //..........+... 
  0x00, 0x00, 0x00, 0x00, 0x00, 0x00, 0x00, 0x00, 0x00, 0x00, 0x00, 0x00, 0x00, 0x00,  //.............. 
  0x00, 0x00, 0x00, 0x00, 0x00, 0x00, 0x00, 0x00, 0x00, 0x00, 0x00, 0x00, 0x00, 0x00,  //.............. 
  0x00, 0x00, 0x00, 0x00, 0x00, 0x00, 0x00, 0x00, 0x00, 0x00, 0x00, 0x00, 0x00, 0x00,  //.............. 


  /*Unicode: U+bba4 (뮤) , Width: 14 */
  0x00, 0x00, 0x00, 0x00, 0x00, 0x00, 0x00, 0x00, 0x00, 0x00, 0x00, 0x00, 0x00, 0x00,  //.............. 
  0x00, 0x00, 0x00, 0x00, 0x00, 0x00, 0x00, 0x00, 0x00, 0x00, 0x00, 0x00, 0x00, 0x00,  //.............. 
  0x00, 0x00, 0x00, 0x00, 0x00, 0x00, 0x00, 0x00, 0x00, 0x00, 0x00, 0x00, 0x00, 0x00,  //.............. 
  0x00, 0x00, 0x00, 0x00, 0x00, 0x00, 0x00, 0x00, 0x00, 0x00, 0x00, 0x00, 0x00, 0x00,  //.............. 
  0x00, 0x00, 0xd8, 0xe6, 0xe6, 0xe6, 0xe6, 0xe6, 0xe6, 0xe6, 0xe6, 0x9e, 0x00, 0x00,  //..@@@@@@@@@%.. 
  0x00, 0x00, 0xee, 0xff, 0xac, 0xaa, 0xaa, 0xaa, 0xaa, 0xc0, 0xff, 0xae, 0x00, 0x00,  //..@@%%%%%@@%.. 
  0x00, 0x00, 0xee, 0xff, 0x02, 0x00, 0x00, 0x00, 0x00, 0x42, 0xff, 0xae, 0x00, 0x00,  //..@@.....+@%.. 
  0x00, 0x00, 0xee, 0xff, 0x02, 0x00, 0x00, 0x00, 0x00, 0x42, 0xff, 0xae, 0x00, 0x00,  //..@@.....+@%.. 
  0x00, 0x00, 0xee, 0xff, 0xde, 0xde, 0xde, 0xde, 0xde, 0xe6, 0xff, 0xae, 0x00, 0x00,  //..@@@@@@@@@%.. 
  0x00, 0x00, 0xa4, 0xae, 0xae, 0xae, 0xae, 0xae, 0xae, 0xae, 0xae, 0x78, 0x00, 0x00,  //..%%%%%%%%%+.. 
  0x00, 0x00, 0x00, 0x00, 0x00, 0x00, 0x00, 0x00, 0x00, 0x00, 0x00, 0x00, 0x00, 0x00,  //.............. 
  0x50, 0xd2, 0xd2, 0xff, 0xff, 0xff, 0xd2, 0xd2, 0xff, 0xff, 0xf8, 0xd2, 0xd2, 0x26,  //+@@@@@@@@@@@@. 
  0x4c, 0xc6, 0xc6, 0xff, 0xff, 0xff, 0xc6, 0xc6, 0xff, 0xff, 0xff, 0xc6, 0xc6, 0x24,  //+@@@@@@@@@@@@. 
  0x00, 0x00, 0x00, 0x82, 0xff, 0x76, 0x00, 0x00, 0x9e, 0xff, 0x5a, 0x00, 0x00, 0x00,  //...%@+..%@+... 
  0x00, 0x00, 0x00, 0x82, 0xff, 0x76, 0x00, 0x00, 0x9e, 0xff, 0x5a, 0x00, 0x00, 0x00,  //...%@+..%@+... 
  0x00, 0x00, 0x00, 0x82, 0xff, 0x76, 0x00, 0x00, 0x9e, 0xff, 0x5a, 0x00, 0x00, 0x00,  //...%@+..%@+... 
  0x00, 0x00, 0x00, 0x82, 0xff, 0x76, 0x00, 0x00, 0x9e, 0xff, 0x5a, 0x00, 0x00, 0x00,  //...%@+..%@+... 
  0x00, 0x00, 0x00, 0x2e, 0x5a, 0x2a, 0x00, 0x00, 0x38, 0x5a, 0x20, 0x00, 0x00, 0x00,  //....+....+.... 
  0x00, 0x00, 0x00, 0x00, 0x00, 0x00, 0x00, 0x00, 0x00, 0x00, 0x00, 0x00, 0x00, 0x00,  //.............. 
  0x00, 0x00, 0x00, 0x00, 0x00, 0x00, 0x00, 0x00, 0x00, 0x00, 0x00, 0x00, 0x00, 0x00,  //.............. 
  0x00, 0x00, 0x00, 0x00, 0x00, 0x00, 0x00, 0x00, 0x00, 0x00, 0x00, 0x00, 0x00, 0x00,  //.............. 


  /*Unicode: U+bbac (뮬) , Width: 14 */
  0x00, 0x00, 0x00, 0x00, 0x00, 0x00, 0x00, 0x00, 0x00, 0x00, 0x00, 0x00, 0x00, 0x00,  //.............. 
  0x00, 0x00, 0x00, 0x00, 0x00, 0x00, 0x00, 0x00, 0x00, 0x00, 0x00, 0x00, 0x00, 0x00,  //.............. 
  0x00, 0x00, 0x00, 0x00, 0x00, 0x00, 0x00, 0x00, 0x00, 0x00, 0x00, 0x00, 0x00, 0x00,  //.............. 
  0x00, 0x00, 0x20, 0x26, 0x26, 0x26, 0x26, 0x26, 0x26, 0x26, 0x26, 0x16, 0x00, 0x00,  //.............. 
  0x00, 0x00, 0xd6, 0xff, 0xff, 0xff, 0xff, 0xff, 0xff, 0xff, 0xff, 0x92, 0x00, 0x00,  //..@@@@@@@@@%.. 
  0x00, 0x00, 0xd6, 0xff, 0x70, 0x5e, 0x5e, 0x5e, 0x5e, 0x9c, 0xff, 0x92, 0x00, 0x00,  //..@@+++++%@%.. 
  0x00, 0x00, 0xd6, 0xff, 0x64, 0x52, 0x52, 0x52, 0x52, 0x96, 0xff, 0x92, 0x00, 0x00,  //..@@+++++%@%.. 
  0x00, 0x00, 0xd6, 0xff, 0xff, 0xff, 0xff, 0xff, 0xff, 0xff, 0xff, 0x92, 0x00, 0x00,  //..@@@@@@@@@%.. 
  0x06, 0x12, 0x3e, 0x46, 0x46, 0x46, 0x46, 0x46, 0x46, 0x46, 0x46, 0x30, 0x12, 0x02,  //...++++++++... 
  0x66, 0xff, 0xff, 0xff, 0xff, 0xff, 0xff, 0xff, 0xff, 0xff, 0xff, 0xff, 0xff, 0x2a,  //+@@@@@@@@@@@@. 
  0x32, 0x7e, 0x7e, 0xb6, 0xff, 0xff, 0x7e, 0x7e, 0xff, 0xff, 0x9e, 0x7e, 0x7e, 0x14,  //.++%@@++@@%++. 
  0x00, 0x00, 0x96, 0xd6, 0xff, 0xff, 0x9e, 0x9e, 0xff, 0xff, 0xbe, 0x64, 0x00, 0x00,  //..%@@@%%@@%+.. 
  0x00, 0x00, 0xcc, 0xda, 0xe6, 0xe2, 0xd6, 0xd6, 0xe4, 0xf4, 0xff, 0xa2, 0x00, 0x00,  //..@@@@@@@@@%.. 
  0x00, 0x00, 0x68, 0x6e, 0x6e, 0x6e, 0x6e, 0x6e, 0x6e, 0x9e, 0xff, 0xa2, 0x00, 0x00,  //..+++++++%@%.. 
  0x00, 0x00, 0xee, 0xff, 0xf2, 0xf2, 0xf2, 0xf2, 0xf2, 0xf2, 0xf2, 0x9a, 0x00, 0x00,  //..@@@@@@@@@%.. 
  0x00, 0x00, 0xff, 0xff, 0x4a, 0x42, 0x42, 0x42, 0x42, 0x42, 0x42, 0x42, 0x00, 0x00,  //..@@++++++++.. 
  0x00, 0x00, 0xff, 0xff, 0xff, 0xff, 0xff, 0xff, 0xff, 0xff, 0xff, 0xff, 0x02, 0x00,  //..@@@@@@@@@@.. 
  0x00, 0x00, 0x3a, 0x3e, 0x3e, 0x3e, 0x3e, 0x3e, 0x3e, 0x3e, 0x3e, 0x3e, 0x00, 0x00,  //.............. 
  0x00, 0x00, 0x00, 0x00, 0x00, 0x00, 0x00, 0x00, 0x00, 0x00, 0x00, 0x00, 0x00, 0x00,  //.............. 
  0x00, 0x00, 0x00, 0x00, 0x00, 0x00, 0x00, 0x00, 0x00, 0x00, 0x00, 0x00, 0x00, 0x00,  //.............. 
  0x00, 0x00, 0x00, 0x00, 0x00, 0x00, 0x00, 0x00, 0x00, 0x00, 0x00, 0x00, 0x00, 0x00,  //.............. 


  /*Unicode: U+bbf8 (미) , Width: 12 */
  0x00, 0x00, 0x00, 0x00, 0x00, 0x00, 0x00, 0x00, 0x00, 0x00, 0x00, 0x00,  //............ 
  0x00, 0x00, 0x00, 0x00, 0x00, 0x00, 0x00, 0x00, 0x00, 0x00, 0x00, 0x00,  //............ 
  0x00, 0x00, 0x00, 0x00, 0x00, 0x00, 0x00, 0x00, 0x00, 0x00, 0x00, 0x00,  //............ 
  0x00, 0x00, 0x00, 0x00, 0x00, 0x00, 0x00, 0x00, 0x00, 0x7e, 0x92, 0x12,  //.........+%. 
  0x3a, 0x52, 0x52, 0x52, 0x52, 0x52, 0x50, 0x00, 0x00, 0xda, 0xff, 0x22,  //.++++++..@@. 
  0xb2, 0xff, 0xff, 0xff, 0xff, 0xff, 0xf6, 0x00, 0x00, 0xda, 0xff, 0x22,  //%@@@@@@..@@. 
  0xb2, 0xff, 0x6e, 0x3e, 0x3e, 0xfc, 0xf6, 0x00, 0x00, 0xda, 0xff, 0x22,  //%@+..@@..@@. 
  0xb2, 0xff, 0x3e, 0x00, 0x00, 0xfa, 0xf6, 0x00, 0x00, 0xda, 0xff, 0x22,  //%@...@@..@@. 
  0xb2, 0xff, 0x3e, 0x00, 0x00, 0xfa, 0xf6, 0x00, 0x00, 0xda, 0xff, 0x22,  //%@...@@..@@. 
  0xb2, 0xff, 0x3e, 0x00, 0x00, 0xfa, 0xf6, 0x00, 0x00, 0xda, 0xff, 0x22,  //%@...@@..@@. 
  0xb2, 0xff, 0x3e, 0x00, 0x00, 0xfa, 0xf6, 0x00, 0x00, 0xda, 0xff, 0x22,  //%@...@@..@@. 
  0xb2, 0xff, 0x3e, 0x00, 0x00, 0xfa, 0xf6, 0x00, 0x00, 0xda, 0xff, 0x22,  //%@...@@..@@. 
  0xb2, 0xff, 0xaa, 0x8e, 0x8e, 0xfc, 0xf6, 0x00, 0x00, 0xda, 0xff, 0x22,  //%@%%%@@..@@. 
  0xb2, 0xff, 0xff, 0xff, 0xff, 0xff, 0xf6, 0x00, 0x00, 0xda, 0xff, 0x22,  //%@@@@@@..@@. 
  0x00, 0x02, 0x02, 0x02, 0x02, 0x02, 0x02, 0x00, 0x00, 0xda, 0xff, 0x22,  //.........@@. 
  0x00, 0x00, 0x00, 0x00, 0x00, 0x00, 0x00, 0x00, 0x00, 0xda, 0xff, 0x22,  //.........@@. 
  0x00, 0x00, 0x00, 0x00, 0x00, 0x00, 0x00, 0x00, 0x00, 0xda, 0xff, 0x22,  //.........@@. 
  0x00, 0x00, 0x00, 0x00, 0x00, 0x00, 0x00, 0x00, 0x00, 0x4a, 0x56, 0x0a,  //.........++. 
  0x00, 0x00, 0x00, 0x00, 0x00, 0x00, 0x00, 0x00, 0x00, 0x00, 0x00, 0x00,  //............ 
  0x00, 0x00, 0x00, 0x00, 0x00, 0x00, 0x00, 0x00, 0x00, 0x00, 0x00, 0x00,  //............ 
  0x00, 0x00, 0x00, 0x00, 0x00, 0x00, 0x00, 0x00, 0x00, 0x00, 0x00, 0x00,  //............ 


  /*Unicode: U+bc0f (및) , Width: 12 */
  0x00, 0x00, 0x00, 0x00, 0x00, 0x00, 0x00, 0x00, 0x00, 0x00, 0x00, 0x00,  //............ 
  0x00, 0x00, 0x00, 0x00, 0x00, 0x00, 0x00, 0x00, 0x00, 0x00, 0x00, 0x00,  //............ 
  0x00, 0x00, 0x00, 0x00, 0x00, 0x00, 0x00, 0x00, 0x00, 0x00, 0x00, 0x00,  //............ 
  0x00, 0x00, 0x00, 0x00, 0x00, 0x00, 0x00, 0x00, 0x00, 0x78, 0x8e, 0x14,  //.........+%. 
  0x80, 0xba, 0xba, 0xba, 0xba, 0xba, 0xba, 0x06, 0x00, 0xd6, 0xff, 0x26,  //%%%%%%%..@@. 
  0xae, 0xff, 0xde, 0xd2, 0xd2, 0xfa, 0xff, 0x0a, 0x00, 0xd6, 0xff, 0x26,  //%@@@@@@..@@. 
  0xae, 0xff, 0x42, 0x00, 0x00, 0xe6, 0xff, 0x0a, 0x00, 0xd6, 0xff, 0x26,  //%@+..@@..@@. 
  0xae, 0xff, 0x42, 0x00, 0x00, 0xe6, 0xff, 0x0a, 0x00, 0xd6, 0xff, 0x26,  //%@+..@@..@@. 
  0xae, 0xff, 0x8e, 0x66, 0x66, 0xf0, 0xff, 0x0a, 0x00, 0xd6, 0xff, 0x26,  //%@%++@@..@@. 
  0xae, 0xff, 0xff, 0xff, 0xff, 0xff, 0xff, 0x0a, 0x00, 0xd6, 0xff, 0x26,  //%@@@@@@..@@. 
  0x16, 0x22, 0x22, 0x22, 0x22, 0x2a, 0x32, 0x08, 0x00, 0xd6, 0xff, 0x26,  //.........@@. 
  0x00, 0x00, 0x00, 0x00, 0x00, 0x8a, 0xff, 0x7a, 0x00, 0x42, 0x4e, 0x0a,  //.....%@+.++. 
  0x00, 0x64, 0xee, 0xee, 0xee, 0xff, 0xff, 0xff, 0xee, 0xee, 0xee, 0x50,  //.+@@@@@@@@@+ 
  0x00, 0x3a, 0x8e, 0x8e, 0x8e, 0xff, 0xff, 0xff, 0x8e, 0x8e, 0x8e, 0x30,  //..%%%@@@%%%. 
  0x00, 0x00, 0x00, 0x00, 0x4c, 0xff, 0xff, 0xf4, 0x44, 0x00, 0x00, 0x00,  //....+@@@+... 
  0x00, 0x3c, 0x6e, 0xc0, 0xff, 0xee, 0x74, 0xf4, 0xff, 0xba, 0x6a, 0x34,  //..+@@@+@@%+. 
  0x00, 0xa8, 0xff, 0xee, 0x98, 0x1a, 0x00, 0x22, 0xa2, 0xf4, 0xff, 0x94,  //.%@@%...%@@% 
  0x00, 0x1a, 0x2a, 0x02, 0x00, 0x00, 0x00, 0x00, 0x00, 0x04, 0x30, 0x14,  //............ 
  0x00, 0x00, 0x00, 0x00, 0x00, 0x00, 0x00, 0x00, 0x00, 0x00, 0x00, 0x00,  //............ 
  0x00, 0x00, 0x00, 0x00, 0x00, 0x00, 0x00, 0x00, 0x00, 0x00, 0x00, 0x00,  //............ 
  0x00, 0x00, 0x00, 0x00, 0x00, 0x00, 0x00, 0x00, 0x00, 0x00, 0x00, 0x00,  //............ 


  /*Unicode: U+bc14 (바) , Width: 13 */
  0x00, 0x00, 0x00, 0x00, 0x00, 0x00, 0x00, 0x00, 0x00, 0x00, 0x00, 0x00, 0x00,  //............. 
  0x00, 0x00, 0x00, 0x00, 0x00, 0x00, 0x00, 0x00, 0x00, 0x00, 0x00, 0x00, 0x00,  //............. 
  0x00, 0x00, 0x00, 0x00, 0x00, 0x00, 0x00, 0x00, 0x00, 0x00, 0x00, 0x00, 0x00,  //............. 
  0x00, 0x00, 0x00, 0x00, 0x00, 0x00, 0x00, 0x00, 0x48, 0x8e, 0x44, 0x00, 0x00,  //........+%+.. 
  0x72, 0x76, 0x00, 0x00, 0x14, 0x76, 0x5c, 0x00, 0x82, 0xff, 0x7a, 0x00, 0x00,  //++...++.%@+.. 
  0xf6, 0xff, 0x02, 0x00, 0x2e, 0xff, 0xc6, 0x00, 0x82, 0xff, 0x7a, 0x00, 0x00,  //@@...@@.%@+.. 
  0xf6, 0xff, 0x02, 0x00, 0x2e, 0xff, 0xc6, 0x00, 0x82, 0xff, 0x7a, 0x00, 0x00,  //@@...@@.%@+.. 
  0xf6, 0xff, 0x16, 0x12, 0x3e, 0xff, 0xc6, 0x00, 0x82, 0xff, 0x7a, 0x00, 0x00,  //@@...@@.%@+.. 
  0xf6, 0xff, 0xff, 0xff, 0xff, 0xff, 0xc6, 0x00, 0x82, 0xff, 0xd8, 0x62, 0x30,  //@@@@@@@.%@@+. 
  0xf6, 0xff, 0x74, 0x72, 0x8c, 0xff, 0xc6, 0x00, 0x82, 0xff, 0xff, 0xff, 0x7e,  //@@++%@@.%@@@+ 
  0xf6, 0xff, 0x02, 0x00, 0x2e, 0xff, 0xc6, 0x00, 0x82, 0xff, 0xb6, 0x3e, 0x1e,  //@@...@@.%@%.. 
  0xf6, 0xff, 0x02, 0x00, 0x2e, 0xff, 0xc6, 0x00, 0x82, 0xff, 0x7a, 0x00, 0x00,  //@@...@@.%@+.. 
  0xf6, 0xff, 0x7c, 0x7a, 0x92, 0xff, 0xc6, 0x00, 0x82, 0xff, 0x7a, 0x00, 0x00,  //@@++%@@.%@+.. 
  0xf6, 0xff, 0xff, 0xff, 0xff, 0xff, 0xc6, 0x00, 0x82, 0xff, 0x7a, 0x00, 0x00,  //@@@@@@@.%@+.. 
  0x1a, 0x1a, 0x1a, 0x1a, 0x1a, 0x1a, 0x14, 0x00, 0x82, 0xff, 0x7a, 0x00, 0x00,  //........%@+.. 
  0x00, 0x00, 0x00, 0x00, 0x00, 0x00, 0x00, 0x00, 0x82, 0xff, 0x7a, 0x00, 0x00,  //........%@+.. 
  0x00, 0x00, 0x00, 0x00, 0x00, 0x00, 0x00, 0x00, 0x82, 0xff, 0x7a, 0x00, 0x00,  //........%@+.. 
  0x00, 0x00, 0x00, 0x00, 0x00, 0x00, 0x00, 0x00, 0x2a, 0x52, 0x26, 0x00, 0x00,  //.........+... 
  0x00, 0x00, 0x00, 0x00, 0x00, 0x00, 0x00, 0x00, 0x00, 0x00, 0x00, 0x00, 0x00,  //............. 
  0x00, 0x00, 0x00, 0x00, 0x00, 0x00, 0x00, 0x00, 0x00, 0x00, 0x00, 0x00, 0x00,  //............. 
  0x00, 0x00, 0x00, 0x00, 0x00, 0x00, 0x00, 0x00, 0x00, 0x00, 0x00, 0x00, 0x00,  //............. 


  /*Unicode: U+bc18 (반) , Width: 13 */
  0x00, 0x00, 0x00, 0x00, 0x00, 0x00, 0x00, 0x00, 0x00, 0x00, 0x00, 0x00, 0x00,  //............. 
  0x00, 0x00, 0x00, 0x00, 0x00, 0x00, 0x00, 0x00, 0x00, 0x00, 0x00, 0x00, 0x00,  //............. 
  0x00, 0x00, 0x00, 0x00, 0x00, 0x00, 0x00, 0x00, 0x00, 0x00, 0x00, 0x00, 0x00,  //............. 
  0x00, 0x00, 0x00, 0x00, 0x00, 0x00, 0x00, 0x00, 0x40, 0x8e, 0x4a, 0x00, 0x00,  //........+%+.. 
  0x8e, 0x8c, 0x00, 0x00, 0x26, 0x8e, 0x62, 0x00, 0x72, 0xff, 0x86, 0x00, 0x00,  //%%...%+.+@%.. 
  0xff, 0xfa, 0x00, 0x00, 0x46, 0xff, 0xae, 0x00, 0x72, 0xff, 0x86, 0x00, 0x00,  //@@..+@%.+@%.. 
  0xff, 0xfc, 0x92, 0x92, 0xb0, 0xff, 0xae, 0x00, 0x72, 0xff, 0x86, 0x00, 0x00,  //@@%%%@%.+@%.. 
  0xff, 0xff, 0xee, 0xee, 0xf2, 0xff, 0xae, 0x00, 0x72, 0xff, 0xff, 0xa6, 0x3e,  //@@@@@@%.+@@%. 
  0xff, 0xfa, 0x00, 0x00, 0x46, 0xff, 0xae, 0x00, 0x72, 0xff, 0xff, 0xff, 0x5e,  //@@..+@%.+@@@+ 
  0xff, 0xfa, 0x16, 0x16, 0x58, 0xff, 0xae, 0x00, 0x72, 0xff, 0x86, 0x00, 0x00,  //@@..+@%.+@%.. 
  0xff, 0xff, 0xff, 0xff, 0xff, 0xff, 0xae, 0x00, 0x72, 0xff, 0x86, 0x00, 0x00,  //@@@@@@%.+@%.. 
  0x7a, 0x7a, 0x7a, 0x7a, 0x7a, 0x7a, 0x54, 0x00, 0x72, 0xff, 0x86, 0x00, 0x00,  //+++++++.+@%.. 
  0x00, 0x24, 0x5a, 0x34, 0x00, 0x00, 0x00, 0x00, 0x72, 0xff, 0x86, 0x00, 0x00,  //..+.....+@%.. 
  0x00, 0x6a, 0xff, 0x96, 0x00, 0x00, 0x00, 0x00, 0x4a, 0xa6, 0x58, 0x00, 0x00,  //.+@%....+%+.. 
  0x00, 0x6a, 0xff, 0x96, 0x00, 0x00, 0x00, 0x00, 0x00, 0x00, 0x00, 0x00, 0x00,  //.+@%......... 
  0x00, 0x90, 0xff, 0xff, 0x82, 0x82, 0x82, 0x82, 0x82, 0x82, 0x82, 0x02, 0x00,  //.%@@%%%%%%%.. 
  0x00, 0x6a, 0xff, 0xff, 0xff, 0xff, 0xff, 0xff, 0xff, 0xff, 0xff, 0x06, 0x00,  //.+@@@@@@@@@.. 
  0x00, 0x08, 0x16, 0x16, 0x16, 0x16, 0x16, 0x16, 0x16, 0x16, 0x16, 0x00, 0x00,  //............. 
  0x00, 0x00, 0x00, 0x00, 0x00, 0x00, 0x00, 0x00, 0x00, 0x00, 0x00, 0x00, 0x00,  //............. 
  0x00, 0x00, 0x00, 0x00, 0x00, 0x00, 0x00, 0x00, 0x00, 0x00, 0x00, 0x00, 0x00,  //............. 
  0x00, 0x00, 0x00, 0x00, 0x00, 0x00, 0x00, 0x00, 0x00, 0x00, 0x00, 0x00, 0x00,  //............. 


  /*Unicode: U+bc29 (방) , Width: 13 */
  0x00, 0x00, 0x00, 0x00, 0x00, 0x00, 0x00, 0x00, 0x00, 0x00, 0x00, 0x00, 0x00,  //............. 
  0x00, 0x00, 0x00, 0x00, 0x00, 0x00, 0x00, 0x00, 0x00, 0x00, 0x00, 0x00, 0x00,  //............. 
  0x00, 0x00, 0x00, 0x00, 0x00, 0x00, 0x00, 0x00, 0x00, 0x00, 0x00, 0x00, 0x00,  //............. 
  0x00, 0x00, 0x00, 0x00, 0x00, 0x00, 0x00, 0x00, 0x40, 0x8e, 0x4a, 0x00, 0x00,  //........+%+.. 
  0xae, 0xac, 0x00, 0x00, 0x30, 0xae, 0x78, 0x00, 0x72, 0xff, 0x86, 0x00, 0x00,  //%%...%+.+@%.. 
  0xff, 0xfa, 0x00, 0x00, 0x46, 0xff, 0xae, 0x00, 0x72, 0xff, 0x86, 0x00, 0x00,  //@@..+@%.+@%.. 
  0xff, 0xff, 0xf2, 0xf2, 0xf6, 0xff, 0xae, 0x00, 0x72, 0xff, 0xda, 0x52, 0x1e,  //@@@@@@%.+@@+. 
  0xff, 0xfc, 0x8e, 0x8e, 0xae, 0xff, 0xae, 0x00, 0x72, 0xff, 0xff, 0xff, 0x5e,  //@@%%%@%.+@@@+ 
  0xff, 0xfa, 0x00, 0x00, 0x46, 0xff, 0xae, 0x00, 0x72, 0xff, 0xd6, 0x4e, 0x1c,  //@@..+@%.+@@+. 
  0xff, 0xfc, 0xb2, 0xb2, 0xc8, 0xff, 0xae, 0x00, 0x72, 0xff, 0x86, 0x00, 0x00,  //@@%%@@%.+@%.. 
  0xda, 0xda, 0xda, 0xda, 0xda, 0xda, 0x96, 0x00, 0x72, 0xff, 0x86, 0x00, 0x00,  //@@@@@@%.+@%.. 
  0x00, 0x00, 0x00, 0x00, 0x00, 0x0a, 0x0a, 0x00, 0x46, 0x9e, 0x54, 0x00, 0x00,  //........+%+.. 
  0x00, 0x00, 0x46, 0xb8, 0xf2, 0xff, 0xff, 0xf2, 0xb8, 0x46, 0x00, 0x00, 0x00,  //..+%@@@@%+... 
  0x00, 0x52, 0xff, 0xf2, 0xa4, 0x84, 0x84, 0xa2, 0xf0, 0xff, 0x52, 0x00, 0x00,  //.+@@%%%%@@+.. 
  0x00, 0xa6, 0xff, 0x5e, 0x00, 0x00, 0x00, 0x00, 0x5a, 0xff, 0xa6, 0x00, 0x00,  //.%@+....+@%.. 
  0x00, 0x76, 0xff, 0xcc, 0x54, 0x34, 0x34, 0x54, 0xca, 0xff, 0x76, 0x00, 0x00,  //.+@@+..+@@+.. 
  0x00, 0x04, 0x8a, 0xf4, 0xff, 0xff, 0xff, 0xff, 0xf4, 0x8c, 0x04, 0x00, 0x00,  //..%@@@@@@%... 
  0x00, 0x00, 0x00, 0x08, 0x38, 0x50, 0x50, 0x38, 0x0a, 0x00, 0x00, 0x00, 0x00,  //.....++...... 
  0x00, 0x00, 0x00, 0x00, 0x00, 0x00, 0x00, 0x00, 0x00, 0x00, 0x00, 0x00, 0x00,  //............. 
  0x00, 0x00, 0x00, 0x00, 0x00, 0x00, 0x00, 0x00, 0x00, 0x00, 0x00, 0x00, 0x00,  //............. 
  0x00, 0x00, 0x00, 0x00, 0x00, 0x00, 0x00, 0x00, 0x00, 0x00, 0x00, 0x00, 0x00,  //............. 


  /*Unicode: U+bc30 (배) , Width: 12 */
  0x00, 0x00, 0x00, 0x00, 0x00, 0x00, 0x00, 0x00, 0x00, 0x00, 0x00, 0x00,  //............ 
  0x00, 0x00, 0x00, 0x00, 0x00, 0x00, 0x00, 0x00, 0x00, 0x00, 0x00, 0x00,  //............ 
  0x00, 0x00, 0x00, 0x00, 0x00, 0x00, 0x00, 0x00, 0x00, 0x00, 0x00, 0x00,  //............ 
  0x00, 0x00, 0x00, 0x00, 0x00, 0x00, 0x20, 0x56, 0x28, 0x32, 0x8e, 0x4c,  //.......+..%+ 
  0x52, 0x48, 0x00, 0x1c, 0x52, 0x26, 0x62, 0xff, 0x76, 0x5a, 0xff, 0x8a,  //++..+.+@++@% 
  0xff, 0xde, 0x00, 0x5a, 0xff, 0x7a, 0x62, 0xff, 0x76, 0x5a, 0xff, 0x8a,  //@@.+@++@++@% 
  0xff, 0xde, 0x00, 0x5a, 0xff, 0x7a, 0x62, 0xff, 0x76, 0x5a, 0xff, 0x8a,  //@@.+@++@++@% 
  0xff, 0xe4, 0x32, 0x7c, 0xff, 0x7a, 0x62, 0xff, 0x76, 0x5a, 0xff, 0x8a,  //@@.+@++@++@% 
  0xff, 0xff, 0xff, 0xff, 0xff, 0x7a, 0x62, 0xff, 0xba, 0x9e, 0xff, 0x8a,  //@@@@@++@%%@% 
  0xff, 0xea, 0x56, 0x92, 0xff, 0x7a, 0x62, 0xff, 0xff, 0xff, 0xff, 0x8a,  //@@+%@++@@@@% 
  0xff, 0xde, 0x00, 0x5a, 0xff, 0x7a, 0x62, 0xff, 0xca, 0xae, 0xff, 0x8a,  //@@.+@++@@%@% 
  0xff, 0xde, 0x00, 0x5a, 0xff, 0x7a, 0x62, 0xff, 0x76, 0x5a, 0xff, 0x8a,  //@@.+@++@++@% 
  0xff, 0xf0, 0x8e, 0xb6, 0xff, 0x7a, 0x62, 0xff, 0x76, 0x5a, 0xff, 0x8a,  //@@%%@++@++@% 
  0xff, 0xff, 0xff, 0xff, 0xff, 0x7a, 0x62, 0xff, 0x76, 0x5a, 0xff, 0x8a,  //@@@@@++@++@% 
  0x06, 0x06, 0x06, 0x06, 0x06, 0x02, 0x62, 0xff, 0x76, 0x5a, 0xff, 0x8a,  //......+@++@% 
  0x00, 0x00, 0x00, 0x00, 0x00, 0x00, 0x62, 0xff, 0x76, 0x5a, 0xff, 0x8a,  //......+@++@% 
  0x00, 0x00, 0x00, 0x00, 0x00, 0x00, 0x44, 0xb2, 0x52, 0x5a, 0xff, 0x8a,  //......+%++@% 
  0x00, 0x00, 0x00, 0x00, 0x00, 0x00, 0x00, 0x00, 0x00, 0x1a, 0x4e, 0x2a,  //..........+. 
  0x00, 0x00, 0x00, 0x00, 0x00, 0x00, 0x00, 0x00, 0x00, 0x00, 0x00, 0x00,  //............ 
  0x00, 0x00, 0x00, 0x00, 0x00, 0x00, 0x00, 0x00, 0x00, 0x00, 0x00, 0x00,  //............ 
  0x00, 0x00, 0x00, 0x00, 0x00, 0x00, 0x00, 0x00, 0x00, 0x00, 0x00, 0x00,  //............ 


  /*Unicode: U+bc31 (백) , Width: 12 */
  0x00, 0x00, 0x00, 0x00, 0x00, 0x00, 0x00, 0x00, 0x00, 0x00, 0x00, 0x00,  //............ 
  0x00, 0x00, 0x00, 0x00, 0x00, 0x00, 0x00, 0x00, 0x00, 0x00, 0x00, 0x00,  //............ 
  0x00, 0x00, 0x00, 0x00, 0x00, 0x00, 0x00, 0x00, 0x00, 0x00, 0x00, 0x00,  //............ 
  0x00, 0x00, 0x00, 0x00, 0x00, 0x00, 0x1c, 0x4e, 0x24, 0x40, 0x8e, 0x40,  //.......+.+%+ 
  0x9e, 0xa8, 0x00, 0x2c, 0xae, 0x64, 0x5e, 0xff, 0x7a, 0x72, 0xff, 0x72,  //%%..%++@++@+ 
  0xe6, 0xf6, 0x00, 0x42, 0xff, 0x92, 0x5e, 0xff, 0x7a, 0x72, 0xff, 0x72,  //@@.+@%+@++@+ 
  0xe6, 0xfc, 0xb6, 0xca, 0xff, 0x92, 0x5e, 0xff, 0xa6, 0x9e, 0xff, 0x72,  //@@%@@%+@%%@+ 
  0xe6, 0xfc, 0xca, 0xd8, 0xff, 0x92, 0x5e, 0xff, 0xff, 0xff, 0xff, 0x72,  //@@@@@%+@@@@+ 
  0xe6, 0xf6, 0x00, 0x42, 0xff, 0x92, 0x5e, 0xff, 0xea, 0xe2, 0xff, 0x72,  //@@.+@%+@@@@+ 
  0xe6, 0xfa, 0x86, 0xa6, 0xff, 0x92, 0x5e, 0xff, 0x7a, 0x72, 0xff, 0x72,  //@@%%@%+@++@+ 
  0xe6, 0xff, 0xff, 0xff, 0xff, 0x92, 0x5e, 0xff, 0x7a, 0x72, 0xff, 0x72,  //@@@@@%+@++@+ 
  0x08, 0x0a, 0x0a, 0x0a, 0x0a, 0x04, 0x46, 0xbe, 0x5c, 0x5a, 0xca, 0x5a,  //......+%++@+ 
  0x00, 0x0e, 0x8e, 0x8e, 0x8e, 0x8e, 0x8e, 0x8e, 0x8e, 0x8e, 0x8e, 0x40,  //..%%%%%%%%%+ 
  0x00, 0x1a, 0xff, 0xff, 0xff, 0xff, 0xff, 0xff, 0xff, 0xff, 0xff, 0x72,  //..@@@@@@@@@+ 
  0x00, 0x00, 0x02, 0x02, 0x02, 0x02, 0x02, 0x02, 0x02, 0x8c, 0xff, 0x72,  //.........%@+ 
  0x00, 0x00, 0x00, 0x00, 0x00, 0x00, 0x00, 0x00, 0x00, 0x8a, 0xff, 0x72,  //.........%@+ 
  0x00, 0x00, 0x00, 0x00, 0x00, 0x00, 0x00, 0x00, 0x00, 0x8a, 0xff, 0x72,  //.........%@+ 
  0x00, 0x00, 0x00, 0x00, 0x00, 0x00, 0x00, 0x00, 0x00, 0x2c, 0x52, 0x24,  //..........+. 
  0x00, 0x00, 0x00, 0x00, 0x00, 0x00, 0x00, 0x00, 0x00, 0x00, 0x00, 0x00,  //............ 
  0x00, 0x00, 0x00, 0x00, 0x00, 0x00, 0x00, 0x00, 0x00, 0x00, 0x00, 0x00,  //............ 
  0x00, 0x00, 0x00, 0x00, 0x00, 0x00, 0x00, 0x00, 0x00, 0x00, 0x00, 0x00,  //............ 


  /*Unicode: U+bc84 (버) , Width: 12 */
  0x00, 0x00, 0x00, 0x00, 0x00, 0x00, 0x00, 0x00, 0x00, 0x00, 0x00, 0x00,  //............ 
  0x00, 0x00, 0x00, 0x00, 0x00, 0x00, 0x00, 0x00, 0x00, 0x00, 0x00, 0x00,  //............ 
  0x00, 0x00, 0x00, 0x00, 0x00, 0x00, 0x00, 0x00, 0x00, 0x00, 0x00, 0x00,  //............ 
  0x00, 0x00, 0x00, 0x00, 0x00, 0x00, 0x00, 0x00, 0x00, 0x68, 0x92, 0x26,  //.........+%. 
  0x6a, 0x7a, 0x0c, 0x00, 0x14, 0x7a, 0x60, 0x00, 0x00, 0xb6, 0xff, 0x42,  //++...++..%@+ 
  0xde, 0xff, 0x1a, 0x00, 0x2a, 0xff, 0xca, 0x00, 0x00, 0xb6, 0xff, 0x42,  //@@...@@..%@+ 
  0xde, 0xff, 0x1a, 0x00, 0x2a, 0xff, 0xca, 0x00, 0x00, 0xb6, 0xff, 0x42,  //@@...@@..%@+ 
  0xde, 0xff, 0x32, 0x1a, 0x42, 0xff, 0xca, 0x00, 0x00, 0xb6, 0xff, 0x42,  //@@..+@@..%@+ 
  0xde, 0xff, 0xff, 0xff, 0xff, 0xff, 0xff, 0xae, 0xae, 0xff, 0xff, 0x42,  //@@@@@@@%%@@+ 
  0xde, 0xff, 0x7e, 0x6e, 0x86, 0xff, 0xff, 0xe6, 0xe6, 0xff, 0xff, 0x42,  //@@++%@@@@@@+ 
  0xde, 0xff, 0x1a, 0x00, 0x2a, 0xff, 0xca, 0x00, 0x00, 0xb6, 0xff, 0x42,  //@@...@@..%@+ 
  0xde, 0xff, 0x1a, 0x00, 0x2a, 0xff, 0xca, 0x00, 0x00, 0xb6, 0xff, 0x42,  //@@...@@..%@+ 
  0xde, 0xff, 0x90, 0x82, 0x98, 0xff, 0xca, 0x00, 0x00, 0xb6, 0xff, 0x42,  //@@%%%@@..%@+ 
  0xde, 0xff, 0xff, 0xff, 0xff, 0xff, 0xca, 0x00, 0x00, 0xb6, 0xff, 0x42,  //@@@@@@@..%@+ 
  0x10, 0x12, 0x12, 0x12, 0x12, 0x12, 0x0e, 0x00, 0x00, 0xb6, 0xff, 0x42,  //.........%@+ 
  0x00, 0x00, 0x00, 0x00, 0x00, 0x00, 0x00, 0x00, 0x00, 0xb6, 0xff, 0x42,  //.........%@+ 
  0x00, 0x00, 0x00, 0x00, 0x00, 0x00, 0x00, 0x00, 0x00, 0xb6, 0xff, 0x42,  //.........%@+ 
  0x00, 0x00, 0x00, 0x00, 0x00, 0x00, 0x00, 0x00, 0x00, 0x3e, 0x56, 0x16,  //..........+. 
  0x00, 0x00, 0x00, 0x00, 0x00, 0x00, 0x00, 0x00, 0x00, 0x00, 0x00, 0x00,  //............ 
  0x00, 0x00, 0x00, 0x00, 0x00, 0x00, 0x00, 0x00, 0x00, 0x00, 0x00, 0x00,  //............ 
  0x00, 0x00, 0x00, 0x00, 0x00, 0x00, 0x00, 0x00, 0x00, 0x00, 0x00, 0x00,  //............ 


  /*Unicode: U+bc94 (범) , Width: 12 */
  0x00, 0x00, 0x00, 0x00, 0x00, 0x00, 0x00, 0x00, 0x00, 0x00, 0x00, 0x00,  //............ 
  0x00, 0x00, 0x00, 0x00, 0x00, 0x00, 0x00, 0x00, 0x00, 0x00, 0x00, 0x00,  //............ 
  0x00, 0x00, 0x00, 0x00, 0x00, 0x00, 0x00, 0x00, 0x00, 0x00, 0x00, 0x00,  //............ 
  0x00, 0x00, 0x00, 0x00, 0x00, 0x00, 0x00, 0x00, 0x00, 0x6c, 0x8e, 0x20,  //.........+%. 
  0xa0, 0xc6, 0x20, 0x00, 0x24, 0xc6, 0x98, 0x00, 0x00, 0xc2, 0xff, 0x3a,  //%@...@%..@@. 
  0xce, 0xff, 0x2a, 0x00, 0x2e, 0xff, 0xc2, 0x00, 0x00, 0xc2, 0xff, 0x3a,  //@@...@@..@@. 
  0xce, 0xff, 0xf0, 0xee, 0xf2, 0xff, 0xf4, 0x46, 0x46, 0xf4, 0xff, 0x3a,  //@@@@@@@++@@. 
  0xce, 0xff, 0xa8, 0x96, 0xaa, 0xff, 0xff, 0xff, 0xff, 0xff, 0xff, 0x3a,  //@@%%%@@@@@@. 
  0xce, 0xff, 0x2a, 0x00, 0x2e, 0xff, 0xfa, 0x4e, 0x4e, 0xfa, 0xff, 0x3a,  //@@...@@++@@. 
  0xce, 0xff, 0xb8, 0xaa, 0xba, 0xff, 0xc2, 0x00, 0x00, 0xc2, 0xff, 0x3a,  //@@%%%@@..@@. 
  0xb8, 0xe2, 0xe2, 0xe2, 0xe2, 0xe2, 0xac, 0x00, 0x00, 0xc2, 0xff, 0x3a,  //%@@@@@%..@@. 
  0x00, 0x00, 0x00, 0x00, 0x00, 0x00, 0x00, 0x00, 0x00, 0x5c, 0x7a, 0x1c,  //.........++. 
  0x00, 0x06, 0xee, 0xee, 0xee, 0xee, 0xee, 0xee, 0xee, 0xee, 0xee, 0x36,  //..@@@@@@@@@. 
  0x00, 0x06, 0xff, 0xf8, 0x9a, 0x9a, 0x9a, 0x9a, 0x9a, 0xe2, 0xff, 0x3a,  //..@@%%%%%@@. 
  0x00, 0x06, 0xff, 0xee, 0x00, 0x00, 0x00, 0x00, 0x00, 0xb6, 0xff, 0x3a,  //..@@.....%@. 
  0x00, 0x06, 0xff, 0xf4, 0x62, 0x62, 0x62, 0x62, 0x62, 0xd2, 0xff, 0x3a,  //..@@+++++@@. 
  0x00, 0x06, 0xff, 0xff, 0xff, 0xff, 0xff, 0xff, 0xff, 0xff, 0xff, 0x3a,  //..@@@@@@@@@. 
  0x00, 0x00, 0x2e, 0x2e, 0x2e, 0x2e, 0x2e, 0x2e, 0x2e, 0x2e, 0x2e, 0x0a,  //............ 
  0x00, 0x00, 0x00, 0x00, 0x00, 0x00, 0x00, 0x00, 0x00, 0x00, 0x00, 0x00,  //............ 
  0x00, 0x00, 0x00, 0x00, 0x00, 0x00, 0x00, 0x00, 0x00, 0x00, 0x00, 0x00,  //............ 
  0x00, 0x00, 0x00, 0x00, 0x00, 0x00, 0x00, 0x00, 0x00, 0x00, 0x00, 0x00,  //............ 


  /*Unicode: U+bcc0 (변) , Width: 12 */
  0x00, 0x00, 0x00, 0x00, 0x00, 0x00, 0x00, 0x00, 0x00, 0x00, 0x00, 0x00,  //............ 
  0x00, 0x00, 0x00, 0x00, 0x00, 0x00, 0x00, 0x00, 0x00, 0x00, 0x00, 0x00,  //............ 
  0x00, 0x00, 0x00, 0x00, 0x00, 0x00, 0x00, 0x00, 0x00, 0x00, 0x00, 0x00,  //............ 
  0x00, 0x00, 0x00, 0x00, 0x00, 0x00, 0x00, 0x00, 0x00, 0x6c, 0x8e, 0x20,  //.........+%. 
  0x84, 0xa2, 0x1a, 0x00, 0x1c, 0xa2, 0x7c, 0x00, 0x00, 0xc2, 0xff, 0x3a,  //%%...%+..@@. 
  0xce, 0xff, 0x2a, 0x00, 0x2e, 0xff, 0xe8, 0x3e, 0x3e, 0xff, 0xff, 0x3a,  //@@...@@..@@. 
  0xce, 0xff, 0x9e, 0x8a, 0xa0, 0xff, 0xff, 0xff, 0xff, 0xff, 0xff, 0x3a,  //@@%%%@@@@@@. 
  0xce, 0xff, 0xfa, 0xfa, 0xfa, 0xff, 0xf4, 0x56, 0x56, 0xff, 0xff, 0x3a,  //@@@@@@@++@@. 
  0xce, 0xff, 0x2a, 0x00, 0x2e, 0xff, 0xea, 0x42, 0x42, 0xff, 0xff, 0x3a,  //@@...@@++@@. 
  0xce, 0xff, 0x38, 0x0e, 0x3c, 0xff, 0xff, 0xff, 0xff, 0xff, 0xff, 0x3a,  //@@...@@@@@@. 
  0xce, 0xff, 0xff, 0xff, 0xff, 0xff, 0xf2, 0x52, 0x52, 0xff, 0xff, 0x3a,  //@@@@@@@++@@. 
  0x6c, 0x86, 0x86, 0x86, 0x86, 0x86, 0x66, 0x00, 0x00, 0xc2, 0xff, 0x3a,  //+%%%%%+..@@. 
  0x00, 0x00, 0x4a, 0x4e, 0x02, 0x00, 0x00, 0x00, 0x00, 0xc2, 0xff, 0x3a,  //..++.....@@. 
  0x00, 0x00, 0xf2, 0xff, 0x0a, 0x00, 0x00, 0x00, 0x00, 0x84, 0xae, 0x28,  //..@@.....%%. 
  0x00, 0x00, 0xf2, 0xff, 0x0a, 0x00, 0x00, 0x00, 0x00, 0x00, 0x00, 0x00,  //..@@........ 
  0x00, 0x00, 0xff, 0xff, 0x8e, 0x82, 0x82, 0x82, 0x82, 0x82, 0x82, 0x46,  //..@@%%%%%%%+ 
  0x00, 0x00, 0xff, 0xff, 0xff, 0xff, 0xff, 0xff, 0xff, 0xff, 0xff, 0x8a,  //..@@@@@@@@@% 
  0x00, 0x00, 0x14, 0x16, 0x16, 0x16, 0x16, 0x16, 0x16, 0x16, 0x16, 0x0c,  //............ 
  0x00, 0x00, 0x00, 0x00, 0x00, 0x00, 0x00, 0x00, 0x00, 0x00, 0x00, 0x00,  //............ 
  0x00, 0x00, 0x00, 0x00, 0x00, 0x00, 0x00, 0x00, 0x00, 0x00, 0x00, 0x00,  //............ 
  0x00, 0x00, 0x00, 0x00, 0x00, 0x00, 0x00, 0x00, 0x00, 0x00, 0x00, 0x00,  //............ 


  /*Unicode: U+bcc4 (별) , Width: 12 */
  0x00, 0x00, 0x00, 0x00, 0x00, 0x00, 0x00, 0x00, 0x00, 0x00, 0x00, 0x00,  //............ 
  0x00, 0x00, 0x00, 0x00, 0x00, 0x00, 0x00, 0x00, 0x00, 0x00, 0x00, 0x00,  //............ 
  0x00, 0x00, 0x00, 0x00, 0x00, 0x00, 0x00, 0x00, 0x00, 0x00, 0x00, 0x00,  //............ 
  0x00, 0x00, 0x00, 0x00, 0x00, 0x00, 0x00, 0x00, 0x00, 0x6c, 0x8e, 0x1e,  //.........+%. 
  0xca, 0xfa, 0x2a, 0x00, 0x2e, 0xfa, 0xbe, 0x00, 0x00, 0xc2, 0xff, 0x36,  //@@...@%..@@. 
  0xce, 0xff, 0x7a, 0x5e, 0x7c, 0xff, 0xff, 0xd2, 0xd2, 0xff, 0xff, 0x36,  //@@+++@@@@@@. 
  0xce, 0xff, 0xff, 0xff, 0xff, 0xff, 0xff, 0xae, 0xae, 0xff, 0xff, 0x36,  //@@@@@@@%%@@. 
  0xce, 0xff, 0x44, 0x1e, 0x48, 0xff, 0xf4, 0x46, 0x46, 0xf4, 0xff, 0x36,  //@@+.+@@++@@. 
  0xce, 0xff, 0x76, 0x5a, 0x78, 0xff, 0xff, 0xff, 0xff, 0xff, 0xff, 0x36,  //@@+++@@@@@@. 
  0xce, 0xff, 0xff, 0xff, 0xff, 0xff, 0xe8, 0x36, 0x36, 0xe8, 0xff, 0x36,  //@@@@@@@..@@. 
  0x26, 0x2e, 0x2e, 0x2e, 0x2e, 0x2e, 0x22, 0x00, 0x00, 0x6c, 0x8e, 0x1e,  //.........+%. 
  0x00, 0x00, 0xdc, 0xe6, 0xe6, 0xe6, 0xe6, 0xe6, 0xe6, 0xe6, 0xe6, 0x30,  //..@@@@@@@@@. 
  0x00, 0x00, 0x9a, 0xa2, 0xa2, 0xa2, 0xa2, 0xa2, 0xa2, 0xe6, 0xff, 0x36,  //..%%%%%%%@@. 
  0x00, 0x00, 0x92, 0x9e, 0x9e, 0x9e, 0x9e, 0x9e, 0x9e, 0xe4, 0xff, 0x36,  //..%%%%%%%@@. 
  0x00, 0x00, 0xea, 0xff, 0xd0, 0xce, 0xce, 0xce, 0xce, 0xce, 0xce, 0x2c,  //..@@@@@@@@@. 
  0x00, 0x00, 0xff, 0xff, 0x6a, 0x5e, 0x5e, 0x5e, 0x5e, 0x5e, 0x5e, 0x3a,  //..@@+++++++. 
  0x00, 0x00, 0xff, 0xff, 0xff, 0xff, 0xff, 0xff, 0xff, 0xff, 0xff, 0x9e,  //..@@@@@@@@@% 
  0x00, 0x00, 0x2a, 0x2e, 0x2e, 0x2e, 0x2e, 0x2e, 0x2e, 0x2e, 0x2e, 0x1c,  //............ 
  0x00, 0x00, 0x00, 0x00, 0x00, 0x00, 0x00, 0x00, 0x00, 0x00, 0x00, 0x00,  //............ 
  0x00, 0x00, 0x00, 0x00, 0x00, 0x00, 0x00, 0x00, 0x00, 0x00, 0x00, 0x00,  //............ 
  0x00, 0x00, 0x00, 0x00, 0x00, 0x00, 0x00, 0x00, 0x00, 0x00, 0x00, 0x00,  //............ 


  /*Unicode: U+bcf4 (보) , Width: 14 */
  0x00, 0x00, 0x00, 0x00, 0x00, 0x00, 0x00, 0x00, 0x00, 0x00, 0x00, 0x00, 0x00, 0x00,  //.............. 
  0x00, 0x00, 0x00, 0x00, 0x00, 0x00, 0x00, 0x00, 0x00, 0x00, 0x00, 0x00, 0x00, 0x00,  //.............. 
  0x00, 0x00, 0x00, 0x00, 0x00, 0x00, 0x00, 0x00, 0x00, 0x00, 0x00, 0x00, 0x00, 0x00,  //.............. 
  0x00, 0x00, 0x00, 0x00, 0x00, 0x00, 0x00, 0x00, 0x00, 0x00, 0x00, 0x00, 0x00, 0x00,  //.............. 
  0x00, 0x0a, 0xae, 0xa4, 0x00, 0x00, 0x00, 0x00, 0x00, 0x1a, 0xae, 0x8e, 0x00, 0x00,  //..%%......%%.. 
  0x00, 0x0e, 0xff, 0xee, 0x00, 0x00, 0x00, 0x00, 0x00, 0x26, 0xff, 0xce, 0x00, 0x00,  //..@@......@@.. 
  0x00, 0x0e, 0xff, 0xf6, 0x8a, 0x8a, 0x8a, 0x8a, 0x8a, 0x9c, 0xff, 0xce, 0x00, 0x00,  //..@@%%%%%%@@.. 
  0x00, 0x0e, 0xff, 0xff, 0xff, 0xff, 0xff, 0xff, 0xff, 0xff, 0xff, 0xce, 0x00, 0x00,  //..@@@@@@@@@@.. 
  0x00, 0x0e, 0xff, 0xee, 0x02, 0x02, 0x02, 0x02, 0x02, 0x2a, 0xff, 0xce, 0x00, 0x00,  //..@@......@@.. 
  0x00, 0x0e, 0xff, 0xee, 0x0a, 0x0a, 0x0a, 0x0a, 0x0a, 0x30, 0xff, 0xce, 0x00, 0x00,  //..@@......@@.. 
  0x00, 0x0e, 0xff, 0xff, 0xff, 0xff, 0xff, 0xff, 0xff, 0xff, 0xff, 0xce, 0x00, 0x00,  //..@@@@@@@@@@.. 
  0x00, 0x06, 0x8a, 0x8a, 0x8a, 0xa2, 0xff, 0xff, 0x8a, 0x8a, 0x8a, 0x70, 0x00, 0x00,  //..%%%%@@%%%+.. 
  0x00, 0x00, 0x00, 0x00, 0x00, 0x1a, 0xff, 0xde, 0x00, 0x00, 0x00, 0x00, 0x00, 0x00,  //......@@...... 
  0x00, 0x00, 0x00, 0x00, 0x00, 0x1a, 0xff, 0xde, 0x00, 0x00, 0x00, 0x00, 0x00, 0x00,  //......@@...... 
  0x58, 0xe6, 0xe6, 0xe6, 0xe6, 0xf4, 0xff, 0xff, 0xe6, 0xe6, 0xe6, 0xe6, 0xe6, 0x2e,  //+@@@@@@@@@@@@. 
  0x46, 0xb6, 0xb6, 0xb6, 0xb6, 0xb6, 0xb6, 0xb6, 0xb6, 0xb6, 0xb6, 0xb6, 0xb6, 0x24,  //+%%%%%%%%%%%%. 
  0x00, 0x00, 0x00, 0x00, 0x00, 0x00, 0x00, 0x00, 0x00, 0x00, 0x00, 0x00, 0x00, 0x00,  //.............. 
  0x00, 0x00, 0x00, 0x00, 0x00, 0x00, 0x00, 0x00, 0x00, 0x00, 0x00, 0x00, 0x00, 0x00,  //.............. 
  0x00, 0x00, 0x00, 0x00, 0x00, 0x00, 0x00, 0x00, 0x00, 0x00, 0x00, 0x00, 0x00, 0x00,  //.............. 
  0x00, 0x00, 0x00, 0x00, 0x00, 0x00, 0x00, 0x00, 0x00, 0x00, 0x00, 0x00, 0x00, 0x00,  //.............. 
  0x00, 0x00, 0x00, 0x00, 0x00, 0x00, 0x00, 0x00, 0x00, 0x00, 0x00, 0x00, 0x00, 0x00,  //.............. 


  /*Unicode: U+bcf5 (복) , Width: 14 */
  0x00, 0x00, 0x00, 0x00, 0x00, 0x00, 0x00, 0x00, 0x00, 0x00, 0x00, 0x00, 0x00, 0x00,  //.............. 
  0x00, 0x00, 0x00, 0x00, 0x00, 0x00, 0x00, 0x00, 0x00, 0x00, 0x00, 0x00, 0x00, 0x00,  //.............. 
  0x00, 0x00, 0x00, 0x00, 0x00, 0x00, 0x00, 0x00, 0x00, 0x00, 0x00, 0x00, 0x00, 0x00,  //.............. 
  0x00, 0x00, 0x28, 0x32, 0x06, 0x00, 0x00, 0x00, 0x00, 0x14, 0x32, 0x1c, 0x00, 0x00,  //.............. 
  0x00, 0x00, 0xca, 0xff, 0x2a, 0x00, 0x00, 0x00, 0x00, 0x66, 0xff, 0x92, 0x00, 0x00,  //..@@.....+@%.. 
  0x00, 0x00, 0xca, 0xff, 0xff, 0xff, 0xff, 0xff, 0xff, 0xff, 0xff, 0x92, 0x00, 0x00,  //..@@@@@@@@@%.. 
  0x00, 0x00, 0xca, 0xff, 0x94, 0x7e, 0x7e, 0x7e, 0x7e, 0xb2, 0xff, 0x92, 0x00, 0x00,  //..@@%++++%@%.. 
  0x00, 0x00, 0xca, 0xff, 0x84, 0x6a, 0x6a, 0x6a, 0x6a, 0xa6, 0xff, 0x92, 0x00, 0x00,  //..@@%++++%@%.. 
  0x00, 0x00, 0xca, 0xff, 0xff, 0xff, 0xff, 0xff, 0xff, 0xff, 0xff, 0x92, 0x00, 0x00,  //..@@@@@@@@@%.. 
  0x00, 0x00, 0x1a, 0x22, 0x22, 0x42, 0xff, 0xff, 0x22, 0x22, 0x22, 0x12, 0x00, 0x00,  //.....+@@...... 
  0x48, 0xb2, 0xb2, 0xb2, 0xb2, 0xc6, 0xff, 0xff, 0xb2, 0xb2, 0xb2, 0xb2, 0xb2, 0x1c,  //+%%%%@@@%%%%%. 
  0x5a, 0xe2, 0xe2, 0xe2, 0xe2, 0xe2, 0xe2, 0xe2, 0xe2, 0xe2, 0xe2, 0xe2, 0xe2, 0x26,  //+@@@@@@@@@@@@. 
  0x00, 0x00, 0x26, 0x26, 0x26, 0x26, 0x26, 0x26, 0x26, 0x26, 0x26, 0x18, 0x00, 0x00,  //.............. 
  0x00, 0x00, 0xff, 0xff, 0xff, 0xff, 0xff, 0xff, 0xff, 0xff, 0xff, 0xa6, 0x00, 0x00,  //..@@@@@@@@@%.. 
  0x00, 0x00, 0x66, 0x66, 0x66, 0x66, 0x66, 0x66, 0x66, 0x9a, 0xff, 0xa6, 0x00, 0x00,  //..+++++++%@%.. 
  0x00, 0x00, 0x00, 0x00, 0x00, 0x00, 0x00, 0x00, 0x00, 0x56, 0xff, 0xa6, 0x00, 0x00,  //.........+@%.. 
  0x00, 0x00, 0x00, 0x00, 0x00, 0x00, 0x00, 0x00, 0x00, 0x56, 0xff, 0xa6, 0x00, 0x00,  //.........+@%.. 
  0x00, 0x00, 0x00, 0x00, 0x00, 0x00, 0x00, 0x00, 0x00, 0x1a, 0x52, 0x36, 0x00, 0x00,  //..........+... 
  0x00, 0x00, 0x00, 0x00, 0x00, 0x00, 0x00, 0x00, 0x00, 0x00, 0x00, 0x00, 0x00, 0x00,  //.............. 
  0x00, 0x00, 0x00, 0x00, 0x00, 0x00, 0x00, 0x00, 0x00, 0x00, 0x00, 0x00, 0x00, 0x00,  //.............. 
  0x00, 0x00, 0x00, 0x00, 0x00, 0x00, 0x00, 0x00, 0x00, 0x00, 0x00, 0x00, 0x00, 0x00,  //.............. 


  /*Unicode: U+bcf8 (본) , Width: 14 */
  0x00, 0x00, 0x00, 0x00, 0x00, 0x00, 0x00, 0x00, 0x00, 0x00, 0x00, 0x00, 0x00, 0x00,  //.............. 
  0x00, 0x00, 0x00, 0x00, 0x00, 0x00, 0x00, 0x00, 0x00, 0x00, 0x00, 0x00, 0x00, 0x00,  //.............. 
  0x00, 0x00, 0x00, 0x00, 0x00, 0x00, 0x00, 0x00, 0x00, 0x00, 0x00, 0x00, 0x00, 0x00,  //.............. 
  0x00, 0x00, 0x0a, 0x0e, 0x00, 0x00, 0x00, 0x00, 0x00, 0x04, 0x0e, 0x08, 0x00, 0x00,  //.............. 
  0x00, 0x00, 0xca, 0xff, 0x2a, 0x00, 0x00, 0x00, 0x00, 0x66, 0xff, 0x92, 0x00, 0x00,  //..@@.....+@%.. 
  0x00, 0x00, 0xca, 0xff, 0xc0, 0xb2, 0xb2, 0xb2, 0xb2, 0xd0, 0xff, 0x92, 0x00, 0x00,  //..@@@%%%%@@%.. 
  0x00, 0x00, 0xca, 0xff, 0xda, 0xd2, 0xd2, 0xd2, 0xd2, 0xe4, 0xff, 0x92, 0x00, 0x00,  //..@@@@@@@@@%.. 
  0x00, 0x00, 0xca, 0xff, 0x2a, 0x00, 0x00, 0x00, 0x00, 0x66, 0xff, 0x92, 0x00, 0x00,  //..@@.....+@%.. 
  0x00, 0x00, 0xca, 0xff, 0xf8, 0xff, 0xff, 0xff, 0xf6, 0xfa, 0xff, 0x92, 0x00, 0x00,  //..@@@@@@@@@%.. 
  0x00, 0x00, 0x78, 0x96, 0x96, 0xb6, 0xff, 0xff, 0x96, 0x96, 0x96, 0x56, 0x00, 0x00,  //..+%%%@@%%%+.. 
  0x14, 0x36, 0x36, 0x36, 0x36, 0x56, 0xff, 0xff, 0x36, 0x36, 0x36, 0x36, 0x36, 0x08,  //.....+@@...... 
  0x66, 0xff, 0xff, 0xff, 0xff, 0xff, 0xff, 0xff, 0xff, 0xff, 0xff, 0xff, 0xff, 0x2a,  //+@@@@@@@@@@@@. 
  0x24, 0x5a, 0x5a, 0x5a, 0x5a, 0x5a, 0x5a, 0x5a, 0x5a, 0x5a, 0x5a, 0x5a, 0x5a, 0x0e,  //.++++++++++++. 
  0x00, 0x00, 0xb4, 0xce, 0x18, 0x00, 0x00, 0x00, 0x00, 0x00, 0x00, 0x00, 0x00, 0x00,  //..%@.......... 
  0x00, 0x00, 0xde, 0xff, 0x1e, 0x00, 0x00, 0x00, 0x00, 0x00, 0x00, 0x00, 0x00, 0x00,  //..@@.......... 
  0x00, 0x00, 0xff, 0xff, 0xa2, 0x82, 0x82, 0x82, 0x82, 0x82, 0x82, 0x64, 0x00, 0x00,  //..@@%%%%%%%+.. 
  0x00, 0x00, 0xf4, 0xff, 0xff, 0xff, 0xff, 0xff, 0xff, 0xff, 0xff, 0xc2, 0x00, 0x00,  //..@@@@@@@@@@.. 
  0x00, 0x00, 0x14, 0x16, 0x16, 0x16, 0x16, 0x16, 0x16, 0x16, 0x16, 0x10, 0x00, 0x00,  //.............. 
  0x00, 0x00, 0x00, 0x00, 0x00, 0x00, 0x00, 0x00, 0x00, 0x00, 0x00, 0x00, 0x00, 0x00,  //.............. 
  0x00, 0x00, 0x00, 0x00, 0x00, 0x00, 0x00, 0x00, 0x00, 0x00, 0x00, 0x00, 0x00, 0x00,  //.............. 
  0x00, 0x00, 0x00, 0x00, 0x00, 0x00, 0x00, 0x00, 0x00, 0x00, 0x00, 0x00, 0x00, 0x00,  //.............. 


  /*Unicode: U+bcfc (볼) , Width: 14 */
  0x00, 0x00, 0x00, 0x00, 0x00, 0x00, 0x00, 0x00, 0x00, 0x00, 0x00, 0x00, 0x00, 0x00,  //.............. 
  0x00, 0x00, 0x00, 0x00, 0x00, 0x00, 0x00, 0x00, 0x00, 0x00, 0x00, 0x00, 0x00, 0x00,  //.............. 
  0x00, 0x00, 0x00, 0x00, 0x00, 0x00, 0x00, 0x00, 0x00, 0x00, 0x00, 0x00, 0x00, 0x00,  //.............. 
  0x00, 0x00, 0x48, 0x5a, 0x0e, 0x00, 0x00, 0x00, 0x00, 0x24, 0x5a, 0x34, 0x00, 0x00,  //..++......+... 
  0x00, 0x00, 0xca, 0xff, 0x86, 0x6e, 0x6e, 0x6e, 0x6e, 0xa8, 0xff, 0x92, 0x00, 0x00,  //..@@%++++%@%.. 
  0x00, 0x00, 0xca, 0xff, 0xff, 0xff, 0xff, 0xff, 0xff, 0xff, 0xff, 0x92, 0x00, 0x00,  //..@@@@@@@@@%.. 
  0x00, 0x00, 0xca, 0xff, 0x56, 0x32, 0x32, 0x32, 0x32, 0x84, 0xff, 0x92, 0x00, 0x00,  //..@@+....%@%.. 
  0x00, 0x00, 0xca, 0xff, 0xff, 0xff, 0xff, 0xff, 0xff, 0xff, 0xff, 0x92, 0x00, 0x00,  //..@@@@@@@@@%.. 
  0x00, 0x00, 0x3e, 0x4e, 0x4e, 0x72, 0xff, 0xff, 0x4e, 0x4e, 0x4e, 0x2c, 0x00, 0x00,  //...+++@@+++... 
  0x54, 0xd2, 0xd2, 0xd2, 0xd2, 0xe6, 0xff, 0xff, 0xd2, 0xd2, 0xd2, 0xd2, 0xd2, 0x22,  //+@@@@@@@@@@@@. 
  0x4c, 0xbe, 0xbe, 0xbe, 0xbe, 0xbe, 0xbe, 0xbe, 0xbe, 0xbe, 0xbe, 0xbe, 0xbe, 0x20,  //+%%%%%%%%%%%%. 
  0x00, 0x00, 0x84, 0x8a, 0x8a, 0x8a, 0x8a, 0x8a, 0x8a, 0x8a, 0x8a, 0x58, 0x00, 0x00,  //..%%%%%%%%%+.. 
  0x00, 0x00, 0xdc, 0xe6, 0xe6, 0xe6, 0xe6, 0xe6, 0xe6, 0xee, 0xff, 0xa2, 0x00, 0x00,  //..@@@@@@@@@%.. 
  0x00, 0x00, 0x5c, 0x62, 0x62, 0x62, 0x62, 0x62, 0x62, 0x96, 0xff, 0xa2, 0x00, 0x00,  //..+++++++%@%.. 
  0x00, 0x00, 0xee, 0xff, 0xff, 0xff, 0xff, 0xff, 0xff, 0xff, 0xff, 0xa2, 0x00, 0x00,  //..@@@@@@@@@%.. 
  0x00, 0x00, 0xff, 0xff, 0x46, 0x3e, 0x3e, 0x3e, 0x3e, 0x3e, 0x3e, 0x3e, 0x00, 0x00,  //..@@+......... 
  0x00, 0x00, 0xff, 0xff, 0xff, 0xff, 0xff, 0xff, 0xff, 0xff, 0xff, 0xff, 0x02, 0x00,  //..@@@@@@@@@@.. 
  0x00, 0x00, 0x3a, 0x3e, 0x3e, 0x3e, 0x3e, 0x3e, 0x3e, 0x3e, 0x3e, 0x3e, 0x00, 0x00,  //.............. 
  0x00, 0x00, 0x00, 0x00, 0x00, 0x00, 0x00, 0x00, 0x00, 0x00, 0x00, 0x00, 0x00, 0x00,  //.............. 
  0x00, 0x00, 0x00, 0x00, 0x00, 0x00, 0x00, 0x00, 0x00, 0x00, 0x00, 0x00, 0x00, 0x00,  //.............. 
  0x00, 0x00, 0x00, 0x00, 0x00, 0x00, 0x00, 0x00, 0x00, 0x00, 0x00, 0x00, 0x00, 0x00,  //.............. 


  /*Unicode: U+bd80 (부) , Width: 14 */
  0x00, 0x00, 0x00, 0x00, 0x00, 0x00, 0x00, 0x00, 0x00, 0x00, 0x00, 0x00, 0x00, 0x00,  //.............. 
  0x00, 0x00, 0x00, 0x00, 0x00, 0x00, 0x00, 0x00, 0x00, 0x00, 0x00, 0x00, 0x00, 0x00,  //.............. 
  0x00, 0x00, 0x00, 0x00, 0x00, 0x00, 0x00, 0x00, 0x00, 0x00, 0x00, 0x00, 0x00, 0x00,  //.............. 
  0x00, 0x00, 0x06, 0x06, 0x00, 0x00, 0x00, 0x00, 0x00, 0x00, 0x06, 0x04, 0x00, 0x00,  //.............. 
  0x00, 0x00, 0xf2, 0xff, 0x02, 0x00, 0x00, 0x00, 0x00, 0x42, 0xff, 0xb2, 0x00, 0x00,  //..@@.....+@%.. 
  0x00, 0x00, 0xf2, 0xff, 0x74, 0x72, 0x72, 0x72, 0x72, 0x98, 0xff, 0xb2, 0x00, 0x00,  //..@@+++++%@%.. 
  0x00, 0x00, 0xf2, 0xff, 0xff, 0xff, 0xff, 0xff, 0xff, 0xff, 0xff, 0xb2, 0x00, 0x00,  //..@@@@@@@@@%.. 
  0x00, 0x00, 0xf2, 0xff, 0x1e, 0x1a, 0x1a, 0x1a, 0x1a, 0x56, 0xff, 0xb2, 0x00, 0x00,  //..@@.....+@%.. 
  0x00, 0x00, 0xf2, 0xff, 0x78, 0x76, 0x76, 0x76, 0x76, 0x9a, 0xff, 0xb2, 0x00, 0x00,  //..@@+++++%@%.. 
  0x00, 0x00, 0xf2, 0xff, 0xff, 0xff, 0xff, 0xff, 0xff, 0xff, 0xff, 0xb2, 0x00, 0x00,  //..@@@@@@@@@%.. 
  0x00, 0x00, 0x18, 0x1a, 0x1a, 0x1a, 0x1a, 0x1a, 0x1a, 0x1a, 0x1a, 0x12, 0x00, 0x00,  //.............. 
  0x38, 0x92, 0x92, 0x92, 0x92, 0x92, 0x92, 0x92, 0x92, 0x92, 0x92, 0x92, 0x92, 0x1a,  //.%%%%%%%%%%%%. 
  0x62, 0xff, 0xff, 0xff, 0xff, 0xff, 0xff, 0xff, 0xff, 0xff, 0xff, 0xff, 0xff, 0x2e,  //+@@@@@@@@@@@@. 
  0x00, 0x00, 0x00, 0x00, 0x00, 0x26, 0xff, 0xd6, 0x00, 0x00, 0x00, 0x00, 0x00, 0x00,  //......@@...... 
  0x00, 0x00, 0x00, 0x00, 0x00, 0x26, 0xff, 0xd6, 0x00, 0x00, 0x00, 0x00, 0x00, 0x00,  //......@@...... 
  0x00, 0x00, 0x00, 0x00, 0x00, 0x26, 0xff, 0xd6, 0x00, 0x00, 0x00, 0x00, 0x00, 0x00,  //......@@...... 
  0x00, 0x00, 0x00, 0x00, 0x00, 0x26, 0xff, 0xd6, 0x00, 0x00, 0x00, 0x00, 0x00, 0x00,  //......@@...... 
  0x00, 0x00, 0x00, 0x00, 0x00, 0x0c, 0x52, 0x44, 0x00, 0x00, 0x00, 0x00, 0x00, 0x00,  //......++...... 
  0x00, 0x00, 0x00, 0x00, 0x00, 0x00, 0x00, 0x00, 0x00, 0x00, 0x00, 0x00, 0x00, 0x00,  //.............. 
  0x00, 0x00, 0x00, 0x00, 0x00, 0x00, 0x00, 0x00, 0x00, 0x00, 0x00, 0x00, 0x00, 0x00,  //.............. 
  0x00, 0x00, 0x00, 0x00, 0x00, 0x00, 0x00, 0x00, 0x00, 0x00, 0x00, 0x00, 0x00, 0x00,  //.............. 


  /*Unicode: U+bd84 (분) , Width: 14 */
  0x00, 0x00, 0x00, 0x00, 0x00, 0x00, 0x00, 0x00, 0x00, 0x00, 0x00, 0x00, 0x00, 0x00,  //.............. 
  0x00, 0x00, 0x00, 0x00, 0x00, 0x00, 0x00, 0x00, 0x00, 0x00, 0x00, 0x00, 0x00, 0x00,  //.............. 
  0x00, 0x00, 0x00, 0x00, 0x00, 0x00, 0x00, 0x00, 0x00, 0x00, 0x00, 0x00, 0x00, 0x00,  //.............. 
  0x00, 0x00, 0x18, 0x1e, 0x04, 0x00, 0x00, 0x00, 0x00, 0x0c, 0x1e, 0x10, 0x00, 0x00,  //.............. 
  0x00, 0x00, 0xca, 0xff, 0x2a, 0x00, 0x00, 0x00, 0x00, 0x66, 0xff, 0x92, 0x00, 0x00,  //..@@.....+@%.. 
  0x00, 0x00, 0xca, 0xff, 0xc0, 0xb2, 0xb2, 0xb2, 0xb2, 0xd0, 0xff, 0x92, 0x00, 0x00,  //..@@@%%%%@@%.. 
  0x00, 0x00, 0xca, 0xff, 0xd2, 0xca, 0xca, 0xca, 0xca, 0xe0, 0xff, 0x92, 0x00, 0x00,  //..@@@@@@@@@%.. 
  0x00, 0x00, 0xca, 0xff, 0x2a, 0x00, 0x00, 0x00, 0x00, 0x66, 0xff, 0x92, 0x00, 0x00,  //..@@.....+@%.. 
  0x00, 0x00, 0xca, 0xff, 0xf8, 0xf6, 0xf6, 0xf6, 0xf6, 0xfa, 0xff, 0x92, 0x00, 0x00,  //..@@@@@@@@@%.. 
  0x00, 0x00, 0x74, 0x92, 0x92, 0x92, 0x92, 0x92, 0x92, 0x92, 0x92, 0x54, 0x00, 0x00,  //..+%%%%%%%%+.. 
  0x2e, 0x72, 0x72, 0x72, 0x72, 0x72, 0x72, 0x72, 0x72, 0x72, 0x72, 0x72, 0x72, 0x14,  //.++++++++++++. 
  0x66, 0xff, 0xff, 0xff, 0xff, 0xff, 0xff, 0xff, 0xff, 0xff, 0xff, 0xff, 0xff, 0x2e,  //+@@@@@@@@@@@@. 
  0x0a, 0x1a, 0x1a, 0x1a, 0x1a, 0x1a, 0xff, 0xff, 0x2a, 0x1a, 0x1a, 0x1a, 0x1a, 0x04,  //......@@...... 
  0x00, 0x00, 0xae, 0xba, 0x06, 0x00, 0xee, 0xff, 0x0e, 0x00, 0x00, 0x00, 0x00, 0x00,  //..%%..@@...... 
  0x00, 0x00, 0xee, 0xff, 0x0a, 0x00, 0x4a, 0x4e, 0x04, 0x00, 0x00, 0x00, 0x00, 0x00,  //..@@..++...... 
  0x00, 0x00, 0xff, 0xff, 0x8e, 0x82, 0x82, 0x82, 0x82, 0x82, 0x82, 0x68, 0x00, 0x00,  //..@@%%%%%%%+.. 
  0x00, 0x00, 0xff, 0xff, 0xff, 0xff, 0xff, 0xff, 0xff, 0xff, 0xff, 0xca, 0x00, 0x00,  //..@@@@@@@@@@.. 
  0x00, 0x00, 0x14, 0x16, 0x16, 0x16, 0x16, 0x16, 0x16, 0x16, 0x16, 0x12, 0x00, 0x00,  //.............. 
  0x00, 0x00, 0x00, 0x00, 0x00, 0x00, 0x00, 0x00, 0x00, 0x00, 0x00, 0x00, 0x00, 0x00,  //.............. 
  0x00, 0x00, 0x00, 0x00, 0x00, 0x00, 0x00, 0x00, 0x00, 0x00, 0x00, 0x00, 0x00, 0x00,  //.............. 
  0x00, 0x00, 0x00, 0x00, 0x00, 0x00, 0x00, 0x00, 0x00, 0x00, 0x00, 0x00, 0x00, 0x00,  //.............. 


  /*Unicode: U+be0c (브) , Width: 14 */
  0x00, 0x00, 0x00, 0x00, 0x00, 0x00, 0x00, 0x00, 0x00, 0x00, 0x00, 0x00, 0x00, 0x00,  //.............. 
  0x00, 0x00, 0x00, 0x00, 0x00, 0x00, 0x00, 0x00, 0x00, 0x00, 0x00, 0x00, 0x00, 0x00,  //.............. 
  0x00, 0x00, 0x00, 0x00, 0x00, 0x00, 0x00, 0x00, 0x00, 0x00, 0x00, 0x00, 0x00, 0x00,  //.............. 
  0x00, 0x00, 0x00, 0x00, 0x00, 0x00, 0x00, 0x00, 0x00, 0x00, 0x00, 0x00, 0x00, 0x00,  //.............. 
  0x00, 0x08, 0xaa, 0xa0, 0x00, 0x00, 0x00, 0x00, 0x00, 0x18, 0xaa, 0x8a, 0x00, 0x00,  //..%%......%%.. 
  0x00, 0x0e, 0xff, 0xee, 0x00, 0x00, 0x00, 0x00, 0x00, 0x26, 0xff, 0xce, 0x00, 0x00,  //..@@......@@.. 
  0x00, 0x0e, 0xff, 0xf4, 0x6a, 0x6a, 0x6a, 0x6a, 0x6a, 0x82, 0xff, 0xce, 0x00, 0x00,  //..@@+++++%@@.. 
  0x00, 0x0e, 0xff, 0xff, 0xff, 0xff, 0xff, 0xff, 0xff, 0xff, 0xff, 0xce, 0x00, 0x00,  //..@@@@@@@@@@.. 
  0x00, 0x0e, 0xff, 0xf0, 0x22, 0x22, 0x22, 0x22, 0x22, 0x44, 0xff, 0xce, 0x00, 0x00,  //..@@.....+@@.. 
  0x00, 0x0e, 0xff, 0xee, 0x00, 0x00, 0x00, 0x00, 0x00, 0x26, 0xff, 0xce, 0x00, 0x00,  //..@@......@@.. 
  0x00, 0x0e, 0xff, 0xfc, 0xd2, 0xd2, 0xd2, 0xd2, 0xd2, 0xd8, 0xff, 0xce, 0x00, 0x00,  //..@@@@@@@@@@.. 
  0x00, 0x0a, 0xbe, 0xbe, 0xbe, 0xbe, 0xbe, 0xbe, 0xbe, 0xbe, 0xbe, 0x9a, 0x00, 0x00,  //..%%%%%%%%%%.. 
  0x00, 0x00, 0x00, 0x00, 0x00, 0x00, 0x00, 0x00, 0x00, 0x00, 0x00, 0x00, 0x00, 0x00,  //.............. 
  0x00, 0x00, 0x00, 0x00, 0x00, 0x00, 0x00, 0x00, 0x00, 0x00, 0x00, 0x00, 0x00, 0x00,  //.............. 
  0x5e, 0xf2, 0xf2, 0xf2, 0xf2, 0xf2, 0xf2, 0xf2, 0xf2, 0xf2, 0xf2, 0xf2, 0xf2, 0x30,  //+@@@@@@@@@@@@. 
  0x42, 0xae, 0xae, 0xae, 0xae, 0xae, 0xae, 0xae, 0xae, 0xae, 0xae, 0xae, 0xae, 0x22,  //+%%%%%%%%%%%%. 
  0x00, 0x00, 0x00, 0x00, 0x00, 0x00, 0x00, 0x00, 0x00, 0x00, 0x00, 0x00, 0x00, 0x00,  //.............. 
  0x00, 0x00, 0x00, 0x00, 0x00, 0x00, 0x00, 0x00, 0x00, 0x00, 0x00, 0x00, 0x00, 0x00,  //.............. 
  0x00, 0x00, 0x00, 0x00, 0x00, 0x00, 0x00, 0x00, 0x00, 0x00, 0x00, 0x00, 0x00, 0x00,  //.............. 
  0x00, 0x00, 0x00, 0x00, 0x00, 0x00, 0x00, 0x00, 0x00, 0x00, 0x00, 0x00, 0x00, 0x00,  //.............. 
  0x00, 0x00, 0x00, 0x00, 0x00, 0x00, 0x00, 0x00, 0x00, 0x00, 0x00, 0x00, 0x00, 0x00,  //.............. 


  /*Unicode: U+be14 (블) , Width: 14 */
  0x00, 0x00, 0x00, 0x00, 0x00, 0x00, 0x00, 0x00, 0x00, 0x00, 0x00, 0x00, 0x00, 0x00,  //.............. 
  0x00, 0x00, 0x00, 0x00, 0x00, 0x00, 0x00, 0x00, 0x00, 0x00, 0x00, 0x00, 0x00, 0x00,  //.............. 
  0x00, 0x00, 0x00, 0x00, 0x00, 0x00, 0x00, 0x00, 0x00, 0x00, 0x00, 0x00, 0x00, 0x00,  //.............. 
  0x00, 0x00, 0x40, 0x52, 0x0c, 0x00, 0x00, 0x00, 0x00, 0x20, 0x52, 0x2e, 0x00, 0x00,  //..++......+... 
  0x00, 0x00, 0xca, 0xff, 0x84, 0x6a, 0x6a, 0x6a, 0x6a, 0xa6, 0xff, 0x92, 0x00, 0x00,  //..@@%++++%@%.. 
  0x00, 0x00, 0xca, 0xff, 0xff, 0xff, 0xff, 0xff, 0xff, 0xff, 0xff, 0x92, 0x00, 0x00,  //..@@@@@@@@@%.. 
  0x00, 0x00, 0xca, 0xff, 0x56, 0x32, 0x32, 0x32, 0x32, 0x84, 0xff, 0x92, 0x00, 0x00,  //..@@+....%@%.. 
  0x00, 0x00, 0xca, 0xff, 0xff, 0xff, 0xff, 0xff, 0xff, 0xff, 0xff, 0x92, 0x00, 0x00,  //..@@@@@@@@@%.. 
  0x00, 0x00, 0x40, 0x52, 0x52, 0x52, 0x52, 0x52, 0x52, 0x52, 0x52, 0x2e, 0x00, 0x00,  //..+++++++++... 
  0x60, 0xee, 0xee, 0xee, 0xee, 0xee, 0xee, 0xee, 0xee, 0xee, 0xee, 0xee, 0xee, 0x28,  //+@@@@@@@@@@@@. 
  0x40, 0xa2, 0xa2, 0xa2, 0xa2, 0xa2, 0xa2, 0xa2, 0xa2, 0xa2, 0xa2, 0xa2, 0xa2, 0x1a,  //+%%%%%%%%%%%%. 
  0x00, 0x00, 0x8c, 0x92, 0x92, 0x92, 0x92, 0x92, 0x92, 0x92, 0x92, 0x5c, 0x00, 0x00,  //..%%%%%%%%%+.. 
  0x00, 0x00, 0xd4, 0xde, 0xde, 0xde, 0xde, 0xde, 0xde, 0xe8, 0xff, 0xa2, 0x00, 0x00,  //..@@@@@@@@@%.. 
  0x00, 0x00, 0x64, 0x6a, 0x6a, 0x6a, 0x6a, 0x6a, 0x6a, 0x9a, 0xff, 0xa2, 0x00, 0x00,  //..+++++++%@%.. 
  0x00, 0x00, 0xee, 0xff, 0xf6, 0xf6, 0xf6, 0xf6, 0xf6, 0xf6, 0xf6, 0x9c, 0x00, 0x00,  //..@@@@@@@@@%.. 
  0x00, 0x00, 0xff, 0xff, 0x46, 0x3e, 0x3e, 0x3e, 0x3e, 0x3e, 0x3e, 0x3e, 0x00, 0x00,  //..@@+......... 
  0x00, 0x00, 0xff, 0xff, 0xff, 0xff, 0xff, 0xff, 0xff, 0xff, 0xff, 0xff, 0x02, 0x00,  //..@@@@@@@@@@.. 
  0x00, 0x00, 0x3a, 0x3e, 0x3e, 0x3e, 0x3e, 0x3e, 0x3e, 0x3e, 0x3e, 0x3e, 0x00, 0x00,  //.............. 
  0x00, 0x00, 0x00, 0x00, 0x00, 0x00, 0x00, 0x00, 0x00, 0x00, 0x00, 0x00, 0x00, 0x00,  //.............. 
  0x00, 0x00, 0x00, 0x00, 0x00, 0x00, 0x00, 0x00, 0x00, 0x00, 0x00, 0x00, 0x00, 0x00,  //.............. 
  0x00, 0x00, 0x00, 0x00, 0x00, 0x00, 0x00, 0x00, 0x00, 0x00, 0x00, 0x00, 0x00, 0x00,  //.............. 


  /*Unicode: U+c0ac (사) , Width: 14 */
  0x00, 0x00, 0x00, 0x00, 0x00, 0x00, 0x00, 0x00, 0x00, 0x00, 0x00, 0x00, 0x00, 0x00,  //.............. 
  0x00, 0x00, 0x00, 0x00, 0x00, 0x00, 0x00, 0x00, 0x00, 0x00, 0x00, 0x00, 0x00, 0x00,  //.............. 
  0x00, 0x00, 0x00, 0x00, 0x00, 0x00, 0x00, 0x00, 0x00, 0x00, 0x00, 0x00, 0x00, 0x00,  //.............. 
  0x00, 0x00, 0x00, 0x00, 0x00, 0x00, 0x00, 0x00, 0x00, 0x48, 0x8e, 0x44, 0x00, 0x00,  //.........+%+.. 
  0x00, 0x00, 0x00, 0x1e, 0xe6, 0x84, 0x00, 0x00, 0x00, 0x82, 0xff, 0x7a, 0x00, 0x00,  //....@%...%@+.. 
  0x00, 0x00, 0x00, 0x42, 0xff, 0xff, 0x00, 0x00, 0x00, 0x82, 0xff, 0x7a, 0x00, 0x00,  //...+@@...%@+.. 
  0x00, 0x00, 0x00, 0x46, 0xff, 0xff, 0x00, 0x00, 0x00, 0x82, 0xff, 0x7a, 0x00, 0x00,  //...+@@...%@+.. 
  0x00, 0x00, 0x00, 0x5c, 0xff, 0xff, 0x00, 0x00, 0x00, 0x82, 0xff, 0x7a, 0x00, 0x00,  //...+@@...%@+.. 
  0x00, 0x00, 0x00, 0x80, 0xff, 0xff, 0x04, 0x00, 0x00, 0x82, 0xff, 0xae, 0x36, 0x1a,  //...%@@...%@%.. 
  0x00, 0x00, 0x00, 0xd2, 0xff, 0xff, 0x48, 0x00, 0x00, 0x82, 0xff, 0xff, 0xff, 0x7e,  //...@@@+..%@@@+ 
  0x00, 0x00, 0x44, 0xff, 0xe6, 0xff, 0xbe, 0x00, 0x00, 0x82, 0xff, 0xe4, 0x6e, 0x36,  //..+@@@%..%@@+. 
  0x00, 0x12, 0xe2, 0xff, 0x46, 0xc6, 0xff, 0x7e, 0x00, 0x82, 0xff, 0x7a, 0x00, 0x00,  //..@@+@@+.%@+.. 
  0x36, 0xd8, 0xff, 0xa4, 0x00, 0x30, 0xfa, 0xff, 0x9a, 0x82, 0xff, 0x7a, 0x00, 0x00,  //.@@%..@@%%@+.. 
  0x36, 0xf8, 0xc8, 0x10, 0x00, 0x00, 0x56, 0xf2, 0x46, 0x82, 0xff, 0x7a, 0x00, 0x00,  //.@@...+@+%@+.. 
  0x00, 0x3a, 0x04, 0x00, 0x00, 0x00, 0x00, 0x0e, 0x00, 0x82, 0xff, 0x7a, 0x00, 0x00,  //.........%@+.. 
  0x00, 0x00, 0x00, 0x00, 0x00, 0x00, 0x00, 0x00, 0x00, 0x82, 0xff, 0x7a, 0x00, 0x00,  //.........%@+.. 
  0x00, 0x00, 0x00, 0x00, 0x00, 0x00, 0x00, 0x00, 0x00, 0x82, 0xff, 0x7a, 0x00, 0x00,  //.........%@+.. 
  0x00, 0x00, 0x00, 0x00, 0x00, 0x00, 0x00, 0x00, 0x00, 0x2a, 0x52, 0x26, 0x00, 0x00,  //..........+... 
  0x00, 0x00, 0x00, 0x00, 0x00, 0x00, 0x00, 0x00, 0x00, 0x00, 0x00, 0x00, 0x00, 0x00,  //.............. 
  0x00, 0x00, 0x00, 0x00, 0x00, 0x00, 0x00, 0x00, 0x00, 0x00, 0x00, 0x00, 0x00, 0x00,  //.............. 
  0x00, 0x00, 0x00, 0x00, 0x00, 0x00, 0x00, 0x00, 0x00, 0x00, 0x00, 0x00, 0x00, 0x00,  //.............. 


  /*Unicode: U+c0c1 (상) , Width: 14 */
  0x00, 0x00, 0x00, 0x00, 0x00, 0x00, 0x00, 0x00, 0x00, 0x00, 0x00, 0x00, 0x00, 0x00,  //.............. 
  0x00, 0x00, 0x00, 0x00, 0x00, 0x00, 0x00, 0x00, 0x00, 0x00, 0x00, 0x00, 0x00, 0x00,  //.............. 
  0x00, 0x00, 0x00, 0x00, 0x00, 0x00, 0x00, 0x00, 0x00, 0x00, 0x00, 0x00, 0x00, 0x00,  //.............. 
  0x00, 0x00, 0x00, 0x00, 0x00, 0x00, 0x00, 0x00, 0x00, 0x40, 0x8e, 0x4a, 0x00, 0x00,  //.........+%+.. 
  0x00, 0x00, 0x00, 0x46, 0xff, 0xc8, 0x00, 0x00, 0x00, 0x72, 0xff, 0x86, 0x00, 0x00,  //...+@@...+@%.. 
  0x00, 0x00, 0x00, 0x5a, 0xff, 0xf6, 0x00, 0x00, 0x00, 0x72, 0xff, 0x86, 0x00, 0x00,  //...+@@...+@%.. 
  0x00, 0x00, 0x00, 0x78, 0xff, 0xff, 0x00, 0x00, 0x00, 0x72, 0xff, 0xde, 0x56, 0x20,  //...+@@...+@@+. 
  0x00, 0x00, 0x00, 0xca, 0xff, 0xff, 0x30, 0x00, 0x00, 0x72, 0xff, 0xff, 0xff, 0x5e,  //...@@@...+@@@+ 
  0x00, 0x00, 0x6c, 0xff, 0xee, 0xff, 0xd8, 0x1c, 0x00, 0x72, 0xff, 0xd6, 0x4e, 0x1c,  //..+@@@@..+@@+. 
  0x1a, 0x94, 0xff, 0xf0, 0x24, 0xa0, 0xff, 0xf4, 0x6c, 0x72, 0xff, 0x86, 0x00, 0x00,  //.%@@.%@@++@%.. 
  0x3e, 0xfc, 0xec, 0x40, 0x00, 0x02, 0x7e, 0xec, 0x2e, 0x72, 0xff, 0x86, 0x00, 0x00,  //.@@+..+@.+@%.. 
  0x00, 0x4c, 0x10, 0x00, 0x00, 0x00, 0x00, 0x06, 0x00, 0x4a, 0xa6, 0x58, 0x00, 0x00,  //.+.......+%+.. 
  0x00, 0x00, 0x00, 0x3c, 0xac, 0xe6, 0xfc, 0xfc, 0xe6, 0xac, 0x3c, 0x00, 0x00, 0x00,  //....%@@@@%.... 
  0x00, 0x00, 0x4e, 0xfc, 0xf4, 0xa8, 0x88, 0x88, 0xa8, 0xf4, 0xfc, 0x4e, 0x00, 0x00,  //..+@@%%%%@@+.. 
  0x00, 0x00, 0xa6, 0xff, 0x60, 0x00, 0x00, 0x00, 0x00, 0x5c, 0xff, 0xa4, 0x00, 0x00,  //..%@+....+@%.. 
  0x00, 0x00, 0x76, 0xff, 0xce, 0x58, 0x38, 0x38, 0x58, 0xcc, 0xff, 0x76, 0x00, 0x00,  //..+@@+..+@@+.. 
  0x00, 0x00, 0x04, 0x88, 0xf2, 0xff, 0xff, 0xff, 0xff, 0xf2, 0x88, 0x04, 0x00, 0x00,  //...%@@@@@@%... 
  0x00, 0x00, 0x00, 0x00, 0x06, 0x34, 0x4c, 0x4c, 0x34, 0x06, 0x00, 0x00, 0x00, 0x00,  //......++...... 
  0x00, 0x00, 0x00, 0x00, 0x00, 0x00, 0x00, 0x00, 0x00, 0x00, 0x00, 0x00, 0x00, 0x00,  //.............. 
  0x00, 0x00, 0x00, 0x00, 0x00, 0x00, 0x00, 0x00, 0x00, 0x00, 0x00, 0x00, 0x00, 0x00,  //.............. 
  0x00, 0x00, 0x00, 0x00, 0x00, 0x00, 0x00, 0x00, 0x00, 0x00, 0x00, 0x00, 0x00, 0x00,  //.............. 


  /*Unicode: U+c0dd (생) , Width: 13 */
  0x00, 0x00, 0x00, 0x00, 0x00, 0x00, 0x00, 0x00, 0x00, 0x00, 0x00, 0x00, 0x00,  //............. 
  0x00, 0x00, 0x00, 0x00, 0x00, 0x00, 0x00, 0x00, 0x00, 0x00, 0x00, 0x00, 0x00,  //............. 
  0x00, 0x00, 0x00, 0x00, 0x00, 0x00, 0x00, 0x00, 0x00, 0x00, 0x00, 0x00, 0x00,  //............. 
  0x00, 0x00, 0x00, 0x00, 0x00, 0x00, 0x00, 0x1a, 0x4a, 0x22, 0x40, 0x8e, 0x40,  //........+.+%+ 
  0x00, 0x00, 0x00, 0xff, 0xff, 0x06, 0x00, 0x5e, 0xff, 0x7a, 0x72, 0xff, 0x72,  //...@@..+@++@+ 
  0x00, 0x00, 0x00, 0xff, 0xff, 0x0a, 0x00, 0x5e, 0xff, 0x7a, 0x72, 0xff, 0x72,  //...@@..+@++@+ 
  0x00, 0x00, 0x00, 0xff, 0xff, 0x26, 0x00, 0x5e, 0xff, 0xaa, 0xa2, 0xff, 0x72,  //...@@..+@%%@+ 
  0x00, 0x00, 0x34, 0xff, 0xff, 0x62, 0x00, 0x5e, 0xff, 0xff, 0xff, 0xff, 0x72,  //...@@+.+@@@@+ 
  0x00, 0x00, 0xb8, 0xff, 0xff, 0xe6, 0x20, 0x5e, 0xff, 0xe6, 0xde, 0xff, 0x72,  //..%@@@.+@@@@+ 
  0x14, 0xaa, 0xff, 0xba, 0x76, 0xff, 0xee, 0xa8, 0xff, 0x7a, 0x72, 0xff, 0x72,  //.%@%+@@%@++@+ 
  0x40, 0xfc, 0xd8, 0x1a, 0x00, 0x7a, 0xde, 0x72, 0xff, 0x7a, 0x72, 0xff, 0x72,  //+@@..+@+@++@+ 
  0x00, 0x4e, 0x0a, 0x00, 0x00, 0x00, 0x02, 0x2e, 0x7e, 0x3c, 0x6a, 0xee, 0x6a,  //.+......+.+@+ 
  0x00, 0x00, 0x00, 0x00, 0x44, 0x9c, 0xca, 0xda, 0xd2, 0xb4, 0x74, 0x10, 0x00,  //....+%@@@%+.. 
  0x00, 0x00, 0x00, 0x88, 0xff, 0xf0, 0xb8, 0xa4, 0xaa, 0xd6, 0xff, 0xe2, 0x18,  //...%@@%%%@@@. 
  0x00, 0x00, 0x02, 0xf8, 0xfc, 0x16, 0x00, 0x00, 0x00, 0x00, 0x9e, 0xff, 0x72,  //...@@.....%@+ 
  0x00, 0x00, 0x00, 0xd4, 0xff, 0x92, 0x42, 0x2e, 0x34, 0x5e, 0xde, 0xff, 0x4a,  //...@@%+..+@@+ 
  0x00, 0x00, 0x00, 0x24, 0xbc, 0xff, 0xff, 0xff, 0xff, 0xff, 0xe8, 0x6e, 0x00,  //....%@@@@@@+. 
  0x00, 0x00, 0x00, 0x00, 0x00, 0x14, 0x3e, 0x4e, 0x48, 0x2c, 0x02, 0x00, 0x00,  //.......++.... 
  0x00, 0x00, 0x00, 0x00, 0x00, 0x00, 0x00, 0x00, 0x00, 0x00, 0x00, 0x00, 0x00,  //............. 
  0x00, 0x00, 0x00, 0x00, 0x00, 0x00, 0x00, 0x00, 0x00, 0x00, 0x00, 0x00, 0x00,  //............. 
  0x00, 0x00, 0x00, 0x00, 0x00, 0x00, 0x00, 0x00, 0x00, 0x00, 0x00, 0x00, 0x00,  //............. 


  /*Unicode: U+c0f7 (샷) , Width: 14 */
  0x00, 0x00, 0x00, 0x00, 0x00, 0x00, 0x00, 0x00, 0x00, 0x00, 0x00, 0x00, 0x00, 0x00,  //.............. 
  0x00, 0x00, 0x00, 0x00, 0x00, 0x00, 0x00, 0x00, 0x00, 0x00, 0x00, 0x00, 0x00, 0x00,  //.............. 
  0x00, 0x00, 0x00, 0x00, 0x00, 0x00, 0x00, 0x00, 0x00, 0x00, 0x00, 0x00, 0x00, 0x00,  //.............. 
  0x00, 0x00, 0x00, 0x00, 0x00, 0x00, 0x00, 0x00, 0x00, 0x40, 0x8e, 0x4a, 0x00, 0x00,  //.........+%+.. 
  0x00, 0x00, 0x00, 0x34, 0xff, 0xd6, 0x00, 0x00, 0x00, 0x72, 0xff, 0x86, 0x00, 0x00,  //....@@...+@%.. 
  0x00, 0x00, 0x00, 0x4a, 0xff, 0xff, 0x00, 0x00, 0x00, 0x72, 0xff, 0xff, 0x76, 0x24,  //...+@@...+@@+. 
  0x00, 0x00, 0x00, 0x68, 0xff, 0xff, 0x00, 0x00, 0x00, 0x72, 0xff, 0xff, 0xff, 0x4e,  //...+@@...+@@@+ 
  0x00, 0x00, 0x00, 0xbc, 0xff, 0xff, 0x38, 0x00, 0x00, 0x72, 0xff, 0xae, 0x26, 0x0a,  //...%@@...+@%.. 
  0x00, 0x00, 0x5c, 0xff, 0xf6, 0xff, 0xdc, 0x20, 0x00, 0x72, 0xff, 0xda, 0x52, 0x18,  //..+@@@@..+@@+. 
  0x16, 0x8a, 0xfc, 0xf8, 0x32, 0x92, 0xff, 0xf4, 0x74, 0x72, 0xff, 0xff, 0xff, 0x4e,  //.%@@.%@@++@@@+ 
  0x32, 0xfa, 0xf0, 0x4e, 0x00, 0x00, 0x74, 0xec, 0x3a, 0x72, 0xff, 0xce, 0x46, 0x14,  //.@@+..+@.+@@+. 
  0x00, 0x4a, 0x14, 0x00, 0x00, 0x00, 0x00, 0x04, 0x00, 0x72, 0xff, 0x86, 0x00, 0x00,  //.+.......+@%.. 
  0x00, 0x00, 0x00, 0x00, 0x00, 0x00, 0xff, 0xff, 0x1e, 0x54, 0xba, 0x62, 0x00, 0x00,  //......@@.+%+.. 
  0x00, 0x00, 0x00, 0x00, 0x00, 0x2c, 0xff, 0xff, 0x68, 0x00, 0x00, 0x00, 0x00, 0x00,  //......@@+..... 
  0x00, 0x00, 0x00, 0x00, 0x26, 0xd8, 0xff, 0xff, 0xf2, 0x4a, 0x00, 0x00, 0x00, 0x00,  //.....@@@@+.... 
  0x00, 0x0a, 0x62, 0xaa, 0xfa, 0xff, 0x7a, 0x46, 0xf2, 0xff, 0xc0, 0x70, 0x1c, 0x00,  //..+%@@++@@@+.. 
  0x00, 0x00, 0xd6, 0xfc, 0xc0, 0x42, 0x00, 0x00, 0x24, 0xa8, 0xf6, 0xf8, 0x1c, 0x00,  //..@@@+...%@@.. 
  0x00, 0x00, 0x22, 0x14, 0x00, 0x00, 0x00, 0x00, 0x00, 0x00, 0x0a, 0x2c, 0x00, 0x00,  //.............. 
  0x00, 0x00, 0x00, 0x00, 0x00, 0x00, 0x00, 0x00, 0x00, 0x00, 0x00, 0x00, 0x00, 0x00,  //.............. 
  0x00, 0x00, 0x00, 0x00, 0x00, 0x00, 0x00, 0x00, 0x00, 0x00, 0x00, 0x00, 0x00, 0x00,  //.............. 
  0x00, 0x00, 0x00, 0x00, 0x00, 0x00, 0x00, 0x00, 0x00, 0x00, 0x00, 0x00, 0x00, 0x00,  //.............. 


  /*Unicode: U+c11c (서) , Width: 13 */
  0x00, 0x00, 0x00, 0x00, 0x00, 0x00, 0x00, 0x00, 0x00, 0x00, 0x00, 0x00, 0x00,  //............. 
  0x00, 0x00, 0x00, 0x00, 0x00, 0x00, 0x00, 0x00, 0x00, 0x00, 0x00, 0x00, 0x00,  //............. 
  0x00, 0x00, 0x00, 0x00, 0x00, 0x00, 0x00, 0x00, 0x00, 0x00, 0x00, 0x00, 0x00,  //............. 
  0x00, 0x00, 0x00, 0x00, 0x00, 0x00, 0x00, 0x00, 0x00, 0x00, 0x68, 0x92, 0x26,  //..........+%. 
  0x00, 0x00, 0x00, 0x12, 0xde, 0xa0, 0x00, 0x00, 0x00, 0x00, 0xb6, 0xff, 0x42,  //....@%....%@+ 
  0x00, 0x00, 0x00, 0x26, 0xff, 0xff, 0x00, 0x00, 0x00, 0x00, 0xb6, 0xff, 0x42,  //....@@....%@+ 
  0x00, 0x00, 0x00, 0x2a, 0xff, 0xff, 0x00, 0x00, 0x00, 0x00, 0xb6, 0xff, 0x42,  //....@@....%@+ 
  0x00, 0x00, 0x00, 0x40, 0xff, 0xff, 0x00, 0x14, 0x36, 0x36, 0xee, 0xff, 0x42,  //...+@@....@@+ 
  0x00, 0x00, 0x00, 0x64, 0xff, 0xff, 0x0e, 0x5e, 0xff, 0xff, 0xff, 0xff, 0x42,  //...+@@.+@@@@+ 
  0x00, 0x00, 0x00, 0xb6, 0xff, 0xff, 0x5c, 0x24, 0x62, 0x62, 0xff, 0xff, 0x42,  //...%@@+.++@@+ 
  0x00, 0x00, 0x28, 0xfa, 0xe0, 0xfc, 0xc8, 0x02, 0x00, 0x00, 0xb6, 0xff, 0x42,  //...@@@@...%@+ 
  0x00, 0x04, 0xcc, 0xff, 0x6a, 0xba, 0xff, 0x88, 0x00, 0x00, 0xb6, 0xff, 0x42,  //..@@+%@%..%@+ 
  0x20, 0xc0, 0xff, 0xca, 0x02, 0x2a, 0xf6, 0xff, 0xb6, 0x04, 0xb6, 0xff, 0x42,  //.@@@..@@%.%@+ 
  0x2c, 0xf4, 0xe4, 0x26, 0x00, 0x00, 0x46, 0xee, 0x8e, 0x00, 0xb6, 0xff, 0x42,  //.@@...+@%.%@+ 
  0x00, 0x3e, 0x12, 0x00, 0x00, 0x00, 0x00, 0x16, 0x04, 0x00, 0xb6, 0xff, 0x42,  //..........%@+ 
  0x00, 0x00, 0x00, 0x00, 0x00, 0x00, 0x00, 0x00, 0x00, 0x00, 0xb6, 0xff, 0x42,  //..........%@+ 
  0x00, 0x00, 0x00, 0x00, 0x00, 0x00, 0x00, 0x00, 0x00, 0x00, 0xb6, 0xff, 0x42,  //..........%@+ 
  0x00, 0x00, 0x00, 0x00, 0x00, 0x00, 0x00, 0x00, 0x00, 0x00, 0x3e, 0x56, 0x16,  //...........+. 
  0x00, 0x00, 0x00, 0x00, 0x00, 0x00, 0x00, 0x00, 0x00, 0x00, 0x00, 0x00, 0x00,  //............. 
  0x00, 0x00, 0x00, 0x00, 0x00, 0x00, 0x00, 0x00, 0x00, 0x00, 0x00, 0x00, 0x00,  //............. 
  0x00, 0x00, 0x00, 0x00, 0x00, 0x00, 0x00, 0x00, 0x00, 0x00, 0x00, 0x00, 0x00,  //............. 


  /*Unicode: U+c120 (선) , Width: 13 */
  0x00, 0x00, 0x00, 0x00, 0x00, 0x00, 0x00, 0x00, 0x00, 0x00, 0x00, 0x00, 0x00,  //............. 
  0x00, 0x00, 0x00, 0x00, 0x00, 0x00, 0x00, 0x00, 0x00, 0x00, 0x00, 0x00, 0x00,  //............. 
  0x00, 0x00, 0x00, 0x00, 0x00, 0x00, 0x00, 0x00, 0x00, 0x00, 0x00, 0x00, 0x00,  //............. 
  0x00, 0x00, 0x00, 0x00, 0x00, 0x00, 0x00, 0x00, 0x00, 0x00, 0x6c, 0x8e, 0x20,  //..........+%. 
  0x00, 0x00, 0x00, 0x24, 0xff, 0xde, 0x00, 0x00, 0x00, 0x00, 0xc2, 0xff, 0x3a,  //....@@....@@. 
  0x00, 0x00, 0x00, 0x32, 0xff, 0xff, 0x00, 0x00, 0x00, 0x00, 0xc2, 0xff, 0x3a,  //....@@....@@. 
  0x00, 0x00, 0x00, 0x4c, 0xff, 0xff, 0x00, 0x2e, 0x9a, 0x9a, 0xff, 0xff, 0x3a,  //...+@@..%%@@. 
  0x00, 0x00, 0x00, 0x86, 0xff, 0xff, 0x28, 0x4e, 0xff, 0xff, 0xff, 0xff, 0x3a,  //...%@@.+@@@@. 
  0x00, 0x00, 0x12, 0xea, 0xff, 0xff, 0xb0, 0x00, 0x00, 0x00, 0xc2, 0xff, 0x3a,  //...@@@%...@@. 
  0x00, 0x18, 0xca, 0xff, 0x80, 0xc8, 0xff, 0xa8, 0x1a, 0x00, 0xc2, 0xff, 0x3a,  //..@@%@@%..@@. 
  0x34, 0xf4, 0xff, 0xc0, 0x04, 0x1e, 0xd8, 0xff, 0xa0, 0x00, 0xc2, 0xff, 0x3a,  //.@@@..@@%.@@. 
  0x00, 0xb8, 0x8a, 0x06, 0x00, 0x00, 0x0c, 0x78, 0x10, 0x00, 0xc2, 0xff, 0x3a,  //.%%....+..@@. 
  0x00, 0x00, 0x00, 0x4e, 0x52, 0x02, 0x00, 0x00, 0x00, 0x00, 0xc2, 0xff, 0x3a,  //...++.....@@. 
  0x00, 0x00, 0x00, 0xf2, 0xff, 0x0a, 0x00, 0x00, 0x00, 0x00, 0x84, 0xae, 0x28,  //...@@.....%%. 
  0x00, 0x00, 0x00, 0xf2, 0xff, 0x0a, 0x00, 0x00, 0x00, 0x00, 0x00, 0x00, 0x00,  //...@@........ 
  0x00, 0x00, 0x00, 0xff, 0xff, 0x8e, 0x82, 0x82, 0x82, 0x82, 0x82, 0x82, 0x46,  //...@@%%%%%%%+ 
  0x00, 0x00, 0x00, 0xff, 0xff, 0xff, 0xff, 0xff, 0xff, 0xff, 0xff, 0xff, 0x8a,  //...@@@@@@@@@% 
  0x00, 0x00, 0x00, 0x14, 0x16, 0x16, 0x16, 0x16, 0x16, 0x16, 0x16, 0x16, 0x0c,  //............. 
  0x00, 0x00, 0x00, 0x00, 0x00, 0x00, 0x00, 0x00, 0x00, 0x00, 0x00, 0x00, 0x00,  //............. 
  0x00, 0x00, 0x00, 0x00, 0x00, 0x00, 0x00, 0x00, 0x00, 0x00, 0x00, 0x00, 0x00,  //............. 
  0x00, 0x00, 0x00, 0x00, 0x00, 0x00, 0x00, 0x00, 0x00, 0x00, 0x00, 0x00, 0x00,  //............. 


  /*Unicode: U+c124 (설) , Width: 13 */
  0x00, 0x00, 0x00, 0x00, 0x00, 0x00, 0x00, 0x00, 0x00, 0x00, 0x00, 0x00, 0x00,  //............. 
  0x00, 0x00, 0x00, 0x00, 0x00, 0x00, 0x00, 0x00, 0x00, 0x00, 0x00, 0x00, 0x00,  //............. 
  0x00, 0x00, 0x00, 0x00, 0x00, 0x00, 0x00, 0x00, 0x00, 0x00, 0x00, 0x00, 0x00,  //............. 
  0x00, 0x00, 0x00, 0x06, 0x38, 0x24, 0x00, 0x00, 0x00, 0x00, 0x6c, 0x8e, 0x20,  //..........+%. 
  0x00, 0x00, 0x00, 0x36, 0xff, 0xff, 0x00, 0x00, 0x00, 0x00, 0xc2, 0xff, 0x3a,  //....@@....@@. 
  0x00, 0x00, 0x00, 0x48, 0xff, 0xff, 0x00, 0x28, 0x86, 0x86, 0xff, 0xff, 0x3a,  //...+@@..%%@@. 
  0x00, 0x00, 0x00, 0x8e, 0xff, 0xff, 0x30, 0x4e, 0xff, 0xff, 0xff, 0xff, 0x3a,  //...%@@.+@@@@. 
  0x00, 0x00, 0x2c, 0xf4, 0xff, 0xff, 0xc8, 0x12, 0x0e, 0x0e, 0xd2, 0xff, 0x3a,  //...@@@@...@@. 
  0x06, 0x60, 0xec, 0xff, 0x5c, 0xb0, 0xff, 0xda, 0x5a, 0x00, 0xc2, 0xff, 0x3a,  //.+@@+%@@+.@@. 
  0x32, 0xfa, 0xfc, 0x7a, 0x00, 0x0a, 0xa2, 0xfc, 0x6e, 0x00, 0xc2, 0xff, 0x3a,  //.@@+..%@+.@@. 
  0x00, 0x56, 0x2c, 0x00, 0x00, 0x00, 0x00, 0x24, 0x00, 0x00, 0x60, 0x7e, 0x1c,  //.+........++. 
  0x00, 0x00, 0x00, 0xe0, 0xee, 0xee, 0xee, 0xee, 0xee, 0xee, 0xee, 0xee, 0x36,  //...@@@@@@@@@. 
  0x00, 0x00, 0x00, 0x90, 0x9a, 0x9a, 0x9a, 0x9a, 0x9a, 0x9a, 0xe4, 0xff, 0x3a,  //...%%%%%%%@@. 
  0x00, 0x00, 0x00, 0x92, 0x9e, 0x9e, 0x9e, 0x9e, 0x9e, 0x9e, 0xe4, 0xff, 0x3a,  //...%%%%%%%@@. 
  0x00, 0x00, 0x00, 0xea, 0xff, 0xd2, 0xce, 0xce, 0xce, 0xce, 0xce, 0xce, 0x2e,  //...@@@@@@@@@. 
  0x00, 0x00, 0x00, 0xff, 0xff, 0x6e, 0x5e, 0x5e, 0x5e, 0x5e, 0x5e, 0x5e, 0x3a,  //...@@+++++++. 
  0x00, 0x00, 0x00, 0xff, 0xff, 0xff, 0xff, 0xff, 0xff, 0xff, 0xff, 0xff, 0x9e,  //...@@@@@@@@@% 
  0x00, 0x00, 0x00, 0x2a, 0x2e, 0x2e, 0x2e, 0x2e, 0x2e, 0x2e, 0x2e, 0x2e, 0x1c,  //............. 
  0x00, 0x00, 0x00, 0x00, 0x00, 0x00, 0x00, 0x00, 0x00, 0x00, 0x00, 0x00, 0x00,  //............. 
  0x00, 0x00, 0x00, 0x00, 0x00, 0x00, 0x00, 0x00, 0x00, 0x00, 0x00, 0x00, 0x00,  //............. 
  0x00, 0x00, 0x00, 0x00, 0x00, 0x00, 0x00, 0x00, 0x00, 0x00, 0x00, 0x00, 0x00,  //............. 


  /*Unicode: U+c131 (성) , Width: 13 */
  0x00, 0x00, 0x00, 0x00, 0x00, 0x00, 0x00, 0x00, 0x00, 0x00, 0x00, 0x00, 0x00,  //............. 
  0x00, 0x00, 0x00, 0x00, 0x00, 0x00, 0x00, 0x00, 0x00, 0x00, 0x00, 0x00, 0x00,  //............. 
  0x00, 0x00, 0x00, 0x00, 0x00, 0x00, 0x00, 0x00, 0x00, 0x00, 0x00, 0x00, 0x00,  //............. 
  0x00, 0x00, 0x00, 0x00, 0x00, 0x00, 0x00, 0x00, 0x00, 0x00, 0x6c, 0x8e, 0x20,  //..........+%. 
  0x00, 0x00, 0x00, 0x20, 0xff, 0xff, 0x00, 0x00, 0x00, 0x00, 0xc2, 0xff, 0x3a,  //....@@....@@. 
  0x00, 0x00, 0x00, 0x2a, 0xff, 0xff, 0x00, 0x00, 0x06, 0x06, 0xc6, 0xff, 0x3a,  //....@@....@@. 
  0x00, 0x00, 0x00, 0x4a, 0xff, 0xff, 0x08, 0x4e, 0xff, 0xff, 0xff, 0xff, 0x3a,  //...+@@.+@@@@. 
  0x00, 0x00, 0x00, 0xa0, 0xff, 0xff, 0x64, 0x2c, 0x92, 0x92, 0xff, 0xff, 0x3a,  //...%@@+.%%@@. 
  0x00, 0x00, 0x48, 0xfc, 0xea, 0xf6, 0xf0, 0x36, 0x00, 0x00, 0xc2, 0xff, 0x3a,  //..+@@@@...@@. 
  0x14, 0x82, 0xfa, 0xfc, 0x46, 0x68, 0xff, 0xfa, 0x8c, 0x00, 0xc2, 0xff, 0x3a,  //.%@@++@@%.@@. 
  0x2c, 0xf8, 0xf6, 0x5e, 0x00, 0x00, 0x5c, 0xe6, 0x5a, 0x00, 0xc2, 0xff, 0x3a,  //.@@+..+@+.@@. 
  0x00, 0x4c, 0x1c, 0x00, 0x00, 0x00, 0x00, 0x0e, 0x00, 0x00, 0x70, 0x92, 0x20,  //.+........+%. 
  0x00, 0x00, 0x00, 0x10, 0x80, 0xd4, 0xf6, 0xff, 0xf6, 0xd8, 0x84, 0x14, 0x00,  //....%@@@@@%.. 
  0x00, 0x00, 0x02, 0xd4, 0xff, 0xc6, 0x8a, 0x7c, 0x88, 0xc2, 0xff, 0xdc, 0x08,  //...@@@%+%@@@. 
  0x00, 0x00, 0x2e, 0xff, 0xd4, 0x00, 0x00, 0x00, 0x00, 0x00, 0xc8, 0xff, 0x3c,  //...@@.....@@. 
  0x00, 0x00, 0x0c, 0xf0, 0xfa, 0x82, 0x42, 0x34, 0x40, 0x7c, 0xf8, 0xf6, 0x16,  //...@@%+.++@@. 
  0x00, 0x00, 0x00, 0x3a, 0xc6, 0xff, 0xff, 0xff, 0xff, 0xff, 0xcc, 0x42, 0x00,  //....@@@@@@@+. 
  0x00, 0x00, 0x00, 0x00, 0x00, 0x1a, 0x3c, 0x4c, 0x3c, 0x1c, 0x00, 0x00, 0x00,  //.......+..... 
  0x00, 0x00, 0x00, 0x00, 0x00, 0x00, 0x00, 0x00, 0x00, 0x00, 0x00, 0x00, 0x00,  //............. 
  0x00, 0x00, 0x00, 0x00, 0x00, 0x00, 0x00, 0x00, 0x00, 0x00, 0x00, 0x00, 0x00,  //............. 
  0x00, 0x00, 0x00, 0x00, 0x00, 0x00, 0x00, 0x00, 0x00, 0x00, 0x00, 0x00, 0x00,  //............. 


  /*Unicode: U+c138 (세) , Width: 13 */
  0x00, 0x00, 0x00, 0x00, 0x00, 0x00, 0x00, 0x00, 0x00, 0x00, 0x00, 0x00, 0x00,  //............. 
  0x00, 0x00, 0x00, 0x00, 0x00, 0x00, 0x00, 0x00, 0x00, 0x00, 0x00, 0x00, 0x00,  //............. 
  0x00, 0x00, 0x00, 0x00, 0x00, 0x00, 0x00, 0x00, 0x00, 0x00, 0x00, 0x00, 0x00,  //............. 
  0x00, 0x00, 0x00, 0x00, 0x00, 0x00, 0x00, 0x0e, 0x56, 0x3a, 0x32, 0x8e, 0x4c,  //........+..%+ 
  0x00, 0x00, 0x00, 0x76, 0x94, 0x02, 0x00, 0x2e, 0xff, 0xaa, 0x5a, 0xff, 0x8a,  //...+%...@%+@% 
  0x00, 0x00, 0x00, 0xff, 0xff, 0x0a, 0x00, 0x2e, 0xff, 0xaa, 0x5a, 0xff, 0x8a,  //...@@...@%+@% 
  0x00, 0x00, 0x00, 0xff, 0xff, 0x0a, 0x00, 0x2e, 0xff, 0xaa, 0x5a, 0xff, 0x8a,  //...@@...@%+@% 
  0x00, 0x00, 0x00, 0xff, 0xff, 0x16, 0x00, 0x2e, 0xff, 0xaa, 0x5a, 0xff, 0x8a,  //...@@...@%+@% 
  0x00, 0x00, 0x04, 0xff, 0xff, 0x2c, 0xd0, 0xff, 0xff, 0xaa, 0x5a, 0xff, 0x8a,  //...@@.@@@%+@% 
  0x00, 0x00, 0x3c, 0xff, 0xff, 0x66, 0xac, 0xea, 0xff, 0xaa, 0x5a, 0xff, 0x8a,  //...@@+%@@%+@% 
  0x00, 0x00, 0x8e, 0xff, 0xff, 0xbe, 0x00, 0x2e, 0xff, 0xaa, 0x5a, 0xff, 0x8a,  //..%@@%..@%+@% 
  0x00, 0x22, 0xf8, 0xde, 0xaa, 0xff, 0x50, 0x2e, 0xff, 0xaa, 0x5a, 0xff, 0x8a,  //..@@%@+.@%+@% 
  0x1c, 0xd2, 0xff, 0x5c, 0x2c, 0xfc, 0xf8, 0x70, 0xff, 0xaa, 0x5a, 0xff, 0x8a,  //.@@+.@@+@%+@% 
  0x4c, 0xfc, 0xb8, 0x00, 0x00, 0x74, 0xe4, 0x40, 0xff, 0xaa, 0x5a, 0xff, 0x8a,  //+@%..+@+@%+@% 
  0x00, 0x4c, 0x06, 0x00, 0x00, 0x00, 0x10, 0x2e, 0xff, 0xaa, 0x5a, 0xff, 0x8a,  //.+......@%+@% 
  0x00, 0x00, 0x00, 0x00, 0x00, 0x00, 0x00, 0x2e, 0xff, 0xaa, 0x5a, 0xff, 0x8a,  //........@%+@% 
  0x00, 0x00, 0x00, 0x00, 0x00, 0x00, 0x00, 0x20, 0xb2, 0x76, 0x5a, 0xff, 0x8a,  //........%++@% 
  0x00, 0x00, 0x00, 0x00, 0x00, 0x00, 0x00, 0x00, 0x00, 0x00, 0x1a, 0x4e, 0x2a,  //...........+. 
  0x00, 0x00, 0x00, 0x00, 0x00, 0x00, 0x00, 0x00, 0x00, 0x00, 0x00, 0x00, 0x00,  //............. 
  0x00, 0x00, 0x00, 0x00, 0x00, 0x00, 0x00, 0x00, 0x00, 0x00, 0x00, 0x00, 0x00,  //............. 
  0x00, 0x00, 0x00, 0x00, 0x00, 0x00, 0x00, 0x00, 0x00, 0x00, 0x00, 0x00, 0x00,  //............. 


  /*Unicode: U+c139 (섹) , Width: 13 */
  0x00, 0x00, 0x00, 0x00, 0x00, 0x00, 0x00, 0x00, 0x00, 0x00, 0x00, 0x00, 0x00,  //............. 
  0x00, 0x00, 0x00, 0x00, 0x00, 0x00, 0x00, 0x00, 0x00, 0x00, 0x00, 0x00, 0x00,  //............. 
  0x00, 0x00, 0x00, 0x00, 0x00, 0x00, 0x00, 0x00, 0x00, 0x00, 0x00, 0x00, 0x00,  //............. 
  0x00, 0x00, 0x00, 0x00, 0x00, 0x00, 0x00, 0x12, 0x56, 0x36, 0x40, 0x8e, 0x40,  //........+.+%+ 
  0x00, 0x00, 0x00, 0xff, 0xff, 0x00, 0x00, 0x36, 0xff, 0xa2, 0x72, 0xff, 0x72,  //...@@...@%+@+ 
  0x00, 0x00, 0x00, 0xff, 0xff, 0x00, 0x00, 0x36, 0xff, 0xa2, 0x72, 0xff, 0x72,  //...@@...@%+@+ 
  0x00, 0x00, 0x02, 0xff, 0xff, 0x14, 0xaa, 0xff, 0xff, 0xa2, 0x72, 0xff, 0x72,  //...@@.%@@%+@+ 
  0x00, 0x00, 0x3c, 0xff, 0xff, 0x4a, 0xb4, 0xff, 0xff, 0xa2, 0x72, 0xff, 0x72,  //...@@+%@@%+@+ 
  0x00, 0x00, 0xbe, 0xff, 0xff, 0xce, 0x08, 0x36, 0xff, 0xa2, 0x72, 0xff, 0x72,  //..%@@@..@%+@+ 
  0x12, 0xaa, 0xff, 0xae, 0x9e, 0xff, 0xcc, 0x54, 0xff, 0xa2, 0x72, 0xff, 0x72,  //.%@%%@@+@%+@+ 
  0x42, 0xfc, 0xd8, 0x16, 0x0a, 0xb6, 0xd0, 0x3c, 0xff, 0xa2, 0x72, 0xff, 0x72,  //+@@..%@.@%+@+ 
  0x00, 0x52, 0x0c, 0x00, 0x00, 0x00, 0x10, 0x28, 0xc2, 0x7c, 0x62, 0xda, 0x62,  //.+......@++@+ 
  0x00, 0x00, 0x0c, 0x86, 0x86, 0x86, 0x86, 0x86, 0x86, 0x86, 0x86, 0x86, 0x3c,  //...%%%%%%%%%. 
  0x00, 0x00, 0x1a, 0xff, 0xff, 0xff, 0xff, 0xff, 0xff, 0xff, 0xff, 0xff, 0x72,  //...@@@@@@@@@+ 
  0x00, 0x00, 0x00, 0x0e, 0x0e, 0x0e, 0x0e, 0x0e, 0x0e, 0x0e, 0x92, 0xff, 0x72,  //..........%@+ 
  0x00, 0x00, 0x00, 0x00, 0x00, 0x00, 0x00, 0x00, 0x00, 0x00, 0x8a, 0xff, 0x72,  //..........%@+ 
  0x00, 0x00, 0x00, 0x00, 0x00, 0x00, 0x00, 0x00, 0x00, 0x00, 0x8a, 0xff, 0x72,  //..........%@+ 
  0x00, 0x00, 0x00, 0x00, 0x00, 0x00, 0x00, 0x00, 0x00, 0x00, 0x2c, 0x52, 0x24,  //...........+. 
  0x00, 0x00, 0x00, 0x00, 0x00, 0x00, 0x00, 0x00, 0x00, 0x00, 0x00, 0x00, 0x00,  //............. 
  0x00, 0x00, 0x00, 0x00, 0x00, 0x00, 0x00, 0x00, 0x00, 0x00, 0x00, 0x00, 0x00,  //............. 
  0x00, 0x00, 0x00, 0x00, 0x00, 0x00, 0x00, 0x00, 0x00, 0x00, 0x00, 0x00, 0x00,  //............. 


  /*Unicode: U+c158 (션) , Width: 13 */
  0x00, 0x00, 0x00, 0x00, 0x00, 0x00, 0x00, 0x00, 0x00, 0x00, 0x00, 0x00, 0x00,  //............. 
  0x00, 0x00, 0x00, 0x00, 0x00, 0x00, 0x00, 0x00, 0x00, 0x00, 0x00, 0x00, 0x00,  //............. 
  0x00, 0x00, 0x00, 0x00, 0x00, 0x00, 0x00, 0x00, 0x00, 0x00, 0x00, 0x00, 0x00,  //............. 
  0x00, 0x00, 0x00, 0x00, 0x00, 0x00, 0x00, 0x00, 0x00, 0x00, 0x6c, 0x8e, 0x20,  //..........+%. 
  0x00, 0x00, 0x00, 0x26, 0xff, 0xf2, 0x00, 0x00, 0x00, 0x00, 0xc2, 0xff, 0x3a,  //....@@....@@. 
  0x00, 0x00, 0x00, 0x32, 0xff, 0xff, 0x00, 0x0a, 0xbe, 0xbe, 0xff, 0xff, 0x3a,  //....@@..%%@@. 
  0x00, 0x00, 0x00, 0x4a, 0xff, 0xff, 0x00, 0x0c, 0xd2, 0xd2, 0xff, 0xff, 0x3a,  //...+@@..@@@@. 
  0x00, 0x00, 0x00, 0x7e, 0xff, 0xff, 0x1c, 0x00, 0x12, 0x12, 0xd0, 0xff, 0x3a,  //...+@@....@@. 
  0x00, 0x00, 0x08, 0xe2, 0xff, 0xff, 0x90, 0x0e, 0xff, 0xff, 0xff, 0xff, 0x3a,  //...@@@%.@@@@. 
  0x00, 0x06, 0xb2, 0xff, 0x96, 0xe4, 0xff, 0x70, 0x7e, 0x7e, 0xff, 0xff, 0x3a,  //..%@%@@+++@@. 
  0x2e, 0xe0, 0xff, 0xd8, 0x0c, 0x44, 0xf8, 0xff, 0x9c, 0x00, 0xc2, 0xff, 0x3a,  //.@@@.+@@%.@@. 
  0x06, 0xd2, 0xb0, 0x14, 0x00, 0x00, 0x3e, 0xce, 0x30, 0x00, 0xc2, 0xff, 0x3a,  //.@%....@..@@. 
  0x00, 0x06, 0x00, 0x30, 0x32, 0x00, 0x00, 0x00, 0x00, 0x00, 0xc2, 0xff, 0x3a,  //..........@@. 
  0x00, 0x00, 0x00, 0xf2, 0xff, 0x0a, 0x00, 0x00, 0x00, 0x00, 0x8a, 0xb6, 0x2a,  //...@@.....%%. 
  0x00, 0x00, 0x00, 0xf2, 0xff, 0x0a, 0x00, 0x00, 0x00, 0x00, 0x00, 0x00, 0x00,  //...@@........ 
  0x00, 0x00, 0x00, 0xff, 0xff, 0x8e, 0x82, 0x82, 0x82, 0x82, 0x82, 0x82, 0x46,  //...@@%%%%%%%+ 
  0x00, 0x00, 0x00, 0xff, 0xff, 0xff, 0xff, 0xff, 0xff, 0xff, 0xff, 0xff, 0x8a,  //...@@@@@@@@@% 
  0x00, 0x00, 0x00, 0x14, 0x16, 0x16, 0x16, 0x16, 0x16, 0x16, 0x16, 0x16, 0x0c,  //............. 
  0x00, 0x00, 0x00, 0x00, 0x00, 0x00, 0x00, 0x00, 0x00, 0x00, 0x00, 0x00, 0x00,  //............. 
  0x00, 0x00, 0x00, 0x00, 0x00, 0x00, 0x00, 0x00, 0x00, 0x00, 0x00, 0x00, 0x00,  //............. 
  0x00, 0x00, 0x00, 0x00, 0x00, 0x00, 0x00, 0x00, 0x00, 0x00, 0x00, 0x00, 0x00,  //............. 


  /*Unicode: U+c18c (소) , Width: 14 */
  0x00, 0x00, 0x00, 0x00, 0x00, 0x00, 0x00, 0x00, 0x00, 0x00, 0x00, 0x00, 0x00, 0x00,  //.............. 
  0x00, 0x00, 0x00, 0x00, 0x00, 0x00, 0x00, 0x00, 0x00, 0x00, 0x00, 0x00, 0x00, 0x00,  //.............. 
  0x00, 0x00, 0x00, 0x00, 0x00, 0x00, 0x00, 0x00, 0x00, 0x00, 0x00, 0x00, 0x00, 0x00,  //.............. 
  0x00, 0x00, 0x00, 0x00, 0x00, 0x00, 0x00, 0x00, 0x00, 0x00, 0x00, 0x00, 0x00, 0x00,  //.............. 
  0x00, 0x00, 0x00, 0x00, 0x00, 0x2a, 0xff, 0xff, 0x00, 0x00, 0x00, 0x00, 0x00, 0x00,  //......@@...... 
  0x00, 0x00, 0x00, 0x00, 0x00, 0x44, 0xff, 0xff, 0x00, 0x00, 0x00, 0x00, 0x00, 0x00,  //.....+@@...... 
  0x00, 0x00, 0x00, 0x00, 0x00, 0x82, 0xff, 0xff, 0x30, 0x00, 0x00, 0x00, 0x00, 0x00,  //.....%@@...... 
  0x00, 0x00, 0x00, 0x00, 0x22, 0xf0, 0xff, 0xff, 0xba, 0x02, 0x00, 0x00, 0x00, 0x00,  //.....@@@%..... 
  0x00, 0x00, 0x00, 0x34, 0xe0, 0xff, 0x78, 0xcc, 0xff, 0xac, 0x12, 0x00, 0x00, 0x00,  //....@@+@@%.... 
  0x00, 0x60, 0xae, 0xfc, 0xff, 0x9a, 0x00, 0x16, 0xd8, 0xff, 0xee, 0x92, 0x3a, 0x00,  //.+%@@%..@@@%.. 
  0x00, 0xbc, 0xff, 0xde, 0x56, 0x00, 0x02, 0x02, 0x0a, 0x8c, 0xf4, 0xff, 0x66, 0x00,  //.%@@+....%@@+. 
  0x00, 0x26, 0x32, 0x00, 0x00, 0x2a, 0xff, 0xd2, 0x00, 0x00, 0x08, 0x4a, 0x04, 0x00,  //......@@...+.. 
  0x00, 0x00, 0x00, 0x00, 0x00, 0x2a, 0xff, 0xd2, 0x00, 0x00, 0x00, 0x00, 0x00, 0x00,  //......@@...... 
  0x00, 0x00, 0x00, 0x00, 0x00, 0x2a, 0xff, 0xd2, 0x00, 0x00, 0x00, 0x00, 0x00, 0x00,  //......@@...... 
  0x5a, 0xea, 0xea, 0xea, 0xea, 0xff, 0xff, 0xff, 0xea, 0xea, 0xea, 0xea, 0xea, 0x2e,  //+@@@@@@@@@@@@. 
  0x44, 0xb2, 0xb2, 0xb2, 0xb2, 0xb2, 0xb2, 0xb2, 0xb2, 0xb2, 0xb2, 0xb2, 0xb2, 0x22,  //+%%%%%%%%%%%%. 
  0x00, 0x00, 0x00, 0x00, 0x00, 0x00, 0x00, 0x00, 0x00, 0x00, 0x00, 0x00, 0x00, 0x00,  //.............. 
  0x00, 0x00, 0x00, 0x00, 0x00, 0x00, 0x00, 0x00, 0x00, 0x00, 0x00, 0x00, 0x00, 0x00,  //.............. 
  0x00, 0x00, 0x00, 0x00, 0x00, 0x00, 0x00, 0x00, 0x00, 0x00, 0x00, 0x00, 0x00, 0x00,  //.............. 
  0x00, 0x00, 0x00, 0x00, 0x00, 0x00, 0x00, 0x00, 0x00, 0x00, 0x00, 0x00, 0x00, 0x00,  //.............. 
  0x00, 0x00, 0x00, 0x00, 0x00, 0x00, 0x00, 0x00, 0x00, 0x00, 0x00, 0x00, 0x00, 0x00,  //.............. 


  /*Unicode: U+c190 (손) , Width: 14 */
  0x00, 0x00, 0x00, 0x00, 0x00, 0x00, 0x00, 0x00, 0x00, 0x00, 0x00, 0x00, 0x00, 0x00,  //.............. 
  0x00, 0x00, 0x00, 0x00, 0x00, 0x00, 0x00, 0x00, 0x00, 0x00, 0x00, 0x00, 0x00, 0x00,  //.............. 
  0x00, 0x00, 0x00, 0x00, 0x00, 0x00, 0x00, 0x00, 0x00, 0x00, 0x00, 0x00, 0x00, 0x00,  //.............. 
  0x00, 0x00, 0x00, 0x00, 0x00, 0x04, 0x4e, 0x3e, 0x00, 0x00, 0x00, 0x00, 0x00, 0x00,  //......+....... 
  0x00, 0x00, 0x00, 0x00, 0x00, 0x34, 0xff, 0xff, 0x00, 0x00, 0x00, 0x00, 0x00, 0x00,  //......@@...... 
  0x00, 0x00, 0x00, 0x00, 0x00, 0x84, 0xff, 0xff, 0x34, 0x00, 0x00, 0x00, 0x00, 0x00,  //.....%@@...... 
  0x00, 0x00, 0x00, 0x00, 0x50, 0xf8, 0xff, 0xff, 0xd8, 0x1e, 0x00, 0x00, 0x00, 0x00,  //....+@@@@..... 
  0x00, 0x14, 0x4e, 0xb0, 0xff, 0xf2, 0x3e, 0x7e, 0xff, 0xf2, 0x8a, 0x3c, 0x08, 0x00,  //..+%@@.+@@%... 
  0x00, 0x78, 0xff, 0xff, 0xba, 0x38, 0x4e, 0x42, 0x54, 0xda, 0xff, 0xff, 0x34, 0x00,  //.+@@%.+++@@@.. 
  0x00, 0x0c, 0x66, 0x24, 0x00, 0x22, 0xff, 0xda, 0x00, 0x02, 0x36, 0x60, 0x00, 0x00,  //..+...@@...+.. 
  0x24, 0x5a, 0x5a, 0x5a, 0x5a, 0x7e, 0xff, 0xff, 0x5a, 0x5a, 0x5a, 0x5a, 0x5a, 0x10,  //.+++++@@+++++. 
  0x66, 0xff, 0xff, 0xff, 0xff, 0xff, 0xff, 0xff, 0xff, 0xff, 0xff, 0xff, 0xff, 0x2e,  //+@@@@@@@@@@@@. 
  0x14, 0x36, 0x36, 0x36, 0x36, 0x36, 0x36, 0x36, 0x36, 0x36, 0x36, 0x36, 0x36, 0x08,  //.............. 
  0x00, 0x00, 0xcc, 0xea, 0x1c, 0x00, 0x00, 0x00, 0x00, 0x00, 0x00, 0x00, 0x00, 0x00,  //..@@.......... 
  0x00, 0x00, 0xde, 0xff, 0x1e, 0x00, 0x00, 0x00, 0x00, 0x00, 0x00, 0x00, 0x00, 0x00,  //..@@.......... 
  0x00, 0x00, 0xff, 0xff, 0xa2, 0x82, 0x82, 0x82, 0x82, 0x82, 0x82, 0x64, 0x00, 0x00,  //..@@%%%%%%%+.. 
  0x00, 0x00, 0xe8, 0xff, 0xff, 0xff, 0xff, 0xff, 0xff, 0xff, 0xff, 0xc2, 0x00, 0x00,  //..@@@@@@@@@@.. 
  0x00, 0x00, 0x14, 0x16, 0x16, 0x16, 0x16, 0x16, 0x16, 0x16, 0x16, 0x10, 0x00, 0x00,  //.............. 
  0x00, 0x00, 0x00, 0x00, 0x00, 0x00, 0x00, 0x00, 0x00, 0x00, 0x00, 0x00, 0x00, 0x00,  //.............. 
  0x00, 0x00, 0x00, 0x00, 0x00, 0x00, 0x00, 0x00, 0x00, 0x00, 0x00, 0x00, 0x00, 0x00,  //.............. 
  0x00, 0x00, 0x00, 0x00, 0x00, 0x00, 0x00, 0x00, 0x00, 0x00, 0x00, 0x00, 0x00, 0x00,  //.............. 


  /*Unicode: U+c1a1 (송) , Width: 14 */
  0x00, 0x00, 0x00, 0x00, 0x00, 0x00, 0x00, 0x00, 0x00, 0x00, 0x00, 0x00, 0x00, 0x00,  //.............. 
  0x00, 0x00, 0x00, 0x00, 0x00, 0x00, 0x00, 0x00, 0x00, 0x00, 0x00, 0x00, 0x00, 0x00,  //.............. 
  0x00, 0x00, 0x00, 0x00, 0x00, 0x00, 0x00, 0x00, 0x00, 0x00, 0x00, 0x00, 0x00, 0x00,  //.............. 
  0x00, 0x00, 0x00, 0x00, 0x00, 0x0a, 0x90, 0x72, 0x00, 0x00, 0x00, 0x00, 0x00, 0x00,  //......%+...... 
  0x00, 0x00, 0x00, 0x00, 0x00, 0x3a, 0xff, 0xff, 0x00, 0x00, 0x00, 0x00, 0x00, 0x00,  //......@@...... 
  0x00, 0x00, 0x00, 0x00, 0x00, 0xa2, 0xff, 0xff, 0x52, 0x00, 0x00, 0x00, 0x00, 0x00,  //.....%@@+..... 
  0x00, 0x00, 0x00, 0x0e, 0x94, 0xff, 0xea, 0xf8, 0xf2, 0x5a, 0x00, 0x00, 0x00, 0x00,  //....%@@@@+.... 
  0x00, 0x50, 0xa4, 0xf0, 0xff, 0xce, 0x16, 0x42, 0xf0, 0xff, 0xd8, 0x92, 0x2c, 0x00,  //.+%@@@.+@@@%.. 
  0x00, 0x58, 0xfc, 0xd0, 0x68, 0x1a, 0xa2, 0x8a, 0x16, 0x8c, 0xe0, 0xf8, 0x1a, 0x00,  //.+@@+.%%.%@@.. 
  0x00, 0x02, 0x10, 0x00, 0x00, 0x22, 0xff, 0xda, 0x00, 0x00, 0x00, 0x12, 0x00, 0x00,  //......@@...... 
  0x60, 0xee, 0xee, 0xee, 0xee, 0xff, 0xff, 0xff, 0xee, 0xee, 0xee, 0xee, 0xee, 0x28,  //+@@@@@@@@@@@@. 
  0x40, 0xa2, 0xa2, 0xa2, 0xa2, 0xa2, 0xa2, 0xa2, 0xa2, 0xa2, 0xa2, 0xa2, 0xa2, 0x1a,  //+%%%%%%%%%%%%. 
  0x00, 0x00, 0x00, 0x0a, 0x52, 0x7e, 0x92, 0x8c, 0x78, 0x3c, 0x00, 0x00, 0x00, 0x00,  //....++%%+..... 
  0x00, 0x00, 0x52, 0xf2, 0xff, 0xf6, 0xe6, 0xea, 0xfc, 0xff, 0xda, 0x22, 0x00, 0x00,  //..+@@@@@@@@... 
  0x00, 0x00, 0xe0, 0xff, 0x52, 0x02, 0x00, 0x00, 0x0a, 0x96, 0xff, 0x9c, 0x00, 0x00,  //..@@+....%@%.. 
  0x00, 0x00, 0xcc, 0xff, 0x92, 0x3e, 0x2a, 0x2e, 0x4a, 0xc2, 0xff, 0x88, 0x00, 0x00,  //..@@%...+@@%.. 
  0x00, 0x00, 0x26, 0xbc, 0xfc, 0xff, 0xff, 0xff, 0xff, 0xf2, 0x9c, 0x0a, 0x00, 0x00,  //...%@@@@@@%... 
  0x00, 0x00, 0x00, 0x00, 0x12, 0x38, 0x4a, 0x46, 0x32, 0x06, 0x00, 0x00, 0x00, 0x00,  //......++...... 
  0x00, 0x00, 0x00, 0x00, 0x00, 0x00, 0x00, 0x00, 0x00, 0x00, 0x00, 0x00, 0x00, 0x00,  //.............. 
  0x00, 0x00, 0x00, 0x00, 0x00, 0x00, 0x00, 0x00, 0x00, 0x00, 0x00, 0x00, 0x00, 0x00,  //.............. 
  0x00, 0x00, 0x00, 0x00, 0x00, 0x00, 0x00, 0x00, 0x00, 0x00, 0x00, 0x00, 0x00, 0x00,  //.............. 


  /*Unicode: U+c218 (수) , Width: 14 */
  0x00, 0x00, 0x00, 0x00, 0x00, 0x00, 0x00, 0x00, 0x00, 0x00, 0x00, 0x00, 0x00, 0x00,  //.............. 
  0x00, 0x00, 0x00, 0x00, 0x00, 0x00, 0x00, 0x00, 0x00, 0x00, 0x00, 0x00, 0x00, 0x00,  //.............. 
  0x00, 0x00, 0x00, 0x00, 0x00, 0x00, 0x00, 0x00, 0x00, 0x00, 0x00, 0x00, 0x00, 0x00,  //.............. 
  0x00, 0x00, 0x00, 0x00, 0x00, 0x04, 0x4c, 0x42, 0x00, 0x00, 0x00, 0x00, 0x00, 0x00,  //......++...... 
  0x00, 0x00, 0x00, 0x00, 0x00, 0x2c, 0xff, 0xff, 0x00, 0x00, 0x00, 0x00, 0x00, 0x00,  //......@@...... 
  0x00, 0x00, 0x00, 0x00, 0x00, 0x6a, 0xff, 0xff, 0x36, 0x00, 0x00, 0x00, 0x00, 0x00,  //.....+@@...... 
  0x00, 0x00, 0x00, 0x00, 0x22, 0xe6, 0xff, 0xff, 0xca, 0x0e, 0x00, 0x00, 0x00, 0x00,  //.....@@@@..... 
  0x00, 0x00, 0x02, 0x62, 0xe8, 0xff, 0x7a, 0xa8, 0xff, 0xd6, 0x4a, 0x00, 0x00, 0x00,  //...+@@+%@@+... 
  0x00, 0x94, 0xf2, 0xff, 0xf6, 0x78, 0x00, 0x02, 0x98, 0xfc, 0xff, 0xe8, 0x6c, 0x00,  //.%@@@+..%@@@+. 
  0x00, 0x5a, 0xca, 0x84, 0x1c, 0x00, 0x00, 0x00, 0x00, 0x30, 0x94, 0xd6, 0x2e, 0x00,  //.+@%......%@.. 
  0x02, 0x06, 0x06, 0x06, 0x06, 0x06, 0x06, 0x06, 0x06, 0x06, 0x06, 0x06, 0x06, 0x00,  //.............. 
  0x62, 0xff, 0xff, 0xff, 0xff, 0xff, 0xff, 0xff, 0xff, 0xff, 0xff, 0xff, 0xff, 0x2e,  //+@@@@@@@@@@@@. 
  0x3a, 0x96, 0x96, 0x96, 0x96, 0xb4, 0xff, 0xff, 0x96, 0x96, 0x96, 0x96, 0x96, 0x1a,  //.%%%%%@@%%%%%. 
  0x00, 0x00, 0x00, 0x00, 0x00, 0x26, 0xff, 0xd6, 0x00, 0x00, 0x00, 0x00, 0x00, 0x00,  //......@@...... 
  0x00, 0x00, 0x00, 0x00, 0x00, 0x26, 0xff, 0xd6, 0x00, 0x00, 0x00, 0x00, 0x00, 0x00,  //......@@...... 
  0x00, 0x00, 0x00, 0x00, 0x00, 0x26, 0xff, 0xd6, 0x00, 0x00, 0x00, 0x00, 0x00, 0x00,  //......@@...... 
  0x00, 0x00, 0x00, 0x00, 0x00, 0x26, 0xff, 0xd6, 0x00, 0x00, 0x00, 0x00, 0x00, 0x00,  //......@@...... 
  0x00, 0x00, 0x00, 0x00, 0x00, 0x0c, 0x52, 0x44, 0x00, 0x00, 0x00, 0x00, 0x00, 0x00,  //......++...... 
  0x00, 0x00, 0x00, 0x00, 0x00, 0x00, 0x00, 0x00, 0x00, 0x00, 0x00, 0x00, 0x00, 0x00,  //.............. 
  0x00, 0x00, 0x00, 0x00, 0x00, 0x00, 0x00, 0x00, 0x00, 0x00, 0x00, 0x00, 0x00, 0x00,  //.............. 
  0x00, 0x00, 0x00, 0x00, 0x00, 0x00, 0x00, 0x00, 0x00, 0x00, 0x00, 0x00, 0x00, 0x00,  //.............. 


  /*Unicode: U+c2a4 (스) , Width: 14 */
  0x00, 0x00, 0x00, 0x00, 0x00, 0x00, 0x00, 0x00, 0x00, 0x00, 0x00, 0x00, 0x00, 0x00,  //.............. 
  0x00, 0x00, 0x00, 0x00, 0x00, 0x00, 0x00, 0x00, 0x00, 0x00, 0x00, 0x00, 0x00, 0x00,  //.............. 
  0x00, 0x00, 0x00, 0x00, 0x00, 0x00, 0x00, 0x00, 0x00, 0x00, 0x00, 0x00, 0x00, 0x00,  //.............. 
  0x00, 0x00, 0x00, 0x00, 0x00, 0x00, 0x00, 0x00, 0x00, 0x00, 0x00, 0x00, 0x00, 0x00,  //.............. 
  0x00, 0x00, 0x00, 0x00, 0x00, 0x28, 0xff, 0xff, 0x00, 0x00, 0x00, 0x00, 0x00, 0x00,  //......@@...... 
  0x00, 0x00, 0x00, 0x00, 0x00, 0x42, 0xff, 0xff, 0x00, 0x00, 0x00, 0x00, 0x00, 0x00,  //.....+@@...... 
  0x00, 0x00, 0x00, 0x00, 0x00, 0x7a, 0xff, 0xff, 0x28, 0x00, 0x00, 0x00, 0x00, 0x00,  //.....+@@...... 
  0x00, 0x00, 0x00, 0x00, 0x14, 0xea, 0xff, 0xff, 0xa6, 0x00, 0x00, 0x00, 0x00, 0x00,  //.....@@@%..... 
  0x00, 0x00, 0x00, 0x1a, 0xce, 0xff, 0x8a, 0xda, 0xff, 0x8a, 0x02, 0x00, 0x00, 0x00,  //....@@%@@%.... 
  0x00, 0x32, 0x84, 0xf2, 0xff, 0xb6, 0x02, 0x26, 0xec, 0xff, 0xd4, 0x64, 0x1a, 0x00,  //..%@@%..@@@+.. 
  0x00, 0xcc, 0xff, 0xf8, 0x80, 0x04, 0x00, 0x00, 0x1e, 0xb8, 0xff, 0xff, 0x7c, 0x00,  //.@@@%....%@@+. 
  0x00, 0x3c, 0x66, 0x16, 0x00, 0x00, 0x00, 0x00, 0x00, 0x00, 0x2e, 0x7e, 0x0c, 0x00,  //..+........+.. 
  0x00, 0x00, 0x00, 0x00, 0x00, 0x00, 0x00, 0x00, 0x00, 0x00, 0x00, 0x00, 0x00, 0x00,  //.............. 
  0x00, 0x00, 0x00, 0x00, 0x00, 0x00, 0x00, 0x00, 0x00, 0x00, 0x00, 0x00, 0x00, 0x00,  //.............. 
  0x62, 0xff, 0xff, 0xff, 0xff, 0xff, 0xff, 0xff, 0xff, 0xff, 0xff, 0xff, 0xff, 0x32,  //+@@@@@@@@@@@@. 
  0x3e, 0xa2, 0xa2, 0xa2, 0xa2, 0xa2, 0xa2, 0xa2, 0xa2, 0xa2, 0xa2, 0xa2, 0xa2, 0x20,  //.%%%%%%%%%%%%. 
  0x00, 0x00, 0x00, 0x00, 0x00, 0x00, 0x00, 0x00, 0x00, 0x00, 0x00, 0x00, 0x00, 0x00,  //.............. 
  0x00, 0x00, 0x00, 0x00, 0x00, 0x00, 0x00, 0x00, 0x00, 0x00, 0x00, 0x00, 0x00, 0x00,  //.............. 
  0x00, 0x00, 0x00, 0x00, 0x00, 0x00, 0x00, 0x00, 0x00, 0x00, 0x00, 0x00, 0x00, 0x00,  //.............. 
  0x00, 0x00, 0x00, 0x00, 0x00, 0x00, 0x00, 0x00, 0x00, 0x00, 0x00, 0x00, 0x00, 0x00,  //.............. 
  0x00, 0x00, 0x00, 0x00, 0x00, 0x00, 0x00, 0x00, 0x00, 0x00, 0x00, 0x00, 0x00, 0x00,  //.............. 


  /*Unicode: U+c2b5 (습) , Width: 14 */
  0x00, 0x00, 0x00, 0x00, 0x00, 0x00, 0x00, 0x00, 0x00, 0x00, 0x00, 0x00, 0x00, 0x00,  //.............. 
  0x00, 0x00, 0x00, 0x00, 0x00, 0x00, 0x00, 0x00, 0x00, 0x00, 0x00, 0x00, 0x00, 0x00,  //.............. 
  0x00, 0x00, 0x00, 0x00, 0x00, 0x00, 0x00, 0x00, 0x00, 0x00, 0x00, 0x00, 0x00, 0x00,  //.............. 
  0x00, 0x00, 0x00, 0x00, 0x00, 0x0e, 0xc2, 0x9e, 0x00, 0x00, 0x00, 0x00, 0x00, 0x00,  //......@%...... 
  0x00, 0x00, 0x00, 0x00, 0x00, 0x40, 0xff, 0xff, 0x06, 0x00, 0x00, 0x00, 0x00, 0x00,  //.....+@@...... 
  0x00, 0x00, 0x00, 0x00, 0x06, 0xc0, 0xff, 0xff, 0x88, 0x00, 0x00, 0x00, 0x00, 0x00,  //.....@@@%..... 
  0x00, 0x00, 0x00, 0x46, 0xcc, 0xff, 0xae, 0xd6, 0xff, 0xa8, 0x2a, 0x00, 0x00, 0x00,  //...+@@%@@%.... 
  0x00, 0x7a, 0xec, 0xff, 0xfa, 0x94, 0x02, 0x12, 0xb8, 0xff, 0xff, 0xe0, 0x4c, 0x00,  //.+@@@%..%@@@+. 
  0x00, 0x3a, 0xbe, 0x80, 0x22, 0x00, 0x00, 0x00, 0x00, 0x3a, 0x90, 0xc2, 0x0e, 0x00,  //..%%......%@.. 
  0x32, 0x7e, 0x7e, 0x7e, 0x7e, 0x7e, 0x7e, 0x7e, 0x7e, 0x7e, 0x7e, 0x7e, 0x7e, 0x14,  //.++++++++++++. 
  0x66, 0xff, 0xff, 0xff, 0xff, 0xff, 0xff, 0xff, 0xff, 0xff, 0xff, 0xff, 0xff, 0x2a,  //+@@@@@@@@@@@@. 
  0x04, 0x0e, 0x4a, 0x4e, 0x12, 0x0e, 0x0e, 0x0e, 0x0e, 0x28, 0x4e, 0x34, 0x0e, 0x00,  //..++......+... 
  0x00, 0x00, 0xee, 0xff, 0x1e, 0x12, 0x12, 0x12, 0x12, 0x6e, 0xff, 0x92, 0x00, 0x00,  //..@@.....+@%.. 
  0x00, 0x00, 0xee, 0xff, 0xff, 0xff, 0xff, 0xff, 0xff, 0xff, 0xff, 0x92, 0x00, 0x00,  //..@@@@@@@@@%.. 
  0x00, 0x00, 0xee, 0xff, 0x70, 0x6a, 0x6a, 0x6a, 0x6a, 0xa4, 0xff, 0x92, 0x00, 0x00,  //..@@+++++%@%.. 
  0x00, 0x00, 0xee, 0xff, 0x66, 0x5e, 0x5e, 0x5e, 0x5e, 0x9c, 0xff, 0x92, 0x00, 0x00,  //..@@+++++%@%.. 
  0x00, 0x00, 0xee, 0xff, 0xff, 0xff, 0xff, 0xff, 0xff, 0xff, 0xff, 0x92, 0x00, 0x00,  //..@@@@@@@@@%.. 
  0x00, 0x00, 0x2c, 0x2e, 0x2e, 0x2e, 0x2e, 0x2e, 0x2e, 0x2e, 0x2e, 0x1a, 0x00, 0x00,  //.............. 
  0x00, 0x00, 0x00, 0x00, 0x00, 0x00, 0x00, 0x00, 0x00, 0x00, 0x00, 0x00, 0x00, 0x00,  //.............. 
  0x00, 0x00, 0x00, 0x00, 0x00, 0x00, 0x00, 0x00, 0x00, 0x00, 0x00, 0x00, 0x00, 0x00,  //.............. 
  0x00, 0x00, 0x00, 0x00, 0x00, 0x00, 0x00, 0x00, 0x00, 0x00, 0x00, 0x00, 0x00, 0x00,  //.............. 


  /*Unicode: U+c2dc (시) , Width: 13 */
  0x00, 0x00, 0x00, 0x00, 0x00, 0x00, 0x00, 0x00, 0x00, 0x00, 0x00, 0x00, 0x00,  //............. 
  0x00, 0x00, 0x00, 0x00, 0x00, 0x00, 0x00, 0x00, 0x00, 0x00, 0x00, 0x00, 0x00,  //............. 
  0x00, 0x00, 0x00, 0x00, 0x00, 0x00, 0x00, 0x00, 0x00, 0x00, 0x00, 0x00, 0x00,  //............. 
  0x00, 0x00, 0x00, 0x00, 0x00, 0x00, 0x00, 0x00, 0x00, 0x00, 0x7e, 0x92, 0x12,  //..........+%. 
  0x00, 0x00, 0x00, 0x00, 0xc8, 0xc8, 0x00, 0x00, 0x00, 0x00, 0xda, 0xff, 0x22,  //....@@....@@. 
  0x00, 0x00, 0x00, 0x02, 0xff, 0xff, 0x00, 0x00, 0x00, 0x00, 0xda, 0xff, 0x22,  //....@@....@@. 
  0x00, 0x00, 0x00, 0x06, 0xff, 0xff, 0x02, 0x00, 0x00, 0x00, 0xda, 0xff, 0x22,  //....@@....@@. 
  0x00, 0x00, 0x00, 0x1e, 0xff, 0xff, 0x18, 0x00, 0x00, 0x00, 0xda, 0xff, 0x22,  //....@@....@@. 
  0x00, 0x00, 0x00, 0x42, 0xff, 0xff, 0x3e, 0x00, 0x00, 0x00, 0xda, 0xff, 0x22,  //...+@@....@@. 
  0x00, 0x00, 0x00, 0x92, 0xff, 0xff, 0x96, 0x00, 0x00, 0x00, 0xda, 0xff, 0x22,  //...%@@%...@@. 
  0x00, 0x00, 0x12, 0xea, 0xee, 0xe8, 0xf0, 0x20, 0x00, 0x00, 0xda, 0xff, 0x22,  //...@@@@...@@. 
  0x00, 0x00, 0xb0, 0xff, 0x96, 0x80, 0xff, 0xca, 0x0c, 0x00, 0xda, 0xff, 0x22,  //..%@%%@@..@@. 
  0x20, 0xc0, 0xff, 0xea, 0x18, 0x08, 0xd0, 0xff, 0xda, 0x2c, 0xda, 0xff, 0x22,  //.@@@..@@@.@@. 
  0x30, 0xf8, 0xee, 0x3c, 0x00, 0x00, 0x16, 0xc6, 0xd4, 0x08, 0xda, 0xff, 0x22,  //.@@....@@.@@. 
  0x00, 0x50, 0x1e, 0x00, 0x00, 0x00, 0x00, 0x00, 0x14, 0x00, 0xda, 0xff, 0x22,  //.+........@@. 
  0x00, 0x00, 0x00, 0x00, 0x00, 0x00, 0x00, 0x00, 0x00, 0x00, 0xda, 0xff, 0x22,  //..........@@. 
  0x00, 0x00, 0x00, 0x00, 0x00, 0x00, 0x00, 0x00, 0x00, 0x00, 0xda, 0xff, 0x22,  //..........@@. 
  0x00, 0x00, 0x00, 0x00, 0x00, 0x00, 0x00, 0x00, 0x00, 0x00, 0x4a, 0x56, 0x0a,  //..........++. 
  0x00, 0x00, 0x00, 0x00, 0x00, 0x00, 0x00, 0x00, 0x00, 0x00, 0x00, 0x00, 0x00,  //............. 
  0x00, 0x00, 0x00, 0x00, 0x00, 0x00, 0x00, 0x00, 0x00, 0x00, 0x00, 0x00, 0x00,  //............. 
  0x00, 0x00, 0x00, 0x00, 0x00, 0x00, 0x00, 0x00, 0x00, 0x00, 0x00, 0x00, 0x00,  //............. 


  /*Unicode: U+c2e0 (신) , Width: 13 */
  0x00, 0x00, 0x00, 0x00, 0x00, 0x00, 0x00, 0x00, 0x00, 0x00, 0x00, 0x00, 0x00,  //............. 
  0x00, 0x00, 0x00, 0x00, 0x00, 0x00, 0x00, 0x00, 0x00, 0x00, 0x00, 0x00, 0x00,  //............. 
  0x00, 0x00, 0x00, 0x00, 0x00, 0x00, 0x00, 0x00, 0x00, 0x00, 0x00, 0x00, 0x00,  //............. 
  0x00, 0x00, 0x00, 0x00, 0x00, 0x00, 0x00, 0x00, 0x00, 0x00, 0x78, 0x8e, 0x14,  //..........+%. 
  0x00, 0x00, 0x00, 0x18, 0xff, 0xff, 0x00, 0x00, 0x00, 0x00, 0xd6, 0xff, 0x26,  //....@@....@@. 
  0x00, 0x00, 0x00, 0x20, 0xff, 0xff, 0x00, 0x00, 0x00, 0x00, 0xd6, 0xff, 0x26,  //....@@....@@. 
  0x00, 0x00, 0x00, 0x3c, 0xff, 0xff, 0x06, 0x00, 0x00, 0x00, 0xd6, 0xff, 0x26,  //....@@....@@. 
  0x00, 0x00, 0x00, 0x8a, 0xff, 0xff, 0x5c, 0x00, 0x00, 0x00, 0xd6, 0xff, 0x26,  //...%@@+...@@. 
  0x00, 0x00, 0x2c, 0xf4, 0xff, 0xff, 0xe2, 0x20, 0x00, 0x00, 0xd6, 0xff, 0x26,  //...@@@@...@@. 
  0x00, 0x52, 0xea, 0xff, 0x64, 0x8e, 0xff, 0xe6, 0x6a, 0x02, 0xd6, 0xff, 0x26,  //.+@@+%@@+.@@. 
  0x2e, 0xfa, 0xff, 0x8a, 0x00, 0x04, 0x98, 0xff, 0xb8, 0x00, 0xd6, 0xff, 0x26,  //.@@%..%@%.@@. 
  0x00, 0x68, 0x40, 0x00, 0x00, 0x00, 0x00, 0x30, 0x1c, 0x00, 0xd6, 0xff, 0x26,  //.++.......@@. 
  0x00, 0x00, 0x0a, 0x66, 0x5a, 0x00, 0x00, 0x00, 0x00, 0x00, 0xd6, 0xff, 0x26,  //...++.....@@. 
  0x00, 0x00, 0x1a, 0xff, 0xe2, 0x00, 0x00, 0x00, 0x00, 0x00, 0x78, 0x8e, 0x14,  //...@@.....+%. 
  0x00, 0x00, 0x1a, 0xff, 0xe2, 0x00, 0x00, 0x00, 0x00, 0x00, 0x00, 0x00, 0x00,  //...@@........ 
  0x00, 0x00, 0x28, 0xff, 0xff, 0x82, 0x82, 0x82, 0x82, 0x82, 0x82, 0x82, 0x42,  //...@@%%%%%%%+ 
  0x00, 0x00, 0x22, 0xff, 0xff, 0xff, 0xff, 0xff, 0xff, 0xff, 0xff, 0xff, 0x82,  //...@@@@@@@@@% 
  0x00, 0x00, 0x00, 0x16, 0x16, 0x16, 0x16, 0x16, 0x16, 0x16, 0x16, 0x16, 0x0a,  //............. 
  0x00, 0x00, 0x00, 0x00, 0x00, 0x00, 0x00, 0x00, 0x00, 0x00, 0x00, 0x00, 0x00,  //............. 
  0x00, 0x00, 0x00, 0x00, 0x00, 0x00, 0x00, 0x00, 0x00, 0x00, 0x00, 0x00, 0x00,  //............. 
  0x00, 0x00, 0x00, 0x00, 0x00, 0x00, 0x00, 0x00, 0x00, 0x00, 0x00, 0x00, 0x00,  //............. 


  /*Unicode: U+c2ed (십) , Width: 13 */
  0x00, 0x00, 0x00, 0x00, 0x00, 0x00, 0x00, 0x00, 0x00, 0x00, 0x00, 0x00, 0x00,  //............. 
  0x00, 0x00, 0x00, 0x00, 0x00, 0x00, 0x00, 0x00, 0x00, 0x00, 0x00, 0x00, 0x00,  //............. 
  0x00, 0x00, 0x00, 0x00, 0x00, 0x00, 0x00, 0x00, 0x00, 0x00, 0x00, 0x00, 0x00,  //............. 
  0x00, 0x00, 0x00, 0x04, 0x42, 0x36, 0x00, 0x00, 0x00, 0x00, 0x78, 0x8e, 0x14,  //....+.....+%. 
  0x00, 0x00, 0x00, 0x1e, 0xff, 0xff, 0x00, 0x00, 0x00, 0x00, 0xd6, 0xff, 0x26,  //....@@....@@. 
  0x00, 0x00, 0x00, 0x2e, 0xff, 0xff, 0x00, 0x00, 0x00, 0x00, 0xd6, 0xff, 0x26,  //....@@....@@. 
  0x00, 0x00, 0x00, 0x68, 0xff, 0xff, 0x2c, 0x00, 0x00, 0x00, 0xd6, 0xff, 0x26,  //...+@@....@@. 
  0x00, 0x00, 0x10, 0xde, 0xff, 0xff, 0xbc, 0x06, 0x00, 0x00, 0xd6, 0xff, 0x26,  //...@@@%...@@. 
  0x00, 0x2e, 0xd0, 0xff, 0x92, 0xb6, 0xff, 0xc4, 0x40, 0x00, 0xd6, 0xff, 0x26,  //..@@%%@@+.@@. 
  0x36, 0xff, 0xff, 0xb8, 0x06, 0x0a, 0xba, 0xff, 0xd2, 0x02, 0xd6, 0xff, 0x26,  //.@@%..%@@.@@. 
  0x00, 0x90, 0x64, 0x00, 0x00, 0x00, 0x00, 0x42, 0x30, 0x00, 0xc2, 0xe6, 0x22,  //.%+....+..@@. 
  0x00, 0x00, 0x08, 0x7a, 0x6c, 0x00, 0x00, 0x00, 0x00, 0x00, 0x64, 0x7a, 0x12,  //...++.....++. 
  0x00, 0x00, 0x12, 0xff, 0xe8, 0x2e, 0x2e, 0x2e, 0x2e, 0x2e, 0xda, 0xff, 0x26,  //...@@.....@@. 
  0x00, 0x00, 0x12, 0xff, 0xff, 0xff, 0xff, 0xff, 0xff, 0xff, 0xff, 0xff, 0x26,  //...@@@@@@@@@. 
  0x00, 0x00, 0x12, 0xff, 0xec, 0x52, 0x52, 0x52, 0x52, 0x52, 0xe0, 0xff, 0x26,  //...@@+++++@@. 
  0x00, 0x00, 0x12, 0xff, 0xee, 0x66, 0x66, 0x66, 0x66, 0x66, 0xe4, 0xff, 0x26,  //...@@+++++@@. 
  0x00, 0x00, 0x12, 0xff, 0xff, 0xff, 0xff, 0xff, 0xff, 0xff, 0xff, 0xff, 0x26,  //...@@@@@@@@@. 
  0x00, 0x00, 0x02, 0x2e, 0x2e, 0x2e, 0x2e, 0x2e, 0x2e, 0x2e, 0x2e, 0x2e, 0x06,  //............. 
  0x00, 0x00, 0x00, 0x00, 0x00, 0x00, 0x00, 0x00, 0x00, 0x00, 0x00, 0x00, 0x00,  //............. 
  0x00, 0x00, 0x00, 0x00, 0x00, 0x00, 0x00, 0x00, 0x00, 0x00, 0x00, 0x00, 0x00,  //............. 
  0x00, 0x00, 0x00, 0x00, 0x00, 0x00, 0x00, 0x00, 0x00, 0x00, 0x00, 0x00, 0x00,  //............. 


  /*Unicode: U+c4f0 (쓰) , Width: 14 */
  0x00, 0x00, 0x00, 0x00, 0x00, 0x00, 0x00, 0x00, 0x00, 0x00, 0x00, 0x00, 0x00, 0x00,  //.............. 
  0x00, 0x00, 0x00, 0x00, 0x00, 0x00, 0x00, 0x00, 0x00, 0x00, 0x00, 0x00, 0x00, 0x00,  //.............. 
  0x00, 0x00, 0x00, 0x00, 0x00, 0x00, 0x00, 0x00, 0x00, 0x00, 0x00, 0x00, 0x00, 0x00,  //.............. 
  0x00, 0x00, 0x00, 0x00, 0x00, 0x00, 0x00, 0x00, 0x00, 0x00, 0x00, 0x00, 0x00, 0x00,  //.............. 
  0x00, 0x00, 0x00, 0xb6, 0xec, 0x0e, 0x00, 0x00, 0x32, 0xff, 0x76, 0x00, 0x00, 0x00,  //...%@....@+... 
  0x00, 0x00, 0x00, 0xff, 0xff, 0x1a, 0x00, 0x00, 0x5a, 0xff, 0xd2, 0x00, 0x00, 0x00,  //...@@...+@@... 
  0x00, 0x00, 0x00, 0xff, 0xff, 0x28, 0x00, 0x00, 0x6e, 0xff, 0xde, 0x00, 0x00, 0x00,  //...@@...+@@... 
  0x00, 0x00, 0x1e, 0xff, 0xff, 0x5a, 0x00, 0x00, 0x9a, 0xff, 0xf0, 0x00, 0x00, 0x00,  //...@@+..%@@... 
  0x00, 0x00, 0x90, 0xff, 0xff, 0xc6, 0x02, 0x12, 0xee, 0xff, 0xff, 0x52, 0x00, 0x00,  //..%@@@..@@@+.. 
  0x00, 0x6a, 0xfc, 0xd0, 0x9c, 0xff, 0xa6, 0xc6, 0xff, 0x78, 0xf2, 0xec, 0x40, 0x00,  //.+@@%@%@@+@@+. 
  0x32, 0xfc, 0xee, 0x2e, 0x0e, 0xdc, 0xff, 0xff, 0xb2, 0x00, 0x5c, 0xfc, 0xea, 0x0e,  //.@@..@@@%.+@@. 
  0x00, 0x60, 0x22, 0x00, 0x00, 0x18, 0xec, 0x9e, 0x04, 0x00, 0x00, 0x3e, 0x46, 0x00,  //.+....@%....+. 
  0x00, 0x00, 0x00, 0x00, 0x00, 0x00, 0x00, 0x00, 0x00, 0x00, 0x00, 0x00, 0x00, 0x00,  //.............. 
  0x00, 0x02, 0x02, 0x02, 0x02, 0x02, 0x02, 0x02, 0x02, 0x02, 0x02, 0x02, 0x02, 0x00,  //.............. 
  0x66, 0xff, 0xff, 0xff, 0xff, 0xff, 0xff, 0xff, 0xff, 0xff, 0xff, 0xff, 0xff, 0x2e,  //+@@@@@@@@@@@@. 
  0x40, 0x9e, 0x9e, 0x9e, 0x9e, 0x9e, 0x9e, 0x9e, 0x9e, 0x9e, 0x9e, 0x9e, 0x9e, 0x1c,  //+%%%%%%%%%%%%. 
  0x00, 0x00, 0x00, 0x00, 0x00, 0x00, 0x00, 0x00, 0x00, 0x00, 0x00, 0x00, 0x00, 0x00,  //.............. 
  0x00, 0x00, 0x00, 0x00, 0x00, 0x00, 0x00, 0x00, 0x00, 0x00, 0x00, 0x00, 0x00, 0x00,  //.............. 
  0x00, 0x00, 0x00, 0x00, 0x00, 0x00, 0x00, 0x00, 0x00, 0x00, 0x00, 0x00, 0x00, 0x00,  //.............. 
  0x00, 0x00, 0x00, 0x00, 0x00, 0x00, 0x00, 0x00, 0x00, 0x00, 0x00, 0x00, 0x00, 0x00,  //.............. 
  0x00, 0x00, 0x00, 0x00, 0x00, 0x00, 0x00, 0x00, 0x00, 0x00, 0x00, 0x00, 0x00, 0x00,  //.............. 


  /*Unicode: U+c544 (아) , Width: 14 */
  0x00, 0x00, 0x00, 0x00, 0x00, 0x00, 0x00, 0x00, 0x00, 0x00, 0x00, 0x00, 0x00, 0x00,  //.............. 
  0x00, 0x00, 0x00, 0x00, 0x00, 0x00, 0x00, 0x00, 0x00, 0x00, 0x00, 0x00, 0x00, 0x00,  //.............. 
  0x00, 0x00, 0x00, 0x00, 0x00, 0x00, 0x00, 0x00, 0x00, 0x00, 0x00, 0x00, 0x00, 0x00,  //.............. 
  0x00, 0x00, 0x00, 0x00, 0x00, 0x00, 0x00, 0x00, 0x00, 0x48, 0x8e, 0x44, 0x00, 0x00,  //.........+%+.. 
  0x00, 0x00, 0x12, 0x74, 0x90, 0x58, 0x02, 0x00, 0x00, 0x82, 0xff, 0x7a, 0x00, 0x00,  //...+%+...%@+.. 
  0x00, 0x22, 0xe6, 0xff, 0xff, 0xff, 0xae, 0x00, 0x00, 0x82, 0xff, 0x7a, 0x00, 0x00,  //..@@@@%..%@+.. 
  0x00, 0xb6, 0xff, 0x90, 0x42, 0xcc, 0xff, 0x5a, 0x00, 0x82, 0xff, 0x7a, 0x00, 0x00,  //.%@%+@@+.%@+.. 
  0x14, 0xfc, 0xde, 0x00, 0x00, 0x38, 0xff, 0xb8, 0x00, 0x82, 0xff, 0x7a, 0x00, 0x00,  //.@@...@%.%@+.. 
  0x40, 0xff, 0xa6, 0x00, 0x00, 0x02, 0xfa, 0xe8, 0x00, 0x82, 0xff, 0xc6, 0x4e, 0x26,  //+@%...@@.%@@+. 
  0x4c, 0xff, 0x9a, 0x00, 0x00, 0x00, 0xf2, 0xf4, 0x00, 0x82, 0xff, 0xff, 0xff, 0x7e,  //+@%...@@.%@@@+ 
  0x3a, 0xff, 0xb0, 0x00, 0x00, 0x0a, 0xfc, 0xe0, 0x00, 0x82, 0xff, 0xc6, 0x4e, 0x26,  //.@%...@@.%@@+. 
  0x08, 0xf6, 0xee, 0x0e, 0x00, 0x56, 0xff, 0xa6, 0x00, 0x82, 0xff, 0x7a, 0x00, 0x00,  //.@@..+@%.%@+.. 
  0x00, 0x92, 0xff, 0xca, 0x8a, 0xee, 0xff, 0x3a, 0x00, 0x82, 0xff, 0x7a, 0x00, 0x00,  //.%@@%@@..%@+.. 
  0x00, 0x0a, 0xb6, 0xff, 0xff, 0xf8, 0x6e, 0x00, 0x00, 0x82, 0xff, 0x7a, 0x00, 0x00,  //..%@@@+..%@+.. 
  0x00, 0x00, 0x00, 0x2e, 0x48, 0x18, 0x00, 0x00, 0x00, 0x82, 0xff, 0x7a, 0x00, 0x00,  //....+....%@+.. 
  0x00, 0x00, 0x00, 0x00, 0x00, 0x00, 0x00, 0x00, 0x00, 0x82, 0xff, 0x7a, 0x00, 0x00,  //.........%@+.. 
  0x00, 0x00, 0x00, 0x00, 0x00, 0x00, 0x00, 0x00, 0x00, 0x82, 0xff, 0x7a, 0x00, 0x00,  //.........%@+.. 
  0x00, 0x00, 0x00, 0x00, 0x00, 0x00, 0x00, 0x00, 0x00, 0x2a, 0x52, 0x26, 0x00, 0x00,  //..........+... 
  0x00, 0x00, 0x00, 0x00, 0x00, 0x00, 0x00, 0x00, 0x00, 0x00, 0x00, 0x00, 0x00, 0x00,  //.............. 
  0x00, 0x00, 0x00, 0x00, 0x00, 0x00, 0x00, 0x00, 0x00, 0x00, 0x00, 0x00, 0x00, 0x00,  //.............. 
  0x00, 0x00, 0x00, 0x00, 0x00, 0x00, 0x00, 0x00, 0x00, 0x00, 0x00, 0x00, 0x00, 0x00,  //.............. 


  /*Unicode: U+c548 (안) , Width: 14 */
  0x00, 0x00, 0x00, 0x00, 0x00, 0x00, 0x00, 0x00, 0x00, 0x00, 0x00, 0x00, 0x00, 0x00,  //.............. 
  0x00, 0x00, 0x00, 0x00, 0x00, 0x00, 0x00, 0x00, 0x00, 0x00, 0x00, 0x00, 0x00, 0x00,  //.............. 
  0x00, 0x00, 0x00, 0x00, 0x00, 0x00, 0x00, 0x00, 0x00, 0x00, 0x00, 0x00, 0x00, 0x00,  //.............. 
  0x00, 0x00, 0x00, 0x00, 0x00, 0x00, 0x00, 0x00, 0x00, 0x40, 0x8e, 0x4a, 0x00, 0x00,  //.........+%+.. 
  0x00, 0x00, 0x2a, 0x88, 0xa2, 0x84, 0x24, 0x00, 0x00, 0x72, 0xff, 0x86, 0x00, 0x00,  //...%%%...+@%.. 
  0x00, 0x5a, 0xf8, 0xff, 0xff, 0xff, 0xf6, 0x4e, 0x00, 0x72, 0xff, 0x86, 0x00, 0x00,  //.+@@@@@+.+@%.. 
  0x0c, 0xf2, 0xfa, 0x64, 0x1e, 0x6c, 0xfc, 0xea, 0x06, 0x72, 0xff, 0x86, 0x00, 0x00,  //.@@+.+@@.+@%.. 
  0x3e, 0xff, 0xbe, 0x00, 0x00, 0x00, 0xcc, 0xff, 0x32, 0x72, 0xff, 0xff, 0x96, 0x38,  //.@%...@@.+@@%. 
  0x34, 0xff, 0xd0, 0x00, 0x00, 0x00, 0xde, 0xff, 0x28, 0x72, 0xff, 0xff, 0xff, 0x5e,  //.@@...@@.+@@@+ 
  0x02, 0xda, 0xff, 0xaa, 0x64, 0xb2, 0xff, 0xce, 0x00, 0x72, 0xff, 0x96, 0x0e, 0x04,  //.@@%+%@@.+@%.. 
  0x00, 0x2a, 0xda, 0xff, 0xff, 0xff, 0xd2, 0x22, 0x00, 0x72, 0xff, 0x86, 0x00, 0x00,  //..@@@@@..+@%.. 
  0x00, 0x00, 0x02, 0x40, 0x5a, 0x3c, 0x00, 0x00, 0x00, 0x72, 0xff, 0x86, 0x00, 0x00,  //...++....+@%.. 
  0x00, 0x00, 0x36, 0x82, 0x4c, 0x00, 0x00, 0x00, 0x00, 0x72, 0xff, 0x86, 0x00, 0x00,  //...%+....+@%.. 
  0x00, 0x00, 0x6a, 0xff, 0x96, 0x00, 0x00, 0x00, 0x00, 0x3e, 0x8a, 0x48, 0x00, 0x00,  //..+@%.....%+.. 
  0x00, 0x00, 0x6a, 0xff, 0x96, 0x00, 0x00, 0x00, 0x00, 0x00, 0x00, 0x00, 0x00, 0x00,  //..+@%......... 
  0x00, 0x00, 0xa2, 0xff, 0xff, 0x82, 0x82, 0x82, 0x82, 0x82, 0x82, 0x82, 0x02, 0x00,  //..%@@%%%%%%%.. 
  0x00, 0x00, 0x80, 0xff, 0xff, 0xff, 0xff, 0xff, 0xff, 0xff, 0xff, 0xff, 0x06, 0x00,  //..%@@@@@@@@@.. 
  0x00, 0x00, 0x08, 0x16, 0x16, 0x16, 0x16, 0x16, 0x16, 0x16, 0x16, 0x16, 0x00, 0x00,  //.............. 
  0x00, 0x00, 0x00, 0x00, 0x00, 0x00, 0x00, 0x00, 0x00, 0x00, 0x00, 0x00, 0x00, 0x00,  //.............. 
  0x00, 0x00, 0x00, 0x00, 0x00, 0x00, 0x00, 0x00, 0x00, 0x00, 0x00, 0x00, 0x00, 0x00,  //.............. 
  0x00, 0x00, 0x00, 0x00, 0x00, 0x00, 0x00, 0x00, 0x00, 0x00, 0x00, 0x00, 0x00, 0x00,  //.............. 


  /*Unicode: U+c54a (않) , Width: 14 */
  0x00, 0x00, 0x00, 0x00, 0x00, 0x00, 0x00, 0x00, 0x00, 0x00, 0x00, 0x00, 0x00, 0x00,  //.............. 
  0x00, 0x00, 0x00, 0x00, 0x00, 0x00, 0x00, 0x00, 0x00, 0x00, 0x00, 0x00, 0x00, 0x00,  //.............. 
  0x00, 0x00, 0x00, 0x00, 0x00, 0x00, 0x00, 0x00, 0x00, 0x00, 0x00, 0x00, 0x00, 0x00,  //.............. 
  0x00, 0x00, 0x00, 0x00, 0x00, 0x00, 0x00, 0x00, 0x00, 0x40, 0x8e, 0x4a, 0x00, 0x00,  //.........+%+.. 
  0x00, 0x02, 0x6a, 0xc4, 0xda, 0xba, 0x50, 0x00, 0x00, 0x72, 0xff, 0x86, 0x00, 0x00,  //..+@@%+..+@%.. 
  0x00, 0xa0, 0xff, 0xea, 0xc4, 0xf2, 0xff, 0x72, 0x00, 0x72, 0xff, 0x86, 0x00, 0x00,  //.%@@@@@+.+@%.. 
  0x24, 0xff, 0xde, 0x10, 0x00, 0x24, 0xfa, 0xf0, 0x02, 0x72, 0xff, 0xff, 0xae, 0x40,  //.@@...@@.+@@%+ 
  0x40, 0xff, 0xb0, 0x00, 0x00, 0x00, 0xe0, 0xff, 0x10, 0x72, 0xff, 0xff, 0xee, 0x58,  //+@%...@@.+@@@+ 
  0x12, 0xf6, 0xf2, 0x4c, 0x14, 0x6a, 0xff, 0xda, 0x00, 0x72, 0xff, 0x86, 0x00, 0x00,  //.@@+.+@@.+@%.. 
  0x00, 0x60, 0xfa, 0xff, 0xff, 0xff, 0xf0, 0x3c, 0x00, 0x72, 0xff, 0x86, 0x00, 0x00,  //.+@@@@@..+@%.. 
  0x00, 0x00, 0x26, 0x7a, 0x90, 0x6e, 0x16, 0x00, 0x42, 0x74, 0x50, 0x22, 0x00, 0x00,  //...+%+..+++... 
  0x00, 0x10, 0x62, 0x4a, 0x00, 0x16, 0x56, 0x56, 0xff, 0xff, 0x7e, 0x56, 0x36, 0x00,  //..++..++@@++.. 
  0x00, 0x2a, 0xff, 0xc2, 0x00, 0x46, 0xff, 0xff, 0xff, 0xff, 0xff, 0xff, 0xa2, 0x00,  //..@@.+@@@@@@%. 
  0x00, 0x2a, 0xff, 0xc2, 0x00, 0x04, 0x12, 0x3a, 0x8c, 0x96, 0x60, 0x14, 0x0a, 0x00,  //..@@....%%+... 
  0x00, 0x2a, 0xff, 0xc2, 0x00, 0x00, 0x32, 0xf8, 0xf0, 0xde, 0xff, 0x86, 0x00, 0x00,  //..@@...@@@@%.. 
  0x00, 0x40, 0xff, 0xff, 0xbc, 0xe8, 0x74, 0xff, 0x68, 0x16, 0xf6, 0xca, 0x00, 0x00,  //.+@@%@+@+.@@.. 
  0x00, 0x28, 0xf6, 0xf0, 0xde, 0xb0, 0x32, 0xe2, 0xff, 0xff, 0xfa, 0x62, 0x00, 0x00,  //..@@@%.@@@@+.. 
  0x00, 0x00, 0x00, 0x00, 0x00, 0x00, 0x00, 0x06, 0x40, 0x4c, 0x1a, 0x00, 0x00, 0x00,  //........++.... 
  0x00, 0x00, 0x00, 0x00, 0x00, 0x00, 0x00, 0x00, 0x00, 0x00, 0x00, 0x00, 0x00, 0x00,  //.............. 
  0x00, 0x00, 0x00, 0x00, 0x00, 0x00, 0x00, 0x00, 0x00, 0x00, 0x00, 0x00, 0x00, 0x00,  //.............. 
  0x00, 0x00, 0x00, 0x00, 0x00, 0x00, 0x00, 0x00, 0x00, 0x00, 0x00, 0x00, 0x00, 0x00,  //.............. 


  /*Unicode: U+c568 (앨) , Width: 13 */
  0x00, 0x00, 0x00, 0x00, 0x00, 0x00, 0x00, 0x00, 0x00, 0x00, 0x00, 0x00, 0x00,  //............. 
  0x00, 0x00, 0x00, 0x00, 0x00, 0x00, 0x00, 0x00, 0x00, 0x00, 0x00, 0x00, 0x00,  //............. 
  0x00, 0x00, 0x00, 0x00, 0x00, 0x00, 0x00, 0x00, 0x00, 0x00, 0x00, 0x00, 0x00,  //............. 
  0x00, 0x00, 0x00, 0x00, 0x00, 0x00, 0x00, 0x1a, 0x4a, 0x22, 0x40, 0x8e, 0x40,  //........+.+%+ 
  0x00, 0x1e, 0xaa, 0xe8, 0xdc, 0x7e, 0x02, 0x5e, 0xff, 0x7a, 0x72, 0xff, 0x72,  //..%@@+.+@++@+ 
  0x04, 0xda, 0xff, 0xb4, 0xd2, 0xff, 0x88, 0x5e, 0xff, 0x7a, 0x72, 0xff, 0x72,  //.@@%@@%+@++@+ 
  0x40, 0xff, 0x9e, 0x00, 0x08, 0xec, 0xe8, 0x5e, 0xff, 0xff, 0xff, 0xff, 0x72,  //+@%..@@+@@@@+ 
  0x4a, 0xff, 0x86, 0x00, 0x00, 0xde, 0xf2, 0x5e, 0xff, 0xff, 0xff, 0xff, 0x72,  //+@%..@@+@@@@+ 
  0x10, 0xf2, 0xee, 0x6c, 0x94, 0xff, 0xac, 0x5e, 0xff, 0x7a, 0x72, 0xff, 0x72,  //.@@+%@%+@++@+ 
  0x00, 0x48, 0xe8, 0xff, 0xff, 0xc2, 0x16, 0x5e, 0xff, 0x7a, 0x72, 0xff, 0x72,  //.+@@@@.+@++@+ 
  0x00, 0x00, 0x04, 0x2c, 0x20, 0x00, 0x00, 0x26, 0x6a, 0x32, 0x3c, 0x86, 0x3c,  //........+..%. 
  0x00, 0x00, 0x00, 0xf6, 0xf6, 0xf6, 0xf6, 0xf6, 0xf6, 0xf6, 0xf6, 0xf6, 0x6e,  //...@@@@@@@@@+ 
  0x00, 0x00, 0x00, 0x92, 0x92, 0x92, 0x92, 0x92, 0x92, 0x92, 0xce, 0xff, 0x72,  //...%%%%%%%@@+ 
  0x00, 0x00, 0x00, 0xa4, 0xaa, 0xaa, 0xaa, 0xaa, 0xaa, 0xaa, 0xd8, 0xff, 0x72,  //...%%%%%%%@@+ 
  0x00, 0x00, 0x00, 0xf6, 0xff, 0xc8, 0xc6, 0xc6, 0xc6, 0xc6, 0xc6, 0xc6, 0x58,  //...@@@@@@@@@+ 
  0x00, 0x00, 0x00, 0xff, 0xff, 0x66, 0x5e, 0x5e, 0x5e, 0x5e, 0x5e, 0x5e, 0x56,  //...@@++++++++ 
  0x00, 0x00, 0x00, 0xff, 0xff, 0xff, 0xff, 0xff, 0xff, 0xff, 0xff, 0xff, 0xe6,  //...@@@@@@@@@@ 
  0x00, 0x00, 0x00, 0x2c, 0x2e, 0x2e, 0x2e, 0x2e, 0x2e, 0x2e, 0x2e, 0x2e, 0x2a,  //............. 
  0x00, 0x00, 0x00, 0x00, 0x00, 0x00, 0x00, 0x00, 0x00, 0x00, 0x00, 0x00, 0x00,  //............. 
  0x00, 0x00, 0x00, 0x00, 0x00, 0x00, 0x00, 0x00, 0x00, 0x00, 0x00, 0x00, 0x00,  //............. 
  0x00, 0x00, 0x00, 0x00, 0x00, 0x00, 0x00, 0x00, 0x00, 0x00, 0x00, 0x00, 0x00,  //............. 


  /*Unicode: U+c5b4 (어) , Width: 13 */
  0x00, 0x00, 0x00, 0x00, 0x00, 0x00, 0x00, 0x00, 0x00, 0x00, 0x00, 0x00, 0x00,  //............. 
  0x00, 0x00, 0x00, 0x00, 0x00, 0x00, 0x00, 0x00, 0x00, 0x00, 0x00, 0x00, 0x00,  //............. 
  0x00, 0x00, 0x00, 0x00, 0x00, 0x00, 0x00, 0x00, 0x00, 0x00, 0x00, 0x00, 0x00,  //............. 
  0x00, 0x00, 0x00, 0x00, 0x00, 0x00, 0x00, 0x00, 0x00, 0x00, 0x68, 0x92, 0x26,  //..........+%. 
  0x00, 0x00, 0x0a, 0x6c, 0x90, 0x5c, 0x02, 0x00, 0x00, 0x00, 0xb6, 0xff, 0x42,  //...+%+....%@+ 
  0x00, 0x12, 0xd4, 0xff, 0xff, 0xff, 0xb6, 0x02, 0x00, 0x00, 0xb6, 0xff, 0x42,  //..@@@@%...%@+ 
  0x00, 0x92, 0xff, 0xa4, 0x40, 0xc0, 0xff, 0x62, 0x00, 0x00, 0xb6, 0xff, 0x42,  //.%@%+@@+..%@+ 
  0x00, 0xea, 0xf4, 0x0a, 0x00, 0x2a, 0xff, 0xbe, 0x00, 0x00, 0xb6, 0xff, 0x42,  //.@@...@%..%@+ 
  0x1a, 0xff, 0xc8, 0x00, 0x00, 0x00, 0xf2, 0xff, 0x8e, 0x8e, 0xff, 0xff, 0x42,  //.@@...@@%%@@+ 
  0x24, 0xff, 0xbe, 0x00, 0x00, 0x00, 0xe6, 0xff, 0xff, 0xff, 0xff, 0xff, 0x42,  //.@%...@@@@@@+ 
  0x12, 0xff, 0xd2, 0x00, 0x00, 0x04, 0xf8, 0xea, 0x06, 0x06, 0xbe, 0xff, 0x42,  //.@@...@@..%@+ 
  0x00, 0xdc, 0xfc, 0x20, 0x00, 0x48, 0xff, 0xac, 0x00, 0x00, 0xb6, 0xff, 0x42,  //.@@..+@%..%@+ 
  0x00, 0x70, 0xff, 0xd6, 0x86, 0xe6, 0xff, 0x42, 0x00, 0x00, 0xb6, 0xff, 0x42,  //.+@@%@@+..%@+ 
  0x00, 0x02, 0x9e, 0xff, 0xff, 0xfa, 0x76, 0x00, 0x00, 0x00, 0xb6, 0xff, 0x42,  //..%@@@+...%@+ 
  0x00, 0x00, 0x00, 0x26, 0x48, 0x1a, 0x00, 0x00, 0x00, 0x00, 0xb6, 0xff, 0x42,  //....+.....%@+ 
  0x00, 0x00, 0x00, 0x00, 0x00, 0x00, 0x00, 0x00, 0x00, 0x00, 0xb6, 0xff, 0x42,  //..........%@+ 
  0x00, 0x00, 0x00, 0x00, 0x00, 0x00, 0x00, 0x00, 0x00, 0x00, 0xb6, 0xff, 0x42,  //..........%@+ 
  0x00, 0x00, 0x00, 0x00, 0x00, 0x00, 0x00, 0x00, 0x00, 0x00, 0x3e, 0x56, 0x16,  //...........+. 
  0x00, 0x00, 0x00, 0x00, 0x00, 0x00, 0x00, 0x00, 0x00, 0x00, 0x00, 0x00, 0x00,  //............. 
  0x00, 0x00, 0x00, 0x00, 0x00, 0x00, 0x00, 0x00, 0x00, 0x00, 0x00, 0x00, 0x00,  //............. 
  0x00, 0x00, 0x00, 0x00, 0x00, 0x00, 0x00, 0x00, 0x00, 0x00, 0x00, 0x00, 0x00,  //............. 


  /*Unicode: U+c5c5 (업) , Width: 13 */
  0x00, 0x00, 0x00, 0x00, 0x00, 0x00, 0x00, 0x00, 0x00, 0x00, 0x00, 0x00, 0x00,  //............. 
  0x00, 0x00, 0x00, 0x00, 0x00, 0x00, 0x00, 0x00, 0x00, 0x00, 0x00, 0x00, 0x00,  //............. 
  0x00, 0x00, 0x00, 0x00, 0x00, 0x00, 0x00, 0x00, 0x00, 0x00, 0x00, 0x00, 0x00,  //............. 
  0x00, 0x00, 0x00, 0x00, 0x00, 0x00, 0x00, 0x00, 0x00, 0x00, 0x6c, 0x8e, 0x20,  //..........+%. 
  0x00, 0x02, 0x78, 0xd8, 0xf2, 0xd0, 0x66, 0x00, 0x00, 0x00, 0xc2, 0xff, 0x3a,  //..+@@@+...@@. 
  0x00, 0x9c, 0xff, 0xe6, 0xb8, 0xee, 0xff, 0x7c, 0x00, 0x00, 0xc2, 0xff, 0x3a,  //.%@@%@@+..@@. 
  0x16, 0xfc, 0xe6, 0x10, 0x00, 0x1e, 0xf8, 0xff, 0x82, 0x7e, 0xff, 0xff, 0x3a,  //.@@...@@%+@@. 
  0x2c, 0xff, 0xc0, 0x00, 0x00, 0x00, 0xe0, 0xff, 0xff, 0xff, 0xff, 0xff, 0x3a,  //.@@...@@@@@@. 
  0x08, 0xee, 0xf6, 0x4e, 0x10, 0x62, 0xff, 0xe4, 0x1a, 0x1a, 0xde, 0xff, 0x3a,  //.@@+.+@@..@@. 
  0x00, 0x5a, 0xfa, 0xff, 0xff, 0xff, 0xf2, 0x40, 0x00, 0x00, 0xc2, 0xff, 0x3a,  //.+@@@@@+..@@. 
  0x00, 0x00, 0x28, 0x82, 0x9c, 0x7a, 0x1e, 0x00, 0x00, 0x00, 0xb0, 0xe6, 0x34,  //...%%+....%@. 
  0x00, 0x00, 0x00, 0x78, 0x7a, 0x00, 0x00, 0x00, 0x00, 0x00, 0x5a, 0x7a, 0x1c,  //...++.....++. 
  0x00, 0x00, 0x00, 0xfa, 0xff, 0x2e, 0x2e, 0x2e, 0x2e, 0x2e, 0xc6, 0xff, 0x3a,  //...@@.....@@. 
  0x00, 0x00, 0x00, 0xfa, 0xff, 0xff, 0xff, 0xff, 0xff, 0xff, 0xff, 0xff, 0x3a,  //...@@@@@@@@@. 
  0x00, 0x00, 0x00, 0xfa, 0xff, 0x56, 0x56, 0x56, 0x56, 0x56, 0xd2, 0xff, 0x3a,  //...@@+++++@@. 
  0x00, 0x00, 0x00, 0xfa, 0xff, 0x66, 0x66, 0x66, 0x66, 0x66, 0xd6, 0xff, 0x3a,  //...@@+++++@@. 
  0x00, 0x00, 0x00, 0xfa, 0xff, 0xff, 0xff, 0xff, 0xff, 0xff, 0xff, 0xff, 0x3a,  //...@@@@@@@@@. 
  0x00, 0x00, 0x00, 0x2e, 0x2e, 0x2e, 0x2e, 0x2e, 0x2e, 0x2e, 0x2e, 0x2e, 0x0a,  //............. 
  0x00, 0x00, 0x00, 0x00, 0x00, 0x00, 0x00, 0x00, 0x00, 0x00, 0x00, 0x00, 0x00,  //............. 
  0x00, 0x00, 0x00, 0x00, 0x00, 0x00, 0x00, 0x00, 0x00, 0x00, 0x00, 0x00, 0x00,  //............. 
  0x00, 0x00, 0x00, 0x00, 0x00, 0x00, 0x00, 0x00, 0x00, 0x00, 0x00, 0x00, 0x00,  //............. 


  /*Unicode: U+c5c6 (없) , Width: 14 */
  0x00, 0x00, 0x00, 0x00, 0x00, 0x00, 0x00, 0x00, 0x00, 0x00, 0x00, 0x00, 0x00, 0x00,  //.............. 
  0x00, 0x00, 0x00, 0x00, 0x00, 0x00, 0x00, 0x00, 0x00, 0x00, 0x00, 0x00, 0x00, 0x00,  //.............. 
  0x00, 0x00, 0x00, 0x00, 0x00, 0x00, 0x00, 0x00, 0x00, 0x00, 0x00, 0x00, 0x00, 0x00,  //.............. 
  0x00, 0x00, 0x00, 0x00, 0x04, 0x00, 0x00, 0x00, 0x00, 0x00, 0x6c, 0x8e, 0x20, 0x00,  //..........+%.. 
  0x00, 0x08, 0x8a, 0xea, 0xff, 0xe2, 0x7a, 0x02, 0x00, 0x00, 0xc2, 0xff, 0x3a, 0x00,  //..%@@@+...@@.. 
  0x00, 0xac, 0xff, 0xda, 0xa4, 0xe4, 0xff, 0x8c, 0x00, 0x00, 0xc2, 0xff, 0x3a, 0x00,  //.%@@%@@%..@@.. 
  0x1a, 0xff, 0xe0, 0x08, 0x00, 0x14, 0xf6, 0xff, 0x98, 0x92, 0xff, 0xff, 0x3a, 0x00,  //.@@...@@%%@@.. 
  0x2c, 0xff, 0xc2, 0x00, 0x00, 0x00, 0xe4, 0xff, 0xff, 0xff, 0xff, 0xff, 0x3a, 0x00,  //.@@...@@@@@@.. 
  0x04, 0xe8, 0xfa, 0x6a, 0x2c, 0x7e, 0xff, 0xd2, 0x02, 0x02, 0xc6, 0xff, 0x3a, 0x00,  //.@@+.+@@..@@.. 
  0x00, 0x44, 0xee, 0xff, 0xff, 0xff, 0xe4, 0x2e, 0x00, 0x00, 0xc2, 0xff, 0x3a, 0x00,  //.+@@@@@...@@.. 
  0x00, 0x00, 0x12, 0x62, 0x7c, 0x5a, 0x0c, 0x00, 0x00, 0x00, 0x9a, 0xca, 0x2e, 0x00,  //...+++....%@.. 
  0x00, 0x00, 0x5c, 0x68, 0x00, 0x42, 0x6a, 0x14, 0x00, 0x72, 0xff, 0x2e, 0x00, 0x00,  //..++.++..+@... 
  0x00, 0x00, 0xde, 0xfa, 0x0e, 0xa4, 0xff, 0x32, 0x00, 0xd6, 0xff, 0x5c, 0x00, 0x00,  //..@@.%@..@@+.. 
  0x00, 0x00, 0xde, 0xff, 0xff, 0xff, 0xff, 0x32, 0x00, 0xf2, 0xff, 0x82, 0x00, 0x00,  //..@@@@@..@@%.. 
  0x00, 0x00, 0xde, 0xfc, 0x5e, 0xc2, 0xff, 0x32, 0x4e, 0xff, 0xff, 0xde, 0x0c, 0x00,  //..@@+@@.+@@@.. 
  0x00, 0x00, 0xde, 0xfc, 0x4e, 0xbc, 0xff, 0xa2, 0xf6, 0xf4, 0x98, 0xff, 0xce, 0x36,  //..@@+%@%@@%@@. 
  0x00, 0x00, 0xde, 0xff, 0xff, 0xff, 0xff, 0xc0, 0xf2, 0x4e, 0x02, 0xa0, 0xfc, 0x3a,  //..@@@@@@@+.%@. 
  0x00, 0x00, 0x28, 0x2e, 0x2e, 0x2e, 0x2e, 0x12, 0x14, 0x00, 0x00, 0x00, 0x20, 0x00,  //.............. 
  0x00, 0x00, 0x00, 0x00, 0x00, 0x00, 0x00, 0x00, 0x00, 0x00, 0x00, 0x00, 0x00, 0x00,  //.............. 
  0x00, 0x00, 0x00, 0x00, 0x00, 0x00, 0x00, 0x00, 0x00, 0x00, 0x00, 0x00, 0x00, 0x00,  //.............. 
  0x00, 0x00, 0x00, 0x00, 0x00, 0x00, 0x00, 0x00, 0x00, 0x00, 0x00, 0x00, 0x00, 0x00,  //.............. 


  /*Unicode: U+c5c8 (었) , Width: 14 */
  0x00, 0x00, 0x00, 0x00, 0x00, 0x00, 0x00, 0x00, 0x00, 0x00, 0x00, 0x00, 0x00, 0x00,  //.............. 
  0x00, 0x00, 0x00, 0x00, 0x00, 0x00, 0x00, 0x00, 0x00, 0x00, 0x00, 0x00, 0x00, 0x00,  //.............. 
  0x00, 0x00, 0x00, 0x00, 0x00, 0x00, 0x00, 0x00, 0x00, 0x00, 0x00, 0x00, 0x00, 0x00,  //.............. 
  0x00, 0x00, 0x00, 0x00, 0x00, 0x00, 0x00, 0x00, 0x00, 0x00, 0x6c, 0x8e, 0x20, 0x00,  //..........+%.. 
  0x00, 0x00, 0x58, 0xb8, 0xd2, 0xb0, 0x46, 0x00, 0x00, 0x00, 0xc2, 0xff, 0x3a, 0x00,  //..+%@%+...@@.. 
  0x00, 0x84, 0xff, 0xf6, 0xd4, 0xfa, 0xff, 0x62, 0x00, 0x00, 0xc2, 0xff, 0x3a, 0x00,  //.%@@@@@+..@@.. 
  0x10, 0xf8, 0xec, 0x1e, 0x00, 0x2e, 0xfc, 0xff, 0x56, 0x56, 0xff, 0xff, 0x3a, 0x00,  //.@@...@@++@@.. 
  0x2e, 0xff, 0xbe, 0x00, 0x00, 0x00, 0xde, 0xff, 0xff, 0xff, 0xff, 0xff, 0x3a, 0x00,  //.@%...@@@@@@.. 
  0x0e, 0xf6, 0xf0, 0x26, 0x00, 0x3a, 0xfc, 0xff, 0x46, 0x46, 0xf2, 0xff, 0x3a, 0x00,  //.@@...@@++@@.. 
  0x00, 0x76, 0xff, 0xfc, 0xe4, 0xff, 0xfc, 0x56, 0x00, 0x00, 0xc2, 0xff, 0x3a, 0x00,  //.+@@@@@+..@@.. 
  0x00, 0x00, 0x4c, 0xac, 0xc8, 0xa6, 0x3a, 0x00, 0x00, 0x00, 0xc2, 0xff, 0x3a, 0x00,  //..+%@%....@@.. 
  0x00, 0x00, 0x00, 0x04, 0x6c, 0x54, 0x00, 0x00, 0x02, 0x68, 0x84, 0x36, 0x0c, 0x00,  //....++...+%... 
  0x00, 0x00, 0x00, 0x1e, 0xff, 0xff, 0x00, 0x00, 0x16, 0xff, 0xff, 0x02, 0x00, 0x00,  //....@@...@@... 
  0x00, 0x00, 0x00, 0x58, 0xff, 0xff, 0x0e, 0x00, 0x4a, 0xff, 0xff, 0x2a, 0x00, 0x00,  //...+@@..+@@... 
  0x00, 0x00, 0x10, 0xda, 0xff, 0xff, 0x8a, 0x04, 0xc6, 0xff, 0xff, 0xae, 0x00, 0x00,  //...@@@%.@@@%.. 
  0x00, 0x46, 0xde, 0xff, 0x74, 0xbe, 0xff, 0xff, 0xff, 0x80, 0xa6, 0xff, 0xc4, 0x2c,  //.+@@+%@@@%%@@. 
  0x00, 0x2a, 0xec, 0x7a, 0x00, 0x16, 0xe2, 0xff, 0xa2, 0x04, 0x08, 0x9c, 0xe0, 0x10,  //..@+..@@%..%@. 
  0x00, 0x00, 0x06, 0x00, 0x00, 0x00, 0x00, 0x34, 0x00, 0x00, 0x00, 0x00, 0x06, 0x00,  //.............. 
  0x00, 0x00, 0x00, 0x00, 0x00, 0x00, 0x00, 0x00, 0x00, 0x00, 0x00, 0x00, 0x00, 0x00,  //.............. 
  0x00, 0x00, 0x00, 0x00, 0x00, 0x00, 0x00, 0x00, 0x00, 0x00, 0x00, 0x00, 0x00, 0x00,  //.............. 
  0x00, 0x00, 0x00, 0x00, 0x00, 0x00, 0x00, 0x00, 0x00, 0x00, 0x00, 0x00, 0x00, 0x00,  //.............. 


  /*Unicode: U+c5d0 (에) , Width: 13 */
  0x00, 0x00, 0x00, 0x00, 0x00, 0x00, 0x00, 0x00, 0x00, 0x00, 0x00, 0x00, 0x00,  //............. 
  0x00, 0x00, 0x00, 0x00, 0x00, 0x00, 0x00, 0x00, 0x00, 0x00, 0x00, 0x00, 0x00,  //............. 
  0x00, 0x00, 0x00, 0x00, 0x00, 0x00, 0x00, 0x00, 0x00, 0x00, 0x00, 0x00, 0x00,  //............. 
  0x00, 0x00, 0x00, 0x00, 0x00, 0x00, 0x00, 0x0e, 0x56, 0x3a, 0x32, 0x8e, 0x4c,  //........+..%+ 
  0x00, 0x00, 0x36, 0x88, 0x6a, 0x06, 0x00, 0x2e, 0xff, 0xaa, 0x5a, 0xff, 0x8a,  //...%+...@%+@% 
  0x00, 0x42, 0xfa, 0xff, 0xff, 0xb4, 0x00, 0x2e, 0xff, 0xaa, 0x5a, 0xff, 0x8a,  //.+@@@%..@%+@% 
  0x00, 0xca, 0xfa, 0x6a, 0xc0, 0xff, 0x3e, 0x2e, 0xff, 0xaa, 0x5a, 0xff, 0x8a,  //.@@+@@..@%+@% 
  0x14, 0xff, 0xba, 0x00, 0x40, 0xff, 0x88, 0x2e, 0xff, 0xaa, 0x5a, 0xff, 0x8a,  //.@%.+@%.@%+@% 
  0x38, 0xff, 0x92, 0x00, 0x1a, 0xff, 0xff, 0xa2, 0xff, 0xaa, 0x5a, 0xff, 0x8a,  //.@%..@@%@%+@% 
  0x42, 0xff, 0x88, 0x00, 0x10, 0xff, 0xff, 0xff, 0xff, 0xaa, 0x5a, 0xff, 0x8a,  //+@%..@@@@%+@% 
  0x36, 0xff, 0x94, 0x00, 0x1c, 0xff, 0xce, 0x56, 0xff, 0xaa, 0x5a, 0xff, 0x8a,  //.@%..@@+@%+@% 
  0x10, 0xfc, 0xc0, 0x00, 0x46, 0xff, 0x84, 0x2e, 0xff, 0xaa, 0x5a, 0xff, 0x8a,  //.@@.+@%.@%+@% 
  0x00, 0xc2, 0xfc, 0x7e, 0xcc, 0xff, 0x36, 0x2e, 0xff, 0xaa, 0x5a, 0xff, 0x8a,  //.@@+@@..@%+@% 
  0x00, 0x38, 0xf6, 0xff, 0xff, 0xa4, 0x00, 0x2e, 0xff, 0xaa, 0x5a, 0xff, 0x8a,  //..@@@%..@%+@% 
  0x00, 0x00, 0x26, 0x74, 0x56, 0x00, 0x00, 0x2e, 0xff, 0xaa, 0x5a, 0xff, 0x8a,  //...++...@%+@% 
  0x00, 0x00, 0x00, 0x00, 0x00, 0x00, 0x00, 0x2e, 0xff, 0xaa, 0x5a, 0xff, 0x8a,  //........@%+@% 
  0x00, 0x00, 0x00, 0x00, 0x00, 0x00, 0x00, 0x20, 0xb2, 0x76, 0x5a, 0xff, 0x8a,  //........%++@% 
  0x00, 0x00, 0x00, 0x00, 0x00, 0x00, 0x00, 0x00, 0x00, 0x00, 0x1a, 0x4e, 0x2a,  //...........+. 
  0x00, 0x00, 0x00, 0x00, 0x00, 0x00, 0x00, 0x00, 0x00, 0x00, 0x00, 0x00, 0x00,  //............. 
  0x00, 0x00, 0x00, 0x00, 0x00, 0x00, 0x00, 0x00, 0x00, 0x00, 0x00, 0x00, 0x00,  //............. 
  0x00, 0x00, 0x00, 0x00, 0x00, 0x00, 0x00, 0x00, 0x00, 0x00, 0x00, 0x00, 0x00,  //............. 


  /*Unicode: U+c5ec (여) , Width: 13 */
  0x00, 0x00, 0x00, 0x00, 0x00, 0x00, 0x00, 0x00, 0x00, 0x00, 0x00, 0x00, 0x00,  //............. 
  0x00, 0x00, 0x00, 0x00, 0x00, 0x00, 0x00, 0x00, 0x00, 0x00, 0x00, 0x00, 0x00,  //............. 
  0x00, 0x00, 0x00, 0x00, 0x00, 0x00, 0x00, 0x00, 0x00, 0x00, 0x00, 0x00, 0x00,  //............. 
  0x00, 0x00, 0x00, 0x00, 0x00, 0x00, 0x00, 0x00, 0x00, 0x00, 0x68, 0x92, 0x26,  //..........+%. 
  0x00, 0x00, 0x0a, 0x6c, 0x90, 0x5c, 0x02, 0x00, 0x00, 0x00, 0xb6, 0xff, 0x42,  //...+%+....%@+ 
  0x00, 0x12, 0xd4, 0xff, 0xff, 0xff, 0xb6, 0x02, 0x00, 0x00, 0xb6, 0xff, 0x42,  //..@@@@%...%@+ 
  0x00, 0x92, 0xff, 0xa4, 0x40, 0xc0, 0xff, 0xff, 0xba, 0xba, 0xff, 0xff, 0x42,  //.%@%+@@@%%@@+ 
  0x00, 0xea, 0xf2, 0x0a, 0x00, 0x2a, 0xff, 0xff, 0xde, 0xde, 0xff, 0xff, 0x42,  //.@@...@@@@@@+ 
  0x1a, 0xff, 0xc6, 0x00, 0x00, 0x00, 0xf2, 0xec, 0x00, 0x00, 0xb6, 0xff, 0x42,  //.@@...@@..%@+ 
  0x24, 0xff, 0xba, 0x00, 0x00, 0x00, 0xe6, 0xf8, 0x00, 0x00, 0xb6, 0xff, 0x42,  //.@%...@@..%@+ 
  0x12, 0xff, 0xd0, 0x00, 0x00, 0x04, 0xff, 0xff, 0x6a, 0x6a, 0xf8, 0xff, 0x42,  //.@@...@@++@@+ 
  0x00, 0xdc, 0xfc, 0x20, 0x00, 0x48, 0xff, 0xff, 0xff, 0xff, 0xff, 0xff, 0x42,  //.@@..+@@@@@@+ 
  0x00, 0x70, 0xff, 0xd6, 0x86, 0xe6, 0xff, 0x72, 0x2e, 0x2e, 0xd4, 0xff, 0x42,  //.+@@%@@+..@@+ 
  0x00, 0x02, 0x9e, 0xff, 0xff, 0xfa, 0x76, 0x00, 0x00, 0x00, 0xb6, 0xff, 0x42,  //..%@@@+...%@+ 
  0x00, 0x00, 0x00, 0x26, 0x48, 0x1a, 0x00, 0x00, 0x00, 0x00, 0xb6, 0xff, 0x42,  //....+.....%@+ 
  0x00, 0x00, 0x00, 0x00, 0x00, 0x00, 0x00, 0x00, 0x00, 0x00, 0xb6, 0xff, 0x42,  //..........%@+ 
  0x00, 0x00, 0x00, 0x00, 0x00, 0x00, 0x00, 0x00, 0x00, 0x00, 0xb6, 0xff, 0x42,  //..........%@+ 
  0x00, 0x00, 0x00, 0x00, 0x00, 0x00, 0x00, 0x00, 0x00, 0x00, 0x3e, 0x56, 0x16,  //...........+. 
  0x00, 0x00, 0x00, 0x00, 0x00, 0x00, 0x00, 0x00, 0x00, 0x00, 0x00, 0x00, 0x00,  //............. 
  0x00, 0x00, 0x00, 0x00, 0x00, 0x00, 0x00, 0x00, 0x00, 0x00, 0x00, 0x00, 0x00,  //............. 
  0x00, 0x00, 0x00, 0x00, 0x00, 0x00, 0x00, 0x00, 0x00, 0x00, 0x00, 0x00, 0x00,  //............. 


  /*Unicode: U+c5f0 (연) , Width: 13 */
  0x00, 0x00, 0x00, 0x00, 0x00, 0x00, 0x00, 0x00, 0x00, 0x00, 0x00, 0x00, 0x00,  //............. 
  0x00, 0x00, 0x00, 0x00, 0x00, 0x00, 0x00, 0x00, 0x00, 0x00, 0x00, 0x00, 0x00,  //............. 
  0x00, 0x00, 0x00, 0x00, 0x00, 0x00, 0x00, 0x00, 0x00, 0x00, 0x00, 0x00, 0x00,  //............. 
  0x00, 0x00, 0x00, 0x00, 0x00, 0x00, 0x00, 0x00, 0x00, 0x00, 0x6c, 0x8e, 0x20,  //..........+%. 
  0x00, 0x00, 0x30, 0x96, 0xb2, 0x8e, 0x24, 0x00, 0x00, 0x00, 0xc2, 0xff, 0x3a,  //...%%%....@@. 
  0x00, 0x54, 0xfa, 0xff, 0xff, 0xff, 0xff, 0xe0, 0xa2, 0xa2, 0xff, 0xff, 0x3a,  //.+@@@@@@%%@@. 
  0x04, 0xe8, 0xfa, 0x58, 0x12, 0x70, 0xff, 0xff, 0xf6, 0xf6, 0xff, 0xff, 0x3a,  //.@@+.+@@@@@@. 
  0x2a, 0xff, 0xc0, 0x00, 0x00, 0x00, 0xe2, 0xff, 0x0e, 0x00, 0xc2, 0xff, 0x3a,  //.@@...@@..@@. 
  0x22, 0xff, 0xd2, 0x00, 0x00, 0x02, 0xf6, 0xff, 0x4a, 0x42, 0xff, 0xff, 0x3a,  //.@@...@@++@@. 
  0x00, 0xce, 0xff, 0xa0, 0x5a, 0xb2, 0xff, 0xff, 0xff, 0xff, 0xff, 0xff, 0x3a,  //.@@%+%@@@@@@. 
  0x00, 0x28, 0xde, 0xff, 0xff, 0xff, 0xda, 0x70, 0x56, 0x56, 0xff, 0xff, 0x3a,  //..@@@@@+++@@. 
  0x00, 0x00, 0x06, 0x4e, 0x6a, 0x48, 0x02, 0x00, 0x00, 0x00, 0xc2, 0xff, 0x3a,  //...+++....@@. 
  0x00, 0x00, 0x00, 0x5c, 0x62, 0x04, 0x00, 0x00, 0x00, 0x00, 0xc2, 0xff, 0x3a,  //...++.....@@. 
  0x00, 0x00, 0x00, 0xee, 0xff, 0x0e, 0x00, 0x00, 0x00, 0x00, 0x72, 0x96, 0x22,  //...@@.....+%. 
  0x00, 0x00, 0x00, 0xee, 0xff, 0x0e, 0x00, 0x00, 0x00, 0x00, 0x00, 0x00, 0x00,  //...@@........ 
  0x00, 0x00, 0x00, 0xff, 0xff, 0x92, 0x82, 0x82, 0x82, 0x82, 0x82, 0x82, 0x48,  //...@@%%%%%%%+ 
  0x00, 0x00, 0x00, 0xff, 0xff, 0xff, 0xff, 0xff, 0xff, 0xff, 0xff, 0xff, 0x8e,  //...@@@@@@@@@% 
  0x00, 0x00, 0x00, 0x14, 0x16, 0x16, 0x16, 0x16, 0x16, 0x16, 0x16, 0x16, 0x0c,  //............. 
  0x00, 0x00, 0x00, 0x00, 0x00, 0x00, 0x00, 0x00, 0x00, 0x00, 0x00, 0x00, 0x00,  //............. 
  0x00, 0x00, 0x00, 0x00, 0x00, 0x00, 0x00, 0x00, 0x00, 0x00, 0x00, 0x00, 0x00,  //............. 
  0x00, 0x00, 0x00, 0x00, 0x00, 0x00, 0x00, 0x00, 0x00, 0x00, 0x00, 0x00, 0x00,  //............. 


  /*Unicode: U+c624 (오) , Width: 14 */
  0x00, 0x00, 0x00, 0x00, 0x00, 0x00, 0x00, 0x00, 0x00, 0x00, 0x00, 0x00, 0x00, 0x00,  //.............. 
  0x00, 0x00, 0x00, 0x00, 0x00, 0x00, 0x00, 0x00, 0x00, 0x00, 0x00, 0x00, 0x00, 0x00,  //.............. 
  0x00, 0x00, 0x00, 0x00, 0x00, 0x00, 0x00, 0x00, 0x00, 0x00, 0x00, 0x00, 0x00, 0x00,  //.............. 
  0x00, 0x00, 0x00, 0x00, 0x00, 0x00, 0x00, 0x00, 0x00, 0x00, 0x00, 0x00, 0x00, 0x00,  //.............. 
  0x00, 0x00, 0x00, 0x0c, 0x6e, 0xb2, 0xcc, 0xc8, 0xa6, 0x5a, 0x02, 0x00, 0x00, 0x00,  //....+%@@%+.... 
  0x00, 0x00, 0x34, 0xe8, 0xff, 0xe8, 0xbe, 0xc4, 0xf4, 0xff, 0xce, 0x16, 0x00, 0x00,  //...@@@%@@@@... 
  0x00, 0x06, 0xe2, 0xfc, 0x68, 0x00, 0x00, 0x00, 0x0a, 0x9a, 0xff, 0xae, 0x00, 0x00,  //..@@+....%@%.. 
  0x00, 0x3c, 0xff, 0xbe, 0x00, 0x00, 0x00, 0x00, 0x00, 0x04, 0xf4, 0xfa, 0x04, 0x00,  //..@%......@@.. 
  0x00, 0x3a, 0xff, 0xc2, 0x00, 0x00, 0x00, 0x00, 0x00, 0x06, 0xf6, 0xf8, 0x02, 0x00,  //..@@......@@.. 
  0x00, 0x04, 0xde, 0xff, 0x74, 0x04, 0x00, 0x00, 0x10, 0xa2, 0xff, 0xa8, 0x00, 0x00,  //..@@+....%@%.. 
  0x00, 0x00, 0x2e, 0xe4, 0xff, 0xf2, 0xce, 0xd2, 0xfa, 0xff, 0xc6, 0x12, 0x00, 0x00,  //...@@@@@@@@... 
  0x00, 0x00, 0x00, 0x0a, 0x68, 0xc0, 0xff, 0xff, 0xa0, 0x52, 0x00, 0x00, 0x00, 0x00,  //....+@@@%+.... 
  0x00, 0x00, 0x00, 0x00, 0x00, 0x1a, 0xff, 0xde, 0x00, 0x00, 0x00, 0x00, 0x00, 0x00,  //......@@...... 
  0x00, 0x00, 0x00, 0x00, 0x00, 0x1a, 0xff, 0xde, 0x00, 0x00, 0x00, 0x00, 0x00, 0x00,  //......@@...... 
  0x58, 0xe6, 0xe6, 0xe6, 0xe6, 0xf2, 0xff, 0xff, 0xe6, 0xe6, 0xe6, 0xe6, 0xe6, 0x2e,  //+@@@@@@@@@@@@. 
  0x46, 0xb6, 0xb6, 0xb6, 0xb6, 0xb6, 0xb6, 0xb6, 0xb6, 0xb6, 0xb6, 0xb6, 0xb6, 0x24,  //+%%%%%%%%%%%%. 
  0x00, 0x00, 0x00, 0x00, 0x00, 0x00, 0x00, 0x00, 0x00, 0x00, 0x00, 0x00, 0x00, 0x00,  //.............. 
  0x00, 0x00, 0x00, 0x00, 0x00, 0x00, 0x00, 0x00, 0x00, 0x00, 0x00, 0x00, 0x00, 0x00,  //.............. 
  0x00, 0x00, 0x00, 0x00, 0x00, 0x00, 0x00, 0x00, 0x00, 0x00, 0x00, 0x00, 0x00, 0x00,  //.............. 
  0x00, 0x00, 0x00, 0x00, 0x00, 0x00, 0x00, 0x00, 0x00, 0x00, 0x00, 0x00, 0x00, 0x00,  //.............. 
  0x00, 0x00, 0x00, 0x00, 0x00, 0x00, 0x00, 0x00, 0x00, 0x00, 0x00, 0x00, 0x00, 0x00,  //.............. 


  /*Unicode: U+c640 (와) , Width: 14 */
  0x00, 0x00, 0x00, 0x00, 0x00, 0x00, 0x00, 0x00, 0x00, 0x00, 0x00, 0x00, 0x00, 0x00,  //.............. 
  0x00, 0x00, 0x00, 0x00, 0x00, 0x00, 0x00, 0x00, 0x00, 0x00, 0x00, 0x00, 0x00, 0x00,  //.............. 
  0x00, 0x00, 0x00, 0x00, 0x00, 0x00, 0x00, 0x00, 0x00, 0x00, 0x00, 0x00, 0x00, 0x00,  //.............. 
  0x00, 0x00, 0x00, 0x00, 0x00, 0x00, 0x00, 0x00, 0x00, 0x3a, 0x8e, 0x52, 0x00, 0x00,  //..........%+.. 
  0x00, 0x00, 0x26, 0x8e, 0xb6, 0xa6, 0x54, 0x00, 0x00, 0x6a, 0xff, 0x92, 0x00, 0x00,  //...%%%+..+@%.. 
  0x00, 0x3e, 0xf6, 0xff, 0xfc, 0xff, 0xff, 0x9c, 0x00, 0x6a, 0xff, 0x92, 0x00, 0x00,  //..@@@@@%.+@%.. 
  0x00, 0xd2, 0xff, 0x68, 0x04, 0x2a, 0xde, 0xff, 0x38, 0x6a, 0xff, 0x92, 0x00, 0x00,  //.@@+..@@.+@%.. 
  0x06, 0xff, 0xec, 0x00, 0x00, 0x00, 0x86, 0xff, 0x6c, 0x6a, 0xff, 0x92, 0x00, 0x00,  //.@@...%@++@%.. 
  0x00, 0xec, 0xfc, 0x22, 0x00, 0x00, 0xba, 0xff, 0x52, 0x6a, 0xff, 0xb2, 0x1e, 0x0c,  //.@@...%@++@%.. 
  0x00, 0x7a, 0xff, 0xec, 0xaa, 0xce, 0xff, 0xd6, 0x06, 0x6a, 0xff, 0xff, 0xff, 0x66,  //.+@@%@@@.+@@@+ 
  0x00, 0x00, 0x72, 0xff, 0xff, 0xff, 0xa8, 0x18, 0x00, 0x6a, 0xff, 0xff, 0x86, 0x36,  //..+@@@%..+@@%. 
  0x00, 0x00, 0x00, 0x42, 0xff, 0xb8, 0x00, 0x00, 0x00, 0x6a, 0xff, 0x92, 0x00, 0x00,  //...+@%...+@%.. 
  0x04, 0x0c, 0x0c, 0x54, 0xff, 0xd6, 0x2e, 0x46, 0x50, 0x6a, 0xff, 0x92, 0x00, 0x00,  //...+@@.+++@%.. 
  0x72, 0xff, 0xff, 0xff, 0xff, 0xff, 0xff, 0xff, 0xf2, 0x6a, 0xff, 0x92, 0x00, 0x00,  //+@@@@@@@@+@%.. 
  0x2e, 0x8e, 0x8c, 0x88, 0x7c, 0x72, 0x5c, 0x3a, 0x18, 0x6a, 0xff, 0x92, 0x00, 0x00,  //.%%%+++..+@%.. 
  0x00, 0x00, 0x00, 0x00, 0x00, 0x00, 0x00, 0x00, 0x00, 0x6a, 0xff, 0x92, 0x00, 0x00,  //.........+@%.. 
  0x00, 0x00, 0x00, 0x00, 0x00, 0x00, 0x00, 0x00, 0x00, 0x6a, 0xff, 0x92, 0x00, 0x00,  //.........+@%.. 
  0x00, 0x00, 0x00, 0x00, 0x00, 0x00, 0x00, 0x00, 0x00, 0x20, 0x4e, 0x2c, 0x00, 0x00,  //..........+... 
  0x00, 0x00, 0x00, 0x00, 0x00, 0x00, 0x00, 0x00, 0x00, 0x00, 0x00, 0x00, 0x00, 0x00,  //.............. 
  0x00, 0x00, 0x00, 0x00, 0x00, 0x00, 0x00, 0x00, 0x00, 0x00, 0x00, 0x00, 0x00, 0x00,  //.............. 
  0x00, 0x00, 0x00, 0x00, 0x00, 0x00, 0x00, 0x00, 0x00, 0x00, 0x00, 0x00, 0x00, 0x00,  //.............. 


  /*Unicode: U+c644 (완) , Width: 14 */
  0x00, 0x00, 0x00, 0x00, 0x00, 0x00, 0x00, 0x00, 0x00, 0x00, 0x00, 0x00, 0x00, 0x00,  //.............. 
  0x00, 0x00, 0x00, 0x00, 0x00, 0x00, 0x00, 0x00, 0x00, 0x00, 0x00, 0x00, 0x00, 0x00,  //.............. 
  0x00, 0x00, 0x00, 0x00, 0x00, 0x00, 0x00, 0x00, 0x00, 0x00, 0x00, 0x00, 0x00, 0x00,  //.............. 
  0x00, 0x00, 0x00, 0x00, 0x00, 0x00, 0x00, 0x00, 0x00, 0x34, 0x8e, 0x58, 0x00, 0x00,  //..........%+.. 
  0x00, 0x00, 0x5a, 0xcc, 0xf6, 0xe8, 0x9c, 0x16, 0x00, 0x5e, 0xff, 0x9e, 0x00, 0x00,  //..+@@@%..+@%.. 
  0x00, 0x52, 0xff, 0xe2, 0x8a, 0xac, 0xff, 0xcc, 0x00, 0x5e, 0xff, 0x9e, 0x00, 0x00,  //.+@@%%@@.+@%.. 
  0x00, 0xaa, 0xff, 0x3e, 0x00, 0x00, 0xbe, 0xff, 0x2a, 0x5e, 0xff, 0x9e, 0x00, 0x00,  //.%@...%@.+@%.. 
  0x00, 0x96, 0xff, 0x70, 0x00, 0x10, 0xdc, 0xfc, 0x18, 0x5e, 0xff, 0xce, 0x2e, 0x10,  //.%@+..@@.+@@.. 
  0x00, 0x22, 0xe8, 0xff, 0xe8, 0xf8, 0xff, 0x88, 0x00, 0x5e, 0xff, 0xff, 0xff, 0x5e,  //..@@@@@%.+@@@+ 
  0x00, 0x00, 0x12, 0xaa, 0xff, 0xff, 0x40, 0x00, 0x00, 0x5e, 0xff, 0xff, 0x6e, 0x28,  //...%@@+..+@@+. 
  0x22, 0x58, 0x58, 0x9a, 0xff, 0xff, 0x82, 0x9c, 0xaa, 0x5e, 0xff, 0x9e, 0x00, 0x00,  //.++%@@%%%+@%.. 
  0x4e, 0xff, 0xff, 0xff, 0xff, 0xff, 0xfa, 0xde, 0xba, 0x60, 0xff, 0x9e, 0x00, 0x00,  //+@@@@@@@%+@%.. 
  0x0c, 0x38, 0x36, 0x30, 0x22, 0x14, 0x02, 0x00, 0x00, 0x5e, 0xff, 0x9e, 0x00, 0x00,  //.........+@%.. 
  0x00, 0x00, 0x88, 0xda, 0x4e, 0x00, 0x00, 0x00, 0x00, 0x5e, 0xff, 0x9e, 0x00, 0x00,  //..%@+....+@%.. 
  0x00, 0x00, 0x9e, 0xff, 0x5a, 0x00, 0x00, 0x00, 0x00, 0x02, 0x06, 0x04, 0x00, 0x00,  //..%@+......... 
  0x00, 0x00, 0xf0, 0xff, 0xde, 0x82, 0x82, 0x82, 0x82, 0x82, 0x82, 0x82, 0x0c, 0x00,  //..@@@%%%%%%%.. 
  0x00, 0x00, 0xbc, 0xff, 0xff, 0xff, 0xff, 0xff, 0xff, 0xff, 0xff, 0xff, 0x1a, 0x00,  //..%@@@@@@@@@.. 
  0x00, 0x00, 0x0a, 0x12, 0x12, 0x12, 0x12, 0x12, 0x12, 0x12, 0x12, 0x12, 0x00, 0x00,  //.............. 
  0x00, 0x00, 0x00, 0x00, 0x00, 0x00, 0x00, 0x00, 0x00, 0x00, 0x00, 0x00, 0x00, 0x00,  //.............. 
  0x00, 0x00, 0x00, 0x00, 0x00, 0x00, 0x00, 0x00, 0x00, 0x00, 0x00, 0x00, 0x00, 0x00,  //.............. 
  0x00, 0x00, 0x00, 0x00, 0x00, 0x00, 0x00, 0x00, 0x00, 0x00, 0x00, 0x00, 0x00, 0x00,  //.............. 


  /*Unicode: U+c678 (외) , Width: 13 */
  0x00, 0x00, 0x00, 0x00, 0x00, 0x00, 0x00, 0x00, 0x00, 0x00, 0x00, 0x00, 0x00,  //............. 
  0x00, 0x00, 0x00, 0x00, 0x00, 0x00, 0x00, 0x00, 0x00, 0x00, 0x00, 0x00, 0x00,  //............. 
  0x00, 0x00, 0x00, 0x00, 0x00, 0x00, 0x00, 0x00, 0x00, 0x00, 0x00, 0x00, 0x00,  //............. 
  0x00, 0x00, 0x00, 0x00, 0x00, 0x00, 0x00, 0x00, 0x00, 0x00, 0x74, 0x92, 0x1a,  //..........+%. 
  0x00, 0x00, 0x08, 0x70, 0xae, 0xb2, 0x7e, 0x12, 0x00, 0x00, 0xca, 0xff, 0x2e,  //...+%%+...@@. 
  0x00, 0x0e, 0xd2, 0xff, 0xff, 0xfc, 0xff, 0xe6, 0x20, 0x00, 0xca, 0xff, 0x2e,  //..@@@@@@..@@. 
  0x00, 0x80, 0xff, 0xb4, 0x12, 0x0c, 0x9a, 0xff, 0xa4, 0x00, 0xca, 0xff, 0x2e,  //.%@%..%@%.@@. 
  0x00, 0xb4, 0xff, 0x42, 0x00, 0x00, 0x22, 0xff, 0xd8, 0x00, 0xca, 0xff, 0x2e,  //.%@+...@@.@@. 
  0x00, 0x9c, 0xff, 0x7a, 0x00, 0x00, 0x5a, 0xff, 0xbe, 0x00, 0xca, 0xff, 0x2e,  //.%@+..+@%.@@. 
  0x00, 0x2e, 0xf6, 0xfc, 0xba, 0xb2, 0xf8, 0xfc, 0x4c, 0x00, 0xca, 0xff, 0x2e,  //..@@%%@@+.@@. 
  0x00, 0x00, 0x3a, 0xc6, 0xff, 0xff, 0xde, 0x50, 0x00, 0x00, 0xca, 0xff, 0x2e,  //...@@@@+..@@. 
  0x00, 0x00, 0x00, 0x00, 0xf4, 0xff, 0x12, 0x00, 0x00, 0x00, 0xca, 0xff, 0x2e,  //....@@....@@. 
  0x02, 0x0a, 0x0c, 0x10, 0xff, 0xff, 0x46, 0x4a, 0x64, 0x38, 0xca, 0xff, 0x2e,  //....@@+++.@@. 
  0x3e, 0xff, 0xff, 0xff, 0xff, 0xff, 0xff, 0xff, 0xff, 0x84, 0xca, 0xff, 0x2e,  //.@@@@@@@@%@@. 
  0x12, 0x8c, 0x8a, 0x86, 0x7a, 0x6c, 0x5c, 0x3a, 0x16, 0x00, 0xca, 0xff, 0x2e,  //.%%%+++...@@. 
  0x00, 0x00, 0x00, 0x00, 0x00, 0x00, 0x00, 0x00, 0x00, 0x00, 0xca, 0xff, 0x2e,  //..........@@. 
  0x00, 0x00, 0x00, 0x00, 0x00, 0x00, 0x00, 0x00, 0x00, 0x00, 0xca, 0xff, 0x2e,  //..........@@. 
  0x00, 0x00, 0x00, 0x00, 0x00, 0x00, 0x00, 0x00, 0x00, 0x00, 0x44, 0x56, 0x0e,  //..........++. 
  0x00, 0x00, 0x00, 0x00, 0x00, 0x00, 0x00, 0x00, 0x00, 0x00, 0x00, 0x00, 0x00,  //............. 
  0x00, 0x00, 0x00, 0x00, 0x00, 0x00, 0x00, 0x00, 0x00, 0x00, 0x00, 0x00, 0x00,  //............. 
  0x00, 0x00, 0x00, 0x00, 0x00, 0x00, 0x00, 0x00, 0x00, 0x00, 0x00, 0x00, 0x00,  //............. 


  /*Unicode: U+c694 (요) , Width: 14 */
  0x00, 0x00, 0x00, 0x00, 0x00, 0x00, 0x00, 0x00, 0x00, 0x00, 0x00, 0x00, 0x00, 0x00,  //.............. 
  0x00, 0x00, 0x00, 0x00, 0x00, 0x00, 0x00, 0x00, 0x00, 0x00, 0x00, 0x00, 0x00, 0x00,  //.............. 
  0x00, 0x00, 0x00, 0x00, 0x00, 0x00, 0x00, 0x00, 0x00, 0x00, 0x00, 0x00, 0x00, 0x00,  //.............. 
  0x00, 0x00, 0x00, 0x00, 0x00, 0x00, 0x00, 0x00, 0x00, 0x00, 0x00, 0x00, 0x00, 0x00,  //.............. 
  0x00, 0x00, 0x00, 0x12, 0x78, 0xba, 0xd6, 0xd0, 0xb0, 0x64, 0x06, 0x00, 0x00, 0x00,  //....+%@@%+.... 
  0x00, 0x00, 0x42, 0xf0, 0xff, 0xda, 0xb2, 0xb6, 0xea, 0xff, 0xd8, 0x1e, 0x00, 0x00,  //..+@@@%%@@@... 
  0x00, 0x0c, 0xea, 0xfa, 0x52, 0x00, 0x00, 0x00, 0x04, 0x86, 0xff, 0xba, 0x00, 0x00,  //..@@+....%@%.. 
  0x00, 0x40, 0xff, 0xb8, 0x00, 0x00, 0x00, 0x00, 0x00, 0x00, 0xf0, 0xfc, 0x06, 0x00,  //.+@%......@@.. 
  0x00, 0x34, 0xff, 0xce, 0x00, 0x00, 0x00, 0x00, 0x00, 0x10, 0xf8, 0xf4, 0x00, 0x00,  //..@@......@@.. 
  0x00, 0x00, 0xca, 0xff, 0xa0, 0x28, 0x00, 0x04, 0x3a, 0xc4, 0xff, 0x90, 0x00, 0x00,  //..@@%....@@%.. 
  0x00, 0x00, 0x14, 0xff, 0xff, 0xff, 0xfc, 0xff, 0xff, 0xff, 0xc6, 0x02, 0x00, 0x00,  //...@@@@@@@@... 
  0x00, 0x00, 0x00, 0x9e, 0xff, 0xce, 0x8a, 0x86, 0xf8, 0xff, 0x66, 0x00, 0x00, 0x00,  //...%@@%%@@+... 
  0x00, 0x00, 0x00, 0x9e, 0xff, 0x5e, 0x00, 0x00, 0x92, 0xff, 0x66, 0x00, 0x00, 0x00,  //...%@+..%@+... 
  0x00, 0x00, 0x00, 0x9e, 0xff, 0x5e, 0x00, 0x00, 0x92, 0xff, 0x66, 0x00, 0x00, 0x00,  //...%@+..%@+... 
  0x58, 0xe6, 0xe6, 0xff, 0xff, 0xff, 0xe6, 0xe6, 0xff, 0xff, 0xff, 0xe6, 0xe6, 0x2e,  //+@@@@@@@@@@@@. 
  0x46, 0xb6, 0xb6, 0xb6, 0xb6, 0xb6, 0xb6, 0xb6, 0xb6, 0xb6, 0xb6, 0xb6, 0xb6, 0x24,  //+%%%%%%%%%%%%. 
  0x00, 0x00, 0x00, 0x00, 0x00, 0x00, 0x00, 0x00, 0x00, 0x00, 0x00, 0x00, 0x00, 0x00,  //.............. 
  0x00, 0x00, 0x00, 0x00, 0x00, 0x00, 0x00, 0x00, 0x00, 0x00, 0x00, 0x00, 0x00, 0x00,  //.............. 
  0x00, 0x00, 0x00, 0x00, 0x00, 0x00, 0x00, 0x00, 0x00, 0x00, 0x00, 0x00, 0x00, 0x00,  //.............. 
  0x00, 0x00, 0x00, 0x00, 0x00, 0x00, 0x00, 0x00, 0x00, 0x00, 0x00, 0x00, 0x00, 0x00,  //.............. 
  0x00, 0x00, 0x00, 0x00, 0x00, 0x00, 0x00, 0x00, 0x00, 0x00, 0x00, 0x00, 0x00, 0x00,  //.............. 


  /*Unicode: U+c6a9 (용) , Width: 14 */
  0x00, 0x00, 0x00, 0x00, 0x00, 0x00, 0x00, 0x00, 0x00, 0x00, 0x00, 0x00, 0x00, 0x00,  //.............. 
  0x00, 0x00, 0x00, 0x00, 0x00, 0x00, 0x00, 0x00, 0x00, 0x00, 0x00, 0x00, 0x00, 0x00,  //.............. 
  0x00, 0x00, 0x00, 0x00, 0x00, 0x00, 0x00, 0x00, 0x00, 0x00, 0x00, 0x00, 0x00, 0x00,  //.............. 
  0x00, 0x00, 0x00, 0x00, 0x14, 0x42, 0x54, 0x50, 0x3a, 0x0a, 0x00, 0x00, 0x00, 0x00,  //.....+++...... 
  0x00, 0x00, 0x28, 0xbc, 0xfc, 0xff, 0xff, 0xff, 0xff, 0xf8, 0xa0, 0x10, 0x00, 0x00,  //...%@@@@@@%... 
  0x00, 0x02, 0xe2, 0xff, 0x92, 0x40, 0x2a, 0x2c, 0x4a, 0xb4, 0xff, 0xac, 0x00, 0x00,  //..@@%+..+%@%.. 
  0x00, 0x14, 0xff, 0xfa, 0x0e, 0x00, 0x00, 0x00, 0x00, 0x3e, 0xff, 0xda, 0x00, 0x00,  //..@@......@@.. 
  0x00, 0x00, 0xa8, 0xff, 0xe8, 0xa4, 0x8e, 0x90, 0xae, 0xf4, 0xff, 0x6e, 0x00, 0x00,  //..%@@%%%%@@+.. 
  0x00, 0x00, 0x00, 0xdc, 0xff, 0xff, 0xf0, 0xee, 0xff, 0xff, 0x86, 0x00, 0x00, 0x00,  //...@@@@@@@%... 
  0x00, 0x00, 0x00, 0x8e, 0xff, 0x6a, 0x00, 0x00, 0xae, 0xff, 0x4e, 0x00, 0x00, 0x00,  //...%@+..%@+... 
  0x62, 0xf6, 0xf6, 0xff, 0xff, 0xff, 0xf6, 0xf6, 0xff, 0xff, 0xff, 0xf6, 0xf6, 0x28,  //+@@@@@@@@@@@@. 
  0x3c, 0x96, 0x96, 0x96, 0x96, 0x96, 0x96, 0x96, 0x96, 0x96, 0x96, 0x96, 0x96, 0x18,  //.%%%%%%%%%%%%. 
  0x00, 0x00, 0x00, 0x18, 0x6a, 0x96, 0xaa, 0xa4, 0x90, 0x54, 0x0a, 0x00, 0x00, 0x00,  //....+%%%%+.... 
  0x00, 0x00, 0x60, 0xf8, 0xff, 0xe2, 0xce, 0xd0, 0xee, 0xff, 0xe6, 0x2c, 0x00, 0x00,  //..+@@@@@@@@... 
  0x00, 0x00, 0xe4, 0xff, 0x3e, 0x00, 0x00, 0x00, 0x00, 0x8a, 0xff, 0x9e, 0x00, 0x00,  //..@@.....%@%.. 
  0x00, 0x00, 0xc8, 0xff, 0x94, 0x3e, 0x2c, 0x2e, 0x4c, 0xc4, 0xff, 0x82, 0x00, 0x00,  //..@@%...+@@%.. 
  0x00, 0x00, 0x20, 0xb4, 0xfa, 0xff, 0xff, 0xff, 0xff, 0xee, 0x92, 0x06, 0x00, 0x00,  //...%@@@@@@%... 
  0x00, 0x00, 0x00, 0x00, 0x10, 0x36, 0x4a, 0x46, 0x30, 0x04, 0x00, 0x00, 0x00, 0x00,  //......++...... 
  0x00, 0x00, 0x00, 0x00, 0x00, 0x00, 0x00, 0x00, 0x00, 0x00, 0x00, 0x00, 0x00, 0x00,  //.............. 
  0x00, 0x00, 0x00, 0x00, 0x00, 0x00, 0x00, 0x00, 0x00, 0x00, 0x00, 0x00, 0x00, 0x00,  //.............. 
  0x00, 0x00, 0x00, 0x00, 0x00, 0x00, 0x00, 0x00, 0x00, 0x00, 0x00, 0x00, 0x00, 0x00,  //.............. 


  /*Unicode: U+c6b0 (우) , Width: 14 */
  0x00, 0x00, 0x00, 0x00, 0x00, 0x00, 0x00, 0x00, 0x00, 0x00, 0x00, 0x00, 0x00, 0x00,  //.............. 
  0x00, 0x00, 0x00, 0x00, 0x00, 0x00, 0x00, 0x00, 0x00, 0x00, 0x00, 0x00, 0x00, 0x00,  //.............. 
  0x00, 0x00, 0x00, 0x00, 0x00, 0x00, 0x00, 0x00, 0x00, 0x00, 0x00, 0x00, 0x00, 0x00,  //.............. 
  0x00, 0x00, 0x00, 0x00, 0x00, 0x00, 0x0e, 0x0a, 0x00, 0x00, 0x00, 0x00, 0x00, 0x00,  //.............. 
  0x00, 0x00, 0x00, 0x58, 0xc0, 0xf6, 0xff, 0xff, 0xec, 0xaa, 0x34, 0x00, 0x00, 0x00,  //...+@@@@@%.... 
  0x00, 0x00, 0x8c, 0xff, 0xee, 0xa6, 0x86, 0x84, 0xb4, 0xfa, 0xfa, 0x4a, 0x00, 0x00,  //..%@@%%%%@@+.. 
  0x00, 0x0e, 0xfc, 0xf8, 0x1e, 0x00, 0x00, 0x00, 0x00, 0x5a, 0xff, 0xc4, 0x00, 0x00,  //..@@.....+@@.. 
  0x00, 0x10, 0xff, 0xf8, 0x16, 0x00, 0x00, 0x00, 0x00, 0x52, 0xff, 0xc8, 0x00, 0x00,  //..@@.....+@@.. 
  0x00, 0x00, 0x9a, 0xff, 0xe6, 0x96, 0x78, 0x78, 0xa4, 0xf6, 0xfc, 0x56, 0x00, 0x00,  //..%@@%++%@@+.. 
  0x00, 0x00, 0x00, 0x6a, 0xd4, 0xfc, 0xff, 0xff, 0xf8, 0xbe, 0x44, 0x00, 0x00, 0x00,  //...+@@@@@%+... 
  0x00, 0x00, 0x00, 0x00, 0x00, 0x0a, 0x20, 0x1c, 0x06, 0x00, 0x00, 0x00, 0x00, 0x00,  //.............. 
  0x4e, 0xca, 0xca, 0xca, 0xca, 0xca, 0xca, 0xca, 0xca, 0xca, 0xca, 0xca, 0xca, 0x24,  //+@@@@@@@@@@@@. 
  0x50, 0xce, 0xce, 0xce, 0xce, 0xec, 0xff, 0xff, 0xce, 0xce, 0xce, 0xce, 0xce, 0x26,  //+@@@@@@@@@@@@. 
  0x00, 0x00, 0x00, 0x00, 0x00, 0x26, 0xff, 0xd6, 0x00, 0x00, 0x00, 0x00, 0x00, 0x00,  //......@@...... 
  0x00, 0x00, 0x00, 0x00, 0x00, 0x26, 0xff, 0xd6, 0x00, 0x00, 0x00, 0x00, 0x00, 0x00,  //......@@...... 
  0x00, 0x00, 0x00, 0x00, 0x00, 0x26, 0xff, 0xd6, 0x00, 0x00, 0x00, 0x00, 0x00, 0x00,  //......@@...... 
  0x00, 0x00, 0x00, 0x00, 0x00, 0x26, 0xff, 0xd6, 0x00, 0x00, 0x00, 0x00, 0x00, 0x00,  //......@@...... 
  0x00, 0x00, 0x00, 0x00, 0x00, 0x0c, 0x52, 0x44, 0x00, 0x00, 0x00, 0x00, 0x00, 0x00,  //......++...... 
  0x00, 0x00, 0x00, 0x00, 0x00, 0x00, 0x00, 0x00, 0x00, 0x00, 0x00, 0x00, 0x00, 0x00,  //.............. 
  0x00, 0x00, 0x00, 0x00, 0x00, 0x00, 0x00, 0x00, 0x00, 0x00, 0x00, 0x00, 0x00, 0x00,  //.............. 
  0x00, 0x00, 0x00, 0x00, 0x00, 0x00, 0x00, 0x00, 0x00, 0x00, 0x00, 0x00, 0x00, 0x00,  //.............. 


  /*Unicode: U+c6b4 (운) , Width: 14 */
  0x00, 0x00, 0x00, 0x00, 0x00, 0x00, 0x00, 0x00, 0x00, 0x00, 0x00, 0x00, 0x00, 0x00,  //.............. 
  0x00, 0x00, 0x00, 0x00, 0x00, 0x00, 0x00, 0x00, 0x00, 0x00, 0x00, 0x00, 0x00, 0x00,  //.............. 
  0x00, 0x00, 0x00, 0x00, 0x00, 0x00, 0x00, 0x00, 0x00, 0x00, 0x00, 0x00, 0x00, 0x00,  //.............. 
  0x00, 0x00, 0x00, 0x00, 0x06, 0x32, 0x48, 0x44, 0x2a, 0x00, 0x00, 0x00, 0x00, 0x00,  //......++...... 
  0x00, 0x00, 0x10, 0x9a, 0xf6, 0xff, 0xff, 0xff, 0xff, 0xea, 0x7c, 0x02, 0x00, 0x00,  //...%@@@@@@+... 
  0x00, 0x00, 0xc4, 0xff, 0xca, 0x6e, 0x50, 0x56, 0x7a, 0xe2, 0xff, 0x88, 0x00, 0x00,  //..@@@++++@@%.. 
  0x00, 0x0e, 0xff, 0xff, 0x16, 0x00, 0x00, 0x00, 0x00, 0x54, 0xff, 0xd2, 0x00, 0x00,  //..@@.....+@@.. 
  0x00, 0x00, 0xd6, 0xff, 0xac, 0x44, 0x28, 0x2c, 0x50, 0xce, 0xff, 0x9a, 0x00, 0x00,  //..@@%+..+@@%.. 
  0x00, 0x00, 0x20, 0xbe, 0xff, 0xff, 0xff, 0xff, 0xff, 0xfa, 0xa0, 0x0c, 0x00, 0x00,  //...%@@@@@@%... 
  0x00, 0x00, 0x00, 0x00, 0x20, 0x56, 0x6c, 0x68, 0x4e, 0x14, 0x00, 0x00, 0x00, 0x00,  //.....++++..... 
  0x50, 0xce, 0xce, 0xce, 0xce, 0xce, 0xce, 0xce, 0xce, 0xce, 0xce, 0xce, 0xce, 0x26,  //+@@@@@@@@@@@@. 
  0x4a, 0xc2, 0xc2, 0xc2, 0xc2, 0xc2, 0xff, 0xff, 0xc8, 0xc2, 0xc2, 0xc2, 0xc2, 0x22,  //+@@@@@@@@@@@@. 
  0x00, 0x00, 0x10, 0x12, 0x00, 0x00, 0xff, 0xff, 0x06, 0x00, 0x00, 0x00, 0x00, 0x00,  //......@@...... 
  0x00, 0x00, 0xea, 0xff, 0x16, 0x00, 0xff, 0xff, 0x06, 0x00, 0x00, 0x00, 0x00, 0x00,  //..@@..@@...... 
  0x00, 0x00, 0xea, 0xff, 0x16, 0x00, 0x26, 0x26, 0x00, 0x00, 0x00, 0x00, 0x00, 0x00,  //..@@.......... 
  0x00, 0x00, 0xff, 0xff, 0x98, 0x82, 0x82, 0x82, 0x82, 0x82, 0x82, 0x6a, 0x00, 0x00,  //..@@%%%%%%%+.. 
  0x00, 0x00, 0xea, 0xff, 0xff, 0xff, 0xff, 0xff, 0xff, 0xff, 0xff, 0xce, 0x00, 0x00,  //..@@@@@@@@@@.. 
  0x00, 0x00, 0x14, 0x16, 0x16, 0x16, 0x16, 0x16, 0x16, 0x16, 0x16, 0x12, 0x00, 0x00,  //.............. 
  0x00, 0x00, 0x00, 0x00, 0x00, 0x00, 0x00, 0x00, 0x00, 0x00, 0x00, 0x00, 0x00, 0x00,  //.............. 
  0x00, 0x00, 0x00, 0x00, 0x00, 0x00, 0x00, 0x00, 0x00, 0x00, 0x00, 0x00, 0x00, 0x00,  //.............. 
  0x00, 0x00, 0x00, 0x00, 0x00, 0x00, 0x00, 0x00, 0x00, 0x00, 0x00, 0x00, 0x00, 0x00,  //.............. 


  /*Unicode: U+c6d0 (원) , Width: 13 */
  0x00, 0x00, 0x00, 0x00, 0x00, 0x00, 0x00, 0x00, 0x00, 0x00, 0x00, 0x00, 0x00,  //............. 
  0x00, 0x00, 0x00, 0x00, 0x00, 0x00, 0x00, 0x00, 0x00, 0x00, 0x00, 0x00, 0x00,  //............. 
  0x00, 0x00, 0x00, 0x00, 0x00, 0x00, 0x00, 0x00, 0x00, 0x00, 0x00, 0x00, 0x00,  //............. 
  0x00, 0x00, 0x00, 0x00, 0x0a, 0x0c, 0x00, 0x00, 0x00, 0x00, 0x62, 0x8e, 0x28,  //..........+%. 
  0x00, 0x00, 0x52, 0xd6, 0xff, 0xff, 0xda, 0x5a, 0x00, 0x00, 0xae, 0xff, 0x4a,  //..+@@@@+..%@+ 
  0x00, 0x32, 0xfc, 0xe0, 0x6e, 0x6e, 0xe2, 0xff, 0x3c, 0x00, 0xae, 0xff, 0x4a,  //..@@++@@..%@+ 
  0x00, 0x64, 0xff, 0x86, 0x00, 0x00, 0x80, 0xff, 0x70, 0x00, 0xae, 0xff, 0x4a,  //.+@%..%@+.%@+ 
  0x00, 0x20, 0xf2, 0xf6, 0xa6, 0xa2, 0xf4, 0xf6, 0x28, 0x00, 0xae, 0xff, 0x4a,  //..@@%%@@..%@+ 
  0x00, 0x00, 0x2a, 0xa0, 0xd0, 0xd0, 0xa4, 0x30, 0x00, 0x00, 0xae, 0xff, 0x4a,  //...%@@%...%@+ 
  0x2a, 0x6c, 0x70, 0x74, 0x7c, 0x86, 0x92, 0xa8, 0xc0, 0x5a, 0xae, 0xff, 0x4a,  //.++++%%%@+%@+ 
  0x4a, 0xff, 0xff, 0xff, 0xff, 0xff, 0xff, 0xd6, 0xb4, 0x4e, 0xae, 0xff, 0x4a,  //+@@@@@@@%+%@+ 
  0x06, 0x28, 0x24, 0x1e, 0xd6, 0xff, 0x36, 0x26, 0x7e, 0x7e, 0xff, 0xff, 0x4a,  //....@@..++@@+ 
  0x00, 0x00, 0x06, 0x0a, 0xc6, 0xff, 0x36, 0x42, 0xda, 0xda, 0xff, 0xff, 0x4a,  //....@@.+@@@@+ 
  0x00, 0x00, 0xb2, 0xff, 0xbe, 0x96, 0x20, 0x00, 0x00, 0x00, 0xa6, 0xf2, 0x46,  //..%@%%....%@+ 
  0x00, 0x00, 0xb2, 0xff, 0x4a, 0x00, 0x00, 0x00, 0x00, 0x00, 0x00, 0x00, 0x00,  //..%@+........ 
  0x00, 0x00, 0xff, 0xff, 0xc8, 0x82, 0x82, 0x82, 0x82, 0x82, 0x82, 0x82, 0x4e,  //..@@@%%%%%%%+ 
  0x00, 0x00, 0xb2, 0xff, 0xff, 0xff, 0xff, 0xff, 0xff, 0xff, 0xff, 0xff, 0x9a,  //..%@@@@@@@@@% 
  0x00, 0x00, 0x0e, 0x16, 0x16, 0x16, 0x16, 0x16, 0x16, 0x16, 0x16, 0x16, 0x0c,  //............. 
  0x00, 0x00, 0x00, 0x00, 0x00, 0x00, 0x00, 0x00, 0x00, 0x00, 0x00, 0x00, 0x00,  //............. 
  0x00, 0x00, 0x00, 0x00, 0x00, 0x00, 0x00, 0x00, 0x00, 0x00, 0x00, 0x00, 0x00,  //............. 
  0x00, 0x00, 0x00, 0x00, 0x00, 0x00, 0x00, 0x00, 0x00, 0x00, 0x00, 0x00, 0x00,  //............. 


  /*Unicode: U+c6d4 (월) , Width: 13 */
  0x00, 0x00, 0x00, 0x00, 0x00, 0x00, 0x00, 0x00, 0x00, 0x00, 0x00, 0x00, 0x00,  //............. 
  0x00, 0x00, 0x00, 0x00, 0x00, 0x00, 0x00, 0x00, 0x00, 0x00, 0x00, 0x00, 0x00,  //............. 
  0x00, 0x00, 0x00, 0x00, 0x00, 0x00, 0x00, 0x00, 0x00, 0x00, 0x00, 0x00, 0x00,  //............. 
  0x00, 0x00, 0x00, 0x26, 0x50, 0x52, 0x2a, 0x00, 0x00, 0x00, 0x62, 0x8e, 0x28,  //....++....+%. 
  0x00, 0x0c, 0xbc, 0xff, 0xf8, 0xf8, 0xff, 0xc2, 0x0e, 0x00, 0xae, 0xff, 0x4a,  //..%@@@@@..%@+ 
  0x00, 0x64, 0xff, 0x94, 0x02, 0x00, 0x8a, 0xff, 0x6a, 0x00, 0xae, 0xff, 0x4a,  //.+@%..%@+.%@+ 
  0x00, 0x34, 0xfa, 0xe2, 0x8e, 0x8c, 0xde, 0xfc, 0x3a, 0x00, 0xae, 0xff, 0x4a,  //..@@%%@@..%@+ 
  0x00, 0x00, 0x32, 0x9a, 0xc2, 0xba, 0x96, 0x38, 0x00, 0x00, 0xae, 0xff, 0x4a,  //...%@%%...%@+ 
  0x3a, 0xae, 0xae, 0xae, 0xb4, 0xbc, 0xc4, 0xd4, 0xe4, 0x80, 0xae, 0xff, 0x4a,  //.%%%%%@@@%%@+ 
  0x28, 0xb2, 0xb0, 0xb8, 0xff, 0xff, 0x8e, 0x7c, 0x82, 0x4e, 0xd0, 0xff, 0x4a,  //.%%%@@%+%+@@+ 
  0x00, 0x00, 0x00, 0x0a, 0xff, 0xf2, 0x00, 0x22, 0xff, 0xff, 0xff, 0xff, 0x4a,  //....@@..@@@@+ 
  0x00, 0x00, 0x08, 0x1c, 0x92, 0x8c, 0x16, 0x18, 0x26, 0x26, 0x78, 0x8e, 0x28,  //....%%....+%. 
  0x00, 0x00, 0x66, 0xff, 0xff, 0xff, 0xff, 0xff, 0xff, 0xff, 0xff, 0xff, 0x4a,  //..+@@@@@@@@@+ 
  0x00, 0x00, 0x22, 0x56, 0x56, 0x56, 0x56, 0x56, 0x56, 0x56, 0xc6, 0xff, 0x4a,  //...+++++++@@+ 
  0x00, 0x00, 0x62, 0xff, 0xff, 0xff, 0xff, 0xff, 0xff, 0xff, 0xff, 0xff, 0x4a,  //..+@@@@@@@@@+ 
  0x00, 0x00, 0x70, 0xff, 0xca, 0x4a, 0x4a, 0x4a, 0x4a, 0x4a, 0x4a, 0x4a, 0x20,  //..+@@+++++++. 
  0x00, 0x00, 0x7c, 0xff, 0xff, 0xff, 0xff, 0xff, 0xff, 0xff, 0xff, 0xff, 0x9e,  //..+@@@@@@@@@% 
  0x00, 0x00, 0x18, 0x3e, 0x3e, 0x3e, 0x3e, 0x3e, 0x3e, 0x3e, 0x3e, 0x3e, 0x26,  //............. 
  0x00, 0x00, 0x00, 0x00, 0x00, 0x00, 0x00, 0x00, 0x00, 0x00, 0x00, 0x00, 0x00,  //............. 
  0x00, 0x00, 0x00, 0x00, 0x00, 0x00, 0x00, 0x00, 0x00, 0x00, 0x00, 0x00, 0x00,  //............. 
  0x00, 0x00, 0x00, 0x00, 0x00, 0x00, 0x00, 0x00, 0x00, 0x00, 0x00, 0x00, 0x00,  //............. 


  /*Unicode: U+c6e8 (웨) , Width: 13 */
  0x00, 0x00, 0x00, 0x00, 0x00, 0x00, 0x00, 0x00, 0x00, 0x00, 0x00, 0x00, 0x00,  //............. 
  0x00, 0x00, 0x00, 0x00, 0x00, 0x00, 0x00, 0x00, 0x00, 0x00, 0x00, 0x00, 0x00,  //............. 
  0x00, 0x00, 0x00, 0x00, 0x00, 0x00, 0x00, 0x00, 0x00, 0x00, 0x00, 0x00, 0x00,  //............. 
  0x00, 0x00, 0x00, 0x00, 0x00, 0x00, 0x00, 0x00, 0x4a, 0x4e, 0x12, 0x8e, 0x6c,  //........++.%+ 
  0x00, 0x02, 0x6c, 0xba, 0xbe, 0x78, 0x06, 0x00, 0xe6, 0xf2, 0x22, 0xff, 0xc2,  //..+%%+..@@.@@ 
  0x00, 0x94, 0xff, 0xd4, 0xcc, 0xff, 0xac, 0x00, 0xe6, 0xf2, 0x22, 0xff, 0xc2,  //.%@@@@%.@@.@@ 
  0x00, 0xf6, 0xd8, 0x02, 0x00, 0xbe, 0xff, 0x10, 0xe6, 0xf2, 0x22, 0xff, 0xc2,  //.@@..%@.@@.@@ 
  0x00, 0xe6, 0xea, 0x26, 0x1c, 0xda, 0xf4, 0x08, 0xe6, 0xf2, 0x22, 0xff, 0xc2,  //.@@..@@.@@.@@ 
  0x00, 0x5a, 0xfa, 0xff, 0xff, 0xfc, 0x6e, 0x00, 0xe6, 0xf2, 0x22, 0xff, 0xc2,  //.+@@@@+.@@.@@ 
  0x00, 0x00, 0x22, 0x66, 0x6a, 0x2a, 0x06, 0x08, 0xe6, 0xf2, 0x22, 0xff, 0xc2,  //...++...@@.@@ 
  0x70, 0xca, 0xce, 0xd8, 0xe2, 0xec, 0xff, 0x72, 0xe6, 0xf2, 0x22, 0xff, 0xc2,  //+@@@@@@+@@.@@ 
  0x5c, 0xd0, 0xca, 0xff, 0xff, 0x9a, 0x78, 0x30, 0xe6, 0xf2, 0x22, 0xff, 0xc2,  //+@@@@%+.@@.@@ 
  0x00, 0x00, 0x00, 0xe6, 0xfa, 0x0e, 0x9e, 0x9e, 0xff, 0xf2, 0x22, 0xff, 0xc2,  //...@@.%%@@.@@ 
  0x00, 0x00, 0x00, 0xe6, 0xfa, 0x14, 0xe2, 0xe2, 0xff, 0xf2, 0x22, 0xff, 0xc2,  //...@@.@@@@.@@ 
  0x00, 0x00, 0x00, 0xe6, 0xfa, 0x00, 0x00, 0x00, 0xe6, 0xf2, 0x22, 0xff, 0xc2,  //...@@...@@.@@ 
  0x00, 0x00, 0x00, 0xe6, 0xfa, 0x00, 0x00, 0x00, 0xe6, 0xf2, 0x22, 0xff, 0xc2,  //...@@...@@.@@ 
  0x00, 0x00, 0x00, 0x38, 0x3e, 0x00, 0x00, 0x00, 0xa2, 0xaa, 0x22, 0xff, 0xc2,  //........%%.@@ 
  0x00, 0x00, 0x00, 0x00, 0x00, 0x00, 0x00, 0x00, 0x00, 0x00, 0x0a, 0x52, 0x3e,  //...........+. 
  0x00, 0x00, 0x00, 0x00, 0x00, 0x00, 0x00, 0x00, 0x00, 0x00, 0x00, 0x00, 0x00,  //............. 
  0x00, 0x00, 0x00, 0x00, 0x00, 0x00, 0x00, 0x00, 0x00, 0x00, 0x00, 0x00, 0x00,  //............. 
  0x00, 0x00, 0x00, 0x00, 0x00, 0x00, 0x00, 0x00, 0x00, 0x00, 0x00, 0x00, 0x00,  //............. 


  /*Unicode: U+c704 (위) , Width: 13 */
  0x00, 0x00, 0x00, 0x00, 0x00, 0x00, 0x00, 0x00, 0x00, 0x00, 0x00, 0x00, 0x00,  //............. 
  0x00, 0x00, 0x00, 0x00, 0x00, 0x00, 0x00, 0x00, 0x00, 0x00, 0x00, 0x00, 0x00,  //............. 
  0x00, 0x00, 0x00, 0x00, 0x00, 0x00, 0x00, 0x00, 0x00, 0x00, 0x00, 0x00, 0x00,  //............. 
  0x00, 0x00, 0x00, 0x00, 0x00, 0x00, 0x00, 0x00, 0x00, 0x00, 0x6a, 0x8e, 0x20,  //..........+%. 
  0x00, 0x00, 0x2c, 0xb2, 0xf2, 0xf8, 0xc8, 0x4a, 0x00, 0x00, 0xbe, 0xff, 0x3a,  //...%@@@+..%@. 
  0x00, 0x1e, 0xee, 0xff, 0xba, 0xac, 0xf4, 0xfc, 0x48, 0x00, 0xbe, 0xff, 0x3a,  //..@@%%@@+.%@. 
  0x00, 0x74, 0xff, 0x8c, 0x00, 0x00, 0x4e, 0xff, 0xb0, 0x00, 0xbe, 0xff, 0x3a,  //.+@%..+@%.%@. 
  0x00, 0x70, 0xff, 0x98, 0x00, 0x00, 0x5c, 0xff, 0xac, 0x00, 0xbe, 0xff, 0x3a,  //.+@%..+@%.%@. 
  0x00, 0x16, 0xe8, 0xff, 0xd2, 0xc4, 0xfa, 0xf8, 0x3c, 0x00, 0xbe, 0xff, 0x3a,  //..@@@@@@..%@. 
  0x00, 0x00, 0x1e, 0x9e, 0xdc, 0xe0, 0xb2, 0x3a, 0x00, 0x00, 0xbe, 0xff, 0x3a,  //...%@@%...%@. 
  0x12, 0x3e, 0x40, 0x44, 0x4e, 0x58, 0x66, 0x80, 0x9e, 0x58, 0xbe, 0xff, 0x3a,  //..+++++%%+%@. 
  0x3a, 0xff, 0xff, 0xff, 0xff, 0xff, 0xff, 0xfc, 0xe0, 0x6a, 0xbe, 0xff, 0x3a,  //.@@@@@@@@+%@. 
  0x0c, 0x5c, 0x58, 0x52, 0xff, 0xff, 0x58, 0x08, 0x00, 0x00, 0xbe, 0xff, 0x3a,  //.+++@@+...%@. 
  0x00, 0x00, 0x00, 0x00, 0xd2, 0xff, 0x2e, 0x00, 0x00, 0x00, 0xbe, 0xff, 0x3a,  //....@@....%@. 
  0x00, 0x00, 0x00, 0x00, 0xd2, 0xff, 0x2e, 0x00, 0x00, 0x00, 0xbe, 0xff, 0x3a,  //....@@....%@. 
  0x00, 0x00, 0x00, 0x00, 0xd2, 0xff, 0x2e, 0x00, 0x00, 0x00, 0xbe, 0xff, 0x3a,  //....@@....%@. 
  0x00, 0x00, 0x00, 0x00, 0xbe, 0xe6, 0x2a, 0x00, 0x00, 0x00, 0xbe, 0xff, 0x3a,  //....%@....%@. 
  0x00, 0x00, 0x00, 0x00, 0x00, 0x00, 0x00, 0x00, 0x00, 0x00, 0x3a, 0x4e, 0x10,  //...........+. 
  0x00, 0x00, 0x00, 0x00, 0x00, 0x00, 0x00, 0x00, 0x00, 0x00, 0x00, 0x00, 0x00,  //............. 
  0x00, 0x00, 0x00, 0x00, 0x00, 0x00, 0x00, 0x00, 0x00, 0x00, 0x00, 0x00, 0x00,  //............. 
  0x00, 0x00, 0x00, 0x00, 0x00, 0x00, 0x00, 0x00, 0x00, 0x00, 0x00, 0x00, 0x00,  //............. 


  /*Unicode: U+c720 (유) , Width: 14 */
  0x00, 0x00, 0x00, 0x00, 0x00, 0x00, 0x00, 0x00, 0x00, 0x00, 0x00, 0x00, 0x00, 0x00,  //.............. 
  0x00, 0x00, 0x00, 0x00, 0x00, 0x00, 0x00, 0x00, 0x00, 0x00, 0x00, 0x00, 0x00, 0x00,  //.............. 
  0x00, 0x00, 0x00, 0x00, 0x00, 0x00, 0x00, 0x00, 0x00, 0x00, 0x00, 0x00, 0x00, 0x00,  //.............. 
  0x00, 0x00, 0x00, 0x00, 0x00, 0x00, 0x0e, 0x0a, 0x00, 0x00, 0x00, 0x00, 0x00, 0x00,  //.............. 
  0x00, 0x00, 0x00, 0x5c, 0xc2, 0xf8, 0xff, 0xff, 0xee, 0xae, 0x38, 0x00, 0x00, 0x00,  //...+@@@@@%.... 
  0x00, 0x00, 0x8e, 0xff, 0xee, 0xa6, 0x86, 0x8e, 0xb6, 0xfa, 0xfa, 0x4e, 0x00, 0x00,  //..%@@%%%%@@+.. 
  0x00, 0x10, 0xfc, 0xf8, 0x1e, 0x00, 0x00, 0x00, 0x00, 0x5a, 0xff, 0xc6, 0x00, 0x00,  //..@@.....+@@.. 
  0x00, 0x10, 0xfc, 0xf8, 0x18, 0x00, 0x00, 0x00, 0x00, 0x54, 0xff, 0xc8, 0x00, 0x00,  //..@@.....+@@.. 
  0x00, 0x00, 0x92, 0xff, 0xea, 0x9e, 0x80, 0x88, 0xae, 0xf8, 0xfc, 0x50, 0x00, 0x00,  //..%@@%%%%@@+.. 
  0x00, 0x00, 0x00, 0x62, 0xcc, 0xfa, 0xff, 0xff, 0xf4, 0xb6, 0x3c, 0x00, 0x00, 0x00,  //...+@@@@@%.... 
  0x00, 0x00, 0x00, 0x00, 0x00, 0x06, 0x18, 0x14, 0x02, 0x00, 0x00, 0x00, 0x00, 0x00,  //.............. 
  0x50, 0xd2, 0xd2, 0xd2, 0xd2, 0xd2, 0xd2, 0xd2, 0xd2, 0xd2, 0xd2, 0xd2, 0xd2, 0x26,  //+@@@@@@@@@@@@. 
  0x4c, 0xc6, 0xc6, 0xff, 0xff, 0xff, 0xc6, 0xc6, 0xff, 0xff, 0xff, 0xc6, 0xc6, 0x24,  //+@@@@@@@@@@@@. 
  0x00, 0x00, 0x00, 0x8a, 0xff, 0x76, 0x00, 0x00, 0xbe, 0xff, 0x46, 0x00, 0x00, 0x00,  //...%@+..%@+... 
  0x00, 0x00, 0x00, 0x8a, 0xff, 0x76, 0x00, 0x00, 0xbe, 0xff, 0x46, 0x00, 0x00, 0x00,  //...%@+..%@+... 
  0x00, 0x00, 0x00, 0x8a, 0xff, 0x76, 0x00, 0x00, 0xbe, 0xff, 0x46, 0x00, 0x00, 0x00,  //...%@+..%@+... 
  0x00, 0x00, 0x00, 0x8a, 0xff, 0x76, 0x00, 0x00, 0xbe, 0xff, 0x46, 0x00, 0x00, 0x00,  //...%@+..%@+... 
  0x00, 0x00, 0x00, 0x2a, 0x4e, 0x24, 0x00, 0x00, 0x3a, 0x4e, 0x14, 0x00, 0x00, 0x00,  //....+....+.... 
  0x00, 0x00, 0x00, 0x00, 0x00, 0x00, 0x00, 0x00, 0x00, 0x00, 0x00, 0x00, 0x00, 0x00,  //.............. 
  0x00, 0x00, 0x00, 0x00, 0x00, 0x00, 0x00, 0x00, 0x00, 0x00, 0x00, 0x00, 0x00, 0x00,  //.............. 
  0x00, 0x00, 0x00, 0x00, 0x00, 0x00, 0x00, 0x00, 0x00, 0x00, 0x00, 0x00, 0x00, 0x00,  //.............. 


  /*Unicode: U+c73c (으) , Width: 14 */
  0x00, 0x00, 0x00, 0x00, 0x00, 0x00, 0x00, 0x00, 0x00, 0x00, 0x00, 0x00, 0x00, 0x00,  //.............. 
  0x00, 0x00, 0x00, 0x00, 0x00, 0x00, 0x00, 0x00, 0x00, 0x00, 0x00, 0x00, 0x00, 0x00,  //.............. 
  0x00, 0x00, 0x00, 0x00, 0x00, 0x00, 0x00, 0x00, 0x00, 0x00, 0x00, 0x00, 0x00, 0x00,  //.............. 
  0x00, 0x00, 0x00, 0x00, 0x00, 0x00, 0x00, 0x00, 0x00, 0x00, 0x00, 0x00, 0x00, 0x00,  //.............. 
  0x00, 0x00, 0x00, 0x0a, 0x6a, 0xb2, 0xd0, 0xcc, 0xa6, 0x54, 0x00, 0x00, 0x00, 0x00,  //....+%@@%+.... 
  0x00, 0x00, 0x2a, 0xe2, 0xff, 0xf0, 0xc6, 0xcc, 0xf8, 0xff, 0xc2, 0x0e, 0x00, 0x00,  //...@@@@@@@@... 
  0x00, 0x02, 0xd8, 0xff, 0x7c, 0x04, 0x00, 0x00, 0x12, 0xaa, 0xff, 0xa2, 0x00, 0x00,  //..@@+....%@%.. 
  0x00, 0x36, 0xff, 0xc8, 0x00, 0x00, 0x00, 0x00, 0x00, 0x0a, 0xf6, 0xf6, 0x00, 0x00,  //..@@......@@.. 
  0x00, 0x40, 0xff, 0xb6, 0x00, 0x00, 0x00, 0x00, 0x00, 0x00, 0xec, 0xfc, 0x06, 0x00,  //.+@%......@@.. 
  0x00, 0x0e, 0xf0, 0xf8, 0x36, 0x00, 0x00, 0x00, 0x00, 0x6c, 0xff, 0xc4, 0x00, 0x00,  //..@@.....+@@.. 
  0x00, 0x00, 0x5e, 0xfc, 0xfa, 0xac, 0x7e, 0x84, 0xc0, 0xff, 0xee, 0x30, 0x00, 0x00,  //..+@@%+%@@@... 
  0x00, 0x00, 0x00, 0x3c, 0xba, 0xf8, 0xff, 0xff, 0xf0, 0xa4, 0x22, 0x00, 0x00, 0x00,  //....%@@@@%.... 
  0x00, 0x00, 0x00, 0x00, 0x00, 0x06, 0x1e, 0x1a, 0x02, 0x00, 0x00, 0x00, 0x00, 0x00,  //.............. 
  0x00, 0x00, 0x00, 0x00, 0x00, 0x00, 0x00, 0x00, 0x00, 0x00, 0x00, 0x00, 0x00, 0x00,  //.............. 
  0x60, 0xfa, 0xfa, 0xfa, 0xfa, 0xfa, 0xfa, 0xfa, 0xfa, 0xfa, 0xfa, 0xfa, 0xfa, 0x32,  //+@@@@@@@@@@@@. 
  0x40, 0xa6, 0xa6, 0xa6, 0xa6, 0xa6, 0xa6, 0xa6, 0xa6, 0xa6, 0xa6, 0xa6, 0xa6, 0x20,  //+%%%%%%%%%%%%. 
  0x00, 0x00, 0x00, 0x00, 0x00, 0x00, 0x00, 0x00, 0x00, 0x00, 0x00, 0x00, 0x00, 0x00,  //.............. 
  0x00, 0x00, 0x00, 0x00, 0x00, 0x00, 0x00, 0x00, 0x00, 0x00, 0x00, 0x00, 0x00, 0x00,  //.............. 
  0x00, 0x00, 0x00, 0x00, 0x00, 0x00, 0x00, 0x00, 0x00, 0x00, 0x00, 0x00, 0x00, 0x00,  //.............. 
  0x00, 0x00, 0x00, 0x00, 0x00, 0x00, 0x00, 0x00, 0x00, 0x00, 0x00, 0x00, 0x00, 0x00,  //.............. 
  0x00, 0x00, 0x00, 0x00, 0x00, 0x00, 0x00, 0x00, 0x00, 0x00, 0x00, 0x00, 0x00, 0x00,  //.............. 


  /*Unicode: U+c740 (은) , Width: 14 */
  0x00, 0x00, 0x00, 0x00, 0x00, 0x00, 0x00, 0x00, 0x00, 0x00, 0x00, 0x00, 0x00, 0x00,  //.............. 
  0x00, 0x00, 0x00, 0x00, 0x00, 0x00, 0x00, 0x00, 0x00, 0x00, 0x00, 0x00, 0x00, 0x00,  //.............. 
  0x00, 0x00, 0x00, 0x00, 0x00, 0x00, 0x00, 0x00, 0x00, 0x00, 0x00, 0x00, 0x00, 0x00,  //.............. 
  0x00, 0x00, 0x00, 0x00, 0x00, 0x0c, 0x20, 0x1c, 0x06, 0x00, 0x00, 0x00, 0x00, 0x00,  //.............. 
  0x00, 0x00, 0x04, 0x78, 0xd6, 0xff, 0xff, 0xff, 0xfa, 0xc6, 0x5a, 0x00, 0x00, 0x00,  //...+@@@@@@+... 
  0x00, 0x00, 0xb4, 0xff, 0xda, 0x90, 0x74, 0x72, 0x98, 0xec, 0xff, 0x7c, 0x00, 0x00,  //..%@@%++%@@+.. 
  0x00, 0x14, 0xff, 0xfa, 0x0a, 0x00, 0x00, 0x00, 0x00, 0x3c, 0xff, 0xdc, 0x00, 0x00,  //..@@......@@.. 
  0x00, 0x02, 0xe8, 0xff, 0x7e, 0x24, 0x0a, 0x0a, 0x2c, 0xa6, 0xff, 0xb6, 0x00, 0x00,  //..@@+....%@%.. 
  0x00, 0x00, 0x3c, 0xe0, 0xff, 0xff, 0xff, 0xff, 0xff, 0xff, 0xc6, 0x1c, 0x00, 0x00,  //...@@@@@@@@... 
  0x00, 0x00, 0x00, 0x02, 0x42, 0x74, 0x88, 0x86, 0x6c, 0x32, 0x00, 0x00, 0x00, 0x00,  //....++%%+..... 
  0x2e, 0x76, 0x76, 0x76, 0x76, 0x76, 0x76, 0x76, 0x76, 0x76, 0x76, 0x76, 0x76, 0x12,  //.++++++++++++. 
  0x66, 0xff, 0xff, 0xff, 0xff, 0xff, 0xff, 0xff, 0xff, 0xff, 0xff, 0xff, 0xff, 0x2a,  //+@@@@@@@@@@@@. 
  0x08, 0x16, 0x16, 0x16, 0x16, 0x16, 0x16, 0x16, 0x16, 0x16, 0x16, 0x16, 0x16, 0x02,  //.............. 
  0x00, 0x00, 0xd8, 0xf6, 0x1e, 0x00, 0x00, 0x00, 0x00, 0x00, 0x00, 0x00, 0x00, 0x00,  //..@@.......... 
  0x00, 0x00, 0xde, 0xff, 0x1e, 0x00, 0x00, 0x00, 0x00, 0x00, 0x00, 0x00, 0x00, 0x00,  //..@@.......... 
  0x00, 0x00, 0xff, 0xff, 0xa2, 0x82, 0x82, 0x82, 0x82, 0x82, 0x82, 0x64, 0x00, 0x00,  //..@@%%%%%%%+.. 
  0x00, 0x00, 0xde, 0xff, 0xff, 0xff, 0xff, 0xff, 0xff, 0xff, 0xff, 0xc2, 0x00, 0x00,  //..@@@@@@@@@@.. 
  0x00, 0x00, 0x14, 0x16, 0x16, 0x16, 0x16, 0x16, 0x16, 0x16, 0x16, 0x10, 0x00, 0x00,  //.............. 
  0x00, 0x00, 0x00, 0x00, 0x00, 0x00, 0x00, 0x00, 0x00, 0x00, 0x00, 0x00, 0x00, 0x00,  //.............. 
  0x00, 0x00, 0x00, 0x00, 0x00, 0x00, 0x00, 0x00, 0x00, 0x00, 0x00, 0x00, 0x00, 0x00,  //.............. 
  0x00, 0x00, 0x00, 0x00, 0x00, 0x00, 0x00, 0x00, 0x00, 0x00, 0x00, 0x00, 0x00, 0x00,  //.............. 


  /*Unicode: U+c744 (을) , Width: 14 */
  0x00, 0x00, 0x00, 0x00, 0x00, 0x00, 0x00, 0x00, 0x00, 0x00, 0x00, 0x00, 0x00, 0x00,  //.............. 
  0x00, 0x00, 0x00, 0x00, 0x00, 0x00, 0x00, 0x00, 0x00, 0x00, 0x00, 0x00, 0x00, 0x00,  //.............. 
  0x00, 0x00, 0x00, 0x00, 0x00, 0x00, 0x00, 0x00, 0x00, 0x00, 0x00, 0x00, 0x00, 0x00,  //.............. 
  0x00, 0x00, 0x00, 0x00, 0x24, 0x4a, 0x5a, 0x58, 0x46, 0x1a, 0x00, 0x00, 0x00, 0x00,  //.....++++..... 
  0x00, 0x00, 0x48, 0xda, 0xff, 0xff, 0xff, 0xff, 0xff, 0xff, 0xc2, 0x28, 0x00, 0x00,  //..+@@@@@@@@... 
  0x00, 0x0c, 0xf6, 0xfc, 0x6a, 0x2c, 0x1a, 0x1c, 0x34, 0x92, 0xff, 0xca, 0x00, 0x00,  //..@@+....%@@.. 
  0x00, 0x0e, 0xf6, 0xfc, 0x62, 0x26, 0x18, 0x1a, 0x2c, 0x8c, 0xff, 0xcc, 0x00, 0x00,  //..@@+....%@@.. 
  0x00, 0x00, 0x4e, 0xde, 0xff, 0xff, 0xff, 0xff, 0xff, 0xff, 0xc6, 0x2c, 0x00, 0x00,  //..+@@@@@@@@... 
  0x00, 0x00, 0x00, 0x00, 0x26, 0x4c, 0x5a, 0x5a, 0x46, 0x1c, 0x00, 0x00, 0x00, 0x00,  //.....++++..... 
  0x62, 0xf6, 0xf6, 0xf6, 0xf6, 0xf6, 0xf6, 0xf6, 0xf6, 0xf6, 0xf6, 0xf6, 0xf6, 0x28,  //+@@@@@@@@@@@@. 
  0x3c, 0x96, 0x96, 0x96, 0x96, 0x96, 0x96, 0x96, 0x96, 0x96, 0x96, 0x96, 0x96, 0x18,  //.%%%%%%%%%%%%. 
  0x00, 0x00, 0x96, 0x9e, 0x9e, 0x9e, 0x9e, 0x9e, 0x9e, 0x9e, 0x9e, 0x64, 0x00, 0x00,  //..%%%%%%%%%+.. 
  0x00, 0x00, 0xcc, 0xd6, 0xd6, 0xd6, 0xd6, 0xd6, 0xd6, 0xe4, 0xff, 0xa2, 0x00, 0x00,  //..@@@@@@@@@%.. 
  0x00, 0x00, 0x68, 0x6e, 0x6e, 0x6e, 0x6e, 0x6e, 0x6e, 0x9e, 0xff, 0xa2, 0x00, 0x00,  //..+++++++%@%.. 
  0x00, 0x00, 0xee, 0xff, 0xee, 0xee, 0xee, 0xee, 0xee, 0xee, 0xee, 0x98, 0x00, 0x00,  //..@@@@@@@@@%.. 
  0x00, 0x00, 0xff, 0xff, 0x4a, 0x42, 0x42, 0x42, 0x42, 0x42, 0x42, 0x42, 0x00, 0x00,  //..@@++++++++.. 
  0x00, 0x00, 0xff, 0xff, 0xff, 0xff, 0xff, 0xff, 0xff, 0xff, 0xff, 0xff, 0x02, 0x00,  //..@@@@@@@@@@.. 
  0x00, 0x00, 0x3a, 0x3e, 0x3e, 0x3e, 0x3e, 0x3e, 0x3e, 0x3e, 0x3e, 0x3e, 0x00, 0x00,  //.............. 
  0x00, 0x00, 0x00, 0x00, 0x00, 0x00, 0x00, 0x00, 0x00, 0x00, 0x00, 0x00, 0x00, 0x00,  //.............. 
  0x00, 0x00, 0x00, 0x00, 0x00, 0x00, 0x00, 0x00, 0x00, 0x00, 0x00, 0x00, 0x00, 0x00,  //.............. 
  0x00, 0x00, 0x00, 0x00, 0x00, 0x00, 0x00, 0x00, 0x00, 0x00, 0x00, 0x00, 0x00, 0x00,  //.............. 


  /*Unicode: U+c758 (의) , Width: 13 */
  0x00, 0x00, 0x00, 0x00, 0x00, 0x00, 0x00, 0x00, 0x00, 0x00, 0x00, 0x00, 0x00,  //............. 
  0x00, 0x00, 0x00, 0x00, 0x00, 0x00, 0x00, 0x00, 0x00, 0x00, 0x00, 0x00, 0x00,  //............. 
  0x00, 0x00, 0x00, 0x00, 0x00, 0x00, 0x00, 0x00, 0x00, 0x00, 0x00, 0x00, 0x00,  //............. 
  0x00, 0x00, 0x00, 0x00, 0x00, 0x00, 0x00, 0x00, 0x00, 0x00, 0x74, 0x92, 0x1a,  //..........+%. 
  0x00, 0x00, 0x02, 0x54, 0x92, 0x96, 0x62, 0x08, 0x00, 0x00, 0xca, 0xff, 0x2e,  //...+%%+...@@. 
  0x00, 0x06, 0xbe, 0xff, 0xff, 0xff, 0xff, 0xd6, 0x14, 0x00, 0xca, 0xff, 0x2e,  //..%@@@@@..@@. 
  0x00, 0x76, 0xff, 0xc6, 0x2e, 0x26, 0xae, 0xff, 0x9a, 0x00, 0xca, 0xff, 0x2e,  //.+@@..%@%.@@. 
  0x00, 0xb4, 0xff, 0x44, 0x00, 0x00, 0x26, 0xff, 0xd6, 0x00, 0xca, 0xff, 0x2e,  //.%@+...@@.@@. 
  0x00, 0xa2, 0xff, 0x6a, 0x00, 0x00, 0x4a, 0xff, 0xc6, 0x00, 0xca, 0xff, 0x2e,  //.%@+..+@@.@@. 
  0x00, 0x3c, 0xfc, 0xf8, 0x9e, 0x96, 0xf0, 0xff, 0x5e, 0x00, 0xca, 0xff, 0x2e,  //..@@%%@@+.@@. 
  0x00, 0x00, 0x54, 0xe2, 0xff, 0xff, 0xec, 0x6e, 0x00, 0x00, 0xca, 0xff, 0x2e,  //..+@@@@+..@@. 
  0x00, 0x00, 0x00, 0x00, 0x22, 0x26, 0x04, 0x00, 0x00, 0x00, 0xca, 0xff, 0x2e,  //..........@@. 
  0x04, 0x12, 0x14, 0x18, 0x22, 0x2c, 0x3a, 0x52, 0x6c, 0x3c, 0xca, 0xff, 0x2e,  //.......++.@@. 
  0x3e, 0xff, 0xff, 0xff, 0xff, 0xff, 0xff, 0xff, 0xff, 0x82, 0xca, 0xff, 0x2e,  //.@@@@@@@@%@@. 
  0x10, 0x88, 0x86, 0x82, 0x74, 0x66, 0x54, 0x34, 0x10, 0x00, 0xca, 0xff, 0x2e,  //.%%%+++...@@. 
  0x00, 0x00, 0x00, 0x00, 0x00, 0x00, 0x00, 0x00, 0x00, 0x00, 0xca, 0xff, 0x2e,  //..........@@. 
  0x00, 0x00, 0x00, 0x00, 0x00, 0x00, 0x00, 0x00, 0x00, 0x00, 0xca, 0xff, 0x2e,  //..........@@. 
  0x00, 0x00, 0x00, 0x00, 0x00, 0x00, 0x00, 0x00, 0x00, 0x00, 0x44, 0x56, 0x0e,  //..........++. 
  0x00, 0x00, 0x00, 0x00, 0x00, 0x00, 0x00, 0x00, 0x00, 0x00, 0x00, 0x00, 0x00,  //............. 
  0x00, 0x00, 0x00, 0x00, 0x00, 0x00, 0x00, 0x00, 0x00, 0x00, 0x00, 0x00, 0x00,  //............. 
  0x00, 0x00, 0x00, 0x00, 0x00, 0x00, 0x00, 0x00, 0x00, 0x00, 0x00, 0x00, 0x00,  //............. 


  /*Unicode: U+c774 (이) , Width: 12 */
  0x00, 0x00, 0x00, 0x00, 0x00, 0x00, 0x00, 0x00, 0x00, 0x00, 0x00, 0x00,  //............ 
  0x00, 0x00, 0x00, 0x00, 0x00, 0x00, 0x00, 0x00, 0x00, 0x00, 0x00, 0x00,  //............ 
  0x00, 0x00, 0x00, 0x00, 0x00, 0x00, 0x00, 0x00, 0x00, 0x00, 0x00, 0x00,  //............ 
  0x00, 0x00, 0x00, 0x00, 0x00, 0x00, 0x00, 0x00, 0x00, 0x7e, 0x92, 0x12,  //.........+%. 
  0x00, 0x02, 0x58, 0x90, 0x74, 0x10, 0x00, 0x00, 0x00, 0xda, 0xff, 0x22,  //..+%+....@@. 
  0x00, 0xb2, 0xff, 0xff, 0xff, 0xe2, 0x1e, 0x00, 0x00, 0xda, 0xff, 0x22,  //.%@@@@...@@. 
  0x62, 0xff, 0xca, 0x40, 0x94, 0xff, 0xae, 0x00, 0x00, 0xda, 0xff, 0x22,  //+@@+%@%..@@. 
  0xbe, 0xff, 0x34, 0x00, 0x00, 0xe0, 0xfa, 0x10, 0x00, 0xda, 0xff, 0x22,  //%@...@@..@@. 
  0xec, 0xf8, 0x00, 0x00, 0x00, 0xaa, 0xff, 0x3c, 0x00, 0xda, 0xff, 0x22,  //@@...%@..@@. 
  0xf8, 0xee, 0x00, 0x00, 0x00, 0x9e, 0xff, 0x48, 0x00, 0xda, 0xff, 0x22,  //@@...%@+.@@. 
  0xe6, 0xfc, 0x08, 0x00, 0x00, 0xb4, 0xff, 0x34, 0x00, 0xda, 0xff, 0x22,  //@@...%@..@@. 
  0xac, 0xff, 0x52, 0x00, 0x10, 0xf0, 0xf2, 0x06, 0x00, 0xda, 0xff, 0x22,  //%@+..@@..@@. 
  0x40, 0xff, 0xec, 0x88, 0xcc, 0xff, 0x8c, 0x00, 0x00, 0xda, 0xff, 0x22,  //+@@%@@%..@@. 
  0x00, 0x72, 0xf8, 0xff, 0xff, 0xb0, 0x08, 0x00, 0x00, 0xda, 0xff, 0x22,  //.+@@@%...@@. 
  0x00, 0x00, 0x18, 0x48, 0x2c, 0x00, 0x00, 0x00, 0x00, 0xda, 0xff, 0x22,  //...+.....@@. 
  0x00, 0x00, 0x00, 0x00, 0x00, 0x00, 0x00, 0x00, 0x00, 0xda, 0xff, 0x22,  //.........@@. 
  0x00, 0x00, 0x00, 0x00, 0x00, 0x00, 0x00, 0x00, 0x00, 0xda, 0xff, 0x22,  //.........@@. 
  0x00, 0x00, 0x00, 0x00, 0x00, 0x00, 0x00, 0x00, 0x00, 0x4a, 0x56, 0x0a,  //.........++. 
  0x00, 0x00, 0x00, 0x00, 0x00, 0x00, 0x00, 0x00, 0x00, 0x00, 0x00, 0x00,  //............ 
  0x00, 0x00, 0x00, 0x00, 0x00, 0x00, 0x00, 0x00, 0x00, 0x00, 0x00, 0x00,  //............ 
  0x00, 0x00, 0x00, 0x00, 0x00, 0x00, 0x00, 0x00, 0x00, 0x00, 0x00, 0x00,  //............ 


  /*Unicode: U+c778 (인) , Width: 13 */
  0x00, 0x00, 0x00, 0x00, 0x00, 0x00, 0x00, 0x00, 0x00, 0x00, 0x00, 0x00, 0x00,  //............. 
  0x00, 0x00, 0x00, 0x00, 0x00, 0x00, 0x00, 0x00, 0x00, 0x00, 0x00, 0x00, 0x00,  //............. 
  0x00, 0x00, 0x00, 0x00, 0x00, 0x00, 0x00, 0x00, 0x00, 0x00, 0x00, 0x00, 0x00,  //............. 
  0x00, 0x00, 0x00, 0x00, 0x00, 0x00, 0x00, 0x00, 0x00, 0x00, 0x78, 0x8e, 0x14,  //..........+%. 
  0x00, 0x00, 0x1e, 0x80, 0xa2, 0x8a, 0x2e, 0x00, 0x00, 0x00, 0xd6, 0xff, 0x26,  //...%%%....@@. 
  0x00, 0x42, 0xf2, 0xff, 0xff, 0xff, 0xfa, 0x64, 0x00, 0x00, 0xd6, 0xff, 0x26,  //.+@@@@@+..@@. 
  0x02, 0xe0, 0xff, 0x72, 0x1a, 0x56, 0xf4, 0xf8, 0x16, 0x00, 0xd6, 0xff, 0x26,  //.@@+.+@@..@@. 
  0x22, 0xff, 0xd8, 0x00, 0x00, 0x00, 0xaa, 0xff, 0x52, 0x00, 0xd6, 0xff, 0x26,  //.@@...%@+.@@. 
  0x18, 0xff, 0xe8, 0x02, 0x00, 0x00, 0xc0, 0xff, 0x46, 0x00, 0xd6, 0xff, 0x26,  //.@@...@@+.@@. 
  0x00, 0xbc, 0xff, 0xbc, 0x6a, 0xa6, 0xff, 0xe2, 0x06, 0x00, 0xd6, 0xff, 0x26,  //.%@%+%@@..@@. 
  0x00, 0x18, 0xc6, 0xff, 0xff, 0xff, 0xdc, 0x2e, 0x00, 0x00, 0xd6, 0xff, 0x26,  //..@@@@@...@@. 
  0x00, 0x00, 0x00, 0x34, 0x56, 0x3e, 0x02, 0x00, 0x00, 0x00, 0xd6, 0xff, 0x26,  //....+.....@@. 
  0x00, 0x00, 0x0e, 0x8e, 0x7e, 0x00, 0x00, 0x00, 0x00, 0x00, 0xd6, 0xff, 0x26,  //...%+.....@@. 
  0x00, 0x00, 0x1a, 0xff, 0xe2, 0x00, 0x00, 0x00, 0x00, 0x00, 0x5a, 0x6a, 0x0e,  //...@@.....++. 
  0x00, 0x00, 0x1a, 0xff, 0xe2, 0x00, 0x00, 0x00, 0x00, 0x00, 0x00, 0x00, 0x00,  //...@@........ 
  0x00, 0x00, 0x28, 0xff, 0xff, 0x82, 0x82, 0x82, 0x82, 0x82, 0x82, 0x82, 0x42,  //...@@%%%%%%%+ 
  0x00, 0x00, 0x1e, 0xff, 0xff, 0xff, 0xff, 0xff, 0xff, 0xff, 0xff, 0xff, 0x82,  //...@@@@@@@@@% 
  0x00, 0x00, 0x00, 0x16, 0x16, 0x16, 0x16, 0x16, 0x16, 0x16, 0x16, 0x16, 0x0a,  //............. 
  0x00, 0x00, 0x00, 0x00, 0x00, 0x00, 0x00, 0x00, 0x00, 0x00, 0x00, 0x00, 0x00,  //............. 
  0x00, 0x00, 0x00, 0x00, 0x00, 0x00, 0x00, 0x00, 0x00, 0x00, 0x00, 0x00, 0x00,  //............. 
  0x00, 0x00, 0x00, 0x00, 0x00, 0x00, 0x00, 0x00, 0x00, 0x00, 0x00, 0x00, 0x00,  //............. 


  /*Unicode: U+c77c (일) , Width: 13 */
  0x00, 0x00, 0x00, 0x00, 0x00, 0x00, 0x00, 0x00, 0x00, 0x00, 0x00, 0x00, 0x00,  //............. 
  0x00, 0x00, 0x00, 0x00, 0x00, 0x00, 0x00, 0x00, 0x00, 0x00, 0x00, 0x00, 0x00,  //............. 
  0x00, 0x00, 0x00, 0x00, 0x00, 0x00, 0x00, 0x00, 0x00, 0x00, 0x00, 0x00, 0x00,  //............. 
  0x00, 0x00, 0x00, 0x0c, 0x24, 0x0c, 0x00, 0x00, 0x00, 0x00, 0x78, 0x8e, 0x14,  //..........+%. 
  0x00, 0x12, 0xa8, 0xfa, 0xff, 0xfa, 0xaa, 0x14, 0x00, 0x00, 0xd6, 0xff, 0x26,  //..%@@@%...@@. 
  0x00, 0xbc, 0xff, 0xc2, 0x80, 0xbe, 0xff, 0xc4, 0x00, 0x00, 0xd6, 0xff, 0x26,  //.%@@%%@@..@@. 
  0x1c, 0xff, 0xe0, 0x02, 0x00, 0x00, 0xd8, 0xff, 0x26, 0x00, 0xd6, 0xff, 0x26,  //.@@...@@..@@. 
  0x1c, 0xff, 0xde, 0x00, 0x00, 0x00, 0xd4, 0xff, 0x28, 0x00, 0xd6, 0xff, 0x26,  //.@@...@@..@@. 
  0x00, 0xbe, 0xff, 0xb6, 0x76, 0xb2, 0xff, 0xca, 0x00, 0x00, 0xd6, 0xff, 0x26,  //.%@%+%@@..@@. 
  0x00, 0x14, 0xac, 0xfa, 0xff, 0xfc, 0xb2, 0x18, 0x00, 0x00, 0xd6, 0xff, 0x26,  //..%@@@%...@@. 
  0x00, 0x00, 0x00, 0x1a, 0x34, 0x1c, 0x0a, 0x0a, 0x0a, 0x0a, 0x5e, 0x6e, 0x10,  //..........++. 
  0x00, 0x00, 0x1a, 0xff, 0xff, 0xff, 0xff, 0xff, 0xff, 0xff, 0xff, 0xff, 0x26,  //...@@@@@@@@@. 
  0x00, 0x00, 0x0c, 0x7a, 0x7a, 0x7a, 0x7a, 0x7a, 0x7a, 0x7a, 0xe8, 0xff, 0x26,  //...+++++++@@. 
  0x00, 0x00, 0x0e, 0xae, 0xae, 0xae, 0xae, 0xae, 0xae, 0xae, 0xf0, 0xff, 0x26,  //...%%%%%%%@@. 
  0x00, 0x00, 0x16, 0xff, 0xf6, 0xbe, 0xbe, 0xbe, 0xbe, 0xbe, 0xbe, 0xbe, 0x1c,  //...@@%%%%%%%. 
  0x00, 0x00, 0x20, 0xff, 0xff, 0x5e, 0x5e, 0x5e, 0x5e, 0x5e, 0x5e, 0x5e, 0x2e,  //...@@+++++++. 
  0x00, 0x00, 0x20, 0xff, 0xff, 0xff, 0xff, 0xff, 0xff, 0xff, 0xff, 0xff, 0x7e,  //...@@@@@@@@@+ 
  0x00, 0x00, 0x02, 0x2e, 0x2e, 0x2e, 0x2e, 0x2e, 0x2e, 0x2e, 0x2e, 0x2e, 0x16,  //............. 
  0x00, 0x00, 0x00, 0x00, 0x00, 0x00, 0x00, 0x00, 0x00, 0x00, 0x00, 0x00, 0x00,  //............. 
  0x00, 0x00, 0x00, 0x00, 0x00, 0x00, 0x00, 0x00, 0x00, 0x00, 0x00, 0x00, 0x00,  //............. 
  0x00, 0x00, 0x00, 0x00, 0x00, 0x00, 0x00, 0x00, 0x00, 0x00, 0x00, 0x00, 0x00,  //............. 


  /*Unicode: U+c77d (읽) , Width: 13 */
  0x00, 0x00, 0x00, 0x00, 0x00, 0x00, 0x00, 0x00, 0x00, 0x00, 0x00, 0x00, 0x00,  //............. 
  0x00, 0x00, 0x00, 0x00, 0x00, 0x00, 0x00, 0x00, 0x00, 0x00, 0x00, 0x00, 0x00,  //............. 
  0x00, 0x00, 0x00, 0x00, 0x00, 0x00, 0x00, 0x00, 0x00, 0x00, 0x00, 0x00, 0x00,  //............. 
  0x00, 0x00, 0x00, 0x00, 0x00, 0x00, 0x00, 0x00, 0x00, 0x00, 0x78, 0x8e, 0x14,  //..........+%. 
  0x00, 0x04, 0x7c, 0xde, 0xfa, 0xe0, 0x82, 0x06, 0x00, 0x00, 0xd6, 0xff, 0x26,  //..+@@@%...@@. 
  0x00, 0x9c, 0xff, 0xe0, 0xa8, 0xdc, 0xff, 0xa8, 0x00, 0x00, 0xd6, 0xff, 0x26,  //.%@@%@@%..@@. 
  0x14, 0xfc, 0xea, 0x0e, 0x00, 0x0a, 0xe4, 0xff, 0x1e, 0x00, 0xd6, 0xff, 0x26,  //.@@...@@..@@. 
  0x22, 0xff, 0xd4, 0x00, 0x00, 0x00, 0xca, 0xff, 0x2e, 0x00, 0xd6, 0xff, 0x26,  //.@@...@@..@@. 
  0x00, 0xd8, 0xff, 0x8a, 0x44, 0x84, 0xfc, 0xe0, 0x04, 0x00, 0xd6, 0xff, 0x26,  //.@@%+%@@..@@. 
  0x00, 0x2a, 0xda, 0xff, 0xff, 0xff, 0xe0, 0x32, 0x00, 0x00, 0xd6, 0xff, 0x26,  //..@@@@@...@@. 
  0x00, 0x00, 0x02, 0x40, 0x5c, 0x42, 0x04, 0x00, 0x00, 0x00, 0x82, 0x9a, 0x16,  //...+++....%%. 
  0x00, 0x00, 0xa4, 0xca, 0xca, 0xca, 0xc4, 0x64, 0xca, 0xca, 0xca, 0xca, 0x1e,  //..%@@@@+@@@@. 
  0x00, 0x00, 0x8a, 0xaa, 0xaa, 0xfa, 0xf6, 0x62, 0xc6, 0xc6, 0xf4, 0xff, 0x26,  //..%%%@@+@@@@. 
  0x00, 0x00, 0x70, 0x8e, 0x8e, 0xf8, 0xf6, 0x00, 0x00, 0x00, 0xd2, 0xff, 0x26,  //..+%%@@...@@. 
  0x00, 0x00, 0xca, 0xff, 0xd4, 0xce, 0xc8, 0x00, 0x00, 0x00, 0xd2, 0xff, 0x26,  //..@@@@@...@@. 
  0x00, 0x00, 0xff, 0xff, 0x6c, 0x54, 0x66, 0x6a, 0x00, 0x00, 0xd2, 0xff, 0x26,  //..@@++++..@@. 
  0x00, 0x00, 0xff, 0xff, 0xff, 0xff, 0xff, 0xdc, 0x00, 0x00, 0xd2, 0xff, 0x26,  //..@@@@@@..@@. 
  0x00, 0x00, 0x24, 0x2e, 0x2c, 0x24, 0x12, 0x00, 0x00, 0x00, 0x3c, 0x4a, 0x0a,  //...........+. 
  0x00, 0x00, 0x00, 0x00, 0x00, 0x00, 0x00, 0x00, 0x00, 0x00, 0x00, 0x00, 0x00,  //............. 
  0x00, 0x00, 0x00, 0x00, 0x00, 0x00, 0x00, 0x00, 0x00, 0x00, 0x00, 0x00, 0x00,  //............. 
  0x00, 0x00, 0x00, 0x00, 0x00, 0x00, 0x00, 0x00, 0x00, 0x00, 0x00, 0x00, 0x00,  //............. 


  /*Unicode: U+c784 (임) , Width: 13 */
  0x00, 0x00, 0x00, 0x00, 0x00, 0x00, 0x00, 0x00, 0x00, 0x00, 0x00, 0x00, 0x00,  //............. 
  0x00, 0x00, 0x00, 0x00, 0x00, 0x00, 0x00, 0x00, 0x00, 0x00, 0x00, 0x00, 0x00,  //............. 
  0x00, 0x00, 0x00, 0x00, 0x00, 0x00, 0x00, 0x00, 0x00, 0x00, 0x00, 0x00, 0x00,  //............. 
  0x00, 0x00, 0x00, 0x00, 0x00, 0x00, 0x00, 0x00, 0x00, 0x00, 0x78, 0x8e, 0x14,  //..........+%. 
  0x00, 0x00, 0x5c, 0xc2, 0xe2, 0xcc, 0x72, 0x04, 0x00, 0x00, 0xd6, 0xff, 0x26,  //..+@@@+...@@. 
  0x00, 0x82, 0xff, 0xf2, 0xc4, 0xec, 0xff, 0xae, 0x00, 0x00, 0xd6, 0xff, 0x26,  //.%@@@@@%..@@. 
  0x0c, 0xf8, 0xf6, 0x22, 0x00, 0x10, 0xdc, 0xff, 0x34, 0x00, 0xd6, 0xff, 0x26,  //.@@...@@..@@. 
  0x26, 0xff, 0xd2, 0x00, 0x00, 0x00, 0xa4, 0xff, 0x54, 0x00, 0xd6, 0xff, 0x26,  //.@@...%@+.@@. 
  0x06, 0xee, 0xfa, 0x48, 0x00, 0x2e, 0xea, 0xfc, 0x26, 0x00, 0xd6, 0xff, 0x26,  //.@@+..@@..@@. 
  0x00, 0x60, 0xfc, 0xff, 0xf6, 0xff, 0xff, 0x8a, 0x00, 0x00, 0xd6, 0xff, 0x26,  //.+@@@@@%..@@. 
  0x00, 0x00, 0x34, 0x98, 0xb8, 0xa2, 0x4a, 0x00, 0x00, 0x00, 0xd6, 0xff, 0x26,  //...%%%+...@@. 
  0x00, 0x00, 0x00, 0x12, 0x12, 0x12, 0x12, 0x12, 0x12, 0x12, 0x56, 0x62, 0x0e,  //..........++. 
  0x00, 0x00, 0x16, 0xff, 0xff, 0xff, 0xff, 0xff, 0xff, 0xff, 0xff, 0xff, 0x26,  //...@@@@@@@@@. 
  0x00, 0x00, 0x16, 0xff, 0xee, 0x7e, 0x7e, 0x7e, 0x7e, 0x7e, 0xe4, 0xff, 0x26,  //...@@+++++@@. 
  0x00, 0x00, 0x16, 0xff, 0xde, 0x00, 0x00, 0x00, 0x00, 0x00, 0xca, 0xff, 0x26,  //...@@.....@@. 
  0x00, 0x00, 0x16, 0xff, 0xea, 0x62, 0x62, 0x62, 0x62, 0x62, 0xde, 0xff, 0x26,  //...@@+++++@@. 
  0x00, 0x00, 0x16, 0xff, 0xff, 0xff, 0xff, 0xff, 0xff, 0xff, 0xff, 0xff, 0x26,  //...@@@@@@@@@. 
  0x00, 0x00, 0x02, 0x2e, 0x2e, 0x2e, 0x2e, 0x2e, 0x2e, 0x2e, 0x2e, 0x2e, 0x06,  //............. 
  0x00, 0x00, 0x00, 0x00, 0x00, 0x00, 0x00, 0x00, 0x00, 0x00, 0x00, 0x00, 0x00,  //............. 
  0x00, 0x00, 0x00, 0x00, 0x00, 0x00, 0x00, 0x00, 0x00, 0x00, 0x00, 0x00, 0x00,  //............. 
  0x00, 0x00, 0x00, 0x00, 0x00, 0x00, 0x00, 0x00, 0x00, 0x00, 0x00, 0x00, 0x00,  //............. 


  /*Unicode: U+c785 (입) , Width: 13 */
  0x00, 0x00, 0x00, 0x00, 0x00, 0x00, 0x00, 0x00, 0x00, 0x00, 0x00, 0x00, 0x00,  //............. 
  0x00, 0x00, 0x00, 0x00, 0x00, 0x00, 0x00, 0x00, 0x00, 0x00, 0x00, 0x00, 0x00,  //............. 
  0x00, 0x00, 0x00, 0x00, 0x00, 0x00, 0x00, 0x00, 0x00, 0x00, 0x00, 0x00, 0x00,  //............. 
  0x00, 0x00, 0x00, 0x00, 0x00, 0x00, 0x00, 0x00, 0x00, 0x00, 0x78, 0x8e, 0x14,  //..........+%. 
  0x00, 0x02, 0x70, 0xd2, 0xf4, 0xde, 0x86, 0x0a, 0x00, 0x00, 0xd6, 0xff, 0x26,  //..+@@@%...@@. 
  0x00, 0x94, 0xff, 0xea, 0xb4, 0xe2, 0xff, 0xbe, 0x00, 0x00, 0xd6, 0xff, 0x26,  //.%@@%@@%..@@. 
  0x10, 0xfa, 0xf0, 0x18, 0x00, 0x0a, 0xd4, 0xff, 0x3c, 0x00, 0xd6, 0xff, 0x26,  //.@@...@@..@@. 
  0x24, 0xff, 0xd4, 0x00, 0x00, 0x00, 0xa8, 0xff, 0x54, 0x00, 0xd6, 0xff, 0x26,  //.@@...%@+.@@. 
  0x04, 0xe6, 0xfc, 0x6a, 0x1e, 0x54, 0xf2, 0xfa, 0x1c, 0x00, 0xd6, 0xff, 0x26,  //.@@+.+@@..@@. 
  0x00, 0x44, 0xf0, 0xff, 0xff, 0xff, 0xfa, 0x66, 0x00, 0x00, 0xd6, 0xff, 0x26,  //.+@@@@@+..@@. 
  0x00, 0x00, 0x16, 0x68, 0x88, 0x72, 0x22, 0x00, 0x00, 0x00, 0xc2, 0xe6, 0x22,  //...+%+....@@. 
  0x00, 0x00, 0x08, 0x7a, 0x6c, 0x00, 0x00, 0x00, 0x00, 0x00, 0x64, 0x7a, 0x12,  //...++.....++. 
  0x00, 0x00, 0x12, 0xff, 0xe8, 0x2e, 0x2e, 0x2e, 0x2e, 0x2e, 0xda, 0xff, 0x26,  //...@@.....@@. 
  0x00, 0x00, 0x12, 0xff, 0xff, 0xff, 0xff, 0xff, 0xff, 0xff, 0xff, 0xff, 0x26,  //...@@@@@@@@@. 
  0x00, 0x00, 0x12, 0xff, 0xec, 0x52, 0x52, 0x52, 0x52, 0x52, 0xe0, 0xff, 0x26,  //...@@+++++@@. 
  0x00, 0x00, 0x12, 0xff, 0xee, 0x66, 0x66, 0x66, 0x66, 0x66, 0xe4, 0xff, 0x26,  //...@@+++++@@. 
  0x00, 0x00, 0x12, 0xff, 0xff, 0xff, 0xff, 0xff, 0xff, 0xff, 0xff, 0xff, 0x26,  //...@@@@@@@@@. 
  0x00, 0x00, 0x02, 0x2e, 0x2e, 0x2e, 0x2e, 0x2e, 0x2e, 0x2e, 0x2e, 0x2e, 0x06,  //............. 
  0x00, 0x00, 0x00, 0x00, 0x00, 0x00, 0x00, 0x00, 0x00, 0x00, 0x00, 0x00, 0x00,  //............. 
  0x00, 0x00, 0x00, 0x00, 0x00, 0x00, 0x00, 0x00, 0x00, 0x00, 0x00, 0x00, 0x00,  //............. 
  0x00, 0x00, 0x00, 0x00, 0x00, 0x00, 0x00, 0x00, 0x00, 0x00, 0x00, 0x00, 0x00,  //............. 


  /*Unicode: U+c788 (있) , Width: 14 */
  0x00, 0x00, 0x00, 0x00, 0x00, 0x00, 0x00, 0x00, 0x00, 0x00, 0x00, 0x00, 0x00, 0x00,  //.............. 
  0x00, 0x00, 0x00, 0x00, 0x00, 0x00, 0x00, 0x00, 0x00, 0x00, 0x00, 0x00, 0x00, 0x00,  //.............. 
  0x00, 0x00, 0x00, 0x00, 0x00, 0x00, 0x00, 0x00, 0x00, 0x00, 0x00, 0x00, 0x00, 0x00,  //.............. 
  0x00, 0x00, 0x00, 0x00, 0x00, 0x00, 0x00, 0x00, 0x00, 0x00, 0x78, 0x8e, 0x14, 0x00,  //..........+%.. 
  0x00, 0x00, 0x4c, 0xae, 0xd0, 0xba, 0x62, 0x00, 0x00, 0x00, 0xd6, 0xff, 0x26, 0x00,  //..+%@%+...@@.. 
  0x00, 0x76, 0xff, 0xfa, 0xd8, 0xf6, 0xff, 0xa2, 0x00, 0x00, 0xd6, 0xff, 0x26, 0x00,  //.+@@@@@%..@@.. 
  0x0a, 0xf4, 0xf8, 0x2e, 0x00, 0x18, 0xe2, 0xff, 0x2e, 0x00, 0xd6, 0xff, 0x26, 0x00,  //.@@...@@..@@.. 
  0x26, 0xff, 0xd2, 0x00, 0x00, 0x00, 0xa4, 0xff, 0x54, 0x00, 0xd6, 0xff, 0x26, 0x00,  //.@@...%@+.@@.. 
  0x08, 0xf2, 0xf8, 0x34, 0x00, 0x1c, 0xe4, 0xff, 0x2c, 0x00, 0xd6, 0xff, 0x26, 0x00,  //.@@...@@..@@.. 
  0x00, 0x6c, 0xff, 0xff, 0xe4, 0xfa, 0xff, 0x98, 0x00, 0x00, 0xd6, 0xff, 0x26, 0x00,  //.+@@@@@%..@@.. 
  0x00, 0x00, 0x44, 0xa8, 0xc8, 0xb2, 0x5a, 0x00, 0x00, 0x00, 0xd6, 0xff, 0x26, 0x00,  //..+%@%+...@@.. 
  0x00, 0x00, 0x00, 0x06, 0x36, 0x1a, 0x00, 0x00, 0x04, 0x36, 0x60, 0x4e, 0x0a, 0x00,  //..........++.. 
  0x00, 0x00, 0x00, 0x48, 0xff, 0xe8, 0x00, 0x00, 0x3e, 0xff, 0xf6, 0x00, 0x00, 0x00,  //...+@@...@@... 
  0x00, 0x00, 0x00, 0x7e, 0xff, 0xfc, 0x00, 0x00, 0x72, 0xff, 0xff, 0x06, 0x00, 0x00,  //...+@@..+@@... 
  0x00, 0x00, 0x26, 0xee, 0xff, 0xff, 0x62, 0x12, 0xe2, 0xff, 0xff, 0x86, 0x00, 0x00,  //...@@@+.@@@%.. 
  0x00, 0x64, 0xee, 0xfc, 0x52, 0xe0, 0xff, 0xff, 0xff, 0x58, 0xca, 0xff, 0xb2, 0x16,  //.+@@+@@@@+@@%. 
  0x00, 0x4c, 0xe6, 0x54, 0x00, 0x2c, 0xff, 0xff, 0x78, 0x00, 0x14, 0xb0, 0xc4, 0x00,  //.+@+..@@+..%@. 
  0x00, 0x00, 0x04, 0x00, 0x00, 0x00, 0x04, 0x2a, 0x00, 0x00, 0x00, 0x00, 0x04, 0x00,  //.............. 
  0x00, 0x00, 0x00, 0x00, 0x00, 0x00, 0x00, 0x00, 0x00, 0x00, 0x00, 0x00, 0x00, 0x00,  //.............. 
  0x00, 0x00, 0x00, 0x00, 0x00, 0x00, 0x00, 0x00, 0x00, 0x00, 0x00, 0x00, 0x00, 0x00,  //.............. 
  0x00, 0x00, 0x00, 0x00, 0x00, 0x00, 0x00, 0x00, 0x00, 0x00, 0x00, 0x00, 0x00, 0x00,  //.............. 


  /*Unicode: U+c790 (자) , Width: 14 */
  0x00, 0x00, 0x00, 0x00, 0x00, 0x00, 0x00, 0x00, 0x00, 0x00, 0x00, 0x00, 0x00, 0x00,  //.............. 
  0x00, 0x00, 0x00, 0x00, 0x00, 0x00, 0x00, 0x00, 0x00, 0x00, 0x00, 0x00, 0x00, 0x00,  //.............. 
  0x00, 0x00, 0x00, 0x00, 0x00, 0x00, 0x00, 0x00, 0x00, 0x00, 0x00, 0x00, 0x00, 0x00,  //.............. 
  0x00, 0x00, 0x00, 0x00, 0x00, 0x00, 0x00, 0x00, 0x00, 0x48, 0x8e, 0x44, 0x00, 0x00,  //.........+%+.. 
  0x08, 0x3a, 0x3a, 0x3a, 0x3a, 0x3a, 0x3a, 0x3a, 0x1a, 0x82, 0xff, 0x7a, 0x00, 0x00,  //.........%@+.. 
  0x26, 0xff, 0xff, 0xff, 0xff, 0xff, 0xff, 0xff, 0x76, 0x82, 0xff, 0x7a, 0x00, 0x00,  //.@@@@@@@+%@+.. 
  0x0e, 0x6a, 0x6a, 0xb2, 0xff, 0xff, 0x6a, 0x6a, 0x30, 0x82, 0xff, 0x7a, 0x00, 0x00,  //.++%@@++.%@+.. 
  0x00, 0x00, 0x00, 0x50, 0xff, 0xff, 0x00, 0x00, 0x00, 0x82, 0xff, 0x7a, 0x00, 0x00,  //...+@@...%@+.. 
  0x00, 0x00, 0x00, 0x70, 0xff, 0xff, 0x00, 0x00, 0x00, 0x82, 0xff, 0xba, 0x42, 0x20,  //...+@@...%@%+. 
  0x00, 0x00, 0x00, 0xb6, 0xff, 0xff, 0x30, 0x00, 0x00, 0x82, 0xff, 0xff, 0xff, 0x7e,  //...%@@...%@@@+ 
  0x00, 0x00, 0x20, 0xfc, 0xf0, 0xff, 0xa6, 0x00, 0x00, 0x82, 0xff, 0xd4, 0x5e, 0x2e,  //...@@@%..%@@+. 
  0x00, 0x02, 0xc2, 0xff, 0x5a, 0xd0, 0xff, 0x64, 0x00, 0x82, 0xff, 0x7a, 0x00, 0x00,  //..@@+@@+.%@+.. 
  0x14, 0xb0, 0xff, 0xd0, 0x02, 0x30, 0xf8, 0xff, 0x98, 0x84, 0xff, 0x7a, 0x00, 0x00,  //.%@@..@@%%@+.. 
  0x6c, 0xff, 0xe6, 0x24, 0x00, 0x00, 0x5a, 0xf6, 0x98, 0x82, 0xff, 0x7a, 0x00, 0x00,  //+@@...+@%%@+.. 
  0x00, 0x7e, 0x1c, 0x00, 0x00, 0x00, 0x00, 0x20, 0x0a, 0x82, 0xff, 0x7a, 0x00, 0x00,  //.+.......%@+.. 
  0x00, 0x00, 0x00, 0x00, 0x00, 0x00, 0x00, 0x00, 0x00, 0x82, 0xff, 0x7a, 0x00, 0x00,  //.........%@+.. 
  0x00, 0x00, 0x00, 0x00, 0x00, 0x00, 0x00, 0x00, 0x00, 0x82, 0xff, 0x7a, 0x00, 0x00,  //.........%@+.. 
  0x00, 0x00, 0x00, 0x00, 0x00, 0x00, 0x00, 0x00, 0x00, 0x2a, 0x52, 0x26, 0x00, 0x00,  //..........+... 
  0x00, 0x00, 0x00, 0x00, 0x00, 0x00, 0x00, 0x00, 0x00, 0x00, 0x00, 0x00, 0x00, 0x00,  //.............. 
  0x00, 0x00, 0x00, 0x00, 0x00, 0x00, 0x00, 0x00, 0x00, 0x00, 0x00, 0x00, 0x00, 0x00,  //.............. 
  0x00, 0x00, 0x00, 0x00, 0x00, 0x00, 0x00, 0x00, 0x00, 0x00, 0x00, 0x00, 0x00, 0x00,  //.............. 


  /*Unicode: U+c791 (작) , Width: 14 */
  0x00, 0x00, 0x00, 0x00, 0x00, 0x00, 0x00, 0x00, 0x00, 0x00, 0x00, 0x00, 0x00, 0x00,  //.............. 
  0x00, 0x00, 0x00, 0x00, 0x00, 0x00, 0x00, 0x00, 0x00, 0x00, 0x00, 0x00, 0x00, 0x00,  //.............. 
  0x00, 0x00, 0x00, 0x00, 0x00, 0x00, 0x00, 0x00, 0x00, 0x00, 0x00, 0x00, 0x00, 0x00,  //.............. 
  0x00, 0x00, 0x00, 0x00, 0x00, 0x00, 0x00, 0x00, 0x00, 0x40, 0x8e, 0x4a, 0x00, 0x00,  //.........+%+.. 
  0x0a, 0xbe, 0xbe, 0xc8, 0xff, 0xe4, 0xbe, 0xbe, 0x52, 0x72, 0xff, 0x86, 0x00, 0x00,  //.%%@@@%%++@%.. 
  0x0c, 0xd6, 0xd6, 0xff, 0xff, 0xff, 0xd6, 0xd6, 0x5c, 0x72, 0xff, 0x86, 0x00, 0x00,  //.@@@@@@@++@%.. 
  0x00, 0x00, 0x00, 0x62, 0xff, 0xff, 0x00, 0x00, 0x00, 0x72, 0xff, 0xba, 0x32, 0x12,  //...+@@...+@%.. 
  0x00, 0x00, 0x00, 0xb0, 0xff, 0xff, 0x26, 0x00, 0x00, 0x72, 0xff, 0xff, 0xff, 0x5e,  //...%@@...+@@@+ 
  0x00, 0x00, 0x4e, 0xff, 0xff, 0xff, 0xc8, 0x0c, 0x00, 0x72, 0xff, 0xf6, 0x6e, 0x28,  //..+@@@@..+@@+. 
  0x0e, 0x7c, 0xf8, 0xfa, 0x3a, 0xae, 0xff, 0xde, 0x5a, 0x72, 0xff, 0x86, 0x00, 0x00,  //.+@@.%@@++@%.. 
  0x46, 0xff, 0xf4, 0x56, 0x00, 0x08, 0xa0, 0xfc, 0x6e, 0x72, 0xff, 0x86, 0x00, 0x00,  //+@@+..%@++@%.. 
  0x00, 0x5c, 0x1c, 0x00, 0x00, 0x00, 0x00, 0x24, 0x00, 0x5a, 0xca, 0x6a, 0x00, 0x00,  //.+.......+@+.. 
  0x00, 0x00, 0x6a, 0x92, 0x92, 0x92, 0x92, 0x92, 0x92, 0x92, 0x92, 0x4c, 0x00, 0x00,  //..+%%%%%%%%+.. 
  0x00, 0x00, 0xba, 0xff, 0xff, 0xff, 0xff, 0xff, 0xff, 0xff, 0xff, 0x86, 0x00, 0x00,  //..%@@@@@@@@%.. 
  0x00, 0x00, 0x00, 0x00, 0x00, 0x00, 0x00, 0x00, 0x00, 0x72, 0xff, 0x86, 0x00, 0x00,  //.........+@%.. 
  0x00, 0x00, 0x00, 0x00, 0x00, 0x00, 0x00, 0x00, 0x00, 0x72, 0xff, 0x86, 0x00, 0x00,  //.........+@%.. 
  0x00, 0x00, 0x00, 0x00, 0x00, 0x00, 0x00, 0x00, 0x00, 0x72, 0xff, 0x86, 0x00, 0x00,  //.........+@%.. 
  0x00, 0x00, 0x00, 0x00, 0x00, 0x00, 0x00, 0x00, 0x00, 0x24, 0x52, 0x2a, 0x00, 0x00,  //..........+... 
  0x00, 0x00, 0x00, 0x00, 0x00, 0x00, 0x00, 0x00, 0x00, 0x00, 0x00, 0x00, 0x00, 0x00,  //.............. 
  0x00, 0x00, 0x00, 0x00, 0x00, 0x00, 0x00, 0x00, 0x00, 0x00, 0x00, 0x00, 0x00, 0x00,  //.............. 
  0x00, 0x00, 0x00, 0x00, 0x00, 0x00, 0x00, 0x00, 0x00, 0x00, 0x00, 0x00, 0x00, 0x00,  //.............. 


  /*Unicode: U+c7a5 (장) , Width: 14 */
  0x00, 0x00, 0x00, 0x00, 0x00, 0x00, 0x00, 0x00, 0x00, 0x00, 0x00, 0x00, 0x00, 0x00,  //.............. 
  0x00, 0x00, 0x00, 0x00, 0x00, 0x00, 0x00, 0x00, 0x00, 0x00, 0x00, 0x00, 0x00, 0x00,  //.............. 
  0x00, 0x00, 0x00, 0x00, 0x00, 0x00, 0x00, 0x00, 0x00, 0x00, 0x00, 0x00, 0x00, 0x00,  //.............. 
  0x00, 0x00, 0x00, 0x00, 0x00, 0x00, 0x00, 0x00, 0x00, 0x40, 0x8e, 0x4a, 0x00, 0x00,  //.........+%+.. 
  0x08, 0xa2, 0xa2, 0xa4, 0xaa, 0xa6, 0xa2, 0xa2, 0x46, 0x72, 0xff, 0x86, 0x00, 0x00,  //.%%%%%%%++@%.. 
  0x0e, 0xf2, 0xf2, 0xff, 0xff, 0xff, 0xf2, 0xf2, 0x68, 0x72, 0xff, 0x86, 0x00, 0x00,  //.@@@@@@@++@%.. 
  0x00, 0x00, 0x00, 0x5c, 0xff, 0xff, 0x00, 0x00, 0x00, 0x72, 0xff, 0xe6, 0x5e, 0x22,  //...+@@...+@@+. 
  0x00, 0x00, 0x00, 0xa0, 0xff, 0xff, 0x1e, 0x00, 0x00, 0x72, 0xff, 0xff, 0xff, 0x5e,  //...%@@...+@@@+ 
  0x00, 0x00, 0x32, 0xfa, 0xff, 0xff, 0xc0, 0x0a, 0x00, 0x72, 0xff, 0xca, 0x42, 0x18,  //...@@@@..+@@+. 
  0x00, 0x50, 0xea, 0xff, 0x50, 0xb4, 0xff, 0xde, 0x5e, 0x72, 0xff, 0x86, 0x00, 0x00,  //.+@@+%@@++@%.. 
  0x54, 0xff, 0xfc, 0x7c, 0x00, 0x0a, 0x9c, 0xfc, 0x6a, 0x72, 0xff, 0x86, 0x00, 0x00,  //+@@+..%@++@%.. 
  0x00, 0x8c, 0x3e, 0x00, 0x00, 0x00, 0x0a, 0x2a, 0x02, 0x4e, 0xae, 0x5c, 0x00, 0x00,  //.%.......+%+.. 
  0x00, 0x00, 0x00, 0x46, 0xb8, 0xf2, 0xff, 0xff, 0xf2, 0xb8, 0x46, 0x00, 0x00, 0x00,  //...+%@@@@%+... 
  0x00, 0x00, 0x52, 0xff, 0xf0, 0xa0, 0x80, 0x80, 0x9e, 0xf0, 0xff, 0x52, 0x00, 0x00,  //..+@@%%%%@@+.. 
  0x00, 0x00, 0xa6, 0xff, 0x5e, 0x00, 0x00, 0x00, 0x00, 0x5a, 0xff, 0xa6, 0x00, 0x00,  //..%@+....+@%.. 
  0x00, 0x00, 0x74, 0xff, 0xce, 0x58, 0x38, 0x38, 0x58, 0xcc, 0xff, 0x74, 0x00, 0x00,  //..+@@+..+@@+.. 
  0x00, 0x00, 0x02, 0x86, 0xf2, 0xff, 0xff, 0xff, 0xff, 0xf2, 0x88, 0x02, 0x00, 0x00,  //...%@@@@@@%... 
  0x00, 0x00, 0x00, 0x00, 0x06, 0x34, 0x4c, 0x4c, 0x34, 0x06, 0x00, 0x00, 0x00, 0x00,  //......++...... 
  0x00, 0x00, 0x00, 0x00, 0x00, 0x00, 0x00, 0x00, 0x00, 0x00, 0x00, 0x00, 0x00, 0x00,  //.............. 
  0x00, 0x00, 0x00, 0x00, 0x00, 0x00, 0x00, 0x00, 0x00, 0x00, 0x00, 0x00, 0x00, 0x00,  //.............. 
  0x00, 0x00, 0x00, 0x00, 0x00, 0x00, 0x00, 0x00, 0x00, 0x00, 0x00, 0x00, 0x00, 0x00,  //.............. 


  /*Unicode: U+c7ac (재) , Width: 13 */
  0x00, 0x00, 0x00, 0x00, 0x00, 0x00, 0x00, 0x00, 0x00, 0x00, 0x00, 0x00, 0x00,  //............. 
  0x00, 0x00, 0x00, 0x00, 0x00, 0x00, 0x00, 0x00, 0x00, 0x00, 0x00, 0x00, 0x00,  //............. 
  0x00, 0x00, 0x00, 0x00, 0x00, 0x00, 0x00, 0x00, 0x00, 0x00, 0x00, 0x00, 0x00,  //............. 
  0x00, 0x00, 0x00, 0x00, 0x00, 0x00, 0x00, 0x14, 0x56, 0x34, 0x24, 0x8e, 0x5a,  //........+..%+ 
  0x06, 0x26, 0x26, 0x26, 0x26, 0x26, 0x26, 0x42, 0xff, 0x9a, 0x42, 0xff, 0xa2,  //.......+@%+@% 
  0x36, 0xff, 0xff, 0xff, 0xff, 0xff, 0xff, 0x56, 0xff, 0x9a, 0x42, 0xff, 0xa2,  //.@@@@@@+@%+@% 
  0x16, 0x6e, 0x6e, 0xff, 0xff, 0x72, 0x6e, 0x48, 0xff, 0x9a, 0x42, 0xff, 0xa2,  //.++@@+++@%+@% 
  0x00, 0x00, 0x00, 0xff, 0xff, 0x14, 0x00, 0x3e, 0xff, 0x9a, 0x42, 0xff, 0xa2,  //...@@...@%+@% 
  0x00, 0x00, 0x08, 0xff, 0xff, 0x30, 0x00, 0x3e, 0xff, 0xd4, 0x82, 0xff, 0xa2,  //...@@...@@%@% 
  0x00, 0x00, 0x36, 0xff, 0xff, 0x5e, 0x00, 0x3e, 0xff, 0xff, 0xff, 0xff, 0xa2,  //...@@+..@@@@% 
  0x00, 0x00, 0x84, 0xff, 0xff, 0xc0, 0x00, 0x3e, 0xff, 0xf2, 0xa2, 0xff, 0xa2,  //..%@@@..@@%@% 
  0x00, 0x14, 0xee, 0xe6, 0xac, 0xff, 0x64, 0x3e, 0xff, 0x9a, 0x42, 0xff, 0xa2,  //..@@%@+.@%+@% 
  0x10, 0xc2, 0xff, 0x6e, 0x2a, 0xf6, 0xfc, 0xac, 0xff, 0x9a, 0x42, 0xff, 0xa2,  //.@@+.@@%@%+@% 
  0x5c, 0xff, 0xd0, 0x06, 0x00, 0x4e, 0xe6, 0x6c, 0xff, 0x9a, 0x42, 0xff, 0xa2,  //+@@..+@+@%+@% 
  0x00, 0x6a, 0x14, 0x00, 0x00, 0x00, 0x06, 0x3e, 0xff, 0x9a, 0x42, 0xff, 0xa2,  //.+......@%+@% 
  0x00, 0x00, 0x00, 0x00, 0x00, 0x00, 0x00, 0x3e, 0xff, 0x9a, 0x42, 0xff, 0xa2,  //........@%+@% 
  0x00, 0x00, 0x00, 0x00, 0x00, 0x00, 0x00, 0x2c, 0xb2, 0x6c, 0x42, 0xff, 0xa2,  //........%++@% 
  0x00, 0x00, 0x00, 0x00, 0x00, 0x00, 0x00, 0x00, 0x00, 0x00, 0x14, 0x4e, 0x32,  //...........+. 
  0x00, 0x00, 0x00, 0x00, 0x00, 0x00, 0x00, 0x00, 0x00, 0x00, 0x00, 0x00, 0x00,  //............. 
  0x00, 0x00, 0x00, 0x00, 0x00, 0x00, 0x00, 0x00, 0x00, 0x00, 0x00, 0x00, 0x00,  //............. 
  0x00, 0x00, 0x00, 0x00, 0x00, 0x00, 0x00, 0x00, 0x00, 0x00, 0x00, 0x00, 0x00,  //............. 


  /*Unicode: U+c800 (저) , Width: 13 */
  0x00, 0x00, 0x00, 0x00, 0x00, 0x00, 0x00, 0x00, 0x00, 0x00, 0x00, 0x00, 0x00,  //............. 
  0x00, 0x00, 0x00, 0x00, 0x00, 0x00, 0x00, 0x00, 0x00, 0x00, 0x00, 0x00, 0x00,  //............. 
  0x00, 0x00, 0x00, 0x00, 0x00, 0x00, 0x00, 0x00, 0x00, 0x00, 0x00, 0x00, 0x00,  //............. 
  0x00, 0x00, 0x00, 0x00, 0x00, 0x00, 0x00, 0x00, 0x00, 0x00, 0x68, 0x92, 0x26,  //..........+%. 
  0x00, 0x3a, 0x3a, 0x3a, 0x3a, 0x3a, 0x3a, 0x3a, 0x28, 0x00, 0xb6, 0xff, 0x42,  //..........%@+ 
  0x0a, 0xff, 0xff, 0xff, 0xff, 0xff, 0xff, 0xff, 0xae, 0x00, 0xb6, 0xff, 0x42,  //.@@@@@@@%.%@+ 
  0x02, 0x5e, 0x5e, 0x8e, 0xff, 0xff, 0x5e, 0x5e, 0x40, 0x00, 0xb6, 0xff, 0x42,  //.++%@@+++.%@+ 
  0x00, 0x00, 0x00, 0x40, 0xff, 0xff, 0x00, 0x00, 0x00, 0x00, 0xb6, 0xff, 0x42,  //...+@@....%@+ 
  0x00, 0x00, 0x00, 0x5c, 0xff, 0xff, 0x06, 0x1a, 0xb6, 0xb6, 0xff, 0xff, 0x42,  //...+@@..%%@@+ 
  0x00, 0x00, 0x00, 0xa2, 0xff, 0xff, 0x50, 0x22, 0xde, 0xde, 0xff, 0xff, 0x42,  //...%@@+.@@@@+ 
  0x00, 0x00, 0x10, 0xf2, 0xe4, 0xfc, 0xbc, 0x00, 0x00, 0x00, 0xb6, 0xff, 0x42,  //...@@@%...%@+ 
  0x00, 0x00, 0xa6, 0xff, 0x70, 0xba, 0xff, 0x74, 0x00, 0x00, 0xb6, 0xff, 0x42,  //..%@+%@+..%@+ 
  0x04, 0x86, 0xff, 0xd4, 0x06, 0x22, 0xf4, 0xff, 0x96, 0x08, 0xb6, 0xff, 0x42,  //.%@@..@@%.%@+ 
  0x50, 0xff, 0xf2, 0x36, 0x00, 0x00, 0x52, 0xf6, 0xca, 0x04, 0xb6, 0xff, 0x42,  //+@@...+@@.%@+ 
  0x00, 0x7a, 0x2e, 0x00, 0x00, 0x00, 0x00, 0x26, 0x20, 0x00, 0xb6, 0xff, 0x42,  //.+........%@+ 
  0x00, 0x00, 0x00, 0x00, 0x00, 0x00, 0x00, 0x00, 0x00, 0x00, 0xb6, 0xff, 0x42,  //..........%@+ 
  0x00, 0x00, 0x00, 0x00, 0x00, 0x00, 0x00, 0x00, 0x00, 0x00, 0xb6, 0xff, 0x42,  //..........%@+ 
  0x00, 0x00, 0x00, 0x00, 0x00, 0x00, 0x00, 0x00, 0x00, 0x00, 0x3e, 0x56, 0x16,  //...........+. 
  0x00, 0x00, 0x00, 0x00, 0x00, 0x00, 0x00, 0x00, 0x00, 0x00, 0x00, 0x00, 0x00,  //............. 
  0x00, 0x00, 0x00, 0x00, 0x00, 0x00, 0x00, 0x00, 0x00, 0x00, 0x00, 0x00, 0x00,  //............. 
  0x00, 0x00, 0x00, 0x00, 0x00, 0x00, 0x00, 0x00, 0x00, 0x00, 0x00, 0x00, 0x00,  //............. 


  /*Unicode: U+c801 (적) , Width: 13 */
  0x00, 0x00, 0x00, 0x00, 0x00, 0x00, 0x00, 0x00, 0x00, 0x00, 0x00, 0x00, 0x00,  //............. 
  0x00, 0x00, 0x00, 0x00, 0x00, 0x00, 0x00, 0x00, 0x00, 0x00, 0x00, 0x00, 0x00,  //............. 
  0x00, 0x00, 0x00, 0x00, 0x00, 0x00, 0x00, 0x00, 0x00, 0x00, 0x00, 0x00, 0x00,  //............. 
  0x00, 0x00, 0x00, 0x00, 0x00, 0x00, 0x00, 0x00, 0x00, 0x00, 0x6c, 0x8e, 0x20,  //..........+%. 
  0x00, 0xbe, 0xce, 0xd6, 0xff, 0xff, 0xce, 0xce, 0x70, 0x00, 0xc2, 0xff, 0x3a,  //.%@@@@@@+.@@. 
  0x00, 0xb6, 0xc6, 0xf4, 0xff, 0xff, 0xc6, 0xc6, 0x6c, 0x00, 0xc2, 0xff, 0x3a,  //.%@@@@@@+.@@. 
  0x00, 0x00, 0x00, 0x4a, 0xff, 0xff, 0x00, 0x00, 0x34, 0x3e, 0xf6, 0xff, 0x3a,  //...+@@....@@. 
  0x00, 0x00, 0x00, 0x9c, 0xff, 0xff, 0x44, 0x00, 0xd2, 0xff, 0xff, 0xff, 0x3a,  //...%@@+.@@@@. 
  0x00, 0x00, 0x40, 0xf8, 0xff, 0xff, 0xde, 0x1a, 0x4a, 0x5a, 0xff, 0xff, 0x3a,  //..+@@@@.++@@. 
  0x0a, 0x74, 0xf4, 0xff, 0x54, 0x88, 0xff, 0xea, 0x6c, 0x00, 0xc2, 0xff, 0x3a,  //.+@@+%@@+.@@. 
  0x2a, 0xf8, 0xfa, 0x70, 0x00, 0x00, 0x84, 0xfa, 0x86, 0x00, 0xc2, 0xff, 0x3a,  //.@@+..%@%.@@. 
  0x00, 0x56, 0x28, 0x00, 0x00, 0x00, 0x00, 0x1c, 0x08, 0x00, 0x84, 0xae, 0x28,  //.+........%%. 
  0x00, 0x00, 0x26, 0xaa, 0xaa, 0xaa, 0xaa, 0xaa, 0xaa, 0xaa, 0xaa, 0xaa, 0x26,  //...%%%%%%%%%. 
  0x00, 0x00, 0x36, 0xea, 0xea, 0xea, 0xea, 0xea, 0xea, 0xea, 0xfa, 0xff, 0x3a,  //...@@@@@@@@@. 
  0x00, 0x00, 0x00, 0x00, 0x00, 0x00, 0x00, 0x00, 0x00, 0x00, 0xc2, 0xff, 0x3a,  //..........@@. 
  0x00, 0x00, 0x00, 0x00, 0x00, 0x00, 0x00, 0x00, 0x00, 0x00, 0xc2, 0xff, 0x3a,  //..........@@. 
  0x00, 0x00, 0x00, 0x00, 0x00, 0x00, 0x00, 0x00, 0x00, 0x00, 0xc2, 0xff, 0x3a,  //..........@@. 
  0x00, 0x00, 0x00, 0x00, 0x00, 0x00, 0x00, 0x00, 0x00, 0x00, 0x3e, 0x52, 0x12,  //...........+. 
  0x00, 0x00, 0x00, 0x00, 0x00, 0x00, 0x00, 0x00, 0x00, 0x00, 0x00, 0x00, 0x00,  //............. 
  0x00, 0x00, 0x00, 0x00, 0x00, 0x00, 0x00, 0x00, 0x00, 0x00, 0x00, 0x00, 0x00,  //............. 
  0x00, 0x00, 0x00, 0x00, 0x00, 0x00, 0x00, 0x00, 0x00, 0x00, 0x00, 0x00, 0x00,  //............. 


  /*Unicode: U+c804 (전) , Width: 13 */
  0x00, 0x00, 0x00, 0x00, 0x00, 0x00, 0x00, 0x00, 0x00, 0x00, 0x00, 0x00, 0x00,  //............. 
  0x00, 0x00, 0x00, 0x00, 0x00, 0x00, 0x00, 0x00, 0x00, 0x00, 0x00, 0x00, 0x00,  //............. 
  0x00, 0x00, 0x00, 0x00, 0x00, 0x00, 0x00, 0x00, 0x00, 0x00, 0x00, 0x00, 0x00,  //............. 
  0x00, 0x00, 0x00, 0x00, 0x00, 0x00, 0x00, 0x00, 0x00, 0x00, 0x6c, 0x8e, 0x20,  //..........+%. 
  0x00, 0x92, 0x9e, 0x9e, 0x9e, 0x9e, 0x9e, 0x9e, 0x56, 0x00, 0xc2, 0xff, 0x3a,  //.%%%%%%%+.@@. 
  0x00, 0xe2, 0xf6, 0xff, 0xff, 0xff, 0xf6, 0xf6, 0x86, 0x00, 0xc2, 0xff, 0x3a,  //.@@@@@@@%.@@. 
  0x00, 0x00, 0x00, 0x3a, 0xff, 0xff, 0x00, 0x00, 0x00, 0x00, 0xc2, 0xff, 0x3a,  //....@@....@@. 
  0x00, 0x00, 0x00, 0x6c, 0xff, 0xff, 0x16, 0x00, 0xe6, 0xf6, 0xff, 0xff, 0x3a,  //...+@@..@@@@. 
  0x00, 0x00, 0x08, 0xdc, 0xff, 0xff, 0x9c, 0x00, 0x98, 0xa2, 0xff, 0xff, 0x3a,  //...@@@%.%%@@. 
  0x00, 0x10, 0xb8, 0xff, 0x9a, 0xd2, 0xff, 0x92, 0x0c, 0x00, 0xc2, 0xff, 0x3a,  //..%@%@@%..@@. 
  0x32, 0xee, 0xff, 0xd2, 0x0c, 0x24, 0xe0, 0xff, 0xba, 0x00, 0xc2, 0xff, 0x3a,  //.@@@..@@%.@@. 
  0x02, 0xc6, 0x9a, 0x0c, 0x00, 0x00, 0x12, 0x86, 0x30, 0x00, 0xc2, 0xff, 0x3a,  //.@%....%..@@. 
  0x00, 0x00, 0x00, 0x42, 0x46, 0x02, 0x00, 0x00, 0x00, 0x00, 0xc2, 0xff, 0x3a,  //...++.....@@. 
  0x00, 0x00, 0x00, 0xee, 0xff, 0x0e, 0x00, 0x00, 0x00, 0x00, 0x6c, 0x8e, 0x20,  //...@@.....+%. 
  0x00, 0x00, 0x00, 0xee, 0xff, 0x0e, 0x00, 0x00, 0x00, 0x00, 0x00, 0x00, 0x00,  //...@@........ 
  0x00, 0x00, 0x00, 0xff, 0xff, 0x92, 0x82, 0x82, 0x82, 0x82, 0x82, 0x82, 0x48,  //...@@%%%%%%%+ 
  0x00, 0x00, 0x00, 0xff, 0xff, 0xff, 0xff, 0xff, 0xff, 0xff, 0xff, 0xff, 0x8e,  //...@@@@@@@@@% 
  0x00, 0x00, 0x00, 0x14, 0x16, 0x16, 0x16, 0x16, 0x16, 0x16, 0x16, 0x16, 0x0c,  //............. 
  0x00, 0x00, 0x00, 0x00, 0x00, 0x00, 0x00, 0x00, 0x00, 0x00, 0x00, 0x00, 0x00,  //............. 
  0x00, 0x00, 0x00, 0x00, 0x00, 0x00, 0x00, 0x00, 0x00, 0x00, 0x00, 0x00, 0x00,  //............. 
  0x00, 0x00, 0x00, 0x00, 0x00, 0x00, 0x00, 0x00, 0x00, 0x00, 0x00, 0x00, 0x00,  //............. 


  /*Unicode: U+c815 (정) , Width: 13 */
  0x00, 0x00, 0x00, 0x00, 0x00, 0x00, 0x00, 0x00, 0x00, 0x00, 0x00, 0x00, 0x00,  //............. 
  0x00, 0x00, 0x00, 0x00, 0x00, 0x00, 0x00, 0x00, 0x00, 0x00, 0x00, 0x00, 0x00,  //............. 
  0x00, 0x00, 0x00, 0x00, 0x00, 0x00, 0x00, 0x00, 0x00, 0x00, 0x00, 0x00, 0x00,  //............. 
  0x00, 0x00, 0x00, 0x00, 0x00, 0x00, 0x00, 0x00, 0x00, 0x00, 0x6c, 0x8e, 0x20,  //..........+%. 
  0x00, 0xa8, 0xb6, 0xbe, 0xff, 0xee, 0xb6, 0xb6, 0x62, 0x00, 0xc2, 0xff, 0x3a,  //.%%%@@%%+.@@. 
  0x00, 0xc8, 0xda, 0xff, 0xff, 0xff, 0xda, 0xda, 0x76, 0x00, 0xc2, 0xff, 0x3a,  //.@@@@@@@+.@@. 
  0x00, 0x00, 0x00, 0x4a, 0xff, 0xff, 0x00, 0x00, 0x2a, 0x32, 0xea, 0xff, 0x3a,  //...+@@....@@. 
  0x00, 0x00, 0x00, 0x98, 0xff, 0xff, 0x44, 0x00, 0xda, 0xff, 0xff, 0xff, 0x3a,  //...%@@+.@@@@. 
  0x00, 0x00, 0x36, 0xf6, 0xff, 0xff, 0xdc, 0x18, 0x58, 0x66, 0xff, 0xff, 0x3a,  //...@@@@.++@@. 
  0x02, 0x5c, 0xee, 0xff, 0x5c, 0x8a, 0xff, 0xe8, 0x68, 0x00, 0xc2, 0xff, 0x3a,  //.+@@+%@@+.@@. 
  0x32, 0xfc, 0xff, 0x82, 0x00, 0x02, 0x86, 0xfa, 0x86, 0x00, 0xc2, 0xff, 0x3a,  //.@@%..%@%.@@. 
  0x00, 0x68, 0x3c, 0x00, 0x00, 0x00, 0x00, 0x1c, 0x08, 0x00, 0x84, 0xae, 0x28,  //.+........%%. 
  0x00, 0x00, 0x00, 0x08, 0x7a, 0xc8, 0xee, 0xfa, 0xf0, 0xca, 0x80, 0x0e, 0x00,  //....+@@@@@%.. 
  0x00, 0x00, 0x02, 0xc6, 0xff, 0xd0, 0x92, 0x84, 0x90, 0xca, 0xff, 0xd2, 0x06,  //...@@@%%%@@@. 
  0x00, 0x00, 0x2a, 0xff, 0xd4, 0x00, 0x00, 0x00, 0x00, 0x00, 0xca, 0xff, 0x3a,  //...@@.....@@. 
  0x00, 0x00, 0x10, 0xf2, 0xf8, 0x78, 0x3a, 0x2c, 0x38, 0x72, 0xf6, 0xf8, 0x18,  //...@@+...+@@. 
  0x00, 0x00, 0x00, 0x40, 0xce, 0xff, 0xff, 0xff, 0xff, 0xff, 0xd2, 0x48, 0x00,  //...+@@@@@@@+. 
  0x00, 0x00, 0x00, 0x00, 0x00, 0x1e, 0x40, 0x50, 0x42, 0x22, 0x00, 0x00, 0x00,  //......+++.... 
  0x00, 0x00, 0x00, 0x00, 0x00, 0x00, 0x00, 0x00, 0x00, 0x00, 0x00, 0x00, 0x00,  //............. 
  0x00, 0x00, 0x00, 0x00, 0x00, 0x00, 0x00, 0x00, 0x00, 0x00, 0x00, 0x00, 0x00,  //............. 
  0x00, 0x00, 0x00, 0x00, 0x00, 0x00, 0x00, 0x00, 0x00, 0x00, 0x00, 0x00, 0x00,  //............. 


  /*Unicode: U+c81c (제) , Width: 13 */
  0x00, 0x00, 0x00, 0x00, 0x00, 0x00, 0x00, 0x00, 0x00, 0x00, 0x00, 0x00, 0x00,  //............. 
  0x00, 0x00, 0x00, 0x00, 0x00, 0x00, 0x00, 0x00, 0x00, 0x00, 0x00, 0x00, 0x00,  //............. 
  0x00, 0x00, 0x00, 0x00, 0x00, 0x00, 0x00, 0x00, 0x00, 0x00, 0x00, 0x00, 0x00,  //............. 
  0x00, 0x00, 0x00, 0x00, 0x00, 0x00, 0x00, 0x0e, 0x56, 0x3a, 0x32, 0x8e, 0x4c,  //........+..%+ 
  0x04, 0x2a, 0x2a, 0x2a, 0x2a, 0x2a, 0x2a, 0x2c, 0xff, 0xae, 0x5a, 0xff, 0x8a,  //........@%+@% 
  0x26, 0xff, 0xff, 0xff, 0xff, 0xff, 0xff, 0x32, 0xff, 0xae, 0x5a, 0xff, 0x8a,  //.@@@@@@.@%+@% 
  0x10, 0x6e, 0x6e, 0xff, 0xff, 0x72, 0x6e, 0x2e, 0xff, 0xae, 0x5a, 0xff, 0x8a,  //.++@@++.@%+@% 
  0x00, 0x00, 0x00, 0xff, 0xff, 0x0c, 0x00, 0x2a, 0xff, 0xae, 0x5a, 0xff, 0x8a,  //...@@...@%+@% 
  0x00, 0x00, 0x06, 0xff, 0xff, 0x28, 0xc2, 0xfa, 0xff, 0xae, 0x5a, 0xff, 0x8a,  //...@@.@@@%+@% 
  0x00, 0x00, 0x34, 0xff, 0xff, 0x4e, 0xc2, 0xfa, 0xff, 0xae, 0x5a, 0xff, 0x8a,  //...@@+@@@%+@% 
  0x00, 0x00, 0x84, 0xff, 0xff, 0xa0, 0x00, 0x2a, 0xff, 0xae, 0x5a, 0xff, 0x8a,  //..%@@%..@%+@% 
  0x00, 0x12, 0xec, 0xdc, 0xbc, 0xfa, 0x2e, 0x2a, 0xff, 0xae, 0x5a, 0xff, 0x8a,  //..@@%@..@%+@% 
  0x0a, 0xba, 0xff, 0x62, 0x42, 0xff, 0xe2, 0x5e, 0xff, 0xae, 0x5a, 0xff, 0x8a,  //.%@++@@+@%+@% 
  0x66, 0xff, 0xca, 0x02, 0x00, 0x80, 0xfa, 0x6e, 0xff, 0xae, 0x5a, 0xff, 0x8a,  //+@@..%@+@%+@% 
  0x00, 0x78, 0x12, 0x00, 0x00, 0x00, 0x26, 0x2a, 0xff, 0xae, 0x5a, 0xff, 0x8a,  //.+......@%+@% 
  0x00, 0x00, 0x00, 0x00, 0x00, 0x00, 0x00, 0x2a, 0xff, 0xae, 0x5a, 0xff, 0x8a,  //........@%+@% 
  0x00, 0x00, 0x00, 0x00, 0x00, 0x00, 0x00, 0x1c, 0xae, 0x78, 0x5a, 0xff, 0x8a,  //........%++@% 
  0x00, 0x00, 0x00, 0x00, 0x00, 0x00, 0x00, 0x00, 0x00, 0x00, 0x1a, 0x4e, 0x2a,  //...........+. 
  0x00, 0x00, 0x00, 0x00, 0x00, 0x00, 0x00, 0x00, 0x00, 0x00, 0x00, 0x00, 0x00,  //............. 
  0x00, 0x00, 0x00, 0x00, 0x00, 0x00, 0x00, 0x00, 0x00, 0x00, 0x00, 0x00, 0x00,  //............. 
  0x00, 0x00, 0x00, 0x00, 0x00, 0x00, 0x00, 0x00, 0x00, 0x00, 0x00, 0x00, 0x00,  //............. 


  /*Unicode: U+c870 (조) , Width: 14 */
  0x00, 0x00, 0x00, 0x00, 0x00, 0x00, 0x00, 0x00, 0x00, 0x00, 0x00, 0x00, 0x00, 0x00,  //.............. 
  0x00, 0x00, 0x00, 0x00, 0x00, 0x00, 0x00, 0x00, 0x00, 0x00, 0x00, 0x00, 0x00, 0x00,  //.............. 
  0x00, 0x00, 0x00, 0x00, 0x00, 0x00, 0x00, 0x00, 0x00, 0x00, 0x00, 0x00, 0x00, 0x00,  //.............. 
  0x00, 0x00, 0x00, 0x00, 0x00, 0x00, 0x00, 0x00, 0x00, 0x00, 0x00, 0x00, 0x00, 0x00,  //.............. 
  0x00, 0x2a, 0x7e, 0x7e, 0x7e, 0x7e, 0x7e, 0x7e, 0x7e, 0x7e, 0x7e, 0x7e, 0x0e, 0x00,  //..++++++++++.. 
  0x00, 0x56, 0xff, 0xff, 0xff, 0xff, 0xff, 0xff, 0xff, 0xff, 0xff, 0xff, 0x1e, 0x00,  //.+@@@@@@@@@@.. 
  0x00, 0x04, 0x12, 0x12, 0x12, 0x60, 0xff, 0xff, 0x22, 0x12, 0x12, 0x12, 0x00, 0x00,  //.....+@@...... 
  0x00, 0x00, 0x00, 0x00, 0x00, 0xae, 0xff, 0xff, 0x76, 0x00, 0x00, 0x00, 0x00, 0x00,  //.....%@@+..... 
  0x00, 0x00, 0x00, 0x00, 0x7c, 0xff, 0xcc, 0xea, 0xf8, 0x54, 0x00, 0x00, 0x00, 0x00,  //....+@@@@+.... 
  0x00, 0x0e, 0x50, 0xc4, 0xff, 0xe0, 0x1c, 0x3a, 0xf2, 0xff, 0xb4, 0x50, 0x10, 0x00,  //..+@@@..@@%+.. 
  0x00, 0xac, 0xff, 0xff, 0xa8, 0x1a, 0x00, 0x00, 0x28, 0xb6, 0xff, 0xff, 0x7e, 0x00,  //.%@@%....%@@+. 
  0x00, 0x2c, 0x76, 0x26, 0x00, 0x16, 0xf6, 0xda, 0x00, 0x00, 0x24, 0x6e, 0x0e, 0x00,  //..+...@@...+.. 
  0x00, 0x00, 0x00, 0x00, 0x00, 0x16, 0xff, 0xe2, 0x00, 0x00, 0x00, 0x00, 0x00, 0x00,  //......@@...... 
  0x00, 0x00, 0x00, 0x00, 0x00, 0x16, 0xff, 0xe2, 0x00, 0x00, 0x00, 0x00, 0x00, 0x00,  //......@@...... 
  0x58, 0xe2, 0xe2, 0xe2, 0xe2, 0xf0, 0xff, 0xff, 0xe2, 0xe2, 0xe2, 0xe2, 0xe2, 0x2c,  //+@@@@@@@@@@@@. 
  0x48, 0xba, 0xba, 0xba, 0xba, 0xba, 0xba, 0xba, 0xba, 0xba, 0xba, 0xba, 0xba, 0x24,  //+%%%%%%%%%%%%. 
  0x00, 0x00, 0x00, 0x00, 0x00, 0x00, 0x00, 0x00, 0x00, 0x00, 0x00, 0x00, 0x00, 0x00,  //.............. 
  0x00, 0x00, 0x00, 0x00, 0x00, 0x00, 0x00, 0x00, 0x00, 0x00, 0x00, 0x00, 0x00, 0x00,  //.............. 
  0x00, 0x00, 0x00, 0x00, 0x00, 0x00, 0x00, 0x00, 0x00, 0x00, 0x00, 0x00, 0x00, 0x00,  //.............. 
  0x00, 0x00, 0x00, 0x00, 0x00, 0x00, 0x00, 0x00, 0x00, 0x00, 0x00, 0x00, 0x00, 0x00,  //.............. 
  0x00, 0x00, 0x00, 0x00, 0x00, 0x00, 0x00, 0x00, 0x00, 0x00, 0x00, 0x00, 0x00, 0x00,  //.............. 


  /*Unicode: U+c885 (종) , Width: 14 */
  0x00, 0x00, 0x00, 0x00, 0x00, 0x00, 0x00, 0x00, 0x00, 0x00, 0x00, 0x00, 0x00, 0x00,  //.............. 
  0x00, 0x00, 0x00, 0x00, 0x00, 0x00, 0x00, 0x00, 0x00, 0x00, 0x00, 0x00, 0x00, 0x00,  //.............. 
  0x00, 0x00, 0x00, 0x00, 0x00, 0x00, 0x00, 0x00, 0x00, 0x00, 0x00, 0x00, 0x00, 0x00,  //.............. 
  0x00, 0x00, 0x00, 0x00, 0x00, 0x00, 0x00, 0x00, 0x00, 0x00, 0x00, 0x00, 0x00, 0x00,  //.............. 
  0x00, 0x3e, 0xfa, 0xfa, 0xfa, 0xff, 0xff, 0xff, 0xff, 0xfa, 0xfa, 0xfa, 0x0a, 0x00,  //..@@@@@@@@@@.. 
  0x00, 0x24, 0x96, 0x96, 0x96, 0xff, 0xff, 0xff, 0xf4, 0x96, 0x96, 0x96, 0x06, 0x00,  //..%%%@@@@%%%.. 
  0x00, 0x00, 0x00, 0x00, 0x66, 0xfc, 0xff, 0xff, 0xe4, 0x3c, 0x00, 0x00, 0x00, 0x00,  //....+@@@@..... 
  0x00, 0x54, 0x94, 0xe0, 0xff, 0xec, 0x3a, 0x6a, 0xfa, 0xff, 0xcc, 0x8a, 0x3a, 0x00,  //.+%@@@.+@@@%.. 
  0x00, 0x7a, 0xff, 0xe4, 0x8c, 0x30, 0x96, 0x80, 0x34, 0xa4, 0xf0, 0xff, 0x40, 0x00,  //.+@@%.%%.%@@+. 
  0x00, 0x08, 0x14, 0x00, 0x00, 0x22, 0xff, 0xda, 0x00, 0x00, 0x00, 0x1c, 0x00, 0x00,  //......@@...... 
  0x5c, 0xe6, 0xe6, 0xe6, 0xe6, 0xff, 0xff, 0xff, 0xe6, 0xe6, 0xe6, 0xe6, 0xe6, 0x26,  //+@@@@@@@@@@@@. 
  0x44, 0xaa, 0xaa, 0xaa, 0xaa, 0xaa, 0xaa, 0xaa, 0xaa, 0xaa, 0xaa, 0xaa, 0xaa, 0x1c,  //+%%%%%%%%%%%%. 
  0x00, 0x00, 0x00, 0x06, 0x48, 0x72, 0x86, 0x80, 0x6c, 0x32, 0x00, 0x00, 0x00, 0x00,  //....++%%+..... 
  0x00, 0x00, 0x4c, 0xee, 0xff, 0xfc, 0xf2, 0xf6, 0xff, 0xff, 0xd4, 0x20, 0x00, 0x00,  //..+@@@@@@@@... 
  0x00, 0x00, 0xde, 0xff, 0x5e, 0x08, 0x00, 0x00, 0x12, 0x9e, 0xff, 0x9a, 0x00, 0x00,  //..@@+....%@%.. 
  0x00, 0x00, 0xce, 0xff, 0x8e, 0x3c, 0x2a, 0x2e, 0x48, 0xc0, 0xff, 0x88, 0x00, 0x00,  //..@@%...+@@%.. 
  0x00, 0x00, 0x28, 0xbe, 0xfc, 0xff, 0xff, 0xff, 0xff, 0xf2, 0x9c, 0x0a, 0x00, 0x00,  //...%@@@@@@%... 
  0x00, 0x00, 0x00, 0x00, 0x12, 0x38, 0x4a, 0x46, 0x32, 0x06, 0x00, 0x00, 0x00, 0x00,  //......++...... 
  0x00, 0x00, 0x00, 0x00, 0x00, 0x00, 0x00, 0x00, 0x00, 0x00, 0x00, 0x00, 0x00, 0x00,  //.............. 
  0x00, 0x00, 0x00, 0x00, 0x00, 0x00, 0x00, 0x00, 0x00, 0x00, 0x00, 0x00, 0x00, 0x00,  //.............. 
  0x00, 0x00, 0x00, 0x00, 0x00, 0x00, 0x00, 0x00, 0x00, 0x00, 0x00, 0x00, 0x00, 0x00,  //.............. 


  /*Unicode: U+c8fc (주) , Width: 14 */
  0x00, 0x00, 0x00, 0x00, 0x00, 0x00, 0x00, 0x00, 0x00, 0x00, 0x00, 0x00, 0x00, 0x00,  //.............. 
  0x00, 0x00, 0x00, 0x00, 0x00, 0x00, 0x00, 0x00, 0x00, 0x00, 0x00, 0x00, 0x00, 0x00,  //.............. 
  0x00, 0x00, 0x00, 0x00, 0x00, 0x00, 0x00, 0x00, 0x00, 0x00, 0x00, 0x00, 0x00, 0x00,  //.............. 
  0x00, 0x00, 0x00, 0x00, 0x00, 0x00, 0x00, 0x00, 0x00, 0x00, 0x00, 0x00, 0x00, 0x00,  //.............. 
  0x00, 0x3a, 0xd6, 0xd6, 0xd6, 0xd8, 0xe4, 0xe2, 0xd6, 0xd6, 0xd6, 0xd6, 0x04, 0x00,  //..@@@@@@@@@@.. 
  0x00, 0x32, 0xb6, 0xb6, 0xb6, 0xff, 0xff, 0xff, 0xd0, 0xb6, 0xb6, 0xb6, 0x04, 0x00,  //..%%%@@@@%%%.. 
  0x00, 0x00, 0x00, 0x00, 0x00, 0x98, 0xff, 0xff, 0x66, 0x00, 0x00, 0x00, 0x00, 0x00,  //.....%@@+..... 
  0x00, 0x00, 0x00, 0x02, 0x7a, 0xfc, 0xee, 0xf6, 0xf4, 0x56, 0x00, 0x00, 0x00, 0x00,  //....+@@@@+.... 
  0x00, 0x3e, 0x86, 0xe0, 0xff, 0xe2, 0x28, 0x4a, 0xf4, 0xff, 0xcc, 0x7a, 0x28, 0x00,  //..%@@@.+@@@+.. 
  0x00, 0x6c, 0xff, 0xee, 0x8a, 0x12, 0x00, 0x00, 0x24, 0xa4, 0xf6, 0xff, 0x36, 0x00,  //.+@@%....%@@.. 
  0x00, 0x08, 0x2a, 0x00, 0x00, 0x00, 0x00, 0x00, 0x00, 0x00, 0x04, 0x30, 0x00, 0x00,  //.............. 
  0x58, 0xe6, 0xe6, 0xe6, 0xe6, 0xe6, 0xe6, 0xe6, 0xe6, 0xe6, 0xe6, 0xe6, 0xe6, 0x2a,  //+@@@@@@@@@@@@. 
  0x44, 0xb2, 0xb2, 0xb2, 0xb2, 0xd0, 0xff, 0xff, 0xb2, 0xb2, 0xb2, 0xb2, 0xb2, 0x20,  //+%%%%@@@%%%%%. 
  0x00, 0x00, 0x00, 0x00, 0x00, 0x26, 0xff, 0xd6, 0x00, 0x00, 0x00, 0x00, 0x00, 0x00,  //......@@...... 
  0x00, 0x00, 0x00, 0x00, 0x00, 0x26, 0xff, 0xd6, 0x00, 0x00, 0x00, 0x00, 0x00, 0x00,  //......@@...... 
  0x00, 0x00, 0x00, 0x00, 0x00, 0x26, 0xff, 0xd6, 0x00, 0x00, 0x00, 0x00, 0x00, 0x00,  //......@@...... 
  0x00, 0x00, 0x00, 0x00, 0x00, 0x26, 0xff, 0xd6, 0x00, 0x00, 0x00, 0x00, 0x00, 0x00,  //......@@...... 
  0x00, 0x00, 0x00, 0x00, 0x00, 0x0c, 0x52, 0x44, 0x00, 0x00, 0x00, 0x00, 0x00, 0x00,  //......++...... 
  0x00, 0x00, 0x00, 0x00, 0x00, 0x00, 0x00, 0x00, 0x00, 0x00, 0x00, 0x00, 0x00, 0x00,  //.............. 
  0x00, 0x00, 0x00, 0x00, 0x00, 0x00, 0x00, 0x00, 0x00, 0x00, 0x00, 0x00, 0x00, 0x00,  //.............. 
  0x00, 0x00, 0x00, 0x00, 0x00, 0x00, 0x00, 0x00, 0x00, 0x00, 0x00, 0x00, 0x00, 0x00,  //.............. 


  /*Unicode: U+c911 (중) , Width: 14 */
  0x00, 0x00, 0x00, 0x00, 0x00, 0x00, 0x00, 0x00, 0x00, 0x00, 0x00, 0x00, 0x00, 0x00,  //.............. 
  0x00, 0x00, 0x00, 0x00, 0x00, 0x00, 0x00, 0x00, 0x00, 0x00, 0x00, 0x00, 0x00, 0x00,  //.............. 
  0x00, 0x00, 0x00, 0x00, 0x00, 0x00, 0x00, 0x00, 0x00, 0x00, 0x00, 0x00, 0x00, 0x00,  //.............. 
  0x00, 0x00, 0x00, 0x00, 0x00, 0x00, 0x00, 0x00, 0x00, 0x00, 0x00, 0x00, 0x00, 0x00,  //.............. 
  0x00, 0x3e, 0xfa, 0xfa, 0xfa, 0xff, 0xff, 0xff, 0xff, 0xfa, 0xfa, 0xfa, 0x0a, 0x00,  //..@@@@@@@@@@.. 
  0x00, 0x24, 0x96, 0x96, 0x96, 0xff, 0xff, 0xff, 0xf4, 0x96, 0x96, 0x96, 0x06, 0x00,  //..%%%@@@@%%%.. 
  0x00, 0x00, 0x00, 0x00, 0x64, 0xfc, 0xff, 0xff, 0xe4, 0x38, 0x00, 0x00, 0x00, 0x00,  //....+@@@@..... 
  0x00, 0x54, 0x90, 0xdc, 0xff, 0xec, 0x3a, 0x6a, 0xfa, 0xff, 0xc8, 0x86, 0x38, 0x00,  //.+%@@@.+@@@%.. 
  0x00, 0x7a, 0xff, 0xe4, 0x8c, 0x1c, 0x00, 0x00, 0x34, 0xa6, 0xf0, 0xff, 0x3e, 0x00,  //.+@@%....%@@.. 
  0x18, 0x4a, 0x56, 0x3e, 0x3e, 0x3e, 0x3e, 0x3e, 0x3e, 0x3e, 0x40, 0x60, 0x3e, 0x0a,  //.++.......++.. 
  0x66, 0xff, 0xff, 0xff, 0xff, 0xff, 0xff, 0xff, 0xff, 0xff, 0xff, 0xff, 0xff, 0x2a,  //+@@@@@@@@@@@@. 
  0x20, 0x52, 0x52, 0x52, 0x52, 0x6e, 0xff, 0xff, 0x52, 0x52, 0x52, 0x52, 0x52, 0x0c,  //.+++++@@+++++. 
  0x00, 0x00, 0x00, 0x16, 0x66, 0xaa, 0xff, 0xff, 0x8c, 0x50, 0x08, 0x00, 0x00, 0x00,  //....+%@@%+.... 
  0x00, 0x00, 0x5e, 0xf8, 0xff, 0xea, 0xd6, 0xd8, 0xf2, 0xff, 0xe4, 0x2a, 0x00, 0x00,  //..+@@@@@@@@... 
  0x00, 0x00, 0xe2, 0xff, 0x42, 0x00, 0x00, 0x00, 0x02, 0x8a, 0xff, 0x9e, 0x00, 0x00,  //..@@+....%@%.. 
  0x00, 0x00, 0xc8, 0xff, 0x96, 0x42, 0x30, 0x32, 0x50, 0xc4, 0xff, 0x84, 0x00, 0x00,  //..@@%+..+@@%.. 
  0x00, 0x00, 0x22, 0xb4, 0xfa, 0xff, 0xff, 0xff, 0xff, 0xee, 0x92, 0x06, 0x00, 0x00,  //...%@@@@@@%... 
  0x00, 0x00, 0x00, 0x00, 0x10, 0x36, 0x4a, 0x46, 0x30, 0x04, 0x00, 0x00, 0x00, 0x00,  //......++...... 
  0x00, 0x00, 0x00, 0x00, 0x00, 0x00, 0x00, 0x00, 0x00, 0x00, 0x00, 0x00, 0x00, 0x00,  //.............. 
  0x00, 0x00, 0x00, 0x00, 0x00, 0x00, 0x00, 0x00, 0x00, 0x00, 0x00, 0x00, 0x00, 0x00,  //.............. 
  0x00, 0x00, 0x00, 0x00, 0x00, 0x00, 0x00, 0x00, 0x00, 0x00, 0x00, 0x00, 0x00, 0x00,  //.............. 


  /*Unicode: U+c989 (즉) , Width: 14 */
  0x00, 0x00, 0x00, 0x00, 0x00, 0x00, 0x00, 0x00, 0x00, 0x00, 0x00, 0x00, 0x00, 0x00,  //.............. 
  0x00, 0x00, 0x00, 0x00, 0x00, 0x00, 0x00, 0x00, 0x00, 0x00, 0x00, 0x00, 0x00, 0x00,  //.............. 
  0x00, 0x00, 0x00, 0x00, 0x00, 0x00, 0x00, 0x00, 0x00, 0x00, 0x00, 0x00, 0x00, 0x00,  //.............. 
  0x00, 0x00, 0x00, 0x00, 0x00, 0x00, 0x00, 0x00, 0x00, 0x00, 0x00, 0x00, 0x00, 0x00,  //.............. 
  0x00, 0x3e, 0xfa, 0xfa, 0xfa, 0xff, 0xff, 0xff, 0xff, 0xfa, 0xfa, 0xfa, 0x0a, 0x00,  //..@@@@@@@@@@.. 
  0x00, 0x24, 0x92, 0x92, 0x92, 0xff, 0xff, 0xff, 0xea, 0x92, 0x92, 0x92, 0x04, 0x00,  //..%%%@@@@%%%.. 
  0x00, 0x00, 0x00, 0x00, 0x46, 0xf6, 0xff, 0xff, 0xda, 0x20, 0x00, 0x00, 0x00, 0x00,  //....+@@@@..... 
  0x00, 0x32, 0x68, 0xba, 0xff, 0xf6, 0x4e, 0x82, 0xff, 0xf4, 0xa0, 0x5c, 0x20, 0x00,  //..+%@@+%@@%+.. 
  0x00, 0x8e, 0xff, 0xfc, 0xb0, 0x30, 0x00, 0x00, 0x52, 0xcc, 0xff, 0xff, 0x52, 0x00,  //.%@@%...+@@@+. 
  0x04, 0x26, 0x52, 0x20, 0x0e, 0x0e, 0x0e, 0x0e, 0x0e, 0x0e, 0x2c, 0x5c, 0x12, 0x02,  //..+........+.. 
  0x66, 0xff, 0xff, 0xff, 0xff, 0xff, 0xff, 0xff, 0xff, 0xff, 0xff, 0xff, 0xff, 0x2e,  //+@@@@@@@@@@@@. 
  0x36, 0x86, 0x86, 0x86, 0x86, 0x86, 0x86, 0x86, 0x86, 0x86, 0x86, 0x86, 0x86, 0x18,  //.%%%%%%%%%%%%. 
  0x00, 0x00, 0x7e, 0x7e, 0x7e, 0x7e, 0x7e, 0x7e, 0x7e, 0x7e, 0x7e, 0x52, 0x00, 0x00,  //..++++++++++.. 
  0x00, 0x00, 0xff, 0xff, 0xff, 0xff, 0xff, 0xff, 0xff, 0xff, 0xff, 0xa6, 0x00, 0x00,  //..@@@@@@@@@%.. 
  0x00, 0x00, 0x16, 0x16, 0x16, 0x16, 0x16, 0x16, 0x16, 0x66, 0xff, 0xa6, 0x00, 0x00,  //.........+@%.. 
  0x00, 0x00, 0x00, 0x00, 0x00, 0x00, 0x00, 0x00, 0x00, 0x56, 0xff, 0xa6, 0x00, 0x00,  //.........+@%.. 
  0x00, 0x00, 0x00, 0x00, 0x00, 0x00, 0x00, 0x00, 0x00, 0x56, 0xff, 0xa6, 0x00, 0x00,  //.........+@%.. 
  0x00, 0x00, 0x00, 0x00, 0x00, 0x00, 0x00, 0x00, 0x00, 0x1a, 0x52, 0x36, 0x00, 0x00,  //..........+... 
  0x00, 0x00, 0x00, 0x00, 0x00, 0x00, 0x00, 0x00, 0x00, 0x00, 0x00, 0x00, 0x00, 0x00,  //.............. 
  0x00, 0x00, 0x00, 0x00, 0x00, 0x00, 0x00, 0x00, 0x00, 0x00, 0x00, 0x00, 0x00, 0x00,  //.............. 
  0x00, 0x00, 0x00, 0x00, 0x00, 0x00, 0x00, 0x00, 0x00, 0x00, 0x00, 0x00, 0x00, 0x00,  //.............. 


  /*Unicode: U+c9c0 (지) , Width: 13 */
  0x00, 0x00, 0x00, 0x00, 0x00, 0x00, 0x00, 0x00, 0x00, 0x00, 0x00, 0x00, 0x00,  //............. 
  0x00, 0x00, 0x00, 0x00, 0x00, 0x00, 0x00, 0x00, 0x00, 0x00, 0x00, 0x00, 0x00,  //............. 
  0x00, 0x00, 0x00, 0x00, 0x00, 0x00, 0x00, 0x00, 0x00, 0x00, 0x00, 0x00, 0x00,  //............. 
  0x00, 0x00, 0x00, 0x00, 0x00, 0x00, 0x00, 0x00, 0x00, 0x00, 0x7a, 0x8e, 0x12,  //..........+%. 
  0x00, 0x38, 0x3a, 0x3a, 0x3a, 0x3a, 0x3a, 0x3a, 0x30, 0x00, 0xda, 0xff, 0x22,  //..........@@. 
  0x00, 0xf2, 0xff, 0xff, 0xff, 0xff, 0xff, 0xff, 0xd6, 0x00, 0xda, 0xff, 0x22,  //.@@@@@@@@.@@. 
  0x00, 0x64, 0x6a, 0x76, 0xff, 0xff, 0x6a, 0x6a, 0x5a, 0x00, 0xda, 0xff, 0x22,  //.+++@@+++.@@. 
  0x00, 0x00, 0x00, 0x14, 0xff, 0xff, 0x04, 0x00, 0x00, 0x00, 0xda, 0xff, 0x22,  //....@@....@@. 
  0x00, 0x00, 0x00, 0x34, 0xff, 0xff, 0x22, 0x00, 0x00, 0x00, 0xda, 0xff, 0x22,  //....@@....@@. 
  0x00, 0x00, 0x00, 0x78, 0xff, 0xff, 0x6e, 0x00, 0x00, 0x00, 0xda, 0xff, 0x22,  //...+@@+...@@. 
  0x00, 0x00, 0x02, 0xd8, 0xff, 0xff, 0xd8, 0x06, 0x00, 0x00, 0xda, 0xff, 0x22,  //...@@@@...@@. 
  0x00, 0x00, 0x88, 0xff, 0xa2, 0x98, 0xff, 0x9e, 0x00, 0x00, 0xda, 0xff, 0x22,  //..%@%%@%..@@. 
  0x04, 0x86, 0xfc, 0xec, 0x18, 0x0c, 0xdc, 0xff, 0xc4, 0x1e, 0xda, 0xff, 0x22,  //.%@@..@@@.@@. 
  0x3a, 0xfc, 0xf8, 0x50, 0x00, 0x00, 0x28, 0xdc, 0xde, 0x0c, 0xda, 0xff, 0x22,  //.@@+...@@.@@. 
  0x00, 0x68, 0x36, 0x00, 0x00, 0x00, 0x00, 0x08, 0x22, 0x00, 0xda, 0xff, 0x22,  //.+........@@. 
  0x00, 0x00, 0x00, 0x00, 0x00, 0x00, 0x00, 0x00, 0x00, 0x00, 0xda, 0xff, 0x22,  //..........@@. 
  0x00, 0x00, 0x00, 0x00, 0x00, 0x00, 0x00, 0x00, 0x00, 0x00, 0xda, 0xff, 0x22,  //..........@@. 
  0x00, 0x00, 0x00, 0x00, 0x00, 0x00, 0x00, 0x00, 0x00, 0x00, 0x46, 0x52, 0x0a,  //..........++. 
  0x00, 0x00, 0x00, 0x00, 0x00, 0x00, 0x00, 0x00, 0x00, 0x00, 0x00, 0x00, 0x00,  //............. 
  0x00, 0x00, 0x00, 0x00, 0x00, 0x00, 0x00, 0x00, 0x00, 0x00, 0x00, 0x00, 0x00,  //............. 
  0x00, 0x00, 0x00, 0x00, 0x00, 0x00, 0x00, 0x00, 0x00, 0x00, 0x00, 0x00, 0x00,  //............. 


  /*Unicode: U+c9c4 (진) , Width: 13 */
  0x00, 0x00, 0x00, 0x00, 0x00, 0x00, 0x00, 0x00, 0x00, 0x00, 0x00, 0x00, 0x00,  //............. 
  0x00, 0x00, 0x00, 0x00, 0x00, 0x00, 0x00, 0x00, 0x00, 0x00, 0x00, 0x00, 0x00,  //............. 
  0x00, 0x00, 0x00, 0x00, 0x00, 0x00, 0x00, 0x00, 0x00, 0x00, 0x00, 0x00, 0x00,  //............. 
  0x00, 0x00, 0x00, 0x00, 0x00, 0x00, 0x00, 0x00, 0x00, 0x00, 0x78, 0x8e, 0x14,  //..........+%. 
  0x00, 0x74, 0x92, 0x92, 0x98, 0x98, 0x92, 0x92, 0x70, 0x00, 0xd6, 0xff, 0x26,  //.+%%%%%%+.@@. 
  0x00, 0xca, 0xff, 0xff, 0xff, 0xff, 0xff, 0xff, 0xc2, 0x00, 0xd6, 0xff, 0x26,  //.@@@@@@@@.@@. 
  0x00, 0x02, 0x02, 0x14, 0xff, 0xff, 0x14, 0x02, 0x02, 0x00, 0xd6, 0xff, 0x26,  //....@@....@@. 
  0x00, 0x00, 0x00, 0x42, 0xff, 0xff, 0x48, 0x00, 0x00, 0x00, 0xd6, 0xff, 0x26,  //...+@@+...@@. 
  0x00, 0x00, 0x00, 0xb8, 0xff, 0xff, 0xca, 0x08, 0x00, 0x00, 0xd6, 0xff, 0x26,  //...%@@@...@@. 
  0x00, 0x06, 0x98, 0xff, 0xc0, 0xac, 0xff, 0xc0, 0x26, 0x00, 0xd6, 0xff, 0x26,  //..%@@%@@..@@. 
  0x1c, 0xe2, 0xff, 0xe6, 0x1e, 0x0e, 0xc8, 0xff, 0xf0, 0x10, 0xd6, 0xff, 0x26,  //.@@@..@@@.@@. 
  0x00, 0xa2, 0xa4, 0x18, 0x00, 0x00, 0x04, 0x6c, 0x5e, 0x00, 0xd6, 0xff, 0x26,  //.%%....++.@@. 
  0x00, 0x00, 0x0a, 0x6e, 0x62, 0x00, 0x00, 0x00, 0x00, 0x00, 0xd6, 0xff, 0x26,  //...++.....@@. 
  0x00, 0x00, 0x1a, 0xff, 0xe2, 0x00, 0x00, 0x00, 0x00, 0x00, 0x64, 0x76, 0x10,  //...@@.....++. 
  0x00, 0x00, 0x1a, 0xff, 0xe2, 0x00, 0x00, 0x00, 0x00, 0x00, 0x00, 0x00, 0x00,  //...@@........ 
  0x00, 0x00, 0x28, 0xff, 0xff, 0x82, 0x82, 0x82, 0x82, 0x82, 0x82, 0x82, 0x42,  //...@@%%%%%%%+ 
  0x00, 0x00, 0x22, 0xff, 0xff, 0xff, 0xff, 0xff, 0xff, 0xff, 0xff, 0xff, 0x82,  //...@@@@@@@@@% 
  0x00, 0x00, 0x00, 0x16, 0x16, 0x16, 0x16, 0x16, 0x16, 0x16, 0x16, 0x16, 0x0a,  //............. 
  0x00, 0x00, 0x00, 0x00, 0x00, 0x00, 0x00, 0x00, 0x00, 0x00, 0x00, 0x00, 0x00,  //............. 
  0x00, 0x00, 0x00, 0x00, 0x00, 0x00, 0x00, 0x00, 0x00, 0x00, 0x00, 0x00, 0x00,  //............. 
  0x00, 0x00, 0x00, 0x00, 0x00, 0x00, 0x00, 0x00, 0x00, 0x00, 0x00, 0x00, 0x00,  //............. 


  /*Unicode: U+cc98 (처) , Width: 13 */
  0x00, 0x00, 0x00, 0x00, 0x00, 0x00, 0x00, 0x00, 0x00, 0x00, 0x00, 0x00, 0x00,  //............. 
  0x00, 0x00, 0x00, 0x00, 0x00, 0x00, 0x00, 0x00, 0x00, 0x00, 0x00, 0x00, 0x00,  //............. 
  0x00, 0x00, 0x00, 0x00, 0x00, 0x00, 0x00, 0x00, 0x00, 0x00, 0x00, 0x00, 0x00,  //............. 
  0x00, 0x00, 0x00, 0x0a, 0x3a, 0x2e, 0x00, 0x00, 0x00, 0x00, 0x68, 0x92, 0x26,  //..........+%. 
  0x00, 0x00, 0x00, 0x2e, 0xff, 0xce, 0x00, 0x00, 0x00, 0x00, 0xb6, 0xff, 0x42,  //....@@....%@+ 
  0x00, 0x4e, 0x4e, 0x7e, 0xff, 0xff, 0x4e, 0x4e, 0x2c, 0x00, 0xb6, 0xff, 0x42,  //.+++@@++..%@+ 
  0x02, 0xff, 0xff, 0xff, 0xff, 0xff, 0xff, 0xff, 0x8e, 0x00, 0xb6, 0xff, 0x42,  //.@@@@@@@%.%@+ 
  0x00, 0x42, 0x42, 0x6c, 0xff, 0xff, 0x42, 0x42, 0x24, 0x00, 0xb6, 0xff, 0x42,  //.+++@@++..%@+ 
  0x00, 0x00, 0x00, 0x42, 0xff, 0xff, 0x00, 0x0a, 0x3e, 0x3e, 0xe4, 0xff, 0x42,  //...+@@....@@+ 
  0x00, 0x00, 0x00, 0x70, 0xff, 0xff, 0x18, 0x2e, 0xff, 0xff, 0xff, 0xff, 0x42,  //...+@@..@@@@+ 
  0x00, 0x00, 0x00, 0xd2, 0xff, 0xff, 0x80, 0x10, 0x5e, 0x5e, 0xfc, 0xff, 0x42,  //...@@@%.++@@+ 
  0x00, 0x00, 0x70, 0xff, 0x94, 0xe2, 0xf8, 0x36, 0x00, 0x00, 0xb6, 0xff, 0x42,  //..+@%@@...%@+ 
  0x00, 0x6c, 0xf8, 0xea, 0x18, 0x4a, 0xfc, 0xee, 0x5e, 0x00, 0xb6, 0xff, 0x42,  //.+@@.+@@+.%@+ 
  0x38, 0xff, 0xf8, 0x4a, 0x00, 0x00, 0x78, 0xfc, 0xc2, 0x00, 0xb6, 0xff, 0x42,  //.@@+..+@@.%@+ 
  0x00, 0x76, 0x38, 0x00, 0x00, 0x00, 0x00, 0x3a, 0x1e, 0x00, 0xb6, 0xff, 0x42,  //.+........%@+ 
  0x00, 0x00, 0x00, 0x00, 0x00, 0x00, 0x00, 0x00, 0x00, 0x00, 0xb6, 0xff, 0x42,  //..........%@+ 
  0x00, 0x00, 0x00, 0x00, 0x00, 0x00, 0x00, 0x00, 0x00, 0x00, 0xb6, 0xff, 0x42,  //..........%@+ 
  0x00, 0x00, 0x00, 0x00, 0x00, 0x00, 0x00, 0x00, 0x00, 0x00, 0x3e, 0x56, 0x16,  //...........+. 
  0x00, 0x00, 0x00, 0x00, 0x00, 0x00, 0x00, 0x00, 0x00, 0x00, 0x00, 0x00, 0x00,  //............. 
  0x00, 0x00, 0x00, 0x00, 0x00, 0x00, 0x00, 0x00, 0x00, 0x00, 0x00, 0x00, 0x00,  //............. 
  0x00, 0x00, 0x00, 0x00, 0x00, 0x00, 0x00, 0x00, 0x00, 0x00, 0x00, 0x00, 0x00,  //............. 


  /*Unicode: U+ccb4 (체) , Width: 13 */
  0x00, 0x00, 0x00, 0x00, 0x00, 0x00, 0x00, 0x00, 0x00, 0x00, 0x00, 0x00, 0x00,  //............. 
  0x00, 0x00, 0x00, 0x00, 0x00, 0x00, 0x00, 0x00, 0x00, 0x00, 0x00, 0x00, 0x00,  //............. 
  0x00, 0x00, 0x00, 0x00, 0x00, 0x00, 0x00, 0x00, 0x00, 0x00, 0x00, 0x00, 0x00,  //............. 
  0x00, 0x00, 0x00, 0x1a, 0x18, 0x00, 0x00, 0x0e, 0x56, 0x3a, 0x32, 0x8e, 0x4c,  //........+..%+ 
  0x00, 0x00, 0x00, 0xf6, 0xee, 0x00, 0x00, 0x2a, 0xff, 0xae, 0x5a, 0xff, 0x8a,  //...@@...@%+@% 
  0x06, 0x3a, 0x3a, 0xff, 0xff, 0x3a, 0x3a, 0x2e, 0xff, 0xae, 0x5a, 0xff, 0x8a,  //...@@...@%+@% 
  0x1e, 0xff, 0xff, 0xff, 0xff, 0xff, 0xff, 0x3a, 0xff, 0xae, 0x5a, 0xff, 0x8a,  //.@@@@@@.@%+@% 
  0x0a, 0x5e, 0x5e, 0xff, 0xff, 0x5e, 0x5e, 0x30, 0xff, 0xae, 0x5a, 0xff, 0x8a,  //.++@@++.@%+@% 
  0x00, 0x00, 0x0a, 0xff, 0xff, 0x02, 0x38, 0x7a, 0xff, 0xae, 0x5a, 0xff, 0x8a,  //...@@..+@%+@% 
  0x00, 0x00, 0x2e, 0xff, 0xff, 0x2a, 0xba, 0xff, 0xff, 0xae, 0x5a, 0xff, 0x8a,  //...@@.%@@%+@% 
  0x00, 0x00, 0x78, 0xff, 0xff, 0x7c, 0x38, 0x7a, 0xff, 0xae, 0x5a, 0xff, 0x8a,  //..+@@+.+@%+@% 
  0x00, 0x10, 0xe8, 0xe8, 0xe6, 0xf0, 0x1e, 0x2a, 0xff, 0xae, 0x5a, 0xff, 0x8a,  //..@@@@..@%+@% 
  0x0e, 0xbc, 0xff, 0x6e, 0x68, 0xff, 0xde, 0x5c, 0xff, 0xae, 0x5a, 0xff, 0x8a,  //.%@++@@+@%+@% 
  0x62, 0xff, 0xce, 0x04, 0x00, 0x9c, 0xf8, 0x5e, 0xff, 0xae, 0x5a, 0xff, 0x8a,  //+@@..%@+@%+@% 
  0x00, 0x78, 0x12, 0x00, 0x00, 0x00, 0x28, 0x2a, 0xff, 0xae, 0x5a, 0xff, 0x8a,  //.+......@%+@% 
  0x00, 0x00, 0x00, 0x00, 0x00, 0x00, 0x00, 0x2a, 0xff, 0xae, 0x5a, 0xff, 0x8a,  //........@%+@% 
  0x00, 0x00, 0x00, 0x00, 0x00, 0x00, 0x00, 0x1c, 0xae, 0x78, 0x5a, 0xff, 0x8a,  //........%++@% 
  0x00, 0x00, 0x00, 0x00, 0x00, 0x00, 0x00, 0x00, 0x00, 0x00, 0x1a, 0x4e, 0x2a,  //...........+. 
  0x00, 0x00, 0x00, 0x00, 0x00, 0x00, 0x00, 0x00, 0x00, 0x00, 0x00, 0x00, 0x00,  //............. 
  0x00, 0x00, 0x00, 0x00, 0x00, 0x00, 0x00, 0x00, 0x00, 0x00, 0x00, 0x00, 0x00,  //............. 
  0x00, 0x00, 0x00, 0x00, 0x00, 0x00, 0x00, 0x00, 0x00, 0x00, 0x00, 0x00, 0x00,  //............. 


  /*Unicode: U+cd08 (초) , Width: 14 */
  0x00, 0x00, 0x00, 0x00, 0x00, 0x00, 0x00, 0x00, 0x00, 0x00, 0x00, 0x00, 0x00, 0x00,  //.............. 
  0x00, 0x00, 0x00, 0x00, 0x00, 0x00, 0x00, 0x00, 0x00, 0x00, 0x00, 0x00, 0x00, 0x00,  //.............. 
  0x00, 0x00, 0x00, 0x00, 0x00, 0x00, 0x00, 0x00, 0x00, 0x00, 0x00, 0x00, 0x00, 0x00,  //.............. 
  0x00, 0x00, 0x00, 0x00, 0x00, 0x08, 0x5e, 0x54, 0x00, 0x00, 0x00, 0x00, 0x00, 0x00,  //......++...... 
  0x00, 0x00, 0x00, 0x00, 0x00, 0x16, 0xff, 0xe2, 0x00, 0x00, 0x00, 0x00, 0x00, 0x00,  //......@@...... 
  0x00, 0x36, 0xae, 0xae, 0xae, 0xc6, 0xff, 0xff, 0xae, 0xae, 0xae, 0xae, 0x12, 0x00,  //..%%%@@@%%%%.. 
  0x00, 0x46, 0xe6, 0xe6, 0xe6, 0xfc, 0xff, 0xff, 0xe6, 0xe6, 0xe6, 0xe6, 0x18, 0x00,  //.+@@@@@@@@@@.. 
  0x00, 0x00, 0x00, 0x00, 0x00, 0x4a, 0xff, 0xff, 0x16, 0x00, 0x00, 0x00, 0x00, 0x00,  //.....+@@...... 
  0x00, 0x00, 0x00, 0x00, 0x0e, 0xd2, 0xff, 0xff, 0xaa, 0x00, 0x00, 0x00, 0x00, 0x00,  //.....@@@%..... 
  0x00, 0x00, 0x04, 0x50, 0xda, 0xff, 0xa4, 0xca, 0xff, 0xc0, 0x3a, 0x00, 0x00, 0x00,  //...+@@%@@@.... 
  0x00, 0xa4, 0xee, 0xff, 0xfc, 0x8c, 0x02, 0x10, 0xb0, 0xff, 0xff, 0xe6, 0x78, 0x00,  //.%@@@%..%@@@+. 
  0x00, 0x72, 0xc8, 0x88, 0x28, 0x0c, 0x8a, 0x7a, 0x00, 0x3c, 0x98, 0xd2, 0x44, 0x00,  //.+@%..%+..%@+. 
  0x00, 0x00, 0x00, 0x00, 0x00, 0x16, 0xff, 0xe2, 0x00, 0x00, 0x00, 0x00, 0x00, 0x00,  //......@@...... 
  0x00, 0x00, 0x00, 0x00, 0x00, 0x16, 0xff, 0xe2, 0x00, 0x00, 0x00, 0x00, 0x00, 0x00,  //......@@...... 
  0x54, 0xda, 0xda, 0xda, 0xda, 0xf2, 0xff, 0xff, 0xda, 0xda, 0xda, 0xda, 0xda, 0x2a,  //+@@@@@@@@@@@@. 
  0x4a, 0xc2, 0xc2, 0xc2, 0xc2, 0xc2, 0xc2, 0xc2, 0xc2, 0xc2, 0xc2, 0xc2, 0xc2, 0x26,  //+@@@@@@@@@@@@. 
  0x00, 0x00, 0x00, 0x00, 0x00, 0x00, 0x00, 0x00, 0x00, 0x00, 0x00, 0x00, 0x00, 0x00,  //.............. 
  0x00, 0x00, 0x00, 0x00, 0x00, 0x00, 0x00, 0x00, 0x00, 0x00, 0x00, 0x00, 0x00, 0x00,  //.............. 
  0x00, 0x00, 0x00, 0x00, 0x00, 0x00, 0x00, 0x00, 0x00, 0x00, 0x00, 0x00, 0x00, 0x00,  //.............. 
  0x00, 0x00, 0x00, 0x00, 0x00, 0x00, 0x00, 0x00, 0x00, 0x00, 0x00, 0x00, 0x00, 0x00,  //.............. 
  0x00, 0x00, 0x00, 0x00, 0x00, 0x00, 0x00, 0x00, 0x00, 0x00, 0x00, 0x00, 0x00, 0x00,  //.............. 


  /*Unicode: U+cd5c (최) , Width: 13 */
  0x00, 0x00, 0x00, 0x00, 0x00, 0x00, 0x00, 0x00, 0x00, 0x00, 0x00, 0x00, 0x00,  //............. 
  0x00, 0x00, 0x00, 0x00, 0x00, 0x00, 0x00, 0x00, 0x00, 0x00, 0x00, 0x00, 0x00,  //............. 
  0x00, 0x00, 0x00, 0x00, 0x00, 0x00, 0x00, 0x00, 0x00, 0x00, 0x00, 0x00, 0x00,  //............. 
  0x00, 0x00, 0x00, 0x00, 0x5e, 0x72, 0x12, 0x00, 0x00, 0x00, 0x74, 0x92, 0x1a,  //....++....+%. 
  0x00, 0x00, 0x00, 0x00, 0xd2, 0xff, 0x2a, 0x00, 0x00, 0x00, 0xca, 0xff, 0x2e,  //....@@....@@. 
  0x00, 0x98, 0xee, 0xee, 0xff, 0xff, 0xff, 0xee, 0xea, 0x00, 0xca, 0xff, 0x2e,  //.%@@@@@@@.@@. 
  0x00, 0x68, 0xa2, 0xa2, 0xff, 0xff, 0xd6, 0xa2, 0xa0, 0x00, 0xca, 0xff, 0x2e,  //.+%%@@@%%.@@. 
  0x00, 0x00, 0x00, 0x18, 0xff, 0xff, 0x70, 0x00, 0x00, 0x00, 0xca, 0xff, 0x2e,  //....@@+...@@. 
  0x00, 0x00, 0x02, 0xae, 0xff, 0xff, 0xec, 0x2e, 0x00, 0x00, 0xca, 0xff, 0x2e,  //...%@@@...@@. 
  0x00, 0x52, 0xca, 0xff, 0xb6, 0x56, 0xfc, 0xf6, 0x90, 0x18, 0xca, 0xff, 0x2e,  //.+@@%+@@%.@@. 
  0x00, 0xac, 0xff, 0xa6, 0x0e, 0x02, 0x4e, 0xe2, 0xe4, 0x0a, 0xca, 0xff, 0x2e,  //.%@%..+@@.@@. 
  0x00, 0x1a, 0x28, 0x00, 0xd2, 0xff, 0x2a, 0x02, 0x1c, 0x00, 0xca, 0xff, 0x2e,  //....@@....@@. 
  0x00, 0x00, 0x00, 0x00, 0xd2, 0xff, 0x2c, 0x16, 0x30, 0x1e, 0xca, 0xff, 0x2e,  //....@@....@@. 
  0x38, 0xd6, 0xd8, 0xdc, 0xff, 0xff, 0xff, 0xff, 0xff, 0x84, 0xca, 0xff, 0x2e,  //.@@@@@@@@%@@. 
  0x1c, 0xc0, 0xbe, 0xba, 0xae, 0xa0, 0x90, 0x70, 0x4c, 0x1a, 0xca, 0xff, 0x2e,  //.@%%%%%++.@@. 
  0x00, 0x00, 0x00, 0x00, 0x00, 0x00, 0x00, 0x00, 0x00, 0x00, 0xca, 0xff, 0x2e,  //..........@@. 
  0x00, 0x00, 0x00, 0x00, 0x00, 0x00, 0x00, 0x00, 0x00, 0x00, 0xca, 0xff, 0x2e,  //..........@@. 
  0x00, 0x00, 0x00, 0x00, 0x00, 0x00, 0x00, 0x00, 0x00, 0x00, 0x44, 0x56, 0x0e,  //..........++. 
  0x00, 0x00, 0x00, 0x00, 0x00, 0x00, 0x00, 0x00, 0x00, 0x00, 0x00, 0x00, 0x00,  //............. 
  0x00, 0x00, 0x00, 0x00, 0x00, 0x00, 0x00, 0x00, 0x00, 0x00, 0x00, 0x00, 0x00,  //............. 
  0x00, 0x00, 0x00, 0x00, 0x00, 0x00, 0x00, 0x00, 0x00, 0x00, 0x00, 0x00, 0x00,  //............. 


  /*Unicode: U+cda9 (충) , Width: 14 */
  0x00, 0x00, 0x00, 0x00, 0x00, 0x00, 0x00, 0x00, 0x00, 0x00, 0x00, 0x00, 0x00, 0x00,  //.............. 
  0x00, 0x00, 0x00, 0x00, 0x00, 0x00, 0x00, 0x00, 0x00, 0x00, 0x00, 0x00, 0x00, 0x00,  //.............. 
  0x00, 0x00, 0x00, 0x00, 0x00, 0x00, 0x00, 0x00, 0x00, 0x00, 0x00, 0x00, 0x00, 0x00,  //.............. 
  0x00, 0x00, 0x00, 0x00, 0x00, 0x10, 0x86, 0x76, 0x00, 0x00, 0x00, 0x00, 0x00, 0x00,  //......%+...... 
  0x00, 0x0e, 0x4e, 0x4e, 0x4e, 0x6e, 0xff, 0xff, 0x4e, 0x4e, 0x4e, 0x4a, 0x00, 0x00,  //..++++@@++++.. 
  0x00, 0x32, 0xff, 0xff, 0xff, 0xff, 0xff, 0xff, 0xff, 0xff, 0xff, 0xf2, 0x00, 0x00,  //..@@@@@@@@@@.. 
  0x00, 0x0a, 0x36, 0x36, 0x36, 0xb2, 0xff, 0xff, 0x78, 0x36, 0x36, 0x34, 0x00, 0x00,  //.....%@@+..... 
  0x00, 0x00, 0x04, 0x36, 0x9a, 0xfc, 0xff, 0xff, 0xf0, 0x78, 0x24, 0x00, 0x00, 0x00,  //....%@@@@+.... 
  0x00, 0xa0, 0xf8, 0xff, 0xff, 0xb8, 0x20, 0x42, 0xd8, 0xff, 0xff, 0xf2, 0x62, 0x00,  //.%@@@%.+@@@@+. 
  0x00, 0x44, 0x92, 0x68, 0x24, 0x00, 0x00, 0x00, 0x00, 0x38, 0x74, 0x9a, 0x1a, 0x00,  //.+%+......+%.. 
  0x5a, 0xde, 0xde, 0xde, 0xde, 0xde, 0xde, 0xde, 0xde, 0xde, 0xde, 0xde, 0xde, 0x24,  //+@@@@@@@@@@@@. 
  0x46, 0xae, 0xae, 0xae, 0xae, 0xca, 0xff, 0xff, 0xae, 0xae, 0xae, 0xae, 0xae, 0x1c,  //+%%%%@@@%%%%%. 
  0x00, 0x00, 0x00, 0x00, 0x1e, 0x66, 0xff, 0xff, 0x46, 0x14, 0x00, 0x00, 0x00, 0x00,  //.....+@@+..... 
  0x00, 0x00, 0x34, 0xcc, 0xff, 0xff, 0xff, 0xff, 0xff, 0xfc, 0xae, 0x12, 0x00, 0x00,  //...@@@@@@@%... 
  0x00, 0x00, 0xd6, 0xff, 0x78, 0x28, 0x16, 0x1a, 0x34, 0xb0, 0xff, 0x92, 0x00, 0x00,  //..@@+....%@%.. 
  0x00, 0x00, 0xd4, 0xff, 0x84, 0x36, 0x26, 0x28, 0x42, 0xb8, 0xff, 0x90, 0x00, 0x00,  //..@@%...+%@%.. 
  0x00, 0x00, 0x30, 0xc4, 0xfc, 0xff, 0xff, 0xff, 0xff, 0xfa, 0xa6, 0x0e, 0x00, 0x00,  //...@@@@@@@%... 
  0x00, 0x00, 0x00, 0x00, 0x14, 0x3a, 0x4c, 0x4c, 0x38, 0x0c, 0x00, 0x00, 0x00, 0x00,  //......++...... 
  0x00, 0x00, 0x00, 0x00, 0x00, 0x00, 0x00, 0x00, 0x00, 0x00, 0x00, 0x00, 0x00, 0x00,  //.............. 
  0x00, 0x00, 0x00, 0x00, 0x00, 0x00, 0x00, 0x00, 0x00, 0x00, 0x00, 0x00, 0x00, 0x00,  //.............. 
  0x00, 0x00, 0x00, 0x00, 0x00, 0x00, 0x00, 0x00, 0x00, 0x00, 0x00, 0x00, 0x00, 0x00,  //.............. 


  /*Unicode: U+ce58 (치) , Width: 13 */
  0x00, 0x00, 0x00, 0x00, 0x00, 0x00, 0x00, 0x00, 0x00, 0x00, 0x00, 0x00, 0x00,  //............. 
  0x00, 0x00, 0x00, 0x00, 0x00, 0x00, 0x00, 0x00, 0x00, 0x00, 0x00, 0x00, 0x00,  //............. 
  0x00, 0x00, 0x00, 0x00, 0x00, 0x00, 0x00, 0x00, 0x00, 0x00, 0x00, 0x00, 0x00,  //............. 
  0x00, 0x00, 0x00, 0x00, 0x3a, 0x3a, 0x00, 0x00, 0x00, 0x00, 0x7a, 0x8e, 0x14,  //..........+%. 
  0x00, 0x00, 0x00, 0x00, 0xfa, 0xff, 0x06, 0x00, 0x00, 0x00, 0xda, 0xff, 0x26,  //....@@....@@. 
  0x00, 0x42, 0x4e, 0x4e, 0xff, 0xff, 0x56, 0x4e, 0x42, 0x00, 0xda, 0xff, 0x26,  //.+++@@+++.@@. 
  0x00, 0xda, 0xff, 0xff, 0xff, 0xff, 0xff, 0xff, 0xd6, 0x00, 0xda, 0xff, 0x26,  //.@@@@@@@@.@@. 
  0x00, 0x38, 0x42, 0x42, 0xff, 0xff, 0x46, 0x42, 0x38, 0x00, 0xda, 0xff, 0x26,  //..++@@++..@@. 
  0x00, 0x00, 0x00, 0x12, 0xff, 0xff, 0x1c, 0x00, 0x00, 0x00, 0xda, 0xff, 0x26,  //....@@....@@. 
  0x00, 0x00, 0x00, 0x42, 0xff, 0xff, 0x50, 0x00, 0x00, 0x00, 0xda, 0xff, 0x26,  //...+@@+...@@. 
  0x00, 0x00, 0x00, 0xa4, 0xff, 0xff, 0xbe, 0x00, 0x00, 0x00, 0xda, 0xff, 0x26,  //...%@@%...@@. 
  0x00, 0x00, 0x46, 0xfc, 0xc8, 0xac, 0xff, 0x70, 0x00, 0x00, 0xda, 0xff, 0x26,  //..+@@%@+..@@. 
  0x00, 0x50, 0xec, 0xfa, 0x3c, 0x1e, 0xec, 0xfc, 0x8c, 0x0a, 0xda, 0xff, 0x26,  //.+@@..@@%.@@. 
  0x1c, 0xf6, 0xff, 0x74, 0x00, 0x00, 0x44, 0xf0, 0xf0, 0x1e, 0xda, 0xff, 0x26,  //.@@+..+@@.@@. 
  0x00, 0x60, 0x50, 0x00, 0x00, 0x00, 0x00, 0x1c, 0x40, 0x00, 0xda, 0xff, 0x26,  //.++.....+.@@. 
  0x00, 0x00, 0x00, 0x00, 0x00, 0x00, 0x00, 0x00, 0x00, 0x00, 0xda, 0xff, 0x26,  //..........@@. 
  0x00, 0x00, 0x00, 0x00, 0x00, 0x00, 0x00, 0x00, 0x00, 0x00, 0xda, 0xff, 0x26,  //..........@@. 
  0x00, 0x00, 0x00, 0x00, 0x00, 0x00, 0x00, 0x00, 0x00, 0x00, 0x42, 0x4e, 0x0a,  //..........++. 
  0x00, 0x00, 0x00, 0x00, 0x00, 0x00, 0x00, 0x00, 0x00, 0x00, 0x00, 0x00, 0x00,  //............. 
  0x00, 0x00, 0x00, 0x00, 0x00, 0x00, 0x00, 0x00, 0x00, 0x00, 0x00, 0x00, 0x00,  //............. 
  0x00, 0x00, 0x00, 0x00, 0x00, 0x00, 0x00, 0x00, 0x00, 0x00, 0x00, 0x00, 0x00,  //............. 


  /*Unicode: U+ce74 (카) , Width: 14 */
  0x00, 0x00, 0x00, 0x00, 0x00, 0x00, 0x00, 0x00, 0x00, 0x00, 0x00, 0x00, 0x00, 0x00,  //.............. 
  0x00, 0x00, 0x00, 0x00, 0x00, 0x00, 0x00, 0x00, 0x00, 0x00, 0x00, 0x00, 0x00, 0x00,  //.............. 
  0x00, 0x00, 0x00, 0x00, 0x00, 0x00, 0x00, 0x00, 0x00, 0x00, 0x00, 0x00, 0x00, 0x00,  //.............. 
  0x00, 0x00, 0x00, 0x00, 0x00, 0x00, 0x00, 0x00, 0x00, 0x4a, 0x92, 0x46, 0x00, 0x00,  //.........+%+.. 
  0x00, 0x22, 0x3a, 0x3a, 0x3a, 0x42, 0x76, 0x30, 0x00, 0x82, 0xff, 0x7a, 0x00, 0x00,  //.....++..%@+.. 
  0x00, 0x96, 0xff, 0xff, 0xff, 0xff, 0xff, 0xc2, 0x00, 0x82, 0xff, 0x7a, 0x00, 0x00,  //.%@@@@@@.%@+.. 
  0x00, 0x34, 0x5a, 0x5a, 0x5a, 0xa0, 0xff, 0xa8, 0x00, 0x82, 0xff, 0x7a, 0x00, 0x00,  //..+++%@%.%@+.. 
  0x00, 0x00, 0x00, 0x00, 0x00, 0x5c, 0xff, 0x90, 0x00, 0x82, 0xff, 0x7a, 0x00, 0x00,  //.....+@%.%@+.. 
  0x24, 0x8e, 0x9e, 0xac, 0xbc, 0xff, 0xff, 0x62, 0x00, 0x82, 0xff, 0xbe, 0x42, 0x1a,  //.%%%%@@+.%@%+. 
  0x2a, 0xff, 0xff, 0xee, 0xdc, 0xff, 0xfc, 0x1c, 0x00, 0x82, 0xff, 0xff, 0xff, 0x6a,  //.@@@@@@..%@@@+ 
  0x02, 0x20, 0x08, 0x00, 0x7c, 0xff, 0xb0, 0x00, 0x00, 0x82, 0xff, 0xda, 0x5e, 0x26,  //....+@%..%@@+. 
  0x00, 0x00, 0x00, 0x52, 0xfa, 0xf6, 0x22, 0x00, 0x00, 0x82, 0xff, 0x7a, 0x00, 0x00,  //...+@@...%@+.. 
  0x00, 0x00, 0x76, 0xfa, 0xfc, 0x54, 0x00, 0x00, 0x00, 0x82, 0xff, 0x7a, 0x00, 0x00,  //..+@@+...%@+.. 
  0x26, 0xcc, 0xff, 0xf4, 0x54, 0x00, 0x00, 0x00, 0x00, 0x82, 0xff, 0x7a, 0x00, 0x00,  //.@@@+....%@+.. 
  0x0c, 0xde, 0xbc, 0x28, 0x00, 0x00, 0x00, 0x00, 0x00, 0x82, 0xff, 0x7a, 0x00, 0x00,  //.@%......%@+.. 
  0x00, 0x14, 0x00, 0x00, 0x00, 0x00, 0x00, 0x00, 0x00, 0x82, 0xff, 0x7a, 0x00, 0x00,  //.........%@+.. 
  0x00, 0x00, 0x00, 0x00, 0x00, 0x00, 0x00, 0x00, 0x00, 0x82, 0xff, 0x7a, 0x00, 0x00,  //.........%@+.. 
  0x00, 0x00, 0x00, 0x00, 0x00, 0x00, 0x00, 0x00, 0x00, 0x28, 0x4e, 0x24, 0x00, 0x00,  //..........+... 
  0x00, 0x00, 0x00, 0x00, 0x00, 0x00, 0x00, 0x00, 0x00, 0x00, 0x00, 0x00, 0x00, 0x00,  //.............. 
  0x00, 0x00, 0x00, 0x00, 0x00, 0x00, 0x00, 0x00, 0x00, 0x00, 0x00, 0x00, 0x00, 0x00,  //.............. 
  0x00, 0x00, 0x00, 0x00, 0x00, 0x00, 0x00, 0x00, 0x00, 0x00, 0x00, 0x00, 0x00, 0x00,  //.............. 


  /*Unicode: U+cee4 (커) , Width: 13 */
  0x00, 0x00, 0x00, 0x00, 0x00, 0x00, 0x00, 0x00, 0x00, 0x00, 0x00, 0x00, 0x00,  //............. 
  0x00, 0x00, 0x00, 0x00, 0x00, 0x00, 0x00, 0x00, 0x00, 0x00, 0x00, 0x00, 0x00,  //............. 
  0x00, 0x00, 0x00, 0x00, 0x00, 0x00, 0x00, 0x00, 0x00, 0x00, 0x00, 0x00, 0x00,  //............. 
  0x00, 0x00, 0x00, 0x00, 0x00, 0x00, 0x00, 0x00, 0x00, 0x00, 0x6c, 0x8e, 0x1e,  //..........+%. 
  0x00, 0x28, 0x3a, 0x3a, 0x3a, 0x4a, 0x72, 0x26, 0x00, 0x00, 0xc2, 0xff, 0x36,  //.....++...@@. 
  0x00, 0xae, 0xff, 0xff, 0xff, 0xff, 0xff, 0xa6, 0x00, 0x00, 0xc2, 0xff, 0x36,  //.%@@@@@%..@@. 
  0x00, 0x3e, 0x5a, 0x5a, 0x5a, 0xc2, 0xff, 0x96, 0x00, 0x00, 0xc2, 0xff, 0x36,  //..+++@@%..@@. 
  0x00, 0x00, 0x00, 0x00, 0x00, 0x7e, 0xff, 0x74, 0x00, 0x00, 0xc2, 0xff, 0x36,  //.....+@+..@@. 
  0x34, 0x90, 0x9e, 0xae, 0xbc, 0xff, 0xff, 0x54, 0x3e, 0x3e, 0xff, 0xff, 0x36,  //.%%%%@@+..@@. 
  0x46, 0xff, 0xfc, 0xea, 0xf2, 0xff, 0xec, 0x5e, 0xff, 0xff, 0xff, 0xff, 0x36,  //+@@@@@@+@@@@. 
  0x06, 0x18, 0x02, 0x00, 0xaa, 0xff, 0x86, 0x20, 0x5e, 0x5e, 0xff, 0xff, 0x36,  //....%@%.++@@. 
  0x00, 0x00, 0x00, 0x78, 0xff, 0xe4, 0x0c, 0x00, 0x00, 0x00, 0xc2, 0xff, 0x36,  //...+@@....@@. 
  0x00, 0x04, 0x90, 0xff, 0xf6, 0x38, 0x00, 0x00, 0x00, 0x00, 0xc2, 0xff, 0x36,  //..%@@.....@@. 
  0x30, 0xd8, 0xff, 0xea, 0x3e, 0x00, 0x00, 0x00, 0x00, 0x00, 0xc2, 0xff, 0x36,  //.@@@......@@. 
  0x10, 0xe0, 0xae, 0x1c, 0x00, 0x00, 0x00, 0x00, 0x00, 0x00, 0xc2, 0xff, 0x36,  //.@%.......@@. 
  0x00, 0x0e, 0x00, 0x00, 0x00, 0x00, 0x00, 0x00, 0x00, 0x00, 0xc2, 0xff, 0x36,  //..........@@. 
  0x00, 0x00, 0x00, 0x00, 0x00, 0x00, 0x00, 0x00, 0x00, 0x00, 0xc2, 0xff, 0x36,  //..........@@. 
  0x00, 0x00, 0x00, 0x00, 0x00, 0x00, 0x00, 0x00, 0x00, 0x00, 0x3e, 0x52, 0x10,  //...........+. 
  0x00, 0x00, 0x00, 0x00, 0x00, 0x00, 0x00, 0x00, 0x00, 0x00, 0x00, 0x00, 0x00,  //............. 
  0x00, 0x00, 0x00, 0x00, 0x00, 0x00, 0x00, 0x00, 0x00, 0x00, 0x00, 0x00, 0x00,  //............. 
  0x00, 0x00, 0x00, 0x00, 0x00, 0x00, 0x00, 0x00, 0x00, 0x00, 0x00, 0x00, 0x00,  //............. 


  /*Unicode: U+cf00 (케) , Width: 13 */
  0x00, 0x00, 0x00, 0x00, 0x00, 0x00, 0x00, 0x00, 0x00, 0x00, 0x00, 0x00, 0x00,  //............. 
  0x00, 0x00, 0x00, 0x00, 0x00, 0x00, 0x00, 0x00, 0x00, 0x00, 0x00, 0x00, 0x00,  //............. 
  0x00, 0x00, 0x00, 0x00, 0x00, 0x00, 0x00, 0x00, 0x00, 0x00, 0x00, 0x00, 0x00,  //............. 
  0x00, 0x00, 0x00, 0x00, 0x00, 0x00, 0x00, 0x0e, 0x42, 0x28, 0x2e, 0x8e, 0x50,  //........+..%+ 
  0x00, 0x00, 0x00, 0x00, 0x00, 0x00, 0x00, 0x3a, 0xff, 0x9e, 0x52, 0xff, 0x8e,  //........@%+@% 
  0x00, 0xae, 0xff, 0xff, 0xff, 0xff, 0xb0, 0x3a, 0xff, 0x9e, 0x52, 0xff, 0x8e,  //.%@@@@%.@%+@% 
  0x00, 0x64, 0x92, 0x92, 0xd0, 0xff, 0x9c, 0x3a, 0xff, 0x9e, 0x52, 0xff, 0x8e,  //.+%%@@%.@%+@% 
  0x00, 0x00, 0x00, 0x00, 0x52, 0xff, 0x88, 0x3a, 0xff, 0x9e, 0x52, 0xff, 0x8e,  //....+@%.@%+@% 
  0x34, 0xa8, 0xb4, 0xc2, 0xff, 0xff, 0xaa, 0x8a, 0xff, 0x9e, 0x52, 0xff, 0x8e,  //.%%@@@%%@%+@% 
  0x36, 0xfa, 0xe2, 0xcc, 0xff, 0xff, 0xff, 0xff, 0xff, 0x9e, 0x52, 0xff, 0x8e,  //.@@@@@@@@%+@% 
  0x00, 0x00, 0x00, 0x70, 0xff, 0xc2, 0x42, 0x7e, 0xff, 0x9e, 0x52, 0xff, 0x8e,  //...+@@++@%+@% 
  0x00, 0x00, 0x46, 0xf8, 0xf2, 0x20, 0x00, 0x3a, 0xff, 0x9e, 0x52, 0xff, 0x8e,  //..+@@...@%+@% 
  0x00, 0x6c, 0xf8, 0xfa, 0x4e, 0x00, 0x00, 0x3a, 0xff, 0x9e, 0x52, 0xff, 0x8e,  //.+@@+...@%+@% 
  0x2e, 0xf8, 0xee, 0x48, 0x00, 0x00, 0x00, 0x3a, 0xff, 0x9e, 0x52, 0xff, 0x8e,  //.@@+....@%+@% 
  0x00, 0x4e, 0x1a, 0x00, 0x00, 0x00, 0x00, 0x3a, 0xff, 0x9e, 0x52, 0xff, 0x8e,  //.+......@%+@% 
  0x00, 0x00, 0x00, 0x00, 0x00, 0x00, 0x00, 0x3a, 0xff, 0x9e, 0x52, 0xff, 0x8e,  //........@%+@% 
  0x00, 0x00, 0x00, 0x00, 0x00, 0x00, 0x00, 0x28, 0xb2, 0x6e, 0x52, 0xff, 0x8e,  //........%++@% 
  0x00, 0x00, 0x00, 0x00, 0x00, 0x00, 0x00, 0x00, 0x00, 0x00, 0x18, 0x4e, 0x2c,  //...........+. 
  0x00, 0x00, 0x00, 0x00, 0x00, 0x00, 0x00, 0x00, 0x00, 0x00, 0x00, 0x00, 0x00,  //............. 
  0x00, 0x00, 0x00, 0x00, 0x00, 0x00, 0x00, 0x00, 0x00, 0x00, 0x00, 0x00, 0x00,  //............. 
  0x00, 0x00, 0x00, 0x00, 0x00, 0x00, 0x00, 0x00, 0x00, 0x00, 0x00, 0x00, 0x00,  //............. 


  /*Unicode: U+cf58 (콘) , Width: 14 */
  0x00, 0x00, 0x00, 0x00, 0x00, 0x00, 0x00, 0x00, 0x00, 0x00, 0x00, 0x00, 0x00, 0x00,  //.............. 
  0x00, 0x00, 0x00, 0x00, 0x00, 0x00, 0x00, 0x00, 0x00, 0x00, 0x00, 0x00, 0x00, 0x00,  //.............. 
  0x00, 0x00, 0x00, 0x00, 0x00, 0x00, 0x00, 0x00, 0x00, 0x00, 0x00, 0x00, 0x00, 0x00,  //.............. 
  0x00, 0x00, 0x06, 0x06, 0x06, 0x06, 0x06, 0x06, 0x06, 0x08, 0x0c, 0x04, 0x00, 0x00,  //.............. 
  0x00, 0x00, 0xf6, 0xff, 0xff, 0xff, 0xff, 0xff, 0xff, 0xff, 0xff, 0xbe, 0x00, 0x00,  //..@@@@@@@@@%.. 
  0x00, 0x00, 0x86, 0x8a, 0x8a, 0x8a, 0x8a, 0x8a, 0x8a, 0xc8, 0xff, 0xbc, 0x00, 0x00,  //..%%%%%%%@@%.. 
  0x00, 0x16, 0x4a, 0x50, 0x56, 0x5a, 0x60, 0x66, 0x6c, 0xb4, 0xff, 0xb6, 0x00, 0x00,  //..+++++++%@%.. 
  0x00, 0x38, 0xff, 0xff, 0xff, 0xff, 0xff, 0xff, 0xff, 0xff, 0xff, 0xae, 0x00, 0x00,  //..@@@@@@@@@%.. 
  0x00, 0x0a, 0x54, 0x48, 0x3e, 0x4e, 0x4e, 0x26, 0x10, 0x6c, 0xff, 0x94, 0x00, 0x00,  //..++.++..+@%.. 
  0x00, 0x00, 0x00, 0x00, 0x00, 0xb6, 0xff, 0x46, 0x00, 0x64, 0xc8, 0x5c, 0x00, 0x00,  //.....%@+.+@+.. 
  0x28, 0x72, 0x72, 0x72, 0x72, 0xff, 0xff, 0xba, 0x72, 0x72, 0x72, 0x72, 0x72, 0x0e,  //.++++@@%+++++. 
  0x5a, 0xff, 0xff, 0xff, 0xff, 0xff, 0xff, 0xff, 0xff, 0xff, 0xff, 0xff, 0xff, 0x22,  //+@@@@@@@@@@@@. 
  0x08, 0x1a, 0x1a, 0x1a, 0x1a, 0x1a, 0x1a, 0x1a, 0x1a, 0x1a, 0x1a, 0x1a, 0x1a, 0x02,  //.............. 
  0x00, 0x00, 0xea, 0xff, 0x12, 0x00, 0x00, 0x00, 0x00, 0x00, 0x00, 0x00, 0x00, 0x00,  //..@@.......... 
  0x00, 0x00, 0xea, 0xff, 0x12, 0x00, 0x00, 0x00, 0x00, 0x00, 0x00, 0x00, 0x00, 0x00,  //..@@.......... 
  0x00, 0x00, 0xff, 0xff, 0x8e, 0x7a, 0x7a, 0x7a, 0x7a, 0x7a, 0x7a, 0x74, 0x00, 0x00,  //..@@%+++++++.. 
  0x00, 0x00, 0xff, 0xff, 0xff, 0xff, 0xff, 0xff, 0xff, 0xff, 0xff, 0xf2, 0x00, 0x00,  //..@@@@@@@@@@.. 
  0x00, 0x00, 0x1c, 0x1e, 0x1e, 0x1e, 0x1e, 0x1e, 0x1e, 0x1e, 0x1e, 0x1c, 0x00, 0x00,  //.............. 
  0x00, 0x00, 0x00, 0x00, 0x00, 0x00, 0x00, 0x00, 0x00, 0x00, 0x00, 0x00, 0x00, 0x00,  //.............. 
  0x00, 0x00, 0x00, 0x00, 0x00, 0x00, 0x00, 0x00, 0x00, 0x00, 0x00, 0x00, 0x00, 0x00,  //.............. 
  0x00, 0x00, 0x00, 0x00, 0x00, 0x00, 0x00, 0x00, 0x00, 0x00, 0x00, 0x00, 0x00, 0x00,  //.............. 


  /*Unicode: U+d06c (크) , Width: 14 */
  0x00, 0x00, 0x00, 0x00, 0x00, 0x00, 0x00, 0x00, 0x00, 0x00, 0x00, 0x00, 0x00, 0x00,  //.............. 
  0x00, 0x00, 0x00, 0x00, 0x00, 0x00, 0x00, 0x00, 0x00, 0x00, 0x00, 0x00, 0x00, 0x00,  //.............. 
  0x00, 0x00, 0x00, 0x00, 0x00, 0x00, 0x00, 0x00, 0x00, 0x00, 0x00, 0x00, 0x00, 0x00,  //.............. 
  0x00, 0x00, 0x00, 0x00, 0x00, 0x00, 0x00, 0x00, 0x00, 0x00, 0x00, 0x00, 0x00, 0x00,  //.............. 
  0x00, 0x00, 0x58, 0x5a, 0x5a, 0x5a, 0x5a, 0x5a, 0x5a, 0x60, 0xa2, 0x52, 0x00, 0x00,  //..++++++++%+.. 
  0x00, 0x00, 0xf6, 0xff, 0xff, 0xff, 0xff, 0xff, 0xff, 0xff, 0xff, 0xe6, 0x00, 0x00,  //..@@@@@@@@@@.. 
  0x00, 0x00, 0x3c, 0x3e, 0x3e, 0x3e, 0x3e, 0x3e, 0x3e, 0x50, 0xff, 0xe4, 0x00, 0x00,  //.........+@@.. 
  0x00, 0x00, 0x00, 0x00, 0x00, 0x00, 0x00, 0x00, 0x00, 0x14, 0xff, 0xe2, 0x00, 0x00,  //..........@@.. 
  0x00, 0x16, 0x4a, 0x52, 0x5a, 0x62, 0x6a, 0x72, 0x7a, 0xa0, 0xff, 0xda, 0x00, 0x00,  //..+++++++%@@.. 
  0x00, 0x40, 0xff, 0xff, 0xff, 0xff, 0xff, 0xff, 0xff, 0xff, 0xff, 0xc6, 0x00, 0x00,  //.+@@@@@@@@@@.. 
  0x00, 0x0c, 0x4e, 0x42, 0x36, 0x28, 0x1c, 0x0e, 0x02, 0x42, 0xff, 0xb0, 0x00, 0x00,  //..++.....+@%.. 
  0x00, 0x00, 0x00, 0x00, 0x00, 0x00, 0x00, 0x00, 0x00, 0x6e, 0xff, 0x90, 0x00, 0x00,  //.........+@%.. 
  0x00, 0x00, 0x00, 0x00, 0x00, 0x00, 0x00, 0x00, 0x00, 0x9c, 0xff, 0x64, 0x00, 0x00,  //.........%@+.. 
  0x00, 0x00, 0x00, 0x00, 0x00, 0x00, 0x00, 0x00, 0x00, 0x0c, 0x26, 0x0e, 0x00, 0x00,  //.............. 
  0x5c, 0xee, 0xee, 0xee, 0xee, 0xee, 0xee, 0xee, 0xee, 0xee, 0xee, 0xee, 0xee, 0x2c,  //+@@@@@@@@@@@@. 
  0x44, 0xb2, 0xb2, 0xb2, 0xb2, 0xb2, 0xb2, 0xb2, 0xb2, 0xb2, 0xb2, 0xb2, 0xb2, 0x20,  //+%%%%%%%%%%%%. 
  0x00, 0x00, 0x00, 0x00, 0x00, 0x00, 0x00, 0x00, 0x00, 0x00, 0x00, 0x00, 0x00, 0x00,  //.............. 
  0x00, 0x00, 0x00, 0x00, 0x00, 0x00, 0x00, 0x00, 0x00, 0x00, 0x00, 0x00, 0x00, 0x00,  //.............. 
  0x00, 0x00, 0x00, 0x00, 0x00, 0x00, 0x00, 0x00, 0x00, 0x00, 0x00, 0x00, 0x00, 0x00,  //.............. 
  0x00, 0x00, 0x00, 0x00, 0x00, 0x00, 0x00, 0x00, 0x00, 0x00, 0x00, 0x00, 0x00, 0x00,  //.............. 
  0x00, 0x00, 0x00, 0x00, 0x00, 0x00, 0x00, 0x00, 0x00, 0x00, 0x00, 0x00, 0x00, 0x00,  //.............. 


  /*Unicode: U+d0b5 (킵) , Width: 13 */
  0x00, 0x00, 0x00, 0x00, 0x00, 0x00, 0x00, 0x00, 0x00, 0x00, 0x00, 0x00, 0x00,  //............. 
  0x00, 0x00, 0x00, 0x00, 0x00, 0x00, 0x00, 0x00, 0x00, 0x00, 0x00, 0x00, 0x00,  //............. 
  0x00, 0x00, 0x00, 0x00, 0x00, 0x00, 0x00, 0x00, 0x00, 0x00, 0x00, 0x00, 0x00,  //............. 
  0x00, 0x00, 0x00, 0x00, 0x00, 0x00, 0x00, 0x00, 0x00, 0x00, 0x78, 0x8e, 0x14,  //..........+%. 
  0x00, 0x72, 0xff, 0xff, 0xff, 0xff, 0xff, 0xff, 0x04, 0x00, 0xd6, 0xff, 0x26,  //.+@@@@@@..@@. 
  0x00, 0x42, 0x96, 0x96, 0x96, 0xaa, 0xff, 0xff, 0x00, 0x00, 0xd6, 0xff, 0x26,  //.+%%%%@@..@@. 
  0x08, 0x58, 0x60, 0x68, 0x70, 0xca, 0xff, 0xa8, 0x00, 0x00, 0xd6, 0xff, 0x26,  //.++++@@%..@@. 
  0x06, 0xfa, 0xff, 0xff, 0xff, 0xff, 0xff, 0x46, 0x00, 0x00, 0xd6, 0xff, 0x26,  //.@@@@@@+..@@. 
  0x00, 0x2e, 0x20, 0x3a, 0xcc, 0xff, 0x9e, 0x00, 0x00, 0x00, 0xd6, 0xff, 0x26,  //....@@%...@@. 
  0x04, 0x64, 0xb4, 0xfc, 0xff, 0x94, 0x02, 0x00, 0x00, 0x00, 0xd6, 0xff, 0x26,  //.+%@@%....@@. 
  0x00, 0xd4, 0xfa, 0xb4, 0x36, 0x00, 0x00, 0x00, 0x00, 0x00, 0xd6, 0xff, 0x26,  //.@@%......@@. 
  0x00, 0x26, 0x18, 0x56, 0x4c, 0x00, 0x00, 0x00, 0x00, 0x00, 0x62, 0x76, 0x10,  //...++.....++. 
  0x00, 0x00, 0x12, 0xff, 0xe6, 0x1e, 0x1e, 0x1e, 0x1e, 0x1e, 0xd8, 0xff, 0x26,  //...@@.....@@. 
  0x00, 0x00, 0x12, 0xff, 0xff, 0xff, 0xff, 0xff, 0xff, 0xff, 0xff, 0xff, 0x26,  //...@@@@@@@@@. 
  0x00, 0x00, 0x12, 0xff, 0xec, 0x62, 0x62, 0x62, 0x62, 0x62, 0xe4, 0xff, 0x26,  //...@@+++++@@. 
  0x00, 0x00, 0x12, 0xff, 0xee, 0x66, 0x66, 0x66, 0x66, 0x66, 0xe4, 0xff, 0x26,  //...@@+++++@@. 
  0x00, 0x00, 0x12, 0xff, 0xff, 0xff, 0xff, 0xff, 0xff, 0xff, 0xff, 0xff, 0x26,  //...@@@@@@@@@. 
  0x00, 0x00, 0x02, 0x2e, 0x2e, 0x2e, 0x2e, 0x2e, 0x2e, 0x2e, 0x2e, 0x2e, 0x06,  //............. 
  0x00, 0x00, 0x00, 0x00, 0x00, 0x00, 0x00, 0x00, 0x00, 0x00, 0x00, 0x00, 0x00,  //............. 
  0x00, 0x00, 0x00, 0x00, 0x00, 0x00, 0x00, 0x00, 0x00, 0x00, 0x00, 0x00, 0x00,  //............. 
  0x00, 0x00, 0x00, 0x00, 0x00, 0x00, 0x00, 0x00, 0x00, 0x00, 0x00, 0x00, 0x00,  //............. 


  /*Unicode: U+d0dd (택) , Width: 12 */
  0x00, 0x00, 0x00, 0x00, 0x00, 0x00, 0x00, 0x00, 0x00, 0x00, 0x00, 0x00,  //............ 
  0x00, 0x00, 0x00, 0x00, 0x00, 0x00, 0x00, 0x00, 0x00, 0x00, 0x00, 0x00,  //............ 
  0x00, 0x00, 0x00, 0x00, 0x00, 0x00, 0x00, 0x00, 0x00, 0x00, 0x00, 0x00,  //............ 
  0x00, 0x00, 0x00, 0x00, 0x00, 0x00, 0x1e, 0x4e, 0x22, 0x40, 0x8e, 0x40,  //.......+.+%+ 
  0x96, 0xa2, 0xa2, 0xa2, 0xa2, 0x58, 0x66, 0xff, 0x72, 0x72, 0xff, 0x72,  //%%%%%++@++@+ 
  0xea, 0xff, 0xf2, 0xf2, 0xf2, 0x84, 0x66, 0xff, 0x72, 0x72, 0xff, 0x72,  //@@@@@%+@++@+ 
  0xea, 0xff, 0x00, 0x00, 0x00, 0x00, 0x66, 0xff, 0x9e, 0x9e, 0xff, 0x72,  //@@....+@%%@+ 
  0xea, 0xff, 0xe6, 0xe6, 0xe6, 0x5c, 0x66, 0xff, 0xff, 0xff, 0xff, 0x72,  //@@@@@++@@@@+ 
  0xea, 0xff, 0x96, 0x96, 0x96, 0x3c, 0x66, 0xff, 0xe2, 0xe2, 0xff, 0x72,  //@@%%%.+@@@@+ 
  0xff, 0xff, 0x3a, 0x44, 0x58, 0x6a, 0x66, 0xff, 0x72, 0x72, 0xff, 0x72,  //@@.++++@++@+ 
  0xff, 0xff, 0xff, 0xff, 0xff, 0xf6, 0x66, 0xff, 0x72, 0x72, 0xff, 0x72,  //@@@@@@+@++@+ 
  0x56, 0x5e, 0x5a, 0x54, 0x44, 0x22, 0x54, 0xd2, 0x5e, 0x68, 0xea, 0x68,  //+++++.+@++@+ 
  0x00, 0x0c, 0x7e, 0x7e, 0x7e, 0x7e, 0x7e, 0x7e, 0x7e, 0x7e, 0x7e, 0x38,  //..+++++++++. 
  0x00, 0x1a, 0xff, 0xff, 0xff, 0xff, 0xff, 0xff, 0xff, 0xff, 0xff, 0x72,  //..@@@@@@@@@+ 
  0x00, 0x02, 0x1a, 0x1a, 0x1a, 0x1a, 0x1a, 0x1a, 0x1a, 0x96, 0xff, 0x72,  //.........%@+ 
  0x00, 0x00, 0x00, 0x00, 0x00, 0x00, 0x00, 0x00, 0x00, 0x8a, 0xff, 0x72,  //.........%@+ 
  0x00, 0x00, 0x00, 0x00, 0x00, 0x00, 0x00, 0x00, 0x00, 0x8a, 0xff, 0x72,  //.........%@+ 
  0x00, 0x00, 0x00, 0x00, 0x00, 0x00, 0x00, 0x00, 0x00, 0x2c, 0x52, 0x24,  //..........+. 
  0x00, 0x00, 0x00, 0x00, 0x00, 0x00, 0x00, 0x00, 0x00, 0x00, 0x00, 0x00,  //............ 
  0x00, 0x00, 0x00, 0x00, 0x00, 0x00, 0x00, 0x00, 0x00, 0x00, 0x00, 0x00,  //............ 
  0x00, 0x00, 0x00, 0x00, 0x00, 0x00, 0x00, 0x00, 0x00, 0x00, 0x00, 0x00,  //............ 


  /*Unicode: U+d130 (터) , Width: 12 */
  0x00, 0x00, 0x00, 0x00, 0x00, 0x00, 0x00, 0x00, 0x00, 0x00, 0x00, 0x00,  //............ 
  0x00, 0x00, 0x00, 0x00, 0x00, 0x00, 0x00, 0x00, 0x00, 0x00, 0x00, 0x00,  //............ 
  0x00, 0x00, 0x00, 0x00, 0x00, 0x00, 0x00, 0x00, 0x00, 0x00, 0x00, 0x00,  //............ 
  0x00, 0x00, 0x00, 0x00, 0x00, 0x00, 0x00, 0x00, 0x00, 0x68, 0x92, 0x26,  //.........+%. 
  0x50, 0x6a, 0x6a, 0x6a, 0x6a, 0x6a, 0x46, 0x00, 0x00, 0xb6, 0xff, 0x42,  //+++++++..%@+ 
  0xc2, 0xff, 0xff, 0xff, 0xff, 0xff, 0xaa, 0x00, 0x00, 0xb6, 0xff, 0x42,  //@@@@@@%..%@+ 
  0xc2, 0xff, 0x5e, 0x32, 0x32, 0x32, 0x20, 0x00, 0x00, 0xb6, 0xff, 0x42,  //@@+......%@+ 
  0xc2, 0xff, 0x36, 0x00, 0x00, 0x00, 0x00, 0x00, 0x00, 0xb6, 0xff, 0x42,  //@@.......%@+ 
  0xc2, 0xff, 0xc2, 0x8a, 0x8a, 0x8a, 0x2e, 0xae, 0xae, 0xff, 0xff, 0x42,  //@@@%%%.%%@@+ 
  0xc2, 0xff, 0xff, 0xff, 0xff, 0xff, 0x4c, 0xee, 0xee, 0xff, 0xff, 0x42,  //@@@@@@+@@@@+ 
  0xc2, 0xff, 0x3a, 0x02, 0x02, 0x02, 0x00, 0x00, 0x00, 0xb6, 0xff, 0x42,  //@@.......%@+ 
  0xc2, 0xff, 0x36, 0x00, 0x00, 0x00, 0x00, 0x00, 0x00, 0xb6, 0xff, 0x42,  //@@.......%@+ 
  0xff, 0xff, 0x9e, 0x6c, 0x76, 0x86, 0xa2, 0x40, 0x00, 0xb6, 0xff, 0x42,  //@@%++%%+.%@+ 
  0xd8, 0xff, 0xff, 0xff, 0xff, 0xff, 0xf4, 0x64, 0x00, 0xb6, 0xff, 0x42,  //@@@@@@@+.%@+ 
  0x28, 0x36, 0x32, 0x2e, 0x22, 0x10, 0x00, 0x00, 0x00, 0xb6, 0xff, 0x42,  //.........%@+ 
  0x00, 0x00, 0x00, 0x00, 0x00, 0x00, 0x00, 0x00, 0x00, 0xb6, 0xff, 0x42,  //.........%@+ 
  0x00, 0x00, 0x00, 0x00, 0x00, 0x00, 0x00, 0x00, 0x00, 0xb6, 0xff, 0x42,  //.........%@+ 
  0x00, 0x00, 0x00, 0x00, 0x00, 0x00, 0x00, 0x00, 0x00, 0x3e, 0x56, 0x16,  //..........+. 
  0x00, 0x00, 0x00, 0x00, 0x00, 0x00, 0x00, 0x00, 0x00, 0x00, 0x00, 0x00,  //............ 
  0x00, 0x00, 0x00, 0x00, 0x00, 0x00, 0x00, 0x00, 0x00, 0x00, 0x00, 0x00,  //............ 
  0x00, 0x00, 0x00, 0x00, 0x00, 0x00, 0x00, 0x00, 0x00, 0x00, 0x00, 0x00,  //............ 


  /*Unicode: U+d140 (텀) , Width: 12 */
  0x00, 0x00, 0x00, 0x00, 0x00, 0x00, 0x00, 0x00, 0x00, 0x00, 0x00, 0x00,  //............ 
  0x00, 0x00, 0x00, 0x00, 0x00, 0x00, 0x00, 0x00, 0x00, 0x00, 0x00, 0x00,  //............ 
  0x00, 0x00, 0x00, 0x00, 0x00, 0x00, 0x00, 0x00, 0x00, 0x00, 0x00, 0x00,  //............ 
  0x00, 0x00, 0x00, 0x00, 0x00, 0x00, 0x00, 0x00, 0x00, 0x6c, 0x8e, 0x20,  //.........+%. 
  0x98, 0xca, 0xca, 0xca, 0xca, 0xca, 0x74, 0x00, 0x00, 0xc2, 0xff, 0x3a,  //%@@@@@+..@@. 
  0xbe, 0xff, 0xd6, 0xca, 0xca, 0xca, 0x74, 0x00, 0x00, 0xc2, 0xff, 0x3a,  //%@@@@@+..@@. 
  0xbe, 0xff, 0x56, 0x1a, 0x1a, 0x1a, 0x06, 0x3a, 0x3a, 0xe0, 0xff, 0x3a,  //%@+......@@. 
  0xbe, 0xff, 0xff, 0xff, 0xff, 0xff, 0x2e, 0xff, 0xff, 0xff, 0xff, 0x3a,  //%@@@@@.@@@@. 
  0xbe, 0xff, 0xa6, 0x6a, 0x6a, 0x6a, 0x12, 0x56, 0x56, 0xec, 0xff, 0x3a,  //%@%+++.++@@. 
  0xff, 0xff, 0xa6, 0x6e, 0x7a, 0x8c, 0xac, 0x0c, 0x00, 0xc2, 0xff, 0x3a,  //@@%++%%..@@. 
  0xda, 0xff, 0xff, 0xff, 0xff, 0xff, 0xec, 0x20, 0x00, 0xc2, 0xff, 0x3a,  //@@@@@@@..@@. 
  0x22, 0x2e, 0x2e, 0x2a, 0x1e, 0x0c, 0x00, 0x00, 0x00, 0x70, 0x92, 0x20,  //.........+%. 
  0x00, 0x04, 0xd2, 0xd2, 0xd2, 0xd2, 0xd2, 0xd2, 0xd2, 0xd2, 0xd2, 0x30,  //..@@@@@@@@@. 
  0x00, 0x06, 0xff, 0xfa, 0xba, 0xba, 0xba, 0xba, 0xba, 0xea, 0xff, 0x3a,  //..@@%%%%%@@. 
  0x00, 0x06, 0xff, 0xee, 0x00, 0x00, 0x00, 0x00, 0x00, 0xb6, 0xff, 0x3a,  //..@@.....%@. 
  0x00, 0x06, 0xff, 0xf4, 0x62, 0x62, 0x62, 0x62, 0x62, 0xd2, 0xff, 0x3a,  //..@@+++++@@. 
  0x00, 0x06, 0xff, 0xff, 0xff, 0xff, 0xff, 0xff, 0xff, 0xff, 0xff, 0x3a,  //..@@@@@@@@@. 
  0x00, 0x00, 0x2e, 0x2e, 0x2e, 0x2e, 0x2e, 0x2e, 0x2e, 0x2e, 0x2e, 0x0a,  //............ 
  0x00, 0x00, 0x00, 0x00, 0x00, 0x00, 0x00, 0x00, 0x00, 0x00, 0x00, 0x00,  //............ 
  0x00, 0x00, 0x00, 0x00, 0x00, 0x00, 0x00, 0x00, 0x00, 0x00, 0x00, 0x00,  //............ 
  0x00, 0x00, 0x00, 0x00, 0x00, 0x00, 0x00, 0x00, 0x00, 0x00, 0x00, 0x00,  //............ 


  /*Unicode: U+d15c (템) , Width: 12 */
  0x00, 0x00, 0x00, 0x00, 0x00, 0x00, 0x00, 0x00, 0x00, 0x00, 0x00, 0x00,  //............ 
  0x00, 0x00, 0x00, 0x00, 0x00, 0x00, 0x00, 0x00, 0x00, 0x00, 0x00, 0x00,  //............ 
  0x00, 0x00, 0x00, 0x00, 0x00, 0x00, 0x00, 0x00, 0x00, 0x00, 0x00, 0x00,  //............ 
  0x00, 0x00, 0x00, 0x00, 0x00, 0x00, 0x0e, 0x5a, 0x3e, 0x40, 0x8e, 0x40,  //.......+.+%+ 
  0xa4, 0xbe, 0xbe, 0xbe, 0xbe, 0x46, 0x2a, 0xff, 0xb2, 0x72, 0xff, 0x72,  //%%%%%+.@%+@+ 
  0xda, 0xff, 0xd4, 0xd2, 0xd2, 0x4e, 0x2a, 0xff, 0xb2, 0x72, 0xff, 0x72,  //@@@@@+.@%+@+ 
  0xda, 0xff, 0x1e, 0x0e, 0x0c, 0x1a, 0x62, 0xff, 0xb2, 0x72, 0xff, 0x72,  //@@....+@%+@+ 
  0xda, 0xff, 0xff, 0xff, 0xde, 0x82, 0xff, 0xff, 0xb2, 0x72, 0xff, 0x72,  //@@@@@%@@%+@+ 
  0xda, 0xff, 0x7e, 0x6e, 0x60, 0x30, 0x8a, 0xff, 0xb2, 0x72, 0xff, 0x72,  //@@+++.%@%+@+ 
  0xff, 0xff, 0x72, 0x6c, 0x7e, 0x8e, 0x2a, 0xff, 0xb2, 0x72, 0xff, 0x72,  //@@+++%.@%+@+ 
  0xff, 0xff, 0xff, 0xff, 0xff, 0xf0, 0x2c, 0xff, 0xb2, 0x72, 0xff, 0x72,  //@@@@@@.@%+@+ 
  0x2a, 0x32, 0x30, 0x26, 0x14, 0x00, 0x1a, 0x9e, 0x6e, 0x52, 0xb6, 0x52,  //.......%++%+ 
  0x00, 0x00, 0xb0, 0xb6, 0xb6, 0xb6, 0xb6, 0xb6, 0xb6, 0xb6, 0xb6, 0x52,  //..%%%%%%%%%+ 
  0x00, 0x00, 0xf6, 0xff, 0xd6, 0xd6, 0xd6, 0xd6, 0xd6, 0xea, 0xff, 0x72,  //..@@@@@@@@@+ 
  0x00, 0x00, 0xf6, 0xff, 0x00, 0x00, 0x00, 0x00, 0x00, 0x7e, 0xff, 0x72,  //..@@.....+@+ 
  0x00, 0x00, 0xf6, 0xff, 0x62, 0x62, 0x62, 0x62, 0x62, 0xb0, 0xff, 0x72,  //..@@+++++%@+ 
  0x00, 0x00, 0xf6, 0xff, 0xff, 0xff, 0xff, 0xff, 0xff, 0xff, 0xff, 0x72,  //..@@@@@@@@@+ 
  0x00, 0x00, 0x2c, 0x2e, 0x2e, 0x2e, 0x2e, 0x2e, 0x2e, 0x2e, 0x2e, 0x14,  //............ 
  0x00, 0x00, 0x00, 0x00, 0x00, 0x00, 0x00, 0x00, 0x00, 0x00, 0x00, 0x00,  //............ 
  0x00, 0x00, 0x00, 0x00, 0x00, 0x00, 0x00, 0x00, 0x00, 0x00, 0x00, 0x00,  //............ 
  0x00, 0x00, 0x00, 0x00, 0x00, 0x00, 0x00, 0x00, 0x00, 0x00, 0x00, 0x00,  //............ 


  /*Unicode: U+d1a0 (토) , Width: 14 */
  0x00, 0x00, 0x00, 0x00, 0x00, 0x00, 0x00, 0x00, 0x00, 0x00, 0x00, 0x00, 0x00, 0x00,  //.............. 
  0x00, 0x00, 0x00, 0x00, 0x00, 0x00, 0x00, 0x00, 0x00, 0x00, 0x00, 0x00, 0x00, 0x00,  //.............. 
  0x00, 0x00, 0x00, 0x00, 0x00, 0x00, 0x00, 0x00, 0x00, 0x00, 0x00, 0x00, 0x00, 0x00,  //.............. 
  0x00, 0x00, 0x00, 0x00, 0x00, 0x00, 0x00, 0x00, 0x00, 0x00, 0x00, 0x00, 0x00, 0x00,  //.............. 
  0x00, 0x00, 0x92, 0x9e, 0x9e, 0x9e, 0x9e, 0x9e, 0x9e, 0x9e, 0x9e, 0x76, 0x00, 0x00,  //..%%%%%%%%%+.. 
  0x00, 0x00, 0xea, 0xff, 0xfa, 0xfa, 0xfa, 0xfa, 0xfa, 0xfa, 0xfa, 0xbc, 0x00, 0x00,  //..@@@@@@@@@%.. 
  0x00, 0x00, 0xea, 0xff, 0x1a, 0x00, 0x00, 0x00, 0x00, 0x00, 0x00, 0x00, 0x00, 0x00,  //..@@.......... 
  0x00, 0x00, 0xea, 0xff, 0xc6, 0xaa, 0xaa, 0xaa, 0xaa, 0xaa, 0xaa, 0x4a, 0x00, 0x00,  //..@@@%%%%%%+.. 
  0x00, 0x00, 0xea, 0xff, 0xfa, 0xde, 0xde, 0xde, 0xde, 0xde, 0xde, 0x60, 0x00, 0x00,  //..@@@@@@@@@+.. 
  0x00, 0x00, 0xea, 0xff, 0x1a, 0x00, 0x00, 0x00, 0x00, 0x00, 0x00, 0x00, 0x00, 0x00,  //..@@.......... 
  0x00, 0x00, 0xff, 0xff, 0xc8, 0xae, 0xae, 0xae, 0xae, 0xae, 0xae, 0x92, 0x00, 0x00,  //..@@@%%%%%%%.. 
  0x00, 0x00, 0xd0, 0xe2, 0xe2, 0xfa, 0xff, 0xff, 0xe2, 0xe2, 0xe2, 0xbe, 0x00, 0x00,  //..@@@@@@@@@%.. 
  0x00, 0x00, 0x00, 0x00, 0x00, 0x1a, 0xff, 0xe2, 0x00, 0x00, 0x00, 0x00, 0x00, 0x00,  //......@@...... 
  0x00, 0x00, 0x00, 0x00, 0x00, 0x1a, 0xff, 0xe2, 0x00, 0x00, 0x00, 0x00, 0x00, 0x00,  //......@@...... 
  0x4e, 0xca, 0xca, 0xca, 0xca, 0xe4, 0xff, 0xff, 0xca, 0xca, 0xca, 0xca, 0xca, 0x28,  //+@@@@@@@@@@@@. 
  0x50, 0xce, 0xce, 0xce, 0xce, 0xce, 0xce, 0xce, 0xce, 0xce, 0xce, 0xce, 0xce, 0x28,  //+@@@@@@@@@@@@. 
  0x00, 0x00, 0x00, 0x00, 0x00, 0x00, 0x00, 0x00, 0x00, 0x00, 0x00, 0x00, 0x00, 0x00,  //.............. 
  0x00, 0x00, 0x00, 0x00, 0x00, 0x00, 0x00, 0x00, 0x00, 0x00, 0x00, 0x00, 0x00, 0x00,  //.............. 
  0x00, 0x00, 0x00, 0x00, 0x00, 0x00, 0x00, 0x00, 0x00, 0x00, 0x00, 0x00, 0x00, 0x00,  //.............. 
  0x00, 0x00, 0x00, 0x00, 0x00, 0x00, 0x00, 0x00, 0x00, 0x00, 0x00, 0x00, 0x00, 0x00,  //.............. 
  0x00, 0x00, 0x00, 0x00, 0x00, 0x00, 0x00, 0x00, 0x00, 0x00, 0x00, 0x00, 0x00, 0x00,  //.............. 


  /*Unicode: U+d1a1 (톡) , Width: 14 */
  0x00, 0x00, 0x00, 0x00, 0x00, 0x00, 0x00, 0x00, 0x00, 0x00, 0x00, 0x00, 0x00, 0x00,  //.............. 
  0x00, 0x00, 0x00, 0x00, 0x00, 0x00, 0x00, 0x00, 0x00, 0x00, 0x00, 0x00, 0x00, 0x00,  //.............. 
  0x00, 0x00, 0x00, 0x00, 0x00, 0x00, 0x00, 0x00, 0x00, 0x00, 0x00, 0x00, 0x00, 0x00,  //.............. 
  0x00, 0x00, 0x30, 0x3a, 0x3a, 0x3a, 0x3a, 0x3a, 0x3a, 0x3a, 0x3a, 0x2a, 0x00, 0x00,  //.............. 
  0x00, 0x00, 0xd6, 0xff, 0xff, 0xff, 0xff, 0xff, 0xff, 0xff, 0xff, 0xb6, 0x00, 0x00,  //..@@@@@@@@@%.. 
  0x00, 0x00, 0xd6, 0xff, 0x60, 0x46, 0x46, 0x46, 0x46, 0x46, 0x46, 0x32, 0x00, 0x00,  //..@@+++++++... 
  0x00, 0x00, 0xd6, 0xff, 0xff, 0xf2, 0xf2, 0xf2, 0xf2, 0xf2, 0xf2, 0x64, 0x00, 0x00,  //..@@@@@@@@@+.. 
  0x00, 0x00, 0xd6, 0xff, 0xa2, 0x7e, 0x7e, 0x7e, 0x7e, 0x7e, 0x7e, 0x34, 0x00, 0x00,  //..@@%++++++... 
  0x00, 0x00, 0xff, 0xff, 0xd6, 0xb2, 0xb2, 0xb2, 0xb2, 0xb2, 0xb2, 0x94, 0x00, 0x00,  //..@@@%%%%%%%.. 
  0x00, 0x00, 0xbc, 0xde, 0xd0, 0xea, 0xff, 0xff, 0xce, 0xce, 0xce, 0xaa, 0x00, 0x00,  //..%@@@@@@@@%.. 
  0x12, 0x2e, 0x2e, 0x2e, 0x2e, 0x4e, 0xff, 0xff, 0x2e, 0x2e, 0x2e, 0x2e, 0x2e, 0x06,  //.....+@@...... 
  0x6a, 0xff, 0xff, 0xff, 0xff, 0xff, 0xff, 0xff, 0xff, 0xff, 0xff, 0xff, 0xff, 0x26,  //+@@@@@@@@@@@@. 
  0x28, 0x62, 0x62, 0x62, 0x62, 0x62, 0x62, 0x62, 0x62, 0x62, 0x62, 0x62, 0x62, 0x0e,  //.++++++++++++. 
  0x00, 0x00, 0xca, 0xca, 0xca, 0xca, 0xca, 0xca, 0xca, 0xca, 0xca, 0x7e, 0x00, 0x00,  //..@@@@@@@@@+.. 
  0x00, 0x00, 0xc6, 0xc6, 0xc6, 0xc6, 0xc6, 0xc6, 0xc6, 0xdc, 0xff, 0x9e, 0x00, 0x00,  //..@@@@@@@@@%.. 
  0x00, 0x00, 0x00, 0x00, 0x00, 0x00, 0x00, 0x00, 0x00, 0x5e, 0xff, 0x9e, 0x00, 0x00,  //.........+@%.. 
  0x00, 0x00, 0x00, 0x00, 0x00, 0x00, 0x00, 0x00, 0x00, 0x5e, 0xff, 0x9e, 0x00, 0x00,  //.........+@%.. 
  0x00, 0x00, 0x00, 0x00, 0x00, 0x00, 0x00, 0x00, 0x00, 0x1e, 0x52, 0x32, 0x00, 0x00,  //..........+... 
  0x00, 0x00, 0x00, 0x00, 0x00, 0x00, 0x00, 0x00, 0x00, 0x00, 0x00, 0x00, 0x00, 0x00,  //.............. 
  0x00, 0x00, 0x00, 0x00, 0x00, 0x00, 0x00, 0x00, 0x00, 0x00, 0x00, 0x00, 0x00, 0x00,  //.............. 
  0x00, 0x00, 0x00, 0x00, 0x00, 0x00, 0x00, 0x00, 0x00, 0x00, 0x00, 0x00, 0x00, 0x00,  //.............. 


  /*Unicode: U+d1b5 (통) , Width: 14 */
  0x00, 0x00, 0x00, 0x00, 0x00, 0x00, 0x00, 0x00, 0x00, 0x00, 0x00, 0x00, 0x00, 0x00,  //.............. 
  0x00, 0x00, 0x00, 0x00, 0x00, 0x00, 0x00, 0x00, 0x00, 0x00, 0x00, 0x00, 0x00, 0x00,  //.............. 
  0x00, 0x00, 0x00, 0x00, 0x00, 0x00, 0x00, 0x00, 0x00, 0x00, 0x00, 0x00, 0x00, 0x00,  //.............. 
  0x00, 0x00, 0x2a, 0x32, 0x32, 0x32, 0x32, 0x32, 0x32, 0x32, 0x32, 0x24, 0x00, 0x00,  //.............. 
  0x00, 0x00, 0xd6, 0xff, 0xff, 0xff, 0xff, 0xff, 0xff, 0xff, 0xff, 0xb6, 0x00, 0x00,  //..@@@@@@@@@%.. 
  0x00, 0x00, 0xd6, 0xff, 0x66, 0x4e, 0x4e, 0x4e, 0x4e, 0x4e, 0x4e, 0x38, 0x00, 0x00,  //..@@+++++++... 
  0x00, 0x00, 0xd6, 0xff, 0xff, 0xf6, 0xf6, 0xf6, 0xf6, 0xf6, 0xf6, 0x66, 0x00, 0x00,  //..@@@@@@@@@+.. 
  0x00, 0x00, 0xd6, 0xff, 0x9e, 0x7a, 0x7a, 0x7a, 0x7a, 0x7a, 0x7a, 0x32, 0x00, 0x00,  //..@@%++++++... 
  0x00, 0x00, 0xff, 0xff, 0xe6, 0xc2, 0xc2, 0xc2, 0xc2, 0xc2, 0xc2, 0xa0, 0x00, 0x00,  //..@@@@@@@@@%.. 
  0x00, 0x00, 0xb4, 0xd6, 0xc2, 0xda, 0xff, 0xff, 0xbe, 0xbe, 0xbe, 0x9e, 0x00, 0x00,  //..%@@@@@%%%%.. 
  0x2c, 0x6a, 0x6a, 0x6a, 0x6a, 0x8a, 0xff, 0xff, 0x6a, 0x6a, 0x6a, 0x6a, 0x6a, 0x0e,  //.++++%@@+++++. 
  0x6a, 0xff, 0xff, 0xff, 0xff, 0xff, 0xff, 0xff, 0xff, 0xff, 0xff, 0xff, 0xff, 0x26,  //+@@@@@@@@@@@@. 
  0x0e, 0x22, 0x22, 0x22, 0x28, 0x48, 0x56, 0x54, 0x40, 0x24, 0x22, 0x22, 0x22, 0x04,  //.....++++..... 
  0x00, 0x00, 0x22, 0xb0, 0xf6, 0xff, 0xff, 0xff, 0xff, 0xec, 0x90, 0x08, 0x00, 0x00,  //...%@@@@@@%... 
  0x00, 0x00, 0xce, 0xff, 0x94, 0x4e, 0x3e, 0x42, 0x58, 0xc0, 0xff, 0x8a, 0x00, 0x00,  //..@@%+.++@@%.. 
  0x00, 0x00, 0xda, 0xff, 0x78, 0x34, 0x26, 0x28, 0x3e, 0xae, 0xff, 0x94, 0x00, 0x00,  //..@@+....%@%.. 
  0x00, 0x00, 0x34, 0xcc, 0xff, 0xff, 0xff, 0xff, 0xff, 0xfa, 0xae, 0x14, 0x00, 0x00,  //...@@@@@@@%... 
  0x00, 0x00, 0x00, 0x00, 0x1a, 0x40, 0x4e, 0x4c, 0x38, 0x0e, 0x00, 0x00, 0x00, 0x00,  //.....+++...... 
  0x00, 0x00, 0x00, 0x00, 0x00, 0x00, 0x00, 0x00, 0x00, 0x00, 0x00, 0x00, 0x00, 0x00,  //.............. 
  0x00, 0x00, 0x00, 0x00, 0x00, 0x00, 0x00, 0x00, 0x00, 0x00, 0x00, 0x00, 0x00, 0x00,  //.............. 
  0x00, 0x00, 0x00, 0x00, 0x00, 0x00, 0x00, 0x00, 0x00, 0x00, 0x00, 0x00, 0x00, 0x00,  //.............. 


  /*Unicode: U+d22c (투) , Width: 14 */
  0x00, 0x00, 0x00, 0x00, 0x00, 0x00, 0x00, 0x00, 0x00, 0x00, 0x00, 0x00, 0x00, 0x00,  //.............. 
  0x00, 0x00, 0x00, 0x00, 0x00, 0x00, 0x00, 0x00, 0x00, 0x00, 0x00, 0x00, 0x00, 0x00,  //.............. 
  0x00, 0x00, 0x00, 0x00, 0x00, 0x00, 0x00, 0x00, 0x00, 0x00, 0x00, 0x00, 0x00, 0x00,  //.............. 
  0x00, 0x00, 0x02, 0x02, 0x02, 0x02, 0x02, 0x02, 0x02, 0x02, 0x02, 0x00, 0x00, 0x00,  //.............. 
  0x00, 0x00, 0xd6, 0xff, 0xff, 0xff, 0xff, 0xff, 0xff, 0xff, 0xff, 0xba, 0x00, 0x00,  //..@@@@@@@@@%.. 
  0x00, 0x00, 0xd6, 0xff, 0x9a, 0x8a, 0x8a, 0x8a, 0x8a, 0x8a, 0x8a, 0x64, 0x00, 0x00,  //..@@%%%%%%%+.. 
  0x00, 0x00, 0xd6, 0xff, 0x96, 0x72, 0x72, 0x72, 0x72, 0x72, 0x72, 0x30, 0x00, 0x00,  //..@@%++++++... 
  0x00, 0x00, 0xd6, 0xff, 0xff, 0xff, 0xff, 0xff, 0xff, 0xff, 0xff, 0x6e, 0x00, 0x00,  //..@@@@@@@@@+.. 
  0x00, 0x00, 0xd6, 0xff, 0x32, 0x0e, 0x0e, 0x0e, 0x0e, 0x0e, 0x0e, 0x06, 0x00, 0x00,  //..@@.......... 
  0x00, 0x00, 0xff, 0xff, 0xf6, 0xe6, 0xe6, 0xe6, 0xe6, 0xe6, 0xe6, 0xc6, 0x00, 0x00,  //..@@@@@@@@@@.. 
  0x00, 0x00, 0x90, 0xaa, 0xaa, 0xaa, 0xaa, 0xaa, 0xaa, 0xaa, 0xaa, 0x92, 0x00, 0x00,  //..%%%%%%%%%%.. 
  0x1e, 0x4e, 0x4e, 0x4e, 0x4e, 0x4e, 0x4e, 0x4e, 0x4e, 0x4e, 0x4e, 0x4e, 0x4e, 0x0e,  //.++++++++++++. 
  0x66, 0xff, 0xff, 0xff, 0xff, 0xff, 0xff, 0xff, 0xff, 0xff, 0xff, 0xff, 0xff, 0x2e,  //+@@@@@@@@@@@@. 
  0x1c, 0x4a, 0x4a, 0x4a, 0x4a, 0x6a, 0xff, 0xff, 0x4a, 0x4a, 0x4a, 0x4a, 0x4a, 0x0c,  //.+++++@@+++++. 
  0x00, 0x00, 0x00, 0x00, 0x00, 0x1e, 0xff, 0xde, 0x00, 0x00, 0x00, 0x00, 0x00, 0x00,  //......@@...... 
  0x00, 0x00, 0x00, 0x00, 0x00, 0x1e, 0xff, 0xde, 0x00, 0x00, 0x00, 0x00, 0x00, 0x00,  //......@@...... 
  0x00, 0x00, 0x00, 0x00, 0x00, 0x1e, 0xff, 0xde, 0x00, 0x00, 0x00, 0x00, 0x00, 0x00,  //......@@...... 
  0x00, 0x00, 0x00, 0x00, 0x00, 0x0a, 0x56, 0x4c, 0x00, 0x00, 0x00, 0x00, 0x00, 0x00,  //......++...... 
  0x00, 0x00, 0x00, 0x00, 0x00, 0x00, 0x00, 0x00, 0x00, 0x00, 0x00, 0x00, 0x00, 0x00,  //.............. 
  0x00, 0x00, 0x00, 0x00, 0x00, 0x00, 0x00, 0x00, 0x00, 0x00, 0x00, 0x00, 0x00, 0x00,  //.............. 
  0x00, 0x00, 0x00, 0x00, 0x00, 0x00, 0x00, 0x00, 0x00, 0x00, 0x00, 0x00, 0x00, 0x00,  //.............. 


  /*Unicode: U+d2b8 (트) , Width: 14 */
  0x00, 0x00, 0x00, 0x00, 0x00, 0x00, 0x00, 0x00, 0x00, 0x00, 0x00, 0x00, 0x00, 0x00,  //.............. 
  0x00, 0x00, 0x00, 0x00, 0x00, 0x00, 0x00, 0x00, 0x00, 0x00, 0x00, 0x00, 0x00, 0x00,  //.............. 
  0x00, 0x00, 0x00, 0x00, 0x00, 0x00, 0x00, 0x00, 0x00, 0x00, 0x00, 0x00, 0x00, 0x00,  //.............. 
  0x00, 0x00, 0x00, 0x00, 0x00, 0x00, 0x00, 0x00, 0x00, 0x00, 0x00, 0x00, 0x00, 0x00,  //.............. 
  0x00, 0x00, 0x80, 0x8a, 0x8a, 0x8a, 0x8a, 0x8a, 0x8a, 0x8a, 0x8a, 0x68, 0x00, 0x00,  //..%%%%%%%%%+.. 
  0x00, 0x00, 0xea, 0xff, 0xff, 0xff, 0xff, 0xff, 0xff, 0xff, 0xff, 0xbe, 0x00, 0x00,  //..@@@@@@@@@%.. 
  0x00, 0x00, 0xea, 0xff, 0x24, 0x0a, 0x0a, 0x0a, 0x0a, 0x0a, 0x0a, 0x08, 0x00, 0x00,  //..@@.......... 
  0x00, 0x00, 0xea, 0xff, 0x96, 0x7a, 0x7a, 0x7a, 0x7a, 0x7a, 0x7a, 0x34, 0x00, 0x00,  //..@@%++++++... 
  0x00, 0x00, 0xea, 0xff, 0xff, 0xff, 0xff, 0xff, 0xff, 0xff, 0xff, 0x6e, 0x00, 0x00,  //..@@@@@@@@@+.. 
  0x00, 0x00, 0xea, 0xff, 0x2a, 0x0e, 0x0e, 0x0e, 0x0e, 0x0e, 0x0e, 0x06, 0x00, 0x00,  //..@@.......... 
  0x00, 0x00, 0xff, 0xff, 0x86, 0x6a, 0x6a, 0x6a, 0x6a, 0x6a, 0x6a, 0x5a, 0x00, 0x00,  //..@@%+++++++.. 
  0x00, 0x00, 0xee, 0xff, 0xff, 0xff, 0xff, 0xff, 0xff, 0xff, 0xff, 0xd6, 0x00, 0x00,  //..@@@@@@@@@@.. 
  0x00, 0x00, 0x22, 0x26, 0x26, 0x26, 0x26, 0x26, 0x26, 0x26, 0x26, 0x20, 0x00, 0x00,  //.............. 
  0x00, 0x00, 0x00, 0x00, 0x00, 0x00, 0x00, 0x00, 0x00, 0x00, 0x00, 0x00, 0x00, 0x00,  //.............. 
  0x56, 0xde, 0xde, 0xde, 0xde, 0xde, 0xde, 0xde, 0xde, 0xde, 0xde, 0xde, 0xde, 0x2c,  //+@@@@@@@@@@@@. 
  0x4a, 0xbe, 0xbe, 0xbe, 0xbe, 0xbe, 0xbe, 0xbe, 0xbe, 0xbe, 0xbe, 0xbe, 0xbe, 0x26,  //+%%%%%%%%%%%%. 
  0x00, 0x00, 0x00, 0x00, 0x00, 0x00, 0x00, 0x00, 0x00, 0x00, 0x00, 0x00, 0x00, 0x00,  //.............. 
  0x00, 0x00, 0x00, 0x00, 0x00, 0x00, 0x00, 0x00, 0x00, 0x00, 0x00, 0x00, 0x00, 0x00,  //.............. 
  0x00, 0x00, 0x00, 0x00, 0x00, 0x00, 0x00, 0x00, 0x00, 0x00, 0x00, 0x00, 0x00, 0x00,  //.............. 
  0x00, 0x00, 0x00, 0x00, 0x00, 0x00, 0x00, 0x00, 0x00, 0x00, 0x00, 0x00, 0x00, 0x00,  //.............. 
  0x00, 0x00, 0x00, 0x00, 0x00, 0x00, 0x00, 0x00, 0x00, 0x00, 0x00, 0x00, 0x00, 0x00,  //.............. 


  /*Unicode: U+d2bc (튼) , Width: 14 */
  0x00, 0x00, 0x00, 0x00, 0x00, 0x00, 0x00, 0x00, 0x00, 0x00, 0x00, 0x00, 0x00, 0x00,  //.............. 
  0x00, 0x00, 0x00, 0x00, 0x00, 0x00, 0x00, 0x00, 0x00, 0x00, 0x00, 0x00, 0x00, 0x00,  //.............. 
  0x00, 0x00, 0x00, 0x00, 0x00, 0x00, 0x00, 0x00, 0x00, 0x00, 0x00, 0x00, 0x00, 0x00,  //.............. 
  0x00, 0x00, 0x1a, 0x1e, 0x1e, 0x1e, 0x1e, 0x1e, 0x1e, 0x1e, 0x1e, 0x16, 0x00, 0x00,  //.............. 
  0x00, 0x00, 0xd6, 0xff, 0xff, 0xff, 0xff, 0xff, 0xff, 0xff, 0xff, 0xb6, 0x00, 0x00,  //..@@@@@@@@@%.. 
  0x00, 0x00, 0xd6, 0xff, 0x78, 0x62, 0x62, 0x62, 0x62, 0x62, 0x62, 0x46, 0x00, 0x00,  //..@@++++++++.. 
  0x00, 0x00, 0xd6, 0xff, 0xe2, 0xbe, 0xbe, 0xbe, 0xbe, 0xbe, 0xbe, 0x50, 0x00, 0x00,  //..@@@%%%%%%+.. 
  0x00, 0x00, 0xd6, 0xff, 0xd6, 0xb2, 0xb2, 0xb2, 0xb2, 0xb2, 0xb2, 0x4a, 0x00, 0x00,  //..@@@%%%%%%+.. 
  0x00, 0x00, 0xff, 0xff, 0x86, 0x62, 0x62, 0x62, 0x62, 0x62, 0x62, 0x50, 0x00, 0x00,  //..@@%+++++++.. 
  0x00, 0x00, 0xff, 0xff, 0xff, 0xff, 0xff, 0xff, 0xff, 0xff, 0xff, 0xd2, 0x00, 0x00,  //..@@@@@@@@@@.. 
  0x04, 0x0e, 0x26, 0x2a, 0x2a, 0x2a, 0x2a, 0x2a, 0x2a, 0x2a, 0x2a, 0x26, 0x0e, 0x00,  //.............. 
  0x6a, 0xff, 0xff, 0xff, 0xff, 0xff, 0xff, 0xff, 0xff, 0xff, 0xff, 0xff, 0xff, 0x26,  //+@@@@@@@@@@@@. 
  0x34, 0x7e, 0x7e, 0x7e, 0x7e, 0x7e, 0x7e, 0x7e, 0x7e, 0x7e, 0x7e, 0x7e, 0x7e, 0x12,  //.++++++++++++. 
  0x00, 0x00, 0xba, 0xce, 0x12, 0x00, 0x00, 0x00, 0x00, 0x00, 0x00, 0x00, 0x00, 0x00,  //..%@.......... 
  0x00, 0x00, 0xe6, 0xff, 0x16, 0x00, 0x00, 0x00, 0x00, 0x00, 0x00, 0x00, 0x00, 0x00,  //..@@.......... 
  0x00, 0x00, 0xff, 0xff, 0x9a, 0x82, 0x82, 0x82, 0x82, 0x82, 0x82, 0x74, 0x00, 0x00,  //..@@%%%%%%%+.. 
  0x00, 0x00, 0xff, 0xff, 0xff, 0xff, 0xff, 0xff, 0xff, 0xff, 0xff, 0xe2, 0x00, 0x00,  //..@@@@@@@@@@.. 
  0x00, 0x00, 0x14, 0x16, 0x16, 0x16, 0x16, 0x16, 0x16, 0x16, 0x16, 0x14, 0x00, 0x00,  //.............. 
  0x00, 0x00, 0x00, 0x00, 0x00, 0x00, 0x00, 0x00, 0x00, 0x00, 0x00, 0x00, 0x00, 0x00,  //.............. 
  0x00, 0x00, 0x00, 0x00, 0x00, 0x00, 0x00, 0x00, 0x00, 0x00, 0x00, 0x00, 0x00, 0x00,  //.............. 
  0x00, 0x00, 0x00, 0x00, 0x00, 0x00, 0x00, 0x00, 0x00, 0x00, 0x00, 0x00, 0x00, 0x00,  //.............. 


  /*Unicode: U+d2f0 (티) , Width: 12 */
  0x00, 0x00, 0x00, 0x00, 0x00, 0x00, 0x00, 0x00, 0x00, 0x00, 0x00, 0x00,  //............ 
  0x00, 0x00, 0x00, 0x00, 0x00, 0x00, 0x00, 0x00, 0x00, 0x00, 0x00, 0x00,  //............ 
  0x00, 0x00, 0x00, 0x00, 0x00, 0x00, 0x00, 0x00, 0x00, 0x00, 0x00, 0x00,  //............ 
  0x00, 0x00, 0x00, 0x00, 0x00, 0x00, 0x00, 0x00, 0x00, 0x74, 0x8e, 0x1a,  //.........+%. 
  0x44, 0x6a, 0x6a, 0x6a, 0x6a, 0x6a, 0x6a, 0x28, 0x00, 0xce, 0xff, 0x2e,  //+++++++..@@. 
  0xa6, 0xff, 0xff, 0xff, 0xff, 0xff, 0xff, 0x62, 0x00, 0xce, 0xff, 0x2e,  //%@@@@@@+.@@. 
  0xa6, 0xff, 0x74, 0x32, 0x32, 0x32, 0x32, 0x12, 0x00, 0xce, 0xff, 0x2e,  //%@+......@@. 
  0xa6, 0xff, 0x52, 0x00, 0x00, 0x00, 0x00, 0x00, 0x00, 0xce, 0xff, 0x2e,  //%@+......@@. 
  0xa6, 0xff, 0xde, 0x8a, 0x8a, 0x8a, 0x6e, 0x00, 0x00, 0xce, 0xff, 0x2e,  //%@@%%%+..@@. 
  0xa6, 0xff, 0xff, 0xff, 0xff, 0xff, 0xca, 0x00, 0x00, 0xce, 0xff, 0x2e,  //%@@@@@@..@@. 
  0xa6, 0xff, 0x56, 0x02, 0x02, 0x02, 0x02, 0x00, 0x00, 0xce, 0xff, 0x2e,  //%@+......@@. 
  0xa6, 0xff, 0x52, 0x00, 0x00, 0x00, 0x00, 0x00, 0x00, 0xce, 0xff, 0x2e,  //%@+......@@. 
  0xec, 0xff, 0xc0, 0x6e, 0x76, 0x84, 0x9c, 0xba, 0x04, 0xce, 0xff, 0x2e,  //@@@++%%%.@@. 
  0xb8, 0xff, 0xff, 0xff, 0xff, 0xff, 0xfa, 0xde, 0x18, 0xce, 0xff, 0x2e,  //%@@@@@@@.@@. 
  0x1e, 0x2e, 0x2e, 0x2a, 0x22, 0x12, 0x00, 0x00, 0x00, 0xce, 0xff, 0x2e,  //.........@@. 
  0x00, 0x00, 0x00, 0x00, 0x00, 0x00, 0x00, 0x00, 0x00, 0xce, 0xff, 0x2e,  //.........@@. 
  0x00, 0x00, 0x00, 0x00, 0x00, 0x00, 0x00, 0x00, 0x00, 0xce, 0xff, 0x2e,  //.........@@. 
  0x00, 0x00, 0x00, 0x00, 0x00, 0x00, 0x00, 0x00, 0x00, 0x42, 0x52, 0x0e,  //.........++. 
  0x00, 0x00, 0x00, 0x00, 0x00, 0x00, 0x00, 0x00, 0x00, 0x00, 0x00, 0x00,  //............ 
  0x00, 0x00, 0x00, 0x00, 0x00, 0x00, 0x00, 0x00, 0x00, 0x00, 0x00, 0x00,  //............ 
  0x00, 0x00, 0x00, 0x00, 0x00, 0x00, 0x00, 0x00, 0x00, 0x00, 0x00, 0x00,  //............ 


  /*Unicode: U+d305 (팅) , Width: 12 */
  0x00, 0x00, 0x00, 0x00, 0x00, 0x00, 0x00, 0x00, 0x00, 0x00, 0x00, 0x00,  //............ 
  0x00, 0x00, 0x00, 0x00, 0x00, 0x00, 0x00, 0x00, 0x00, 0x00, 0x00, 0x00,  //............ 
  0x00, 0x00, 0x00, 0x00, 0x00, 0x00, 0x00, 0x00, 0x00, 0x00, 0x00, 0x00,  //............ 
  0x00, 0x00, 0x00, 0x00, 0x00, 0x00, 0x00, 0x00, 0x00, 0x78, 0x8e, 0x14,  //.........+%. 
  0x62, 0x9a, 0x9a, 0x9a, 0x9a, 0x9a, 0x9a, 0x08, 0x00, 0xd6, 0xff, 0x26,  //+%%%%%%..@@. 
  0xa2, 0xff, 0xfc, 0xfa, 0xfa, 0xfa, 0xfa, 0x0e, 0x00, 0xd6, 0xff, 0x26,  //%@@@@@@..@@. 
  0xa2, 0xff, 0x56, 0x00, 0x00, 0x00, 0x00, 0x00, 0x00, 0xd6, 0xff, 0x26,  //%@+......@@. 
  0xa2, 0xff, 0xff, 0xf6, 0xf6, 0xf6, 0xa0, 0x00, 0x00, 0xd6, 0xff, 0x26,  //%@@@@@%..@@. 
  0xa2, 0xff, 0xea, 0x92, 0x92, 0x92, 0x60, 0x00, 0x00, 0xd6, 0xff, 0x26,  //%@@%%%+..@@. 
  0xd8, 0xff, 0xaa, 0x54, 0x5c, 0x6a, 0x7e, 0x9c, 0x04, 0xd6, 0xff, 0x26,  //@@%++++%.@@. 
  0xd2, 0xff, 0xff, 0xff, 0xff, 0xff, 0xff, 0xf6, 0x1c, 0xd6, 0xff, 0x26,  //@@@@@@@@.@@. 
  0x28, 0x3e, 0x3e, 0x3c, 0x36, 0x28, 0x16, 0x00, 0x00, 0xb4, 0xd6, 0x20,  //.........%@. 
  0x00, 0x00, 0x0a, 0x68, 0xba, 0xd8, 0xea, 0xde, 0xb6, 0x68, 0x04, 0x00,  //...+%@@@%+.. 
  0x00, 0x04, 0xd0, 0xff, 0xd2, 0x9c, 0x90, 0x9e, 0xda, 0xff, 0xba, 0x00,  //..@@@%%%@@%. 
  0x00, 0x3c, 0xff, 0xc8, 0x00, 0x00, 0x00, 0x00, 0x02, 0xda, 0xff, 0x24,  //..@@.....@@. 
  0x00, 0x1a, 0xf8, 0xf4, 0x74, 0x3c, 0x30, 0x3e, 0x7e, 0xfa, 0xf0, 0x0c,  //..@@+...+@@. 
  0x00, 0x00, 0x48, 0xd0, 0xff, 0xff, 0xff, 0xff, 0xff, 0xc8, 0x3a, 0x00,  //..+@@@@@@@.. 
  0x00, 0x00, 0x00, 0x00, 0x1e, 0x3e, 0x4c, 0x3c, 0x1a, 0x00, 0x00, 0x00,  //......+..... 
  0x00, 0x00, 0x00, 0x00, 0x00, 0x00, 0x00, 0x00, 0x00, 0x00, 0x00, 0x00,  //............ 
  0x00, 0x00, 0x00, 0x00, 0x00, 0x00, 0x00, 0x00, 0x00, 0x00, 0x00, 0x00,  //............ 
  0x00, 0x00, 0x00, 0x00, 0x00, 0x00, 0x00, 0x00, 0x00, 0x00, 0x00, 0x00,  //............ 


  /*Unicode: U+d30c (파) , Width: 14 */
  0x00, 0x00, 0x00, 0x00, 0x00, 0x00, 0x00, 0x00, 0x00, 0x00, 0x00, 0x00, 0x00, 0x00,  //.............. 
  0x00, 0x00, 0x00, 0x00, 0x00, 0x00, 0x00, 0x00, 0x00, 0x00, 0x00, 0x00, 0x00, 0x00,  //.............. 
  0x00, 0x00, 0x00, 0x00, 0x00, 0x00, 0x00, 0x00, 0x00, 0x00, 0x00, 0x00, 0x00, 0x00,  //.............. 
  0x00, 0x00, 0x00, 0x00, 0x00, 0x00, 0x00, 0x00, 0x00, 0x48, 0x8e, 0x44, 0x00, 0x00,  //.........+%+.. 
  0x0c, 0x46, 0x46, 0x46, 0x46, 0x46, 0x46, 0x46, 0x1e, 0x82, 0xff, 0x7a, 0x00, 0x00,  //.+++++++.%@+.. 
  0x32, 0xff, 0xff, 0xff, 0xff, 0xff, 0xff, 0xff, 0x72, 0x82, 0xff, 0x7a, 0x00, 0x00,  //.@@@@@@@+%@+.. 
  0x0e, 0x4e, 0xff, 0xff, 0x4a, 0xf2, 0xff, 0x8e, 0x20, 0x82, 0xff, 0x7a, 0x00, 0x00,  //.+@@+@@%.%@+.. 
  0x00, 0x02, 0xff, 0xea, 0x00, 0xa6, 0xff, 0x42, 0x00, 0x82, 0xff, 0x7a, 0x00, 0x00,  //..@@.%@+.%@+.. 
  0x00, 0x02, 0xff, 0xea, 0x00, 0xa6, 0xff, 0x42, 0x00, 0x82, 0xff, 0xc6, 0x4e, 0x26,  //..@@.%@+.%@@+. 
  0x00, 0x02, 0xff, 0xea, 0x00, 0xa6, 0xff, 0x42, 0x00, 0x82, 0xff, 0xff, 0xff, 0x7e,  //..@@.%@+.%@@@+ 
  0x00, 0x02, 0xff, 0xea, 0x00, 0xa6, 0xff, 0x42, 0x00, 0x82, 0xff, 0xcc, 0x56, 0x2a,  //..@@.%@+.%@@+. 
  0x00, 0x02, 0xff, 0xea, 0x00, 0xa6, 0xff, 0x42, 0x00, 0x82, 0xff, 0x7a, 0x00, 0x00,  //..@@.%@+.%@+.. 
  0x3e, 0x7a, 0xff, 0xff, 0x88, 0xff, 0xff, 0xf8, 0xb6, 0x82, 0xff, 0x7a, 0x00, 0x00,  //.+@@%@@@%%@+.. 
  0x70, 0xff, 0xff, 0xff, 0xff, 0xfc, 0xe8, 0xc8, 0x9e, 0x82, 0xff, 0x7a, 0x00, 0x00,  //+@@@@@@@%%@+.. 
  0x0c, 0x24, 0x20, 0x1a, 0x0e, 0x00, 0x00, 0x00, 0x00, 0x82, 0xff, 0x7a, 0x00, 0x00,  //.........%@+.. 
  0x00, 0x00, 0x00, 0x00, 0x00, 0x00, 0x00, 0x00, 0x00, 0x82, 0xff, 0x7a, 0x00, 0x00,  //.........%@+.. 
  0x00, 0x00, 0x00, 0x00, 0x00, 0x00, 0x00, 0x00, 0x00, 0x82, 0xff, 0x7a, 0x00, 0x00,  //.........%@+.. 
  0x00, 0x00, 0x00, 0x00, 0x00, 0x00, 0x00, 0x00, 0x00, 0x2a, 0x52, 0x26, 0x00, 0x00,  //..........+... 
  0x00, 0x00, 0x00, 0x00, 0x00, 0x00, 0x00, 0x00, 0x00, 0x00, 0x00, 0x00, 0x00, 0x00,  //.............. 
  0x00, 0x00, 0x00, 0x00, 0x00, 0x00, 0x00, 0x00, 0x00, 0x00, 0x00, 0x00, 0x00, 0x00,  //.............. 
  0x00, 0x00, 0x00, 0x00, 0x00, 0x00, 0x00, 0x00, 0x00, 0x00, 0x00, 0x00, 0x00, 0x00,  //.............. 


  /*Unicode: U+d310 (판) , Width: 14 */
  0x00, 0x00, 0x00, 0x00, 0x00, 0x00, 0x00, 0x00, 0x00, 0x00, 0x00, 0x00, 0x00, 0x00,  //.............. 
  0x00, 0x00, 0x00, 0x00, 0x00, 0x00, 0x00, 0x00, 0x00, 0x00, 0x00, 0x00, 0x00, 0x00,  //.............. 
  0x00, 0x00, 0x00, 0x00, 0x00, 0x00, 0x00, 0x00, 0x00, 0x00, 0x00, 0x00, 0x00, 0x00,  //.............. 
  0x00, 0x00, 0x00, 0x00, 0x00, 0x00, 0x00, 0x00, 0x00, 0x40, 0x8e, 0x4a, 0x00, 0x00,  //.........+%+.. 
  0x0a, 0x6e, 0x6e, 0x6e, 0x6e, 0x6e, 0x6e, 0x6e, 0x22, 0x72, 0xff, 0x86, 0x00, 0x00,  //.+++++++.+@%.. 
  0x1a, 0xff, 0xff, 0xff, 0xff, 0xff, 0xff, 0xff, 0x4e, 0x72, 0xff, 0x86, 0x00, 0x00,  //.@@@@@@@++@%.. 
  0x02, 0x2a, 0xff, 0xff, 0x26, 0xda, 0xff, 0x5e, 0x0a, 0x72, 0xff, 0x86, 0x00, 0x00,  //..@@.@@+.+@%.. 
  0x00, 0x02, 0xff, 0xe6, 0x00, 0xb2, 0xff, 0x36, 0x00, 0x72, 0xff, 0xff, 0xa2, 0x3c,  //..@@.%@..+@@%. 
  0x00, 0x02, 0xff, 0xe6, 0x00, 0xb2, 0xff, 0x36, 0x00, 0x72, 0xff, 0xff, 0xff, 0x5e,  //..@@.%@..+@@@+ 
  0x00, 0x02, 0xff, 0xe6, 0x00, 0xb2, 0xff, 0x42, 0x1a, 0x72, 0xff, 0x86, 0x00, 0x00,  //..@@.%@+.+@%.. 
  0x54, 0xce, 0xff, 0xff, 0xda, 0xff, 0xff, 0xff, 0xd6, 0x72, 0xff, 0x86, 0x00, 0x00,  //+@@@@@@@@+@%.. 
  0x42, 0xd0, 0xcc, 0xc6, 0xba, 0xac, 0x96, 0x76, 0x50, 0x72, 0xff, 0x86, 0x00, 0x00,  //+@@@%%%+++@%.. 
  0x00, 0x00, 0x1c, 0x46, 0x28, 0x00, 0x00, 0x00, 0x00, 0x72, 0xff, 0x86, 0x00, 0x00,  //...+.....+@%.. 
  0x00, 0x00, 0x6a, 0xff, 0x96, 0x00, 0x00, 0x00, 0x00, 0x4c, 0xaa, 0x5a, 0x00, 0x00,  //..+@%....+%+.. 
  0x00, 0x00, 0x6a, 0xff, 0x96, 0x00, 0x00, 0x00, 0x00, 0x00, 0x00, 0x00, 0x00, 0x00,  //..+@%......... 
  0x00, 0x00, 0x98, 0xff, 0xff, 0x82, 0x82, 0x82, 0x82, 0x82, 0x82, 0x82, 0x02, 0x00,  //..%@@%%%%%%%.. 
  0x00, 0x00, 0x6a, 0xff, 0xff, 0xff, 0xff, 0xff, 0xff, 0xff, 0xff, 0xff, 0x06, 0x00,  //..+@@@@@@@@@.. 
  0x00, 0x00, 0x08, 0x16, 0x16, 0x16, 0x16, 0x16, 0x16, 0x16, 0x16, 0x16, 0x00, 0x00,  //.............. 
  0x00, 0x00, 0x00, 0x00, 0x00, 0x00, 0x00, 0x00, 0x00, 0x00, 0x00, 0x00, 0x00, 0x00,  //.............. 
  0x00, 0x00, 0x00, 0x00, 0x00, 0x00, 0x00, 0x00, 0x00, 0x00, 0x00, 0x00, 0x00, 0x00,  //.............. 
  0x00, 0x00, 0x00, 0x00, 0x00, 0x00, 0x00, 0x00, 0x00, 0x00, 0x00, 0x00, 0x00, 0x00,  //.............. 


  /*Unicode: U+d38c (펌) , Width: 13 */
  0x00, 0x00, 0x00, 0x00, 0x00, 0x00, 0x00, 0x00, 0x00, 0x00, 0x00, 0x00, 0x00,  //............. 
  0x00, 0x00, 0x00, 0x00, 0x00, 0x00, 0x00, 0x00, 0x00, 0x00, 0x00, 0x00, 0x00,  //............. 
  0x00, 0x00, 0x00, 0x00, 0x00, 0x00, 0x00, 0x00, 0x00, 0x00, 0x00, 0x00, 0x00,  //............. 
  0x00, 0x00, 0x00, 0x00, 0x00, 0x00, 0x00, 0x00, 0x00, 0x00, 0x6c, 0x8e, 0x20,  //..........+%. 
  0x0a, 0xba, 0xba, 0xba, 0xba, 0xba, 0xba, 0xba, 0x3e, 0x00, 0xc2, 0xff, 0x3a,  //.%%%%%%%..@@. 
  0x0c, 0xd6, 0xff, 0xff, 0xd6, 0xff, 0xff, 0xf4, 0x48, 0x00, 0xc2, 0xff, 0x3a,  //.@@@@@@@+.@@. 
  0x00, 0x00, 0xee, 0xf6, 0x00, 0xaa, 0xff, 0x3e, 0x24, 0x32, 0xf6, 0xff, 0x3a,  //..@@.%@...@@. 
  0x00, 0x00, 0xee, 0xf6, 0x00, 0xaa, 0xff, 0x3e, 0xb6, 0xff, 0xff, 0xff, 0x3a,  //..@@.%@.%@@@. 
  0x00, 0x00, 0xee, 0xf6, 0x00, 0xaa, 0xff, 0x3e, 0x46, 0x62, 0xff, 0xff, 0x3a,  //..@@.%@.++@@. 
  0x26, 0x6c, 0xff, 0xff, 0x76, 0xff, 0xff, 0xe4, 0x9c, 0x00, 0xc2, 0xff, 0x3a,  //.+@@+@@@%.@@. 
  0x46, 0xff, 0xff, 0xff, 0xff, 0xff, 0xff, 0xe8, 0xae, 0x00, 0xc2, 0xff, 0x3a,  //+@@@@@@@%.@@. 
  0x0a, 0x34, 0x32, 0x2c, 0x1e, 0x10, 0x00, 0x00, 0x00, 0x00, 0x6a, 0x8a, 0x1e,  //..........+%. 
  0x00, 0x00, 0x04, 0xd6, 0xd6, 0xd6, 0xd6, 0xd6, 0xd6, 0xd6, 0xd6, 0xd6, 0x30,  //...@@@@@@@@@. 
  0x00, 0x00, 0x06, 0xff, 0xfa, 0xb6, 0xb6, 0xb6, 0xb6, 0xb6, 0xea, 0xff, 0x3a,  //...@@%%%%%@@. 
  0x00, 0x00, 0x06, 0xff, 0xee, 0x00, 0x00, 0x00, 0x00, 0x00, 0xb6, 0xff, 0x3a,  //...@@.....%@. 
  0x00, 0x00, 0x06, 0xff, 0xf4, 0x62, 0x62, 0x62, 0x62, 0x62, 0xd2, 0xff, 0x3a,  //...@@+++++@@. 
  0x00, 0x00, 0x06, 0xff, 0xff, 0xff, 0xff, 0xff, 0xff, 0xff, 0xff, 0xff, 0x3a,  //...@@@@@@@@@. 
  0x00, 0x00, 0x00, 0x2e, 0x2e, 0x2e, 0x2e, 0x2e, 0x2e, 0x2e, 0x2e, 0x2e, 0x0a,  //............. 
  0x00, 0x00, 0x00, 0x00, 0x00, 0x00, 0x00, 0x00, 0x00, 0x00, 0x00, 0x00, 0x00,  //............. 
  0x00, 0x00, 0x00, 0x00, 0x00, 0x00, 0x00, 0x00, 0x00, 0x00, 0x00, 0x00, 0x00,  //............. 
  0x00, 0x00, 0x00, 0x00, 0x00, 0x00, 0x00, 0x00, 0x00, 0x00, 0x00, 0x00, 0x00,  //............. 


  /*Unicode: U+d398 (페) , Width: 13 */
  0x00, 0x00, 0x00, 0x00, 0x00, 0x00, 0x00, 0x00, 0x00, 0x00, 0x00, 0x00, 0x00,  //............. 
  0x00, 0x00, 0x00, 0x00, 0x00, 0x00, 0x00, 0x00, 0x00, 0x00, 0x00, 0x00, 0x00,  //............. 
  0x00, 0x00, 0x00, 0x00, 0x00, 0x00, 0x00, 0x00, 0x00, 0x00, 0x00, 0x00, 0x00,  //............. 
  0x00, 0x00, 0x00, 0x00, 0x00, 0x00, 0x00, 0x00, 0x48, 0x40, 0x20, 0x8e, 0x5c,  //........++.%+ 
  0x00, 0x00, 0x00, 0x00, 0x00, 0x00, 0x00, 0x00, 0xfa, 0xde, 0x3a, 0xff, 0xa6,  //........@@.@% 
  0x4a, 0xff, 0xff, 0xff, 0xff, 0xff, 0xff, 0x06, 0xfa, 0xde, 0x3a, 0xff, 0xa6,  //+@@@@@@.@@.@% 
  0x2c, 0xff, 0xff, 0xf0, 0xff, 0xff, 0xbe, 0x02, 0xfa, 0xde, 0x3a, 0xff, 0xa6,  //.@@@@@%.@@.@% 
  0x00, 0x6e, 0xff, 0x5a, 0xa2, 0xff, 0x26, 0x00, 0xfa, 0xde, 0x3a, 0xff, 0xa6,  //.+@+%@..@@.@% 
  0x00, 0x6e, 0xff, 0x5a, 0xa2, 0xff, 0x4e, 0x7e, 0xff, 0xde, 0x3a, 0xff, 0xa6,  //.+@+%@++@@.@% 
  0x00, 0x6e, 0xff, 0x5a, 0xa2, 0xff, 0x76, 0xff, 0xff, 0xde, 0x3a, 0xff, 0xa6,  //.+@+%@+@@@.@% 
  0x00, 0x6e, 0xff, 0x5a, 0xa2, 0xff, 0x38, 0x3a, 0xff, 0xde, 0x3a, 0xff, 0xa6,  //.+@+%@..@@.@% 
  0x00, 0x6e, 0xff, 0x5a, 0xa2, 0xff, 0x26, 0x00, 0xfa, 0xde, 0x3a, 0xff, 0xa6,  //.+@+%@..@@.@% 
  0x36, 0xe0, 0xff, 0xd8, 0xff, 0xff, 0xda, 0x34, 0xfa, 0xde, 0x3a, 0xff, 0xa6,  //.@@@@@@.@@.@% 
  0x64, 0xff, 0xff, 0xff, 0xff, 0xf0, 0xca, 0x38, 0xfa, 0xde, 0x3a, 0xff, 0xa6,  //+@@@@@@.@@.@% 
  0x0e, 0x2c, 0x26, 0x1a, 0x0c, 0x00, 0x00, 0x00, 0xfa, 0xde, 0x3a, 0xff, 0xa6,  //........@@.@% 
  0x00, 0x00, 0x00, 0x00, 0x00, 0x00, 0x00, 0x00, 0xfa, 0xde, 0x3a, 0xff, 0xa6,  //........@@.@% 
  0x00, 0x00, 0x00, 0x00, 0x00, 0x00, 0x00, 0x00, 0xa8, 0x94, 0x3a, 0xff, 0xa6,  //........%%.@% 
  0x00, 0x00, 0x00, 0x00, 0x00, 0x00, 0x00, 0x00, 0x00, 0x00, 0x12, 0x52, 0x36,  //...........+. 
  0x00, 0x00, 0x00, 0x00, 0x00, 0x00, 0x00, 0x00, 0x00, 0x00, 0x00, 0x00, 0x00,  //............. 
  0x00, 0x00, 0x00, 0x00, 0x00, 0x00, 0x00, 0x00, 0x00, 0x00, 0x00, 0x00, 0x00,  //............. 
  0x00, 0x00, 0x00, 0x00, 0x00, 0x00, 0x00, 0x00, 0x00, 0x00, 0x00, 0x00, 0x00,  //............. 


  /*Unicode: U+d3ec (포) , Width: 14 */
  0x00, 0x00, 0x00, 0x00, 0x00, 0x00, 0x00, 0x00, 0x00, 0x00, 0x00, 0x00, 0x00, 0x00,  //.............. 
  0x00, 0x00, 0x00, 0x00, 0x00, 0x00, 0x00, 0x00, 0x00, 0x00, 0x00, 0x00, 0x00, 0x00,  //.............. 
  0x00, 0x00, 0x00, 0x00, 0x00, 0x00, 0x00, 0x00, 0x00, 0x00, 0x00, 0x00, 0x00, 0x00,  //.............. 
  0x00, 0x00, 0x00, 0x00, 0x00, 0x00, 0x00, 0x00, 0x00, 0x00, 0x00, 0x00, 0x00, 0x00,  //.............. 
  0x00, 0x2e, 0x6e, 0x6e, 0x6e, 0x6e, 0x6e, 0x6e, 0x6e, 0x6e, 0x6e, 0x6e, 0x12, 0x00,  //..++++++++++.. 
  0x00, 0x6a, 0xff, 0xff, 0xff, 0xff, 0xff, 0xff, 0xff, 0xff, 0xff, 0xff, 0x2a, 0x00,  //.+@@@@@@@@@@.. 
  0x00, 0x10, 0x2a, 0xb2, 0xff, 0x9e, 0x2a, 0x2a, 0xe2, 0xff, 0x72, 0x2a, 0x06, 0x00,  //...%@%..@@+... 
  0x00, 0x00, 0x00, 0x86, 0xff, 0x72, 0x00, 0x00, 0xb6, 0xff, 0x46, 0x00, 0x00, 0x00,  //...%@+..%@+... 
  0x00, 0x00, 0x00, 0x86, 0xff, 0x72, 0x00, 0x00, 0xb6, 0xff, 0x46, 0x00, 0x00, 0x00,  //...%@+..%@+... 
  0x00, 0x00, 0x00, 0x86, 0xff, 0x72, 0x00, 0x00, 0xb6, 0xff, 0x46, 0x00, 0x00, 0x00,  //...%@+..%@+... 
  0x00, 0x4c, 0xe2, 0xff, 0xff, 0xff, 0xe2, 0xe2, 0xff, 0xff, 0xf6, 0xe2, 0x1a, 0x00,  //.+@@@@@@@@@@.. 
  0x00, 0x3a, 0xae, 0xae, 0xae, 0xce, 0xff, 0xff, 0xae, 0xae, 0xae, 0xae, 0x14, 0x00,  //..%%%@@@%%%%.. 
  0x00, 0x00, 0x00, 0x00, 0x00, 0x1e, 0xff, 0xda, 0x00, 0x00, 0x00, 0x00, 0x00, 0x00,  //......@@...... 
  0x00, 0x00, 0x00, 0x00, 0x00, 0x1e, 0xff, 0xda, 0x00, 0x00, 0x00, 0x00, 0x00, 0x00,  //......@@...... 
  0x52, 0xd6, 0xd6, 0xd6, 0xd6, 0xf2, 0xff, 0xff, 0xd6, 0xd6, 0xd6, 0xd6, 0xd6, 0x2a,  //+@@@@@@@@@@@@. 
  0x4c, 0xc6, 0xc6, 0xc6, 0xc6, 0xc6, 0xc6, 0xc6, 0xc6, 0xc6, 0xc6, 0xc6, 0xc6, 0x26,  //+@@@@@@@@@@@@. 
  0x00, 0x00, 0x00, 0x00, 0x00, 0x00, 0x00, 0x00, 0x00, 0x00, 0x00, 0x00, 0x00, 0x00,  //.............. 
  0x00, 0x00, 0x00, 0x00, 0x00, 0x00, 0x00, 0x00, 0x00, 0x00, 0x00, 0x00, 0x00, 0x00,  //.............. 
  0x00, 0x00, 0x00, 0x00, 0x00, 0x00, 0x00, 0x00, 0x00, 0x00, 0x00, 0x00, 0x00, 0x00,  //.............. 
  0x00, 0x00, 0x00, 0x00, 0x00, 0x00, 0x00, 0x00, 0x00, 0x00, 0x00, 0x00, 0x00, 0x00,  //.............. 
  0x00, 0x00, 0x00, 0x00, 0x00, 0x00, 0x00, 0x00, 0x00, 0x00, 0x00, 0x00, 0x00, 0x00,  //.............. 


  /*Unicode: U+d3f4 (폴) , Width: 14 */
  0x00, 0x00, 0x00, 0x00, 0x00, 0x00, 0x00, 0x00, 0x00, 0x00, 0x00, 0x00, 0x00, 0x00,  //.............. 
  0x00, 0x00, 0x00, 0x00, 0x00, 0x00, 0x00, 0x00, 0x00, 0x00, 0x00, 0x00, 0x00, 0x00,  //.............. 
  0x00, 0x00, 0x00, 0x00, 0x00, 0x00, 0x00, 0x00, 0x00, 0x00, 0x00, 0x00, 0x00, 0x00,  //.............. 
  0x00, 0x12, 0x3e, 0x3e, 0x3e, 0x3e, 0x3e, 0x3e, 0x3e, 0x3e, 0x3e, 0x3e, 0x02, 0x00,  //.............. 
  0x00, 0x4e, 0xff, 0xff, 0xff, 0xff, 0xff, 0xff, 0xff, 0xff, 0xff, 0xff, 0x0e, 0x00,  //.+@@@@@@@@@@.. 
  0x00, 0x12, 0x3e, 0xc6, 0xff, 0xb2, 0x3e, 0x3e, 0xf2, 0xff, 0x8a, 0x3e, 0x02, 0x00,  //...@@%..@@%... 
  0x00, 0x00, 0x00, 0x86, 0xff, 0x72, 0x00, 0x00, 0xb2, 0xff, 0x4a, 0x00, 0x00, 0x00,  //...%@+..%@+... 
  0x00, 0x32, 0xff, 0xff, 0xff, 0xff, 0xff, 0xff, 0xff, 0xff, 0xff, 0xee, 0x00, 0x00,  //..@@@@@@@@@@.. 
  0x00, 0x18, 0x7e, 0x7e, 0x7e, 0x9c, 0xff, 0xff, 0x7e, 0x7e, 0x7e, 0x76, 0x00, 0x00,  //..+++%@@++++.. 
  0x44, 0xaa, 0xaa, 0xaa, 0xaa, 0xca, 0xff, 0xff, 0xaa, 0xaa, 0xaa, 0xaa, 0xaa, 0x1c,  //+%%%%@@@%%%%%. 
  0x5a, 0xe2, 0xe2, 0xe2, 0xe2, 0xe4, 0xea, 0xe8, 0xe2, 0xe2, 0xe2, 0xe2, 0xe2, 0x26,  //+@@@@@@@@@@@@. 
  0x00, 0x00, 0x62, 0x66, 0x66, 0x66, 0x66, 0x66, 0x66, 0x66, 0x66, 0x40, 0x00, 0x00,  //..++++++++++.. 
  0x00, 0x00, 0xf2, 0xff, 0xff, 0xff, 0xff, 0xff, 0xff, 0xff, 0xff, 0xa2, 0x00, 0x00,  //..@@@@@@@@@%.. 
  0x00, 0x00, 0x4a, 0x4e, 0x4e, 0x4e, 0x4e, 0x4e, 0x4e, 0x88, 0xff, 0xa2, 0x00, 0x00,  //..+++++++%@%.. 
  0x00, 0x00, 0xee, 0xff, 0xff, 0xff, 0xff, 0xff, 0xff, 0xff, 0xff, 0xa2, 0x00, 0x00,  //..@@@@@@@@@%.. 
  0x00, 0x00, 0xff, 0xff, 0x46, 0x3e, 0x3e, 0x3e, 0x3e, 0x3e, 0x3e, 0x3a, 0x00, 0x00,  //..@@+......... 
  0x00, 0x00, 0xff, 0xff, 0xff, 0xff, 0xff, 0xff, 0xff, 0xff, 0xff, 0xff, 0x02, 0x00,  //..@@@@@@@@@@.. 
  0x00, 0x00, 0x3a, 0x3e, 0x3e, 0x3e, 0x3e, 0x3e, 0x3e, 0x3e, 0x3e, 0x3e, 0x00, 0x00,  //.............. 
  0x00, 0x00, 0x00, 0x00, 0x00, 0x00, 0x00, 0x00, 0x00, 0x00, 0x00, 0x00, 0x00, 0x00,  //.............. 
  0x00, 0x00, 0x00, 0x00, 0x00, 0x00, 0x00, 0x00, 0x00, 0x00, 0x00, 0x00, 0x00, 0x00,  //.............. 
  0x00, 0x00, 0x00, 0x00, 0x00, 0x00, 0x00, 0x00, 0x00, 0x00, 0x00, 0x00, 0x00, 0x00,  //.............. 


  /*Unicode: U+d45c (표) , Width: 14 */
  0x00, 0x00, 0x00, 0x00, 0x00, 0x00, 0x00, 0x00, 0x00, 0x00, 0x00, 0x00, 0x00, 0x00,  //.............. 
  0x00, 0x00, 0x00, 0x00, 0x00, 0x00, 0x00, 0x00, 0x00, 0x00, 0x00, 0x00, 0x00, 0x00,  //.............. 
  0x00, 0x00, 0x00, 0x00, 0x00, 0x00, 0x00, 0x00, 0x00, 0x00, 0x00, 0x00, 0x00, 0x00,  //.............. 
  0x00, 0x00, 0x00, 0x00, 0x00, 0x00, 0x00, 0x00, 0x00, 0x00, 0x00, 0x00, 0x00, 0x00,  //.............. 
  0x00, 0x30, 0x76, 0x76, 0x76, 0x76, 0x76, 0x76, 0x76, 0x76, 0x76, 0x76, 0x12, 0x00,  //..++++++++++.. 
  0x00, 0x6a, 0xff, 0xff, 0xff, 0xff, 0xff, 0xff, 0xff, 0xff, 0xff, 0xff, 0x2a, 0x00,  //.+@@@@@@@@@@.. 
  0x00, 0x0c, 0x1e, 0xa6, 0xff, 0x92, 0x1e, 0x1e, 0xd6, 0xff, 0x66, 0x1e, 0x04, 0x00,  //...%@%..@@+... 
  0x00, 0x00, 0x00, 0x86, 0xff, 0x72, 0x00, 0x00, 0xb6, 0xff, 0x46, 0x00, 0x00, 0x00,  //...%@+..%@+... 
  0x00, 0x00, 0x00, 0x86, 0xff, 0x72, 0x00, 0x00, 0xb6, 0xff, 0x46, 0x00, 0x00, 0x00,  //...%@+..%@+... 
  0x00, 0x00, 0x00, 0x86, 0xff, 0x72, 0x00, 0x00, 0xb6, 0xff, 0x46, 0x00, 0x00, 0x00,  //...%@+..%@+... 
  0x00, 0x54, 0xfa, 0xff, 0xff, 0xff, 0xfa, 0xfa, 0xff, 0xff, 0xff, 0xfa, 0x1e, 0x00,  //.+@@@@@@@@@@.. 
  0x00, 0x32, 0x96, 0xe2, 0xff, 0xff, 0x96, 0x96, 0xff, 0xff, 0xa2, 0x96, 0x12, 0x00,  //..%@@@%%@@%%.. 
  0x00, 0x00, 0x00, 0x4a, 0xff, 0xae, 0x00, 0x00, 0xee, 0xff, 0x0a, 0x00, 0x00, 0x00,  //...+@%..@@.... 
  0x00, 0x00, 0x00, 0x4a, 0xff, 0xae, 0x00, 0x00, 0xee, 0xff, 0x0a, 0x00, 0x00, 0x00,  //...+@%..@@.... 
  0x4e, 0xca, 0xca, 0xff, 0xff, 0xff, 0xca, 0xca, 0xff, 0xff, 0xd2, 0xca, 0xca, 0x28,  //+@@@@@@@@@@@@. 
  0x50, 0xce, 0xce, 0xce, 0xce, 0xce, 0xce, 0xce, 0xce, 0xce, 0xce, 0xce, 0xce, 0x28,  //+@@@@@@@@@@@@. 
  0x00, 0x00, 0x00, 0x00, 0x00, 0x00, 0x00, 0x00, 0x00, 0x00, 0x00, 0x00, 0x00, 0x00,  //.............. 
  0x00, 0x00, 0x00, 0x00, 0x00, 0x00, 0x00, 0x00, 0x00, 0x00, 0x00, 0x00, 0x00, 0x00,  //.............. 
  0x00, 0x00, 0x00, 0x00, 0x00, 0x00, 0x00, 0x00, 0x00, 0x00, 0x00, 0x00, 0x00, 0x00,  //.............. 
  0x00, 0x00, 0x00, 0x00, 0x00, 0x00, 0x00, 0x00, 0x00, 0x00, 0x00, 0x00, 0x00, 0x00,  //.............. 
  0x00, 0x00, 0x00, 0x00, 0x00, 0x00, 0x00, 0x00, 0x00, 0x00, 0x00, 0x00, 0x00, 0x00,  //.............. 


  /*Unicode: U+d544 (필) , Width: 13 */
  0x00, 0x00, 0x00, 0x00, 0x00, 0x00, 0x00, 0x00, 0x00, 0x00, 0x00, 0x00, 0x00,  //............. 
  0x00, 0x00, 0x00, 0x00, 0x00, 0x00, 0x00, 0x00, 0x00, 0x00, 0x00, 0x00, 0x00,  //............. 
  0x00, 0x00, 0x00, 0x00, 0x00, 0x00, 0x00, 0x00, 0x00, 0x00, 0x00, 0x00, 0x00,  //............. 
  0x00, 0x00, 0x00, 0x00, 0x00, 0x00, 0x00, 0x00, 0x00, 0x00, 0x74, 0x8e, 0x1a,  //..........+%. 
  0x00, 0x94, 0xc0, 0xc2, 0xbc, 0xbc, 0xc2, 0xbe, 0x80, 0x00, 0xce, 0xff, 0x2e,  //.%@@%%@%%.@@. 
  0x00, 0xa4, 0xff, 0xff, 0xff, 0xff, 0xff, 0xff, 0x8e, 0x00, 0xce, 0xff, 0x2e,  //.%@@@@@@%.@@. 
  0x00, 0x00, 0xae, 0xff, 0x36, 0x52, 0xff, 0x96, 0x00, 0x00, 0xce, 0xff, 0x2e,  //..%@.+@%..@@. 
  0x00, 0x00, 0xae, 0xff, 0x36, 0x52, 0xff, 0x96, 0x00, 0x00, 0xce, 0xff, 0x2e,  //..%@.+@%..@@. 
  0x08, 0x46, 0xf8, 0xff, 0x8a, 0xae, 0xff, 0xff, 0x92, 0x22, 0xce, 0xff, 0x2e,  //.+@@%%@@%.@@. 
  0x0c, 0xff, 0xff, 0xff, 0xff, 0xff, 0xff, 0xff, 0xe0, 0x38, 0xce, 0xff, 0x2e,  //.@@@@@@@@.@@. 
  0x00, 0x4a, 0x48, 0x42, 0x38, 0x2c, 0x1c, 0x02, 0x00, 0x00, 0x74, 0x8e, 0x1a,  //.+++......+%. 
  0x00, 0x00, 0x2c, 0xe2, 0xe2, 0xe2, 0xe2, 0xe2, 0xe2, 0xe2, 0xe2, 0xe2, 0x28,  //...@@@@@@@@@. 
  0x00, 0x00, 0x20, 0xa2, 0xa2, 0xa2, 0xa2, 0xa2, 0xa2, 0xa2, 0xec, 0xff, 0x2e,  //...%%%%%%%@@. 
  0x00, 0x00, 0x1a, 0x92, 0x92, 0x92, 0x92, 0x92, 0x92, 0x92, 0xe8, 0xff, 0x2e,  //...%%%%%%%@@. 
  0x00, 0x00, 0x2e, 0xff, 0xf6, 0xda, 0xda, 0xda, 0xda, 0xda, 0xda, 0xda, 0x28,  //...@@@@@@@@@. 
  0x00, 0x00, 0x3e, 0xff, 0xff, 0x4e, 0x4e, 0x4e, 0x4e, 0x4e, 0x4e, 0x4e, 0x2c,  //...@@+++++++. 
  0x00, 0x00, 0x48, 0xff, 0xff, 0xff, 0xff, 0xff, 0xff, 0xff, 0xff, 0xff, 0x8e,  //..+@@@@@@@@@% 
  0x00, 0x00, 0x0a, 0x3e, 0x3e, 0x3e, 0x3e, 0x3e, 0x3e, 0x3e, 0x3e, 0x3e, 0x22,  //............. 
  0x00, 0x00, 0x00, 0x00, 0x00, 0x00, 0x00, 0x00, 0x00, 0x00, 0x00, 0x00, 0x00,  //............. 
  0x00, 0x00, 0x00, 0x00, 0x00, 0x00, 0x00, 0x00, 0x00, 0x00, 0x00, 0x00, 0x00,  //............. 
  0x00, 0x00, 0x00, 0x00, 0x00, 0x00, 0x00, 0x00, 0x00, 0x00, 0x00, 0x00, 0x00,  //............. 


  /*Unicode: U+d558 (하) , Width: 14 */
  0x00, 0x00, 0x00, 0x00, 0x00, 0x00, 0x00, 0x00, 0x00, 0x00, 0x00, 0x00, 0x00, 0x00,  //.............. 
  0x00, 0x00, 0x00, 0x00, 0x00, 0x00, 0x00, 0x00, 0x00, 0x00, 0x00, 0x00, 0x00, 0x00,  //.............. 
  0x00, 0x00, 0x00, 0x00, 0x00, 0x00, 0x00, 0x00, 0x00, 0x00, 0x00, 0x00, 0x00, 0x00,  //.............. 
  0x00, 0x00, 0x00, 0x20, 0x52, 0x32, 0x00, 0x00, 0x00, 0x44, 0x8e, 0x46, 0x00, 0x00,  //....+....+%+.. 
  0x00, 0x00, 0x00, 0x66, 0xff, 0x9a, 0x00, 0x00, 0x00, 0x7a, 0xff, 0x7e, 0x00, 0x00,  //...+@%...+@+.. 
  0x3a, 0x82, 0x82, 0xea, 0xff, 0xff, 0x82, 0x82, 0x52, 0x7a, 0xff, 0x7e, 0x00, 0x00,  //.%%@@@%%++@+.. 
  0x72, 0xff, 0xff, 0xff, 0xff, 0xff, 0xff, 0xff, 0xa2, 0x7a, 0xff, 0x7e, 0x00, 0x00,  //+@@@@@@@%+@+.. 
  0x08, 0x12, 0x12, 0x16, 0x2a, 0x1a, 0x12, 0x12, 0x0a, 0x7a, 0xff, 0x7e, 0x00, 0x00,  //.........+@+.. 
  0x00, 0x00, 0x78, 0xec, 0xff, 0xf8, 0x9c, 0x0a, 0x00, 0x7a, 0xff, 0xa0, 0x22, 0x10,  //..+@@@%..+@%.. 
  0x00, 0x6c, 0xff, 0xde, 0x8a, 0xc8, 0xff, 0xa4, 0x00, 0x7a, 0xff, 0xff, 0xff, 0x7e,  //.+@@%@@%.+@@@+ 
  0x00, 0xce, 0xff, 0x2a, 0x00, 0x06, 0xec, 0xfc, 0x08, 0x7a, 0xff, 0xfa, 0x82, 0x40,  //.@@...@@.+@@%+ 
  0x00, 0xda, 0xff, 0x12, 0x00, 0x00, 0xda, 0xff, 0x12, 0x7a, 0xff, 0x7e, 0x00, 0x00,  //.@@...@@.+@+.. 
  0x00, 0x9c, 0xff, 0xa2, 0x32, 0x78, 0xff, 0xd4, 0x00, 0x7a, 0xff, 0x7e, 0x00, 0x00,  //.%@%.+@@.+@+.. 
  0x00, 0x12, 0xce, 0xff, 0xff, 0xff, 0xe8, 0x32, 0x00, 0x7a, 0xff, 0x7e, 0x00, 0x00,  //..@@@@@..+@+.. 
  0x00, 0x00, 0x04, 0x4c, 0x72, 0x5c, 0x0e, 0x00, 0x00, 0x7a, 0xff, 0x7e, 0x00, 0x00,  //...+++...+@+.. 
  0x00, 0x00, 0x00, 0x00, 0x00, 0x00, 0x00, 0x00, 0x00, 0x7a, 0xff, 0x7e, 0x00, 0x00,  //.........+@+.. 
  0x00, 0x00, 0x00, 0x00, 0x00, 0x00, 0x00, 0x00, 0x00, 0x7a, 0xff, 0x7e, 0x00, 0x00,  //.........+@+.. 
  0x00, 0x00, 0x00, 0x00, 0x00, 0x00, 0x00, 0x00, 0x00, 0x26, 0x52, 0x28, 0x00, 0x00,  //..........+... 
  0x00, 0x00, 0x00, 0x00, 0x00, 0x00, 0x00, 0x00, 0x00, 0x00, 0x00, 0x00, 0x00, 0x00,  //.............. 
  0x00, 0x00, 0x00, 0x00, 0x00, 0x00, 0x00, 0x00, 0x00, 0x00, 0x00, 0x00, 0x00, 0x00,  //.............. 
  0x00, 0x00, 0x00, 0x00, 0x00, 0x00, 0x00, 0x00, 0x00, 0x00, 0x00, 0x00, 0x00, 0x00,  //.............. 


  /*Unicode: U+d55c (한) , Width: 14 */
  0x00, 0x00, 0x00, 0x00, 0x00, 0x00, 0x00, 0x00, 0x00, 0x00, 0x00, 0x00, 0x00, 0x00,  //.............. 
  0x00, 0x00, 0x00, 0x00, 0x00, 0x00, 0x00, 0x00, 0x00, 0x00, 0x00, 0x00, 0x00, 0x00,  //.............. 
  0x00, 0x00, 0x00, 0x00, 0x00, 0x00, 0x00, 0x00, 0x00, 0x00, 0x00, 0x00, 0x00, 0x00,  //.............. 
  0x00, 0x00, 0x00, 0x28, 0x8e, 0x62, 0x00, 0x00, 0x00, 0x40, 0x8e, 0x4a, 0x00, 0x00,  //....%+...+%+.. 
  0x08, 0x16, 0x16, 0x62, 0xff, 0xc6, 0x16, 0x16, 0x10, 0x72, 0xff, 0x86, 0x00, 0x00,  //...+@@...+@%.. 
  0x62, 0xff, 0xff, 0xff, 0xff, 0xff, 0xff, 0xff, 0xc6, 0x72, 0xff, 0x86, 0x00, 0x00,  //+@@@@@@@@+@%.. 
  0x2c, 0x72, 0x72, 0x72, 0x78, 0x72, 0x72, 0x72, 0x58, 0x72, 0xff, 0x86, 0x00, 0x00,  //.+++++++++@%.. 
  0x00, 0x00, 0x70, 0xde, 0xff, 0xf4, 0xa6, 0x18, 0x00, 0x72, 0xff, 0xda, 0x52, 0x1e,  //..+@@@%..+@@+. 
  0x00, 0x68, 0xff, 0xd8, 0x80, 0xaa, 0xff, 0xc8, 0x00, 0x72, 0xff, 0xff, 0xff, 0x5e,  //.+@@%%@@.+@@@+ 
  0x00, 0xac, 0xff, 0x3e, 0x00, 0x00, 0xde, 0xff, 0x10, 0x72, 0xff, 0xda, 0x52, 0x1e,  //.%@...@@.+@@+. 
  0x00, 0x86, 0xff, 0xa8, 0x3c, 0x64, 0xfa, 0xe6, 0x00, 0x72, 0xff, 0x86, 0x00, 0x00,  //.%@%.+@@.+@%.. 
  0x00, 0x0c, 0xb8, 0xff, 0xff, 0xff, 0xe6, 0x40, 0x00, 0x72, 0xff, 0x86, 0x00, 0x00,  //..%@@@@+.+@%.. 
  0x00, 0x00, 0x00, 0x24, 0x48, 0x38, 0x04, 0x00, 0x00, 0x72, 0xff, 0x86, 0x00, 0x00,  //....+....+@%.. 
  0x00, 0x00, 0x64, 0xf2, 0x8e, 0x00, 0x00, 0x00, 0x00, 0x5e, 0xd2, 0x6e, 0x00, 0x00,  //..+@%....+@+.. 
  0x00, 0x00, 0x6a, 0xff, 0x96, 0x00, 0x00, 0x00, 0x00, 0x00, 0x00, 0x00, 0x00, 0x00,  //..+@%......... 
  0x00, 0x00, 0xa2, 0xff, 0xff, 0x82, 0x82, 0x82, 0x82, 0x82, 0x82, 0x82, 0x02, 0x00,  //..%@@%%%%%%%.. 
  0x00, 0x00, 0x7e, 0xff, 0xff, 0xff, 0xff, 0xff, 0xff, 0xff, 0xff, 0xff, 0x06, 0x00,  //..+@@@@@@@@@.. 
  0x00, 0x00, 0x08, 0x16, 0x16, 0x16, 0x16, 0x16, 0x16, 0x16, 0x16, 0x16, 0x00, 0x00,  //.............. 
  0x00, 0x00, 0x00, 0x00, 0x00, 0x00, 0x00, 0x00, 0x00, 0x00, 0x00, 0x00, 0x00, 0x00,  //.............. 
  0x00, 0x00, 0x00, 0x00, 0x00, 0x00, 0x00, 0x00, 0x00, 0x00, 0x00, 0x00, 0x00, 0x00,  //.............. 
  0x00, 0x00, 0x00, 0x00, 0x00, 0x00, 0x00, 0x00, 0x00, 0x00, 0x00, 0x00, 0x00, 0x00,  //.............. 


  /*Unicode: U+d560 (할) , Width: 14 */
  0x00, 0x00, 0x00, 0x00, 0x00, 0x00, 0x00, 0x00, 0x00, 0x00, 0x00, 0x00, 0x00, 0x00,  //.............. 
  0x00, 0x00, 0x00, 0x00, 0x00, 0x00, 0x00, 0x00, 0x00, 0x00, 0x00, 0x00, 0x00, 0x00,  //.............. 
  0x00, 0x00, 0x00, 0x00, 0x00, 0x00, 0x00, 0x00, 0x00, 0x00, 0x00, 0x00, 0x00, 0x00,  //.............. 
  0x00, 0x00, 0x00, 0x30, 0xa6, 0x72, 0x00, 0x00, 0x00, 0x40, 0x8e, 0x4a, 0x00, 0x00,  //....%+...+%+.. 
  0x34, 0x86, 0x86, 0xd2, 0xff, 0xff, 0x86, 0x86, 0x68, 0x72, 0xff, 0x86, 0x00, 0x00,  //.%%@@@%%++@%.. 
  0x5e, 0xf2, 0xf2, 0xff, 0xff, 0xff, 0xf2, 0xf2, 0xbc, 0x72, 0xff, 0x86, 0x00, 0x00,  //+@@@@@@@%+@%.. 
  0x00, 0x00, 0x34, 0x90, 0xae, 0x9e, 0x60, 0x04, 0x00, 0x72, 0xff, 0xff, 0x9a, 0x38,  //...%%%+..+@@%. 
  0x00, 0x50, 0xfc, 0xec, 0xb4, 0xd2, 0xff, 0xb2, 0x00, 0x72, 0xff, 0xff, 0xff, 0x5e,  //.+@@%@@%.+@@@+ 
  0x00, 0xa6, 0xff, 0x44, 0x00, 0x00, 0xe2, 0xff, 0x0a, 0x72, 0xff, 0x86, 0x00, 0x00,  //.%@+..@@.+@%.. 
  0x00, 0x62, 0xff, 0xda, 0x98, 0xb4, 0xff, 0xc6, 0x00, 0x72, 0xff, 0x86, 0x00, 0x00,  //.+@@%%@@.+@%.. 
  0x00, 0x00, 0x50, 0xae, 0xca, 0xbc, 0x7e, 0x10, 0x00, 0x6a, 0xee, 0x7e, 0x00, 0x00,  //..+%@%+..+@+.. 
  0x00, 0x00, 0x50, 0x82, 0x82, 0x82, 0x82, 0x82, 0x82, 0x82, 0x82, 0x44, 0x00, 0x00,  //..+%%%%%%%%+.. 
  0x00, 0x00, 0x92, 0xea, 0xea, 0xea, 0xea, 0xea, 0xea, 0xf2, 0xff, 0x86, 0x00, 0x00,  //..%@@@@@@@@%.. 
  0x00, 0x00, 0x36, 0x5a, 0x5a, 0x5a, 0x5a, 0x5a, 0x5a, 0xa2, 0xff, 0x86, 0x00, 0x00,  //...++++++%@%.. 
  0x00, 0x00, 0x9a, 0xff, 0xff, 0xff, 0xff, 0xff, 0xff, 0xff, 0xff, 0x86, 0x00, 0x00,  //..%@@@@@@@@%.. 
  0x00, 0x00, 0xbc, 0xff, 0x94, 0x3a, 0x3a, 0x3a, 0x3a, 0x3a, 0x3a, 0x34, 0x00, 0x00,  //..%@%......... 
  0x00, 0x00, 0xc2, 0xff, 0xff, 0xff, 0xff, 0xff, 0xff, 0xff, 0xff, 0xee, 0x00, 0x00,  //..@@@@@@@@@@.. 
  0x00, 0x00, 0x26, 0x3e, 0x3e, 0x3e, 0x3e, 0x3e, 0x3e, 0x3e, 0x3e, 0x3a, 0x00, 0x00,  //.............. 
  0x00, 0x00, 0x00, 0x00, 0x00, 0x00, 0x00, 0x00, 0x00, 0x00, 0x00, 0x00, 0x00, 0x00,  //.............. 
  0x00, 0x00, 0x00, 0x00, 0x00, 0x00, 0x00, 0x00, 0x00, 0x00, 0x00, 0x00, 0x00, 0x00,  //.............. 
  0x00, 0x00, 0x00, 0x00, 0x00, 0x00, 0x00, 0x00, 0x00, 0x00, 0x00, 0x00, 0x00, 0x00,  //.............. 


  /*Unicode: U+d569 (합) , Width: 14 */
  0x00, 0x00, 0x00, 0x00, 0x00, 0x00, 0x00, 0x00, 0x00, 0x00, 0x00, 0x00, 0x00, 0x00,  //.............. 
  0x00, 0x00, 0x00, 0x00, 0x00, 0x00, 0x00, 0x00, 0x00, 0x00, 0x00, 0x00, 0x00, 0x00,  //.............. 
  0x00, 0x00, 0x00, 0x00, 0x00, 0x00, 0x00, 0x00, 0x00, 0x00, 0x00, 0x00, 0x00, 0x00,  //.............. 
  0x00, 0x00, 0x00, 0x32, 0xaa, 0x74, 0x00, 0x00, 0x00, 0x40, 0x8e, 0x4a, 0x00, 0x00,  //....%+...+%+.. 
  0x22, 0x5a, 0x5a, 0xa6, 0xff, 0xff, 0x5a, 0x5a, 0x46, 0x72, 0xff, 0x86, 0x00, 0x00,  //.++%@@++++@%.. 
  0x62, 0xff, 0xff, 0xff, 0xff, 0xff, 0xff, 0xff, 0xc6, 0x72, 0xff, 0x86, 0x00, 0x00,  //+@@@@@@@@+@%.. 
  0x14, 0x36, 0x3c, 0x7a, 0x9c, 0x8e, 0x4e, 0x36, 0x2a, 0x72, 0xff, 0xbe, 0x36, 0x14,  //...+%%+..+@%.. 
  0x00, 0x20, 0xda, 0xff, 0xff, 0xff, 0xf8, 0x64, 0x00, 0x72, 0xff, 0xff, 0xff, 0x5e,  //..@@@@@+.+@@@+ 
  0x00, 0x9c, 0xff, 0x7e, 0x0e, 0x34, 0xf0, 0xf6, 0x06, 0x72, 0xff, 0xee, 0x66, 0x26,  //.%@+..@@.+@@+. 
  0x00, 0xa0, 0xff, 0x6c, 0x00, 0x1c, 0xec, 0xfa, 0x08, 0x72, 0xff, 0x86, 0x00, 0x00,  //.%@+..@@.+@%.. 
  0x00, 0x2a, 0xe8, 0xff, 0xf6, 0xfc, 0xfc, 0x78, 0x00, 0x72, 0xff, 0x86, 0x00, 0x00,  //..@@@@@+.+@%.. 
  0x00, 0x00, 0x0c, 0x5a, 0x78, 0x6c, 0x2a, 0x00, 0x00, 0x42, 0x92, 0x4c, 0x00, 0x00,  //...+++...+%+.. 
  0x00, 0x00, 0x70, 0xe2, 0x6c, 0x00, 0x00, 0x00, 0x00, 0x62, 0xe2, 0x78, 0x00, 0x00,  //..+@+....+@+.. 
  0x00, 0x00, 0x7e, 0xff, 0xea, 0xd6, 0xd6, 0xd6, 0xd6, 0xe8, 0xff, 0x86, 0x00, 0x00,  //..+@@@@@@@@%.. 
  0x00, 0x00, 0x7e, 0xff, 0xd0, 0xa6, 0xa6, 0xa6, 0xa6, 0xcc, 0xff, 0x86, 0x00, 0x00,  //..+@@%%%%@@%.. 
  0x00, 0x00, 0x7e, 0xff, 0xac, 0x5e, 0x5e, 0x5e, 0x5e, 0xa4, 0xff, 0x86, 0x00, 0x00,  //..+@%++++%@%.. 
  0x00, 0x00, 0x7e, 0xff, 0xff, 0xff, 0xff, 0xff, 0xff, 0xff, 0xff, 0x86, 0x00, 0x00,  //..+@@@@@@@@%.. 
  0x00, 0x00, 0x16, 0x2e, 0x2e, 0x2e, 0x2e, 0x2e, 0x2e, 0x2e, 0x2e, 0x18, 0x00, 0x00,  //.............. 
  0x00, 0x00, 0x00, 0x00, 0x00, 0x00, 0x00, 0x00, 0x00, 0x00, 0x00, 0x00, 0x00, 0x00,  //.............. 
  0x00, 0x00, 0x00, 0x00, 0x00, 0x00, 0x00, 0x00, 0x00, 0x00, 0x00, 0x00, 0x00, 0x00,  //.............. 
  0x00, 0x00, 0x00, 0x00, 0x00, 0x00, 0x00, 0x00, 0x00, 0x00, 0x00, 0x00, 0x00, 0x00,  //.............. 


  /*Unicode: U+d574 (해) , Width: 13 */
  0x00, 0x00, 0x00, 0x00, 0x00, 0x00, 0x00, 0x00, 0x00, 0x00, 0x00, 0x00, 0x00,  //............. 
  0x00, 0x00, 0x00, 0x00, 0x00, 0x00, 0x00, 0x00, 0x00, 0x00, 0x00, 0x00, 0x00,  //............. 
  0x00, 0x00, 0x00, 0x00, 0x00, 0x00, 0x00, 0x00, 0x00, 0x00, 0x00, 0x00, 0x00,  //............. 
  0x00, 0x00, 0x00, 0x2e, 0x2c, 0x00, 0x00, 0x14, 0x4e, 0x2c, 0x30, 0x8e, 0x4c,  //........+..%+ 
  0x00, 0x00, 0x06, 0xff, 0xee, 0x00, 0x00, 0x46, 0xff, 0x92, 0x56, 0xff, 0x8a,  //...@@..+@%+@% 
  0x2e, 0x76, 0x7e, 0xff, 0xff, 0x76, 0x76, 0x64, 0xff, 0x92, 0x56, 0xff, 0x8a,  //.++@@+++@%+@% 
  0x66, 0xff, 0xff, 0xff, 0xff, 0xff, 0xff, 0x86, 0xff, 0x92, 0x56, 0xff, 0x8a,  //+@@@@@@%@%+@% 
  0x0a, 0x1a, 0x1e, 0x4e, 0x4a, 0x1c, 0x1a, 0x4e, 0xff, 0x92, 0x56, 0xff, 0x8a,  //...++..+@%+@% 
  0x00, 0x24, 0xd8, 0xff, 0xff, 0xc8, 0x14, 0x46, 0xff, 0x92, 0x56, 0xff, 0x8a,  //..@@@@.+@%+@% 
  0x00, 0xbe, 0xff, 0x8e, 0xa2, 0xff, 0x9e, 0x46, 0xff, 0xff, 0xff, 0xff, 0x8a,  //.%@%%@%+@@@@% 
  0x08, 0xff, 0xc0, 0x00, 0x00, 0xe2, 0xea, 0x46, 0xff, 0xff, 0xff, 0xff, 0x8a,  //.@@..@@+@@@@% 
  0x0a, 0xff, 0xbc, 0x00, 0x00, 0xde, 0xec, 0x46, 0xff, 0x92, 0x56, 0xff, 0x8a,  //.@%..@@+@%+@% 
  0x00, 0xc8, 0xfc, 0x78, 0x8c, 0xff, 0xa8, 0x46, 0xff, 0x92, 0x56, 0xff, 0x8a,  //.@@+%@%+@%+@% 
  0x00, 0x2e, 0xe6, 0xff, 0xff, 0xd8, 0x1c, 0x46, 0xff, 0x92, 0x56, 0xff, 0x8a,  //..@@@@.+@%+@% 
  0x00, 0x00, 0x08, 0x44, 0x3e, 0x04, 0x00, 0x46, 0xff, 0x92, 0x56, 0xff, 0x8a,  //...+...+@%+@% 
  0x00, 0x00, 0x00, 0x00, 0x00, 0x00, 0x00, 0x46, 0xff, 0x92, 0x56, 0xff, 0x8a,  //.......+@%+@% 
  0x00, 0x00, 0x00, 0x00, 0x00, 0x00, 0x00, 0x32, 0xba, 0x6a, 0x56, 0xff, 0x8a,  //........%++@% 
  0x00, 0x00, 0x00, 0x00, 0x00, 0x00, 0x00, 0x00, 0x00, 0x00, 0x1a, 0x4e, 0x2a,  //...........+. 
  0x00, 0x00, 0x00, 0x00, 0x00, 0x00, 0x00, 0x00, 0x00, 0x00, 0x00, 0x00, 0x00,  //............. 
  0x00, 0x00, 0x00, 0x00, 0x00, 0x00, 0x00, 0x00, 0x00, 0x00, 0x00, 0x00, 0x00,  //............. 
  0x00, 0x00, 0x00, 0x00, 0x00, 0x00, 0x00, 0x00, 0x00, 0x00, 0x00, 0x00, 0x00,  //............. 


  /*Unicode: U+d589 (행) , Width: 13 */
  0x00, 0x00, 0x00, 0x00, 0x00, 0x00, 0x00, 0x00, 0x00, 0x00, 0x00, 0x00, 0x00,  //............. 
  0x00, 0x00, 0x00, 0x00, 0x00, 0x00, 0x00, 0x00, 0x00, 0x00, 0x00, 0x00, 0x00,  //............. 
  0x00, 0x00, 0x00, 0x00, 0x00, 0x00, 0x00, 0x00, 0x00, 0x00, 0x00, 0x00, 0x00,  //............. 
  0x00, 0x00, 0x04, 0x6a, 0x60, 0x00, 0x00, 0x16, 0x4a, 0x28, 0x40, 0x8e, 0x40,  //...++...+.+%+ 
  0x0e, 0x22, 0x32, 0xff, 0xff, 0x22, 0x22, 0x58, 0xff, 0x8a, 0x72, 0xff, 0x72,  //...@@..+@%+@+ 
  0x72, 0xff, 0xff, 0xff, 0xff, 0xff, 0xff, 0x9a, 0xff, 0x8a, 0x72, 0xff, 0x72,  //+@@@@@@%@%+@+ 
  0x2e, 0x66, 0x66, 0x86, 0x82, 0x66, 0x66, 0x6c, 0xff, 0xae, 0x96, 0xff, 0x72,  //.++%%+++@%%@+ 
  0x00, 0x38, 0xda, 0xff, 0xff, 0xcc, 0x24, 0x4e, 0xff, 0xff, 0xff, 0xff, 0x72,  //..@@@@.+@@@@+ 
  0x00, 0xe2, 0xee, 0x66, 0x74, 0xfa, 0xc2, 0x4e, 0xff, 0xff, 0xee, 0xff, 0x72,  //.@@++@@+@@@@+ 
  0x04, 0xfc, 0xcc, 0x00, 0x02, 0xe8, 0xe2, 0x4e, 0xff, 0x8a, 0x72, 0xff, 0x72,  //.@@..@@+@%+@+ 
  0x00, 0xa4, 0xff, 0xda, 0xe2, 0xff, 0x82, 0x4e, 0xff, 0x8a, 0x72, 0xff, 0x72,  //.%@@@@%+@%+@+ 
  0x00, 0x04, 0x64, 0xa4, 0xa0, 0x56, 0x00, 0x36, 0xae, 0x5e, 0x72, 0xff, 0x72,  //..+%%+..%++@+ 
  0x00, 0x00, 0x00, 0x00, 0x24, 0x76, 0x9c, 0xb0, 0xa6, 0x8e, 0x5c, 0x2a, 0x0e,  //.....+%%%%+.. 
  0x00, 0x00, 0x00, 0x74, 0xfc, 0xfc, 0xda, 0xc6, 0xcc, 0xf0, 0xff, 0xd8, 0x16,  //...+@@@@@@@@. 
  0x00, 0x00, 0x00, 0xf6, 0xfc, 0x2a, 0x00, 0x00, 0x00, 0x02, 0xac, 0xff, 0x76,  //...@@.....%@+ 
  0x00, 0x00, 0x00, 0xdc, 0xff, 0x88, 0x3c, 0x2a, 0x30, 0x56, 0xda, 0xff, 0x5c,  //...@@%...+@@+ 
  0x00, 0x00, 0x00, 0x2c, 0xbe, 0xfc, 0xff, 0xff, 0xff, 0xff, 0xe6, 0x7c, 0x00,  //....%@@@@@@+. 
  0x00, 0x00, 0x00, 0x00, 0x00, 0x14, 0x38, 0x4c, 0x42, 0x2a, 0x00, 0x00, 0x00,  //.......++.... 
  0x00, 0x00, 0x00, 0x00, 0x00, 0x00, 0x00, 0x00, 0x00, 0x00, 0x00, 0x00, 0x00,  //............. 
  0x00, 0x00, 0x00, 0x00, 0x00, 0x00, 0x00, 0x00, 0x00, 0x00, 0x00, 0x00, 0x00,  //............. 
  0x00, 0x00, 0x00, 0x00, 0x00, 0x00, 0x00, 0x00, 0x00, 0x00, 0x00, 0x00, 0x00,  //............. 


  /*Unicode: U+d604 (현) , Width: 13 */
  0x00, 0x00, 0x00, 0x00, 0x00, 0x00, 0x00, 0x00, 0x00, 0x00, 0x00, 0x00, 0x00,  //............. 
  0x00, 0x00, 0x00, 0x00, 0x00, 0x00, 0x00, 0x00, 0x00, 0x00, 0x00, 0x00, 0x00,  //............. 
  0x00, 0x00, 0x00, 0x00, 0x00, 0x00, 0x00, 0x00, 0x00, 0x00, 0x00, 0x00, 0x00,  //............. 
  0x00, 0x00, 0x00, 0x40, 0x96, 0x54, 0x00, 0x00, 0x00, 0x00, 0x6c, 0x8e, 0x20,  //...+%+....+%. 
  0x06, 0x16, 0x16, 0x86, 0xff, 0xa6, 0x16, 0x16, 0x04, 0x00, 0xc2, 0xff, 0x3a,  //...%@%....@@. 
  0x5a, 0xff, 0xff, 0xff, 0xff, 0xff, 0xff, 0xff, 0x46, 0x00, 0xc2, 0xff, 0x3a,  //+@@@@@@@+.@@. 
  0x28, 0x72, 0x72, 0x72, 0x78, 0x72, 0x72, 0x72, 0x2e, 0x1a, 0xde, 0xff, 0x3a,  //.+++++++..@@. 
  0x00, 0x00, 0x74, 0xe4, 0xff, 0xea, 0x84, 0x02, 0x8e, 0xff, 0xff, 0xff, 0x3a,  //..+@@@%.%@@@. 
  0x00, 0x62, 0xff, 0xd6, 0x84, 0xca, 0xff, 0x7a, 0x44, 0x7a, 0xff, 0xff, 0x3a,  //.+@@%@@+++@@. 
  0x00, 0xa8, 0xff, 0x3e, 0x00, 0x1e, 0xff, 0xc4, 0x12, 0x22, 0xe6, 0xff, 0x3a,  //.%@...@@..@@. 
  0x00, 0x88, 0xff, 0x94, 0x24, 0x7c, 0xff, 0xa2, 0x8e, 0xff, 0xff, 0xff, 0x3a,  //.%@%.+@%%@@@. 
  0x00, 0x12, 0xcc, 0xff, 0xff, 0xff, 0xd8, 0x1e, 0x40, 0x72, 0xff, 0xff, 0x3a,  //..@@@@@.++@@. 
  0x00, 0x00, 0x02, 0x42, 0x64, 0x48, 0x04, 0x00, 0x00, 0x00, 0xc2, 0xff, 0x3a,  //...+++....@@. 
  0x00, 0x00, 0x00, 0xcc, 0xd6, 0x08, 0x00, 0x00, 0x00, 0x00, 0xc2, 0xff, 0x3a,  //...@@.....@@. 
  0x00, 0x00, 0x00, 0xf2, 0xff, 0x0a, 0x00, 0x00, 0x00, 0x00, 0x02, 0x02, 0x00,  //...@@........ 
  0x00, 0x00, 0x00, 0xff, 0xff, 0x8e, 0x82, 0x82, 0x82, 0x82, 0x82, 0x82, 0x46,  //...@@%%%%%%%+ 
  0x00, 0x00, 0x00, 0xff, 0xff, 0xff, 0xff, 0xff, 0xff, 0xff, 0xff, 0xff, 0x8a,  //...@@@@@@@@@% 
  0x00, 0x00, 0x00, 0x14, 0x16, 0x16, 0x16, 0x16, 0x16, 0x16, 0x16, 0x16, 0x0c,  //............. 
  0x00, 0x00, 0x00, 0x00, 0x00, 0x00, 0x00, 0x00, 0x00, 0x00, 0x00, 0x00, 0x00,  //............. 
  0x00, 0x00, 0x00, 0x00, 0x00, 0x00, 0x00, 0x00, 0x00, 0x00, 0x00, 0x00, 0x00,  //............. 
  0x00, 0x00, 0x00, 0x00, 0x00, 0x00, 0x00, 0x00, 0x00, 0x00, 0x00, 0x00, 0x00,  //............. 


  /*Unicode: U+d615 (형) , Width: 13 */
  0x00, 0x00, 0x00, 0x00, 0x00, 0x00, 0x00, 0x00, 0x00, 0x00, 0x00, 0x00, 0x00,  //............. 
  0x00, 0x00, 0x00, 0x00, 0x00, 0x00, 0x00, 0x00, 0x00, 0x00, 0x00, 0x00, 0x00,  //............. 
  0x00, 0x00, 0x00, 0x00, 0x00, 0x00, 0x00, 0x00, 0x00, 0x00, 0x00, 0x00, 0x00,  //............. 
  0x00, 0x00, 0x00, 0x4a, 0xaa, 0x5e, 0x00, 0x00, 0x00, 0x00, 0x6c, 0x8e, 0x20,  //...+%+....+%. 
  0x1c, 0x52, 0x52, 0xc2, 0xff, 0xe2, 0x52, 0x52, 0x16, 0x00, 0xc2, 0xff, 0x3a,  //.++@@@++..@@. 
  0x5a, 0xff, 0xff, 0xff, 0xff, 0xff, 0xff, 0xff, 0x46, 0x00, 0xc2, 0xff, 0x3a,  //+@@@@@@@+.@@. 
  0x16, 0x3e, 0x3e, 0x5e, 0x7c, 0x62, 0x3e, 0x3e, 0x58, 0x82, 0xff, 0xff, 0x3a,  //...+++..+%@@. 
  0x00, 0x0c, 0xb4, 0xff, 0xff, 0xff, 0xc2, 0x14, 0x8a, 0xff, 0xff, 0xff, 0x3a,  //..%@@@@.%@@@. 
  0x00, 0x84, 0xff, 0x9c, 0x3e, 0x8a, 0xff, 0x9e, 0x08, 0x12, 0xd6, 0xff, 0x3a,  //.%@%.%@%..@@. 
  0x00, 0xa8, 0xff, 0x36, 0x00, 0x1c, 0xff, 0xc4, 0x68, 0xba, 0xff, 0xff, 0x3a,  //.%@...@@+%@@. 
  0x00, 0x5c, 0xff, 0xda, 0x92, 0xd0, 0xff, 0x74, 0x78, 0xd6, 0xff, 0xff, 0x3a,  //.+@@%@@++@@@. 
  0x00, 0x00, 0x60, 0xca, 0xe8, 0xd0, 0x6e, 0x00, 0x00, 0x00, 0xc2, 0xff, 0x3a,  //..+@@@+...@@. 
  0x00, 0x00, 0x00, 0x00, 0x14, 0x56, 0x7a, 0x86, 0x7c, 0x5a, 0x52, 0x4a, 0x10,  //.....++%++++. 
  0x00, 0x00, 0x00, 0x78, 0xf8, 0xff, 0xff, 0xfa, 0xff, 0xff, 0xfa, 0x86, 0x00,  //...+@@@@@@@%. 
  0x00, 0x00, 0x20, 0xff, 0xf8, 0x42, 0x06, 0x00, 0x04, 0x3a, 0xee, 0xff, 0x2e,  //...@@+....@@. 
  0x00, 0x00, 0x14, 0xf6, 0xfc, 0x78, 0x3e, 0x30, 0x3c, 0x72, 0xf8, 0xfa, 0x20,  //...@@+...+@@. 
  0x00, 0x00, 0x00, 0x48, 0xd8, 0xff, 0xff, 0xff, 0xff, 0xff, 0xde, 0x52, 0x00,  //...+@@@@@@@+. 
  0x00, 0x00, 0x00, 0x00, 0x00, 0x22, 0x44, 0x4e, 0x46, 0x24, 0x00, 0x00, 0x00,  //......+++.... 
  0x00, 0x00, 0x00, 0x00, 0x00, 0x00, 0x00, 0x00, 0x00, 0x00, 0x00, 0x00, 0x00,  //............. 
  0x00, 0x00, 0x00, 0x00, 0x00, 0x00, 0x00, 0x00, 0x00, 0x00, 0x00, 0x00, 0x00,  //............. 
  0x00, 0x00, 0x00, 0x00, 0x00, 0x00, 0x00, 0x00, 0x00, 0x00, 0x00, 0x00, 0x00,  //............. 


  /*Unicode: U+d638 (호) , Width: 14 */
  0x00, 0x00, 0x00, 0x00, 0x00, 0x00, 0x00, 0x00, 0x00, 0x00, 0x00, 0x00, 0x00, 0x00,  //.............. 
  0x00, 0x00, 0x00, 0x00, 0x00, 0x00, 0x00, 0x00, 0x00, 0x00, 0x00, 0x00, 0x00, 0x00,  //.............. 
  0x00, 0x00, 0x00, 0x00, 0x00, 0x00, 0x00, 0x00, 0x00, 0x00, 0x00, 0x00, 0x00, 0x00,  //.............. 
  0x00, 0x00, 0x00, 0x00, 0x00, 0x0c, 0x6a, 0x5c, 0x00, 0x00, 0x00, 0x00, 0x00, 0x00,  //......++...... 
  0x00, 0x00, 0x00, 0x00, 0x00, 0x1e, 0xff, 0xde, 0x00, 0x00, 0x00, 0x00, 0x00, 0x00,  //......@@...... 
  0x00, 0xb0, 0xd2, 0xd2, 0xd2, 0xf2, 0xff, 0xff, 0xd2, 0xd2, 0xd2, 0xd2, 0x7c, 0x00,  //.%@@@@@@@@@@+. 
  0x00, 0xa4, 0xc2, 0xc2, 0xc2, 0xc8, 0xea, 0xe6, 0xc2, 0xc2, 0xc2, 0xc2, 0x72, 0x00,  //.%@@@@@@@@@@+. 
  0x00, 0x00, 0x00, 0x08, 0x56, 0x8c, 0xa0, 0x9c, 0x80, 0x40, 0x00, 0x00, 0x00, 0x00,  //....+%%%%+.... 
  0x00, 0x00, 0x30, 0xe6, 0xff, 0xfc, 0xea, 0xea, 0xff, 0xff, 0xc2, 0x0a, 0x00, 0x00,  //...@@@@@@@@... 
  0x00, 0x00, 0xb8, 0xff, 0x80, 0x06, 0x00, 0x00, 0x14, 0xbc, 0xff, 0x70, 0x00, 0x00,  //..%@%....%@+.. 
  0x00, 0x00, 0xc0, 0xff, 0x68, 0x00, 0x00, 0x00, 0x04, 0xac, 0xff, 0x78, 0x00, 0x00,  //..@@+....%@+.. 
  0x00, 0x00, 0x42, 0xf2, 0xff, 0xe8, 0xce, 0xce, 0xf0, 0xff, 0xd8, 0x14, 0x00, 0x00,  //..+@@@@@@@@... 
  0x00, 0x00, 0x00, 0x1a, 0x76, 0xbc, 0xff, 0xff, 0xa0, 0x60, 0x08, 0x00, 0x00, 0x00,  //....+%@@%+.... 
  0x00, 0x00, 0x00, 0x00, 0x00, 0x1e, 0xff, 0xde, 0x00, 0x00, 0x00, 0x00, 0x00, 0x00,  //......@@...... 
  0x42, 0xaa, 0xaa, 0xaa, 0xaa, 0xca, 0xff, 0xff, 0xaa, 0xaa, 0xaa, 0xaa, 0xaa, 0x20,  //+%%%%@@@%%%%%. 
  0x5c, 0xee, 0xee, 0xee, 0xee, 0xee, 0xee, 0xee, 0xee, 0xee, 0xee, 0xee, 0xee, 0x2e,  //+@@@@@@@@@@@@. 
  0x00, 0x00, 0x00, 0x00, 0x00, 0x00, 0x00, 0x00, 0x00, 0x00, 0x00, 0x00, 0x00, 0x00,  //.............. 
  0x00, 0x00, 0x00, 0x00, 0x00, 0x00, 0x00, 0x00, 0x00, 0x00, 0x00, 0x00, 0x00, 0x00,  //.............. 
  0x00, 0x00, 0x00, 0x00, 0x00, 0x00, 0x00, 0x00, 0x00, 0x00, 0x00, 0x00, 0x00, 0x00,  //.............. 
  0x00, 0x00, 0x00, 0x00, 0x00, 0x00, 0x00, 0x00, 0x00, 0x00, 0x00, 0x00, 0x00, 0x00,  //.............. 
  0x00, 0x00, 0x00, 0x00, 0x00, 0x00, 0x00, 0x00, 0x00, 0x00, 0x00, 0x00, 0x00, 0x00,  //.............. 


  /*Unicode: U+d639 (혹) , Width: 14 */
  0x00, 0x00, 0x00, 0x00, 0x00, 0x00, 0x00, 0x00, 0x00, 0x00, 0x00, 0x00, 0x00, 0x00,  //.............. 
  0x00, 0x00, 0x00, 0x00, 0x00, 0x00, 0x00, 0x00, 0x00, 0x00, 0x00, 0x00, 0x00, 0x00,  //.............. 
  0x00, 0x00, 0x00, 0x00, 0x00, 0x00, 0x00, 0x00, 0x00, 0x00, 0x00, 0x00, 0x00, 0x00,  //.............. 
  0x00, 0x00, 0x00, 0x00, 0x00, 0x10, 0xaa, 0x94, 0x00, 0x00, 0x00, 0x00, 0x00, 0x00,  //......%%...... 
  0x00, 0x68, 0x82, 0x82, 0x82, 0x9e, 0xff, 0xff, 0x82, 0x82, 0x82, 0x82, 0x44, 0x00,  //.+%%%%@@%%%%+. 
  0x00, 0xc6, 0xfa, 0xfa, 0xfa, 0xff, 0xff, 0xff, 0xfa, 0xfa, 0xfa, 0xfa, 0x84, 0x00,  //.@@@@@@@@@@@%. 
  0x00, 0x00, 0x00, 0x20, 0x6a, 0x92, 0xa2, 0xa4, 0x92, 0x66, 0x16, 0x00, 0x00, 0x00,  //....+%%%%+.... 
  0x00, 0x00, 0x64, 0xfc, 0xf4, 0xc0, 0xae, 0xb0, 0xc8, 0xfc, 0xf2, 0x36, 0x00, 0x00,  //..+@@@%%@@@... 
  0x00, 0x00, 0xb6, 0xff, 0x82, 0x06, 0x00, 0x00, 0x0c, 0xb0, 0xff, 0x7a, 0x00, 0x00,  //..%@%....%@+.. 
  0x00, 0x00, 0x38, 0xde, 0xff, 0xff, 0xff, 0xff, 0xff, 0xff, 0xc6, 0x18, 0x00, 0x00,  //...@@@@@@@@... 
  0x00, 0x00, 0x00, 0x00, 0x28, 0x6c, 0xff, 0xff, 0x50, 0x22, 0x00, 0x00, 0x00, 0x00,  //.....+@@+..... 
  0x58, 0xda, 0xda, 0xda, 0xda, 0xf2, 0xff, 0xff, 0xda, 0xda, 0xda, 0xda, 0xda, 0x24,  //+@@@@@@@@@@@@. 
  0x46, 0xae, 0xae, 0xae, 0xae, 0xae, 0xae, 0xae, 0xae, 0xae, 0xae, 0xae, 0xae, 0x1c,  //+%%%%%%%%%%%%. 
  0x00, 0x00, 0x8a, 0x8a, 0x8a, 0x8a, 0x8a, 0x8a, 0x8a, 0x8a, 0x8a, 0x54, 0x00, 0x00,  //..%%%%%%%%%+.. 
  0x00, 0x02, 0xf6, 0xf6, 0xf6, 0xf6, 0xf6, 0xf6, 0xf6, 0xfa, 0xff, 0x9a, 0x00, 0x00,  //..@@@@@@@@@%.. 
  0x00, 0x00, 0x00, 0x00, 0x00, 0x00, 0x00, 0x00, 0x00, 0x5e, 0xff, 0x9a, 0x00, 0x00,  //.........+@%.. 
  0x00, 0x00, 0x00, 0x00, 0x00, 0x00, 0x00, 0x00, 0x00, 0x5e, 0xff, 0x9a, 0x00, 0x00,  //.........+@%.. 
  0x00, 0x00, 0x00, 0x00, 0x00, 0x00, 0x00, 0x00, 0x00, 0x1e, 0x52, 0x32, 0x00, 0x00,  //..........+... 
  0x00, 0x00, 0x00, 0x00, 0x00, 0x00, 0x00, 0x00, 0x00, 0x00, 0x00, 0x00, 0x00, 0x00,  //.............. 
  0x00, 0x00, 0x00, 0x00, 0x00, 0x00, 0x00, 0x00, 0x00, 0x00, 0x00, 0x00, 0x00, 0x00,  //.............. 
  0x00, 0x00, 0x00, 0x00, 0x00, 0x00, 0x00, 0x00, 0x00, 0x00, 0x00, 0x00, 0x00, 0x00,  //.............. 


  /*Unicode: U+d648 (홈) , Width: 14 */
  0x00, 0x00, 0x00, 0x00, 0x00, 0x00, 0x00, 0x00, 0x00, 0x00, 0x00, 0x00, 0x00, 0x00,  //.............. 
  0x00, 0x00, 0x00, 0x00, 0x00, 0x00, 0x00, 0x00, 0x00, 0x00, 0x00, 0x00, 0x00, 0x00,  //.............. 
  0x00, 0x00, 0x00, 0x00, 0x00, 0x00, 0x00, 0x00, 0x00, 0x00, 0x00, 0x00, 0x00, 0x00,  //.............. 
  0x00, 0x00, 0x00, 0x00, 0x00, 0x10, 0xa6, 0x92, 0x00, 0x00, 0x00, 0x00, 0x00, 0x00,  //......%%...... 
  0x00, 0x78, 0x96, 0x96, 0x96, 0xb2, 0xff, 0xff, 0x96, 0x96, 0x96, 0x96, 0x4e, 0x00,  //.+%%%%@@%%%%+. 
  0x00, 0xba, 0xea, 0xea, 0xea, 0xf8, 0xff, 0xff, 0xea, 0xea, 0xea, 0xea, 0x7c, 0x00,  //.%@@@@@@@@@@+. 
  0x00, 0x00, 0x00, 0x3a, 0x82, 0xa8, 0xb8, 0xba, 0xa8, 0x7c, 0x26, 0x00, 0x00, 0x00,  //....%%%%%+.... 
  0x00, 0x00, 0x7a, 0xff, 0xec, 0xac, 0x9a, 0x9c, 0xb4, 0xf6, 0xfa, 0x42, 0x00, 0x00,  //..+@@%%%%@@+.. 
  0x00, 0x00, 0xb0, 0xff, 0xa6, 0x30, 0x22, 0x22, 0x3a, 0xcc, 0xff, 0x74, 0x00, 0x00,  //..%@%....@@+.. 
  0x00, 0x00, 0x22, 0xb2, 0xf4, 0xff, 0xff, 0xff, 0xff, 0xf2, 0x9a, 0x0a, 0x00, 0x00,  //...%@@@@@@%... 
  0x0c, 0x1e, 0x1e, 0x1e, 0x24, 0x5c, 0xff, 0xff, 0x40, 0x22, 0x1e, 0x1e, 0x1e, 0x04,  //.....+@@+..... 
  0x66, 0xff, 0xff, 0xff, 0xff, 0xff, 0xff, 0xff, 0xff, 0xff, 0xff, 0xff, 0xff, 0x2a,  //+@@@@@@@@@@@@. 
  0x2a, 0x6a, 0x6a, 0x6a, 0x6a, 0x6a, 0x6a, 0x6a, 0x6a, 0x6a, 0x6a, 0x6a, 0x6a, 0x10,  //.++++++++++++. 
  0x00, 0x00, 0xd0, 0xde, 0xde, 0xde, 0xde, 0xde, 0xde, 0xde, 0xde, 0x94, 0x00, 0x00,  //..@@@@@@@@@%.. 
  0x00, 0x00, 0xee, 0xff, 0x98, 0x96, 0x96, 0x96, 0x96, 0xb4, 0xff, 0xaa, 0x00, 0x00,  //..@@%%%%%%@%.. 
  0x00, 0x00, 0xee, 0xff, 0x4c, 0x4a, 0x4a, 0x4a, 0x4a, 0x7c, 0xff, 0xaa, 0x00, 0x00,  //..@@++++++@%.. 
  0x00, 0x00, 0xee, 0xff, 0xff, 0xff, 0xff, 0xff, 0xff, 0xff, 0xff, 0xaa, 0x00, 0x00,  //..@@@@@@@@@%.. 
  0x00, 0x00, 0x2c, 0x2e, 0x2e, 0x2e, 0x2e, 0x2e, 0x2e, 0x2e, 0x2e, 0x1e, 0x00, 0x00,  //.............. 
  0x00, 0x00, 0x00, 0x00, 0x00, 0x00, 0x00, 0x00, 0x00, 0x00, 0x00, 0x00, 0x00, 0x00,  //.............. 
  0x00, 0x00, 0x00, 0x00, 0x00, 0x00, 0x00, 0x00, 0x00, 0x00, 0x00, 0x00, 0x00, 0x00,  //.............. 
  0x00, 0x00, 0x00, 0x00, 0x00, 0x00, 0x00, 0x00, 0x00, 0x00, 0x00, 0x00, 0x00, 0x00,  //.............. 


  /*Unicode: U+d654 (화) , Width: 14 */
  0x00, 0x00, 0x00, 0x00, 0x00, 0x00, 0x00, 0x00, 0x00, 0x00, 0x00, 0x00, 0x00, 0x00,  //.............. 
  0x00, 0x00, 0x00, 0x00, 0x00, 0x00, 0x00, 0x00, 0x00, 0x00, 0x00, 0x00, 0x00, 0x00,  //.............. 
  0x00, 0x00, 0x00, 0x00, 0x00, 0x00, 0x00, 0x00, 0x00, 0x00, 0x00, 0x00, 0x00, 0x00,  //.............. 
  0x00, 0x00, 0x00, 0x14, 0x7e, 0x66, 0x00, 0x00, 0x00, 0x30, 0x8e, 0x5c, 0x00, 0x00,  //....++....%+.. 
  0x02, 0x0a, 0x0a, 0x36, 0xff, 0xda, 0x0a, 0x0a, 0x08, 0x56, 0xff, 0xa6, 0x00, 0x00,  //....@@...+@%.. 
  0x46, 0xff, 0xff, 0xff, 0xff, 0xff, 0xff, 0xff, 0xe2, 0x56, 0xff, 0xa6, 0x00, 0x00,  //+@@@@@@@@+@%.. 
  0x24, 0x82, 0x82, 0x88, 0xa2, 0x9c, 0x82, 0x82, 0x74, 0x56, 0xff, 0xa6, 0x00, 0x00,  //.%%%%%%%++@%.. 
  0x00, 0x00, 0x40, 0xb8, 0xe2, 0xd8, 0x96, 0x16, 0x00, 0x56, 0xff, 0xa6, 0x00, 0x00,  //..+%@@%..+@%.. 
  0x00, 0x36, 0xfa, 0xee, 0x9e, 0xb6, 0xff, 0xd2, 0x02, 0x56, 0xff, 0xa6, 0x00, 0x00,  //..@@%%@@.+@%.. 
  0x00, 0x88, 0xff, 0x62, 0x00, 0x00, 0xbe, 0xff, 0x2a, 0x56, 0xff, 0xff, 0xea, 0x5e,  //.%@+..%@.+@@@+ 
  0x00, 0x62, 0xff, 0xba, 0x3e, 0x54, 0xec, 0xf4, 0x10, 0x56, 0xff, 0xff, 0xb6, 0x48,  //.+@%.+@@.+@@%+ 
  0x00, 0x02, 0x9c, 0xff, 0xff, 0xff, 0xee, 0x54, 0x00, 0x56, 0xff, 0xa6, 0x00, 0x00,  //..%@@@@+.+@%.. 
  0x00, 0x00, 0x00, 0x44, 0xff, 0xff, 0x06, 0x00, 0x00, 0x56, 0xff, 0xa6, 0x00, 0x00,  //...+@@...+@%.. 
  0x48, 0x98, 0x98, 0xc6, 0xff, 0xff, 0xc0, 0xd8, 0xec, 0x5a, 0xff, 0xa6, 0x00, 0x00,  //+%%@@@@@@+@%.. 
  0x5e, 0xff, 0xff, 0xfc, 0xf2, 0xe4, 0xce, 0xac, 0x88, 0x60, 0xff, 0xa6, 0x00, 0x00,  //+@@@@@@%%+@%.. 
  0x00, 0x06, 0x04, 0x00, 0x00, 0x00, 0x00, 0x00, 0x00, 0x56, 0xff, 0xa6, 0x00, 0x00,  //.........+@%.. 
  0x00, 0x00, 0x00, 0x00, 0x00, 0x00, 0x00, 0x00, 0x00, 0x56, 0xff, 0xa6, 0x00, 0x00,  //.........+@%.. 
  0x00, 0x00, 0x00, 0x00, 0x00, 0x00, 0x00, 0x00, 0x00, 0x1a, 0x52, 0x36, 0x00, 0x00,  //..........+... 
  0x00, 0x00, 0x00, 0x00, 0x00, 0x00, 0x00, 0x00, 0x00, 0x00, 0x00, 0x00, 0x00, 0x00,  //.............. 
  0x00, 0x00, 0x00, 0x00, 0x00, 0x00, 0x00, 0x00, 0x00, 0x00, 0x00, 0x00, 0x00, 0x00,  //.............. 
  0x00, 0x00, 0x00, 0x00, 0x00, 0x00, 0x00, 0x00, 0x00, 0x00, 0x00, 0x00, 0x00, 0x00,  //.............. 


  /*Unicode: U+d655 (확) , Width: 14 */
  0x00, 0x00, 0x00, 0x00, 0x00, 0x00, 0x00, 0x00, 0x00, 0x00, 0x00, 0x00, 0x00, 0x00,  //.............. 
  0x00, 0x00, 0x00, 0x00, 0x00, 0x00, 0x00, 0x00, 0x00, 0x00, 0x00, 0x00, 0x00, 0x00,  //.............. 
  0x00, 0x00, 0x00, 0x00, 0x00, 0x00, 0x00, 0x00, 0x00, 0x00, 0x00, 0x00, 0x00, 0x00,  //.............. 
  0x00, 0x00, 0x00, 0x2a, 0xaa, 0x80, 0x00, 0x00, 0x00, 0x34, 0x8e, 0x58, 0x00, 0x00,  //....%%....%+.. 
  0x1a, 0x8a, 0x8a, 0xca, 0xff, 0xff, 0x8a, 0x8a, 0x5e, 0x5e, 0xff, 0x9e, 0x00, 0x00,  //.%%@@@%%++@%.. 
  0x2c, 0xe2, 0xe2, 0xea, 0xff, 0xf8, 0xe2, 0xe2, 0x9a, 0x5e, 0xff, 0x9e, 0x00, 0x00,  //.@@@@@@@%+@%.. 
  0x00, 0x00, 0x4a, 0xa2, 0xbe, 0xb2, 0x7e, 0x14, 0x00, 0x5e, 0xff, 0x9e, 0x00, 0x00,  //..+%%%+..+@%.. 
  0x00, 0x5c, 0xff, 0xd2, 0x88, 0xa0, 0xfa, 0xd6, 0x00, 0x5e, 0xff, 0xff, 0x96, 0x38,  //.+@@%%@@.+@@%. 
  0x00, 0x8e, 0xff, 0x6a, 0x00, 0x10, 0xde, 0xfc, 0x0c, 0x5e, 0xff, 0xff, 0xff, 0x5e,  //.%@+..@@.+@@@+ 
  0x00, 0x22, 0xd8, 0xff, 0xff, 0xff, 0xf8, 0x7c, 0x00, 0x5e, 0xff, 0xae, 0x0e, 0x04,  //..@@@@@+.+@%.. 
  0x00, 0x00, 0x00, 0x72, 0xff, 0xff, 0x24, 0x24, 0x3a, 0x62, 0xff, 0x9e, 0x00, 0x00,  //...+@@...+@%.. 
  0x70, 0xec, 0xec, 0xff, 0xff, 0xff, 0xff, 0xff, 0xff, 0x7c, 0xff, 0x9e, 0x00, 0x00,  //+@@@@@@@@+@%.. 
  0x3a, 0x9c, 0x98, 0x94, 0x88, 0x7c, 0x68, 0x4a, 0x2a, 0x5a, 0xe6, 0x90, 0x00, 0x00,  //.%%%%+++.+@%.. 
  0x00, 0x00, 0x6e, 0x8a, 0x8a, 0x8a, 0x8a, 0x8a, 0x8a, 0x8a, 0x8a, 0x56, 0x00, 0x00,  //..+%%%%%%%%+.. 
  0x00, 0x00, 0xca, 0xff, 0xff, 0xff, 0xff, 0xff, 0xff, 0xff, 0xff, 0x9e, 0x00, 0x00,  //..@@@@@@@@@%.. 
  0x00, 0x00, 0x00, 0x00, 0x00, 0x00, 0x00, 0x00, 0x00, 0x5e, 0xff, 0x9e, 0x00, 0x00,  //.........+@%.. 
  0x00, 0x00, 0x00, 0x00, 0x00, 0x00, 0x00, 0x00, 0x00, 0x5e, 0xff, 0x9e, 0x00, 0x00,  //.........+@%.. 
  0x00, 0x00, 0x00, 0x00, 0x00, 0x00, 0x00, 0x00, 0x00, 0x1e, 0x52, 0x32, 0x00, 0x00,  //..........+... 
  0x00, 0x00, 0x00, 0x00, 0x00, 0x00, 0x00, 0x00, 0x00, 0x00, 0x00, 0x00, 0x00, 0x00,  //.............. 
  0x00, 0x00, 0x00, 0x00, 0x00, 0x00, 0x00, 0x00, 0x00, 0x00, 0x00, 0x00, 0x00, 0x00,  //.............. 
  0x00, 0x00, 0x00, 0x00, 0x00, 0x00, 0x00, 0x00, 0x00, 0x00, 0x00, 0x00, 0x00, 0x00,  //.............. 


  /*Unicode: U+d65c (활) , Width: 14 */
  0x00, 0x00, 0x00, 0x00, 0x00, 0x00, 0x00, 0x00, 0x00, 0x00, 0x00, 0x00, 0x00, 0x00,  //.............. 
  0x00, 0x00, 0x00, 0x00, 0x00, 0x00, 0x00, 0x00, 0x00, 0x00, 0x00, 0x00, 0x00, 0x00,  //.............. 
  0x00, 0x00, 0x00, 0x00, 0x00, 0x00, 0x00, 0x00, 0x00, 0x00, 0x00, 0x00, 0x00, 0x00,  //.............. 
  0x00, 0x00, 0x00, 0x2a, 0xaa, 0x80, 0x00, 0x00, 0x00, 0x34, 0x8e, 0x58, 0x00, 0x00,  //....%%....%+.. 
  0x22, 0xb2, 0xb2, 0xf2, 0xff, 0xff, 0xb2, 0xb2, 0x7a, 0x5e, 0xff, 0x9e, 0x00, 0x00,  //.%%@@@%%++@%.. 
  0x1e, 0x9e, 0x9e, 0xa6, 0xbe, 0xb2, 0x9e, 0x9e, 0x6c, 0x5e, 0xff, 0x9e, 0x00, 0x00,  //.%%%%%%%++@%.. 
  0x00, 0x18, 0xb2, 0xfa, 0xff, 0xff, 0xde, 0x60, 0x00, 0x5e, 0xff, 0xea, 0x4a, 0x1a,  //..%@@@@+.+@@+. 
  0x00, 0x8c, 0xff, 0x80, 0x20, 0x30, 0xe2, 0xfa, 0x0a, 0x5e, 0xff, 0xff, 0xff, 0x5e,  //.%@%..@@.+@@@+ 
  0x00, 0x4a, 0xfa, 0xe6, 0xb4, 0xc4, 0xff, 0xc0, 0x00, 0x5e, 0xff, 0xf6, 0x56, 0x20,  //.+@@%@@@.+@@+. 
  0x00, 0x00, 0x1e, 0xa6, 0xff, 0xff, 0x4e, 0x20, 0x32, 0x60, 0xff, 0x9e, 0x00, 0x00,  //...%@@+..+@%.. 
  0x6c, 0xe0, 0xe0, 0xff, 0xff, 0xff, 0xff, 0xff, 0xfc, 0x7a, 0xff, 0x9e, 0x00, 0x00,  //+@@@@@@@@+@%.. 
  0x2e, 0x78, 0x74, 0x6e, 0x64, 0x58, 0x44, 0x24, 0x06, 0x38, 0x9a, 0x60, 0x00, 0x00,  //.++++++...%+.. 
  0x00, 0x00, 0xa4, 0xe6, 0xe6, 0xe6, 0xe6, 0xe6, 0xe6, 0xe6, 0xe6, 0x90, 0x00, 0x00,  //..%@@@@@@@@%.. 
  0x00, 0x00, 0x4c, 0x6a, 0x6a, 0x6a, 0x6a, 0x6a, 0x6a, 0x9c, 0xff, 0x9e, 0x00, 0x00,  //..+++++++%@%.. 
  0x00, 0x00, 0xac, 0xfa, 0xfa, 0xfa, 0xfa, 0xfa, 0xfa, 0xfc, 0xff, 0x9e, 0x00, 0x00,  //..%@@@@@@@@%.. 
  0x00, 0x00, 0xbe, 0xff, 0x8c, 0x56, 0x56, 0x56, 0x56, 0x56, 0x56, 0x3e, 0x00, 0x00,  //..%@%++++++... 
  0x00, 0x00, 0xee, 0xff, 0xff, 0xff, 0xff, 0xff, 0xff, 0xff, 0xff, 0xff, 0x1a, 0x00,  //..@@@@@@@@@@.. 
  0x00, 0x00, 0x2a, 0x3e, 0x3e, 0x3e, 0x3e, 0x3e, 0x3e, 0x3e, 0x3e, 0x3e, 0x06, 0x00,  //.............. 
  0x00, 0x00, 0x00, 0x00, 0x00, 0x00, 0x00, 0x00, 0x00, 0x00, 0x00, 0x00, 0x00, 0x00,  //.............. 
  0x00, 0x00, 0x00, 0x00, 0x00, 0x00, 0x00, 0x00, 0x00, 0x00, 0x00, 0x00, 0x00, 0x00,  //.............. 
  0x00, 0x00, 0x00, 0x00, 0x00, 0x00, 0x00, 0x00, 0x00, 0x00, 0x00, 0x00, 0x00, 0x00,  //.............. 


  /*Unicode: U+d6c4 (후) , Width: 14 */
  0x00, 0x00, 0x00, 0x00, 0x00, 0x00, 0x00, 0x00, 0x00, 0x00, 0x00, 0x00, 0x00, 0x00,  //.............. 
  0x00, 0x00, 0x00, 0x00, 0x00, 0x00, 0x00, 0x00, 0x00, 0x00, 0x00, 0x00, 0x00, 0x00,  //.............. 
  0x00, 0x00, 0x00, 0x00, 0x00, 0x00, 0x00, 0x00, 0x00, 0x00, 0x00, 0x00, 0x00, 0x00,  //.............. 
  0x00, 0x00, 0x00, 0x00, 0x00, 0x0e, 0x8e, 0x7c, 0x00, 0x00, 0x00, 0x00, 0x00, 0x00,  //......%+...... 
  0x00, 0x14, 0x1a, 0x1a, 0x1a, 0x36, 0xff, 0xfa, 0x1a, 0x1a, 0x1a, 0x1a, 0x0c, 0x00,  //......@@...... 
  0x00, 0xca, 0xff, 0xff, 0xff, 0xff, 0xff, 0xff, 0xff, 0xff, 0xff, 0xff, 0x86, 0x00,  //.@@@@@@@@@@@%. 
  0x00, 0x58, 0x6e, 0x6e, 0x6e, 0x6e, 0x6e, 0x6e, 0x6e, 0x6e, 0x6e, 0x6e, 0x3a, 0x00,  //.+++++++++++.. 
  0x00, 0x00, 0x02, 0x64, 0xba, 0xe6, 0xf8, 0xf6, 0xe2, 0xaa, 0x4a, 0x00, 0x00, 0x00,  //...+%@@@@%+... 
  0x00, 0x00, 0x96, 0xff, 0xdc, 0x90, 0x7c, 0x7e, 0x9a, 0xee, 0xff, 0x5e, 0x00, 0x00,  //..%@@%++%@@+.. 
  0x00, 0x00, 0xd4, 0xff, 0x56, 0x00, 0x00, 0x00, 0x00, 0x90, 0xff, 0x9c, 0x00, 0x00,  //..@@+....%@%.. 
  0x00, 0x00, 0x6a, 0xfc, 0xfa, 0xd0, 0xba, 0xbe, 0xda, 0xff, 0xf4, 0x3a, 0x00, 0x00,  //..+@@@%%@@@... 
  0x00, 0x00, 0x00, 0x2a, 0x7c, 0xa8, 0xba, 0xb6, 0xa2, 0x6c, 0x18, 0x00, 0x00, 0x00,  //....+%%%%+.... 
  0x36, 0x8e, 0x8e, 0x8e, 0x8e, 0x8e, 0x8e, 0x8e, 0x8e, 0x8e, 0x8e, 0x8e, 0x8e, 0x1c,  //.%%%%%%%%%%%%. 
  0x62, 0xff, 0xff, 0xff, 0xff, 0xff, 0xff, 0xff, 0xff, 0xff, 0xff, 0xff, 0xff, 0x32,  //+@@@@@@@@@@@@. 
  0x00, 0x02, 0x02, 0x02, 0x02, 0x1e, 0xff, 0xe2, 0x02, 0x02, 0x02, 0x02, 0x02, 0x00,  //......@@...... 
  0x00, 0x00, 0x00, 0x00, 0x00, 0x1a, 0xff, 0xde, 0x00, 0x00, 0x00, 0x00, 0x00, 0x00,  //......@@...... 
  0x00, 0x00, 0x00, 0x00, 0x00, 0x1a, 0xff, 0xde, 0x00, 0x00, 0x00, 0x00, 0x00, 0x00,  //......@@...... 
  0x00, 0x00, 0x00, 0x00, 0x00, 0x08, 0x52, 0x48, 0x00, 0x00, 0x00, 0x00, 0x00, 0x00,  //......++...... 
  0x00, 0x00, 0x00, 0x00, 0x00, 0x00, 0x00, 0x00, 0x00, 0x00, 0x00, 0x00, 0x00, 0x00,  //.............. 
  0x00, 0x00, 0x00, 0x00, 0x00, 0x00, 0x00, 0x00, 0x00, 0x00, 0x00, 0x00, 0x00, 0x00,  //.............. 
  0x00, 0x00, 0x00, 0x00, 0x00, 0x00, 0x00, 0x00, 0x00, 0x00, 0x00, 0x00, 0x00, 0x00,  //.............. 


  /*Unicode: U+ff28 (Ｈ) , Width: 68 */
  0x00, 0x00, 0x00, 0x00, 0x00, 0x00, 0x00, 0x00, 0x00, 0x00, 0x00, 0x00, 0x00, 0x00, 0x00, 0x00, 0x00, 0x00, 0x00, 0x00, 0x00, 0x00, 0x00, 0x00, 0x00, 0x00, 0x00, 0x00, 0x00, 0x00, 0x00, 0x00, 0x00, 0x00, 0x00, 0x00, 0x00, 0x00, 0x00, 0x00, 0x00, 0x00, 0x00, 0x00, 0x00, 0x00, 0x00, 0x00, 0x00, 0x00, 0x00, 0x00, 0x00, 0x00, 0x00, 0x00, 0x00, 0x00, 0x00, 0x00, 0x00, 0x00, 0x00, 0x00, 0x00, 0x00, 0x00, 0x00,  //.................................................................... 
  0x00, 0x00, 0x00, 0x00, 0x00, 0x00, 0x00, 0x00, 0x00, 0x00, 0x00, 0x00, 0x00, 0x00, 0x00, 0x00, 0x00, 0x00, 0x00, 0x00, 0x00, 0x00, 0x00, 0x00, 0x00, 0x00, 0x00, 0x00, 0x00, 0x00, 0x00, 0x00, 0x00, 0x00, 0x00, 0x00, 0x00, 0x00, 0x00, 0x00, 0x00, 0x00, 0x00, 0x00, 0x00, 0x00, 0x00, 0x00, 0x00, 0x00, 0x00, 0x00, 0x00, 0x00, 0x00, 0x00, 0x00, 0x00, 0x00, 0x00, 0x00, 0x00, 0x00, 0x00, 0x00, 0x00, 0x00, 0x00,  //.................................................................... 
  0x00, 0x00, 0x00, 0x00, 0x00, 0x00, 0x00, 0x00, 0x00, 0x00, 0x00, 0x00, 0x00, 0x00, 0x00, 0x00, 0x00, 0x00, 0x00, 0x00, 0x00, 0x00, 0x00, 0x00, 0x00, 0x00, 0x00, 0x00, 0x00, 0x00, 0x00, 0x00, 0x00, 0x00, 0x00, 0x00, 0x00, 0x00, 0x00, 0x00, 0x00, 0x00, 0x00, 0x00, 0x00, 0x00, 0x00, 0x00, 0x00, 0x00, 0x00, 0x00, 0x00, 0x00, 0x00, 0x00, 0x00, 0x00, 0x00, 0x00, 0x00, 0x00, 0x00, 0x00, 0x00, 0x00, 0x00, 0x00,  //.................................................................... 
  0x8a, 0x8a, 0x32, 0x00, 0x00, 0x00, 0x00, 0x00, 0x60, 0x8a, 0x54, 0x00, 0x00, 0x60, 0x8a, 0x8a, 0x8a, 0x8a, 0x8a, 0x8a, 0x8a, 0x84, 0x00, 0x0e, 0x8a, 0x8a, 0x24, 0x00, 0x00, 0x00, 0x00, 0x76, 0x8a, 0x7e, 0x04, 0x00, 0x00, 0x00, 0x00, 0x54, 0x8a, 0x6a, 0x00, 0x00, 0x00, 0x00, 0x7c, 0x8a, 0x8a, 0x8a, 0x8a, 0x8a, 0x8a, 0x8a, 0x8a, 0x8a, 0x60, 0x00, 0x56, 0x8a, 0x8a, 0x8a, 0x8a, 0x8a, 0x8a, 0x8a, 0x8a, 0x04,  //%%......+%+..+%%%%%%%%..%%.....+%+.....+%+....+%%%%%%%%%+.+%%%%%%%%. 
  0xff, 0xff, 0x5e, 0x00, 0x00, 0x00, 0x00, 0x00, 0xb2, 0xff, 0x9a, 0x00, 0x00, 0xb2, 0xff, 0xff, 0xff, 0xff, 0xff, 0xff, 0xff, 0xf2, 0x00, 0x1a, 0xff, 0xff, 0x42, 0x00, 0x00, 0x00, 0x86, 0xff, 0xfc, 0x50, 0x00, 0x00, 0x00, 0x00, 0x02, 0xe4, 0xff, 0xf8, 0x14, 0x00, 0x00, 0x00, 0xe6, 0xff, 0xff, 0xff, 0xff, 0xff, 0xff, 0xff, 0xff, 0xff, 0xb2, 0x00, 0x9e, 0xff, 0xff, 0xff, 0xff, 0xff, 0xff, 0xff, 0xff, 0x0a,  //@@+.....%@%..%@@@@@@@@..@@+...%@@+.....@@@....@@@@@@@@@@%.%@@@@@@@@. 
  0xff, 0xff, 0x5e, 0x00, 0x00, 0x00, 0x00, 0x00, 0xb2, 0xff, 0x9a, 0x00, 0x00, 0xb2, 0xff, 0xc2, 0x52, 0x52, 0x52, 0x52, 0x52, 0x4e, 0x00, 0x1a, 0xff, 0xff, 0x42, 0x00, 0x00, 0x5c, 0xff, 0xff, 0x7a, 0x00, 0x00, 0x00, 0x00, 0x00, 0x46, 0xff, 0xff, 0xff, 0x6e, 0x00, 0x00, 0x00, 0x4a, 0x52, 0x52, 0x52, 0xdc, 0xff, 0xaa, 0x52, 0x52, 0x52, 0x3a, 0x00, 0x9e, 0xff, 0xd4, 0x52, 0x52, 0x52, 0x52, 0x52, 0x52, 0x02,  //@@+.....%@%..%@@++++++..@@+..+@@+.....+@@@+...++++@@%+++..%@@++++++. 
  0xff, 0xff, 0x5e, 0x00, 0x00, 0x00, 0x00, 0x00, 0xb2, 0xff, 0x9a, 0x00, 0x00, 0xb2, 0xff, 0xa6, 0x00, 0x00, 0x00, 0x00, 0x00, 0x00, 0x00, 0x1a, 0xff, 0xff, 0x42, 0x00, 0x38, 0xf6, 0xff, 0xa4, 0x00, 0x00, 0x00, 0x00, 0x00, 0x00, 0xa4, 0xff, 0xd0, 0xff, 0xce, 0x00, 0x00, 0x00, 0x00, 0x00, 0x00, 0x00, 0xca, 0xff, 0x82, 0x00, 0x00, 0x00, 0x00, 0x00, 0x9e, 0xff, 0xbe, 0x00, 0x00, 0x00, 0x00, 0x00, 0x00, 0x00,  //@@+.....%@%..%@%........@@+..@@%......%@@@@.......@@%.....%@%....... 
  0xff, 0xff, 0x5e, 0x00, 0x00, 0x00, 0x00, 0x00, 0xb2, 0xff, 0x9a, 0x00, 0x00, 0xb2, 0xff, 0xa6, 0x00, 0x00, 0x00, 0x00, 0x00, 0x00, 0x00, 0x1a, 0xff, 0xff, 0x42, 0x1c, 0xe6, 0xff, 0xc8, 0x06, 0x00, 0x00, 0x00, 0x00, 0x00, 0x0c, 0xf4, 0xff, 0x34, 0xf4, 0xff, 0x2e, 0x00, 0x00, 0x00, 0x00, 0x00, 0x00, 0xca, 0xff, 0x82, 0x00, 0x00, 0x00, 0x00, 0x00, 0x9e, 0xff, 0xbe, 0x00, 0x00, 0x00, 0x00, 0x00, 0x00, 0x00,  //@@+.....%@%..%@%........@@+.@@@.......@@.@@.......@@%.....%@%....... 
  0xff, 0xff, 0x66, 0x0a, 0x0a, 0x0a, 0x0a, 0x0a, 0xb6, 0xff, 0x9a, 0x00, 0x00, 0xb2, 0xff, 0xaa, 0x0a, 0x0a, 0x0a, 0x0a, 0x0a, 0x00, 0x00, 0x1a, 0xff, 0xff, 0x4c, 0xcc, 0xff, 0xe2, 0x18, 0x00, 0x00, 0x00, 0x00, 0x00, 0x00, 0x64, 0xff, 0xce, 0x00, 0xaa, 0xff, 0x8e, 0x00, 0x00, 0x00, 0x00, 0x00, 0x00, 0xca, 0xff, 0x82, 0x00, 0x00, 0x00, 0x00, 0x00, 0x9e, 0xff, 0xc2, 0x0a, 0x0a, 0x0a, 0x0a, 0x0a, 0x00, 0x00,  //@@+.....%@%..%@%........@@+@@@.......+@@.%@%......@@%.....%@@....... 
  0xff, 0xff, 0xff, 0xff, 0xff, 0xff, 0xff, 0xff, 0xff, 0xff, 0x9a, 0x00, 0x00, 0xb2, 0xff, 0xff, 0xff, 0xff, 0xff, 0xff, 0xff, 0x26, 0x00, 0x1a, 0xff, 0xff, 0xdc, 0xff, 0xff, 0x72, 0x00, 0x00, 0x00, 0x00, 0x00, 0x00, 0x00, 0xc2, 0xff, 0x74, 0x00, 0x50, 0xff, 0xe8, 0x04, 0x00, 0x00, 0x00, 0x00, 0x00, 0xca, 0xff, 0x82, 0x00, 0x00, 0x00, 0x00, 0x00, 0x9e, 0xff, 0xff, 0xff, 0xff, 0xff, 0xff, 0xff, 0x2e, 0x00,  //@@@@@@@@@@%..%@@@@@@@...@@@@@+.......@@+.+@@......@@%.....%@@@@@@@.. 
  0xff, 0xff, 0xec, 0xe2, 0xe2, 0xe2, 0xe2, 0xe2, 0xf6, 0xff, 0x9a, 0x00, 0x00, 0xb2, 0xff, 0xee, 0xd2, 0xd2, 0xd2, 0xd2, 0xd2, 0x20, 0x00, 0x1a, 0xff, 0xff, 0xff, 0xff, 0xff, 0xee, 0x1e, 0x00, 0x00, 0x00, 0x00, 0x00, 0x22, 0xff, 0xfc, 0x1c, 0x00, 0x06, 0xee, 0xff, 0x4e, 0x00, 0x00, 0x00, 0x00, 0x00, 0xca, 0xff, 0x82, 0x00, 0x00, 0x00, 0x00, 0x00, 0x9e, 0xff, 0xf4, 0xd2, 0xd2, 0xd2, 0xd2, 0xd2, 0x26, 0x00,  //@@@@@@@@@@%..%@@@@@@@...@@@@@@.......@@...@@+.....@@%.....%@@@@@@@.. 
  0xff, 0xff, 0x5e, 0x00, 0x00, 0x00, 0x00, 0x00, 0xb2, 0xff, 0x9a, 0x00, 0x00, 0xb2, 0xff, 0xa6, 0x00, 0x00, 0x00, 0x00, 0x00, 0x00, 0x00, 0x1a, 0xff, 0xff, 0xf8, 0x5a, 0xe2, 0xff, 0xc2, 0x02, 0x00, 0x00, 0x00, 0x00, 0x80, 0xff, 0xd8, 0x3e, 0x3e, 0x3e, 0xba, 0xff, 0xae, 0x00, 0x00, 0x00, 0x00, 0x00, 0xca, 0xff, 0x82, 0x00, 0x00, 0x00, 0x00, 0x00, 0x9e, 0xff, 0xbe, 0x00, 0x00, 0x00, 0x00, 0x00, 0x00, 0x00,  //@@+.....%@%..%@%........@@@+@@@.....%@@...%@%.....@@%.....%@%....... 
  0xff, 0xff, 0x5e, 0x00, 0x00, 0x00, 0x00, 0x00, 0xb2, 0xff, 0x9a, 0x00, 0x00, 0xb2, 0xff, 0xa6, 0x00, 0x00, 0x00, 0x00, 0x00, 0x00, 0x00, 0x1a, 0xff, 0xff, 0x6e, 0x00, 0x42, 0xfc, 0xff, 0x7a, 0x00, 0x00, 0x00, 0x00, 0xde, 0xff, 0xff, 0xff, 0xff, 0xff, 0xff, 0xff, 0xf8, 0x14, 0x00, 0x00, 0x00, 0x00, 0xca, 0xff, 0x82, 0x00, 0x00, 0x00, 0x00, 0x00, 0x9e, 0xff, 0xbe, 0x00, 0x00, 0x00, 0x00, 0x00, 0x00, 0x00,  //@@+.....%@%..%@%........@@+.+@@+....@@@@@@@@@.....@@%.....%@%....... 
  0xff, 0xff, 0x5e, 0x00, 0x00, 0x00, 0x00, 0x00, 0xb2, 0xff, 0x9a, 0x00, 0x00, 0xb2, 0xff, 0xa6, 0x00, 0x00, 0x00, 0x00, 0x00, 0x00, 0x00, 0x1a, 0xff, 0xff, 0x42, 0x00, 0x00, 0x8e, 0xff, 0xfa, 0x34, 0x00, 0x00, 0x40, 0xff, 0xf8, 0xae, 0xae, 0xae, 0xae, 0xae, 0xec, 0xff, 0x6e, 0x00, 0x00, 0x00, 0x00, 0xca, 0xff, 0x82, 0x00, 0x00, 0x00, 0x00, 0x00, 0x9e, 0xff, 0xbe, 0x00, 0x00, 0x00, 0x00, 0x00, 0x00, 0x00,  //@@+.....%@%..%@%........@@+..%@@...+@@%%%%%@@+....@@%.....%@%....... 
  0xff, 0xff, 0x5e, 0x00, 0x00, 0x00, 0x00, 0x00, 0xb2, 0xff, 0x9a, 0x00, 0x00, 0xb2, 0xff, 0xb2, 0x1e, 0x1e, 0x1e, 0x1e, 0x1e, 0x1e, 0x00, 0x1a, 0xff, 0xff, 0x42, 0x00, 0x00, 0x06, 0xd4, 0xff, 0xd8, 0x08, 0x00, 0x9e, 0xff, 0xb4, 0x00, 0x00, 0x00, 0x00, 0x00, 0x92, 0xff, 0xce, 0x00, 0x00, 0x00, 0x00, 0xca, 0xff, 0x82, 0x00, 0x00, 0x00, 0x00, 0x00, 0x9e, 0xff, 0xc6, 0x1e, 0x1e, 0x1e, 0x1e, 0x1e, 0x1e, 0x02,  //@@+.....%@%..%@%........@@+...@@@..%@%.....%@@....@@%.....%@@....... 
  0xff, 0xff, 0x5e, 0x00, 0x00, 0x00, 0x00, 0x00, 0xb2, 0xff, 0x9a, 0x00, 0x00, 0xb2, 0xff, 0xff, 0xff, 0xff, 0xff, 0xff, 0xff, 0xff, 0x02, 0x1a, 0xff, 0xff, 0x42, 0x00, 0x00, 0x00, 0x2e, 0xf8, 0xff, 0x94, 0x0a, 0xf2, 0xff, 0x5e, 0x00, 0x00, 0x00, 0x00, 0x00, 0x3a, 0xff, 0xff, 0x2e, 0x00, 0x00, 0x00, 0xca, 0xff, 0x82, 0x00, 0x00, 0x00, 0x00, 0x00, 0x9e, 0xff, 0xff, 0xff, 0xff, 0xff, 0xff, 0xff, 0xff, 0x1a,  //@@+.....%@%..%@@@@@@@@..@@+....@@%.@@+......@@....@@%.....%@@@@@@@@. 
  0xbe, 0xbe, 0x46, 0x00, 0x00, 0x00, 0x00, 0x00, 0x86, 0xbe, 0x74, 0x00, 0x00, 0x86, 0xbe, 0xbe, 0xbe, 0xbe, 0xbe, 0xbe, 0xbe, 0xbe, 0x02, 0x14, 0xbe, 0xbe, 0x32, 0x00, 0x00, 0x00, 0x00, 0x66, 0xbe, 0xbe, 0x64, 0xbe, 0xba, 0x0c, 0x00, 0x00, 0x00, 0x00, 0x00, 0x00, 0xaa, 0xbe, 0x62, 0x00, 0x00, 0x00, 0x98, 0xbe, 0x62, 0x00, 0x00, 0x00, 0x00, 0x00, 0x76, 0xbe, 0xbe, 0xbe, 0xbe, 0xbe, 0xbe, 0xbe, 0xbe, 0x14,  //%%+.....%%+..%%%%%%%%%..%%.....+%%+%%.......%%+...%%+.....+%%%%%%%%. 
  0x00, 0x00, 0x00, 0x00, 0x00, 0x00, 0x00, 0x00, 0x00, 0x00, 0x00, 0x00, 0x00, 0x00, 0x00, 0x00, 0x00, 0x00, 0x00, 0x00, 0x00, 0x00, 0x00, 0x00, 0x00, 0x00, 0x00, 0x00, 0x00, 0x00, 0x00, 0x00, 0x00, 0x00, 0x00, 0x00, 0x00, 0x00, 0x00, 0x00, 0x00, 0x00, 0x00, 0x00, 0x00, 0x00, 0x00, 0x00, 0x00, 0x00, 0x00, 0x00, 0x00, 0x00, 0x00, 0x00, 0x00, 0x00, 0x00, 0x00, 0x00, 0x00, 0x00, 0x00, 0x00, 0x00, 0x00, 0x00,  //.................................................................... 
  0x00, 0x00, 0x00, 0x00, 0x00, 0x00, 0x00, 0x00, 0x00, 0x00, 0x00, 0x00, 0x00, 0x00, 0x00, 0x00, 0x00, 0x00, 0x00, 0x00, 0x00, 0x00, 0x00, 0x00, 0x00, 0x00, 0x00, 0x00, 0x00, 0x00, 0x00, 0x00, 0x00, 0x00, 0x00, 0x00, 0x00, 0x00, 0x00, 0x00, 0x00, 0x00, 0x00, 0x00, 0x00, 0x00, 0x00, 0x00, 0x00, 0x00, 0x00, 0x00, 0x00, 0x00, 0x00, 0x00, 0x00, 0x00, 0x00, 0x00, 0x00, 0x00, 0x00, 0x00, 0x00, 0x00, 0x00, 0x00,  //.................................................................... 
  0x00, 0x00, 0x00, 0x00, 0x00, 0x00, 0x00, 0x00, 0x00, 0x00, 0x00, 0x00, 0x00, 0x00, 0x00, 0x00, 0x00, 0x00, 0x00, 0x00, 0x00, 0x00, 0x00, 0x00, 0x00, 0x00, 0x00, 0x00, 0x00, 0x00, 0x00, 0x00, 0x00, 0x00, 0x00, 0x00, 0x00, 0x00, 0x00, 0x00, 0x00, 0x00, 0x00, 0x00, 0x00, 0x00, 0x00, 0x00, 0x00, 0x00, 0x00, 0x00, 0x00, 0x00, 0x00, 0x00, 0x00, 0x00, 0x00, 0x00, 0x00, 0x00, 0x00, 0x00, 0x00, 0x00, 0x00, 0x00,  //.................................................................... 
  0x00, 0x00, 0x00, 0x00, 0x00, 0x00, 0x00, 0x00, 0x00, 0x00, 0x00, 0x00, 0x00, 0x00, 0x00, 0x00, 0x00, 0x00, 0x00, 0x00, 0x00, 0x00, 0x00, 0x00, 0x00, 0x00, 0x00, 0x00, 0x00, 0x00, 0x00, 0x00, 0x00, 0x00, 0x00, 0x00, 0x00, 0x00, 0x00, 0x00, 0x00, 0x00, 0x00, 0x00, 0x00, 0x00, 0x00, 0x00, 0x00, 0x00, 0x00, 0x00, 0x00, 0x00, 0x00, 0x00, 0x00, 0x00, 0x00, 0x00, 0x00, 0x00, 0x00, 0x00, 0x00, 0x00, 0x00, 0x00,  //.................................................................... 


  /*Unicode: U+ff2c (Ｌ) , Width: 42 */
  0x00, 0x00, 0x00, 0x00, 0x00, 0x00, 0x00, 0x00, 0x00, 0x00, 0x00, 0x00, 0x00, 0x00, 0x00, 0x00, 0x00, 0x00, 0x00, 0x00, 0x00, 0x00, 0x00, 0x00, 0x00, 0x00, 0x00, 0x00, 0x00, 0x00, 0x00, 0x00, 0x00, 0x00, 0x00, 0x00, 0x00, 0x00, 0x00, 0x00, 0x00, 0x00,  //.......................................... 
  0x00, 0x00, 0x00, 0x00, 0x00, 0x00, 0x00, 0x00, 0x00, 0x00, 0x00, 0x00, 0x00, 0x00, 0x00, 0x00, 0x00, 0x00, 0x00, 0x00, 0x00, 0x00, 0x00, 0x00, 0x00, 0x00, 0x00, 0x00, 0x00, 0x00, 0x00, 0x00, 0x00, 0x00, 0x00, 0x00, 0x00, 0x00, 0x00, 0x00, 0x00, 0x00,  //.......................................... 
  0x00, 0x00, 0x00, 0x00, 0x00, 0x00, 0x00, 0x00, 0x00, 0x00, 0x00, 0x00, 0x00, 0x00, 0x00, 0x00, 0x00, 0x00, 0x00, 0x00, 0x00, 0x00, 0x00, 0x00, 0x00, 0x00, 0x00, 0x00, 0x00, 0x00, 0x00, 0x00, 0x00, 0x00, 0x00, 0x00, 0x00, 0x00, 0x00, 0x00, 0x00, 0x00,  //.......................................... 
  0x7e, 0x8e, 0x74, 0x16, 0x00, 0x00, 0x00, 0x00, 0x00, 0x00, 0x00, 0x00, 0x0a, 0x60, 0x28, 0x00, 0x00, 0x00, 0x00, 0x00, 0x00, 0x40, 0x8e, 0x8a, 0x40, 0x00, 0x00, 0x00, 0x00, 0x00, 0x00, 0x00, 0x6c, 0x8e, 0x7e, 0x22, 0x00, 0x00, 0x00, 0x00, 0x00, 0x00,  //+%+..........+.......+%%+.......+%+....... 
  0xff, 0xff, 0xff, 0xf8, 0xa2, 0x36, 0x00, 0x00, 0x00, 0x00, 0x00, 0x00, 0x90, 0xff, 0xff, 0xe0, 0x9e, 0x5a, 0x18, 0x00, 0x00, 0x8e, 0xff, 0xff, 0xff, 0xce, 0x62, 0x08, 0x00, 0x00, 0x00, 0x00, 0xde, 0xff, 0xff, 0xfc, 0xae, 0x42, 0x00, 0x00, 0x00, 0x00,  //@@@@%.......%@@@%+...%@@@@+.....@@@@%+.... 
  0xff, 0xff, 0xff, 0xff, 0xff, 0xff, 0xca, 0x5c, 0x04, 0x00, 0x00, 0x26, 0xf8, 0xff, 0xff, 0xff, 0xff, 0xff, 0xff, 0xd2, 0x0e, 0x8e, 0xff, 0xff, 0xff, 0xff, 0xff, 0xec, 0x8a, 0x20, 0x00, 0x00, 0xde, 0xff, 0xff, 0xff, 0xff, 0xff, 0xd6, 0x6a, 0x0a, 0x00,  //@@@@@@@+....@@@@@@@@.%@@@@@@%...@@@@@@@+.. 
  0xff, 0xff, 0xde, 0xd4, 0xff, 0xff, 0xff, 0xff, 0xe6, 0x40, 0x00, 0xb6, 0xff, 0xff, 0xc8, 0xea, 0xff, 0xff, 0xff, 0xee, 0x02, 0x8e, 0xff, 0xff, 0xb8, 0xf8, 0xff, 0xff, 0xff, 0xfc, 0x9c, 0x00, 0xde, 0xff, 0xea, 0xc8, 0xff, 0xff, 0xff, 0xff, 0xee, 0x58,  //@@@@@@@@@+.%@@@@@@@@.%@@%@@@@@%.@@@@@@@@@+ 
  0xff, 0xff, 0xae, 0x00, 0x44, 0xb4, 0xfc, 0xff, 0xff, 0x76, 0x2c, 0xff, 0xff, 0xff, 0x5c, 0x00, 0x2c, 0x6e, 0xb0, 0x94, 0x00, 0x8e, 0xff, 0xff, 0x1e, 0x18, 0x84, 0xea, 0xff, 0xff, 0xea, 0x00, 0xde, 0xff, 0xce, 0x00, 0x36, 0xa8, 0xfa, 0xff, 0xff, 0x96,  //@@%.+%@@@+.@@@+..+%%.%@@..%@@@@.@@@..%@@@% 
  0xff, 0xff, 0xae, 0x00, 0x00, 0x00, 0x50, 0xff, 0xff, 0x76, 0x00, 0x9e, 0xff, 0xff, 0xfc, 0x70, 0x00, 0x00, 0x00, 0x00, 0x00, 0x8e, 0xff, 0xff, 0x1e, 0x00, 0x00, 0x08, 0xd8, 0xff, 0xea, 0x00, 0xde, 0xff, 0xce, 0x00, 0x00, 0x00, 0x30, 0xff, 0xff, 0x96,  //@@%...+@@+.%@@@+.....%@@....@@@.@@@....@@% 
  0xff, 0xff, 0xae, 0x00, 0x00, 0x00, 0x36, 0xff, 0xff, 0x76, 0x00, 0x00, 0x88, 0xff, 0xff, 0xff, 0x8a, 0x00, 0x00, 0x00, 0x00, 0x8e, 0xff, 0xff, 0x1e, 0x00, 0x00, 0x00, 0xc6, 0xff, 0xea, 0x00, 0xde, 0xff, 0xce, 0x00, 0x00, 0x00, 0x16, 0xff, 0xff, 0x96,  //@@%....@@+..%@@@%....%@@....@@@.@@@....@@% 
  0xff, 0xff, 0xae, 0x00, 0x00, 0x00, 0x36, 0xff, 0xff, 0x76, 0x00, 0x00, 0x00, 0x6e, 0xfc, 0xff, 0xff, 0xa2, 0x04, 0x00, 0x00, 0x8e, 0xff, 0xff, 0x1e, 0x00, 0x00, 0x00, 0xc6, 0xff, 0xea, 0x00, 0xde, 0xff, 0xce, 0x00, 0x00, 0x00, 0x16, 0xff, 0xff, 0x96,  //@@%....@@+...+@@@%...%@@....@@@.@@@....@@% 
  0xff, 0xff, 0xf0, 0xbe, 0xbe, 0xbe, 0xd0, 0xff, 0xff, 0x76, 0x00, 0x00, 0x00, 0x00, 0x54, 0xf6, 0xff, 0xff, 0xba, 0x0a, 0x00, 0x8e, 0xff, 0xff, 0xcc, 0xbe, 0xbe, 0xbe, 0xf4, 0xff, 0xea, 0x00, 0xde, 0xff, 0xf8, 0xbe, 0xbe, 0xbe, 0xc8, 0xff, 0xff, 0x96,  //@@@%%%@@@+....+@@@%..%@@@%%%@@@.@@@%%%@@@% 
  0xff, 0xff, 0xff, 0xff, 0xff, 0xff, 0xff, 0xff, 0xff, 0x76, 0x00, 0x16, 0x02, 0x00, 0x00, 0x3e, 0xee, 0xff, 0xff, 0xca, 0x04, 0x8e, 0xff, 0xff, 0xff, 0xff, 0xff, 0xff, 0xff, 0xff, 0xea, 0x00, 0xde, 0xff, 0xff, 0xff, 0xff, 0xff, 0xff, 0xff, 0xff, 0x96,  //@@@@@@@@@+......@@@@.%@@@@@@@@@.@@@@@@@@@% 
  0xff, 0xff, 0xfc, 0xee, 0xee, 0xee, 0xf4, 0xff, 0xff, 0x76, 0x00, 0xe2, 0xf0, 0xb0, 0x6c, 0x2c, 0x50, 0xff, 0xff, 0xee, 0x0e, 0x8e, 0xff, 0xff, 0xf2, 0xee, 0xee, 0xee, 0xff, 0xff, 0xea, 0x00, 0xde, 0xff, 0xff, 0xee, 0xee, 0xee, 0xee, 0xee, 0xee, 0x7e,  //@@@@@@@@@+.@@%+.+@@@.%@@@@@@@@@.@@@@@@@@@+ 
  0xff, 0xff, 0xb0, 0x00, 0x00, 0x00, 0x3a, 0xff, 0xff, 0x76, 0x26, 0xff, 0xff, 0xff, 0xff, 0xff, 0xfc, 0xff, 0xff, 0x70, 0x00, 0x8e, 0xff, 0xff, 0x20, 0x00, 0x00, 0x00, 0xca, 0xff, 0xea, 0x00, 0xde, 0xff, 0xd0, 0x00, 0x00, 0x00, 0x00, 0x00, 0x00, 0x00,  //@@%....@@+.@@@@@@@@+.%@@....@@@.@@@....... 
  0xff, 0xff, 0xae, 0x00, 0x00, 0x00, 0x36, 0xff, 0xff, 0x76, 0x14, 0x96, 0xdc, 0xff, 0xff, 0xff, 0xff, 0xff, 0xd6, 0x02, 0x00, 0x8e, 0xff, 0xff, 0x1e, 0x00, 0x00, 0x00, 0xc6, 0xff, 0xea, 0x00, 0xde, 0xff, 0xce, 0x00, 0x00, 0x00, 0x00, 0x00, 0x00, 0x00,  //@@%....@@+.%@@@@@@@..%@@....@@@.@@@....... 
  0xe6, 0xf6, 0x98, 0x00, 0x00, 0x00, 0x28, 0xec, 0xee, 0x62, 0x00, 0x00, 0x00, 0x20, 0x62, 0xa4, 0xe4, 0xff, 0x4a, 0x00, 0x00, 0x7a, 0xf6, 0xf0, 0x12, 0x00, 0x00, 0x00, 0xac, 0xee, 0xce, 0x00, 0xc8, 0xf6, 0xb8, 0x00, 0x00, 0x00, 0x00, 0x00, 0x00, 0x00,  //@@%....@@+....+%@@+..+@@....%@@.@@%....... 
  0x00, 0x00, 0x00, 0x00, 0x00, 0x00, 0x00, 0x00, 0x00, 0x00, 0x00, 0x00, 0x00, 0x00, 0x00, 0x00, 0x00, 0x14, 0x00, 0x00, 0x00, 0x00, 0x00, 0x00, 0x00, 0x00, 0x00, 0x00, 0x00, 0x00, 0x00, 0x00, 0x00, 0x00, 0x00, 0x00, 0x00, 0x00, 0x00, 0x00, 0x00, 0x00,  //.......................................... 
  0x00, 0x00, 0x00, 0x00, 0x00, 0x00, 0x00, 0x00, 0x00, 0x00, 0x00, 0x00, 0x00, 0x00, 0x00, 0x00, 0x00, 0x00, 0x00, 0x00, 0x00, 0x00, 0x00, 0x00, 0x00, 0x00, 0x00, 0x00, 0x00, 0x00, 0x00, 0x00, 0x00, 0x00, 0x00, 0x00, 0x00, 0x00, 0x00, 0x00, 0x00, 0x00,  //.......................................... 
  0x00, 0x00, 0x00, 0x00, 0x00, 0x00, 0x00, 0x00, 0x00, 0x00, 0x00, 0x00, 0x00, 0x00, 0x00, 0x00, 0x00, 0x00, 0x00, 0x00, 0x00, 0x00, 0x00, 0x00, 0x00, 0x00, 0x00, 0x00, 0x00, 0x00, 0x00, 0x00, 0x00, 0x00, 0x00, 0x00, 0x00, 0x00, 0x00, 0x00, 0x00, 0x00,  //.......................................... 
  0x00, 0x00, 0x00, 0x00, 0x00, 0x00, 0x00, 0x00, 0x00, 0x00, 0x00, 0x00, 0x00, 0x00, 0x00, 0x00, 0x00, 0x00, 0x00, 0x00, 0x00, 0x00, 0x00, 0x00, 0x00, 0x00, 0x00, 0x00, 0x00, 0x00, 0x00, 0x00, 0x00, 0x00, 0x00, 0x00, 0x00, 0x00, 0x00, 0x00, 0x00, 0x00,  //.......................................... 


  /*Unicode: U+ff35 (Ｕ) , Width: 40 */
  0x00, 0x00, 0x00, 0x00, 0x00, 0x00, 0x00, 0x00, 0x00, 0x00, 0x00, 0x00, 0x00, 0x00, 0x00, 0x00, 0x00, 0x00, 0x00, 0x00, 0x00, 0x00, 0x00, 0x00, 0x00, 0x00, 0x00, 0x00, 0x00, 0x00, 0x00, 0x00, 0x00, 0x00, 0x00, 0x00, 0x00, 0x00, 0x00, 0x00,  //........................................ 
  0x00, 0x00, 0x00, 0x00, 0x00, 0x00, 0x00, 0x00, 0x00, 0x00, 0x00, 0x00, 0x00, 0x00, 0x00, 0x00, 0x00, 0x00, 0x00, 0x00, 0x00, 0x00, 0x00, 0x00, 0x00, 0x00, 0x00, 0x00, 0x00, 0x00, 0x00, 0x00, 0x00, 0x00, 0x00, 0x00, 0x00, 0x00, 0x00, 0x00,  //........................................ 
  0x00, 0x00, 0x00, 0x00, 0x00, 0x00, 0x00, 0x00, 0x00, 0x00, 0x0c, 0x48, 0x74, 0x92, 0xa0, 0xa6, 0xa6, 0xa6, 0xa6, 0xa6, 0xa6, 0xa6, 0xa6, 0xa6, 0xa6, 0xa6, 0xa6, 0xa6, 0xa6, 0xa6, 0xa6, 0xa6, 0xa6, 0x42, 0x00, 0x00, 0x00, 0x00, 0x00, 0x00,  //...........++%%%%%%%%%%%%%%%%%%%%+...... 
  0x00, 0x00, 0x00, 0x00, 0x00, 0x00, 0x00, 0x00, 0x38, 0xac, 0xf8, 0xff, 0xff, 0xff, 0xff, 0xff, 0xff, 0xff, 0xff, 0xff, 0xff, 0xff, 0xff, 0xff, 0xff, 0xff, 0xff, 0xff, 0xff, 0xff, 0xff, 0xff, 0xff, 0x38, 0x00, 0x00, 0x00, 0x00, 0x00, 0x00,  //.........%@@@@@@@@@@@@@@@@@@@@@@@....... 
  0x00, 0x00, 0x00, 0x00, 0x00, 0x00, 0x0e, 0xa2, 0xff, 0xff, 0xff, 0xff, 0xff, 0xff, 0xff, 0xff, 0xff, 0xff, 0xff, 0xff, 0xff, 0xff, 0xff, 0xff, 0xff, 0xff, 0xff, 0xff, 0xff, 0xff, 0xff, 0xff, 0xf6, 0x06, 0x00, 0x00, 0x00, 0x00, 0x00, 0x00,  //.......%@@@@@@@@@@@@@@@@@@@@@@@@@....... 
  0x00, 0x00, 0x00, 0x00, 0x00, 0x1c, 0xd6, 0xff, 0xe4, 0xde, 0xde, 0xee, 0xff, 0xff, 0xfc, 0xf6, 0xf6, 0xf6, 0xfc, 0xff, 0xff, 0xff, 0xfa, 0xf8, 0xff, 0xff, 0xff, 0xff, 0xff, 0xf0, 0xde, 0xde, 0xde, 0xd6, 0xd8, 0xdc, 0xd6, 0x90, 0x12, 0x00,  //......@@@@@@@@@@@@@@@@@@@@@@@@@@@@@@@%.. 
  0x00, 0x00, 0x00, 0x00, 0x10, 0xd6, 0xff, 0xf2, 0x04, 0x00, 0x00, 0x88, 0xff, 0xff, 0xb8, 0x00, 0x00, 0x00, 0xd4, 0xfc, 0x8a, 0x22, 0x02, 0x00, 0x0e, 0x66, 0xee, 0xff, 0xff, 0x60, 0x00, 0x00, 0x00, 0x00, 0x00, 0x00, 0x0c, 0x78, 0xcc, 0x02,  //.....@@@...%@@%...@@%....+@@@+.......+@. 
  0x00, 0x00, 0x00, 0x00, 0xa0, 0xff, 0xff, 0xba, 0x00, 0x00, 0x00, 0xc0, 0xff, 0xff, 0x80, 0x00, 0x00, 0x0e, 0xfc, 0x6e, 0x00, 0x00, 0x00, 0x00, 0x00, 0x00, 0x36, 0xfc, 0xff, 0x1e, 0x00, 0x00, 0x00, 0x00, 0x00, 0x00, 0x00, 0x00, 0xae, 0x40,  //....%@@%...@@@%...@+.......@@.........%+ 
  0x06, 0x56, 0x56, 0x6c, 0xfc, 0xff, 0xff, 0x84, 0x00, 0x00, 0x02, 0xf4, 0xff, 0xff, 0x46, 0x00, 0x00, 0x46, 0xde, 0x02, 0x00, 0x10, 0xa6, 0xa6, 0x0a, 0x00, 0x00, 0xc6, 0xe4, 0x00, 0x00, 0x00, 0x7e, 0x86, 0x48, 0x00, 0x00, 0x00, 0x9a, 0x4e,  //.+++@@@%...@@@+..+@...%%...@@...+%+...%+ 
  0x34, 0xff, 0xff, 0xff, 0xff, 0xff, 0xff, 0x50, 0x00, 0x00, 0x30, 0xff, 0xff, 0xfc, 0x0e, 0x00, 0x00, 0x7e, 0xb4, 0x00, 0x00, 0x12, 0xb0, 0xf4, 0xbe, 0xae, 0xae, 0xe4, 0xaa, 0x00, 0x00, 0x1a, 0xff, 0xff, 0xa6, 0x00, 0x00, 0x04, 0xdc, 0x22,  //.@@@@@@+...@@@...+%...%@%%%@%...@@%...@. 
  0x62, 0xff, 0xff, 0xff, 0xff, 0xff, 0xff, 0x1a, 0x00, 0x00, 0x66, 0xff, 0xff, 0xd0, 0x00, 0x00, 0x00, 0xb8, 0xe4, 0x0a, 0x00, 0x00, 0x00, 0x04, 0x4a, 0xc8, 0xff, 0xff, 0x74, 0x00, 0x00, 0x02, 0x12, 0x10, 0x00, 0x00, 0x12, 0xa4, 0x88, 0x00,  //+@@@@@@...+@@@...%@.....+@@@+........%%. 
  0x8e, 0xff, 0xff, 0xff, 0xff, 0xff, 0xda, 0x00, 0x00, 0x00, 0x9e, 0xff, 0xff, 0x90, 0x00, 0x00, 0x00, 0xee, 0xff, 0xc4, 0x2a, 0x00, 0x00, 0x00, 0x00, 0x04, 0xbc, 0xff, 0x3e, 0x00, 0x00, 0x00, 0x00, 0x00, 0x00, 0x00, 0x02, 0x9e, 0x70, 0x00,  //%@@@@@@...%@@%...@@@......%@.........%+. 
  0xbc, 0xff, 0xff, 0xff, 0xff, 0xff, 0xa0, 0x00, 0x00, 0x00, 0xca, 0xff, 0xff, 0x4a, 0x00, 0x00, 0x2a, 0xff, 0xff, 0xff, 0xfc, 0xc0, 0x76, 0x14, 0x00, 0x00, 0x46, 0xfc, 0x0a, 0x00, 0x00, 0xae, 0xea, 0xe0, 0x48, 0x00, 0x00, 0x10, 0xd2, 0x00,  //%@@@@@%...@@@+...@@@@@+...+@...%@@+...@. 
  0xe8, 0xff, 0xff, 0xff, 0xff, 0xff, 0x84, 0x00, 0x00, 0x00, 0x98, 0xfa, 0xa6, 0x04, 0x00, 0x00, 0x6c, 0xa8, 0x00, 0x00, 0x1c, 0xfc, 0xff, 0x96, 0x00, 0x00, 0x3e, 0xd4, 0x00, 0x00, 0x00, 0xf2, 0xff, 0xf6, 0x48, 0x00, 0x00, 0x08, 0xde, 0x00,  //@@@@@@%...%@%...+%...@@%...@...@@@+...@. 
  0x00, 0x00, 0x00, 0xf0, 0xff, 0xff, 0xc4, 0x00, 0x00, 0x00, 0x00, 0x00, 0x00, 0x00, 0x00, 0x0e, 0xe8, 0xe2, 0x04, 0x00, 0x00, 0x40, 0x60, 0x14, 0x00, 0x00, 0x96, 0xa0, 0x00, 0x00, 0x00, 0x16, 0x16, 0x04, 0x00, 0x00, 0x00, 0x42, 0xb6, 0x00,  //...@@@@.........@@...++...%%.........+%. 
  0x00, 0x00, 0x00, 0xbc, 0xff, 0xff, 0xff, 0x88, 0x00, 0x00, 0x00, 0x00, 0x00, 0x00, 0x1c, 0xce, 0xff, 0xff, 0x98, 0x02, 0x00, 0x00, 0x00, 0x00, 0x00, 0x62, 0xfc, 0x6c, 0x00, 0x00, 0x00, 0x00, 0x00, 0x00, 0x00, 0x00, 0x1e, 0xd8, 0x44, 0x00,  //...%@@@%.......@@@%......+@+.........@+. 
  0x00, 0x00, 0x00, 0x4e, 0xff, 0xff, 0xff, 0xff, 0xd8, 0x7a, 0x5a, 0x56, 0x70, 0xaa, 0xf8, 0xff, 0xff, 0xff, 0xff, 0xd8, 0x7a, 0x58, 0x58, 0x76, 0xc4, 0xff, 0xff, 0x7c, 0x4e, 0x4e, 0x4e, 0x4e, 0x4e, 0x4e, 0x62, 0x94, 0xde, 0x5a, 0x00, 0x00,  //...+@@@@@++++%@@@@@@++++@@@++++++++%@+.. 
  0x00, 0x00, 0x00, 0x00, 0x8e, 0xff, 0xff, 0xff, 0xff, 0xff, 0xff, 0xff, 0xff, 0xff, 0xff, 0xff, 0xff, 0xff, 0xff, 0xff, 0xff, 0xff, 0xff, 0xff, 0xff, 0xff, 0xff, 0xff, 0xff, 0xfa, 0x86, 0x86, 0x86, 0x86, 0x82, 0x5a, 0x08, 0x00, 0x00, 0x00,  //....%@@@@@@@@@@@@@@@@@@@@@@@@@%%%%%+.... 
  0x00, 0x00, 0x00, 0x00, 0x00, 0x74, 0xf2, 0xff, 0xff, 0xff, 0xff, 0xff, 0xff, 0xff, 0xff, 0xff, 0xff, 0xff, 0xff, 0xff, 0xff, 0xff, 0xff, 0xff, 0xff, 0xff, 0xff, 0xff, 0xff, 0xcc, 0x00, 0x00, 0x00, 0x00, 0x00, 0x00, 0x00, 0x00, 0x00, 0x00,  //.....+@@@@@@@@@@@@@@@@@@@@@@@@.......... 
  0x00, 0x00, 0x00, 0x00, 0x00, 0x00, 0x16, 0x82, 0xca, 0xfc, 0xff, 0xff, 0xff, 0xff, 0xff, 0xff, 0xff, 0xff, 0xff, 0xff, 0xff, 0xff, 0xff, 0xff, 0xff, 0xff, 0xff, 0xff, 0xff, 0x92, 0x00, 0x00, 0x00, 0x00, 0x00, 0x00, 0x00, 0x00, 0x00, 0x00,  //.......%@@@@@@@@@@@@@@@@@@@@@%.......... 
  0x00, 0x00, 0x00, 0x00, 0x00, 0x00, 0x00, 0x00, 0x00, 0x08, 0x1e, 0x30, 0x36, 0x36, 0x36, 0x36, 0x36, 0x36, 0x36, 0x36, 0x36, 0x36, 0x36, 0x36, 0x36, 0x36, 0x36, 0x36, 0x36, 0x18, 0x00, 0x00, 0x00, 0x00, 0x00, 0x00, 0x00, 0x00, 0x00, 0x00,  //........................................ 


#endif
};


/*Store the glyph descriptions*/
static const lv_font_glyph_dsc_t interui_20_glyph_dsc[] =
{
#if USE_INTERUI_20 == 8
  {.w_px = 6,	.glyph_index = 0},	/*Unicode: U+0020 ( )*/
  {.w_px = 4,	.glyph_index = 126},	/*Unicode: U+0021 (!)*/
  {.w_px = 7,	.glyph_index = 210},	/*Unicode: U+0022 (")*/
  {.w_px = 9,	.glyph_index = 357},	/*Unicode: U+0023 (#)*/
  {.w_px = 8,	.glyph_index = 546},	/*Unicode: U+0024 ($)*/
  {.w_px = 14,	.glyph_index = 714},	/*Unicode: U+0025 (%)*/
  {.w_px = 11,	.glyph_index = 1008},	/*Unicode: U+0026 (&)*/
  {.w_px = 3,	.glyph_index = 1239},	/*Unicode: U+0027 (')*/
  {.w_px = 4,	.glyph_index = 1302},	/*Unicode: U+0028 (()*/
  {.w_px = 5,	.glyph_index = 1386},	/*Unicode: U+0029 ())*/
  {.w_px = 7,	.glyph_index = 1491},	/*Unicode: U+002a (*)*/
  {.w_px = 9,	.glyph_index = 1638},	/*Unicode: U+002b (+)*/
  {.w_px = 5,	.glyph_index = 1827},	/*Unicode: U+002c (,)*/
  {.w_px = 5,	.glyph_index = 1932},	/*Unicode: U+002d (-)*/
  {.w_px = 3,	.glyph_index = 2037},	/*Unicode: U+002e (.)*/
  {.w_px = 6,	.glyph_index = 2100},	/*Unicode: U+002f (/)*/
  {.w_px = 9,	.glyph_index = 2226},	/*Unicode: U+0030 (0)*/
  {.w_px = 7,	.glyph_index = 2415},	/*Unicode: U+0031 (1)*/
  {.w_px = 9,	.glyph_index = 2562},	/*Unicode: U+0032 (2)*/
  {.w_px = 8,	.glyph_index = 2751},	/*Unicode: U+0033 (3)*/
  {.w_px = 9,	.glyph_index = 2919},	/*Unicode: U+0034 (4)*/
  {.w_px = 8,	.glyph_index = 3108},	/*Unicode: U+0035 (5)*/
  {.w_px = 9,	.glyph_index = 3276},	/*Unicode: U+0036 (6)*/
  {.w_px = 9,	.glyph_index = 3465},	/*Unicode: U+0037 (7)*/
  {.w_px = 9,	.glyph_index = 3654},	/*Unicode: U+0038 (8)*/
  {.w_px = 9,	.glyph_index = 3843},	/*Unicode: U+0039 (9)*/
  {.w_px = 3,	.glyph_index = 4032},	/*Unicode: U+003a (:)*/
  {.w_px = 5,	.glyph_index = 4095},	/*Unicode: U+003b (;)*/
  {.w_px = 9,	.glyph_index = 4200},	/*Unicode: U+003c (<)*/
  {.w_px = 9,	.glyph_index = 4389},	/*Unicode: U+003d (=)*/
  {.w_px = 9,	.glyph_index = 4578},	/*Unicode: U+003e (>)*/
  {.w_px = 7,	.glyph_index = 4767},	/*Unicode: U+003f (?)*/
  {.w_px = 15,	.glyph_index = 4914},	/*Unicode: U+0040 (@)*/
  {.w_px = 10,	.glyph_index = 5229},	/*Unicode: U+0041 (A)*/
  {.w_px = 9,	.glyph_index = 5439},	/*Unicode: U+0042 (B)*/
  {.w_px = 10,	.glyph_index = 5628},	/*Unicode: U+0043 (C)*/
  {.w_px = 9,	.glyph_index = 5838},	/*Unicode: U+0044 (D)*/
  {.w_px = 8,	.glyph_index = 6027},	/*Unicode: U+0045 (E)*/
  {.w_px = 8,	.glyph_index = 6195},	/*Unicode: U+0046 (F)*/
  {.w_px = 10,	.glyph_index = 6363},	/*Unicode: U+0047 (G)*/
  {.w_px = 9,	.glyph_index = 6573},	/*Unicode: U+0048 (H)*/
  {.w_px = 3,	.glyph_index = 6762},	/*Unicode: U+0049 (I)*/
  {.w_px = 8,	.glyph_index = 6825},	/*Unicode: U+004a (J)*/
  {.w_px = 10,	.glyph_index = 6993},	/*Unicode: U+004b (K)*/
  {.w_px = 8,	.glyph_index = 7203},	/*Unicode: U+004c (L)*/
  {.w_px = 11,	.glyph_index = 7371},	/*Unicode: U+004d (M)*/
  {.w_px = 9,	.glyph_index = 7602},	/*Unicode: U+004e (N)*/
  {.w_px = 11,	.glyph_index = 7791},	/*Unicode: U+004f (O)*/
  {.w_px = 9,	.glyph_index = 8022},	/*Unicode: U+0050 (P)*/
  {.w_px = 12,	.glyph_index = 8211},	/*Unicode: U+0051 (Q)*/
  {.w_px = 9,	.glyph_index = 8463},	/*Unicode: U+0052 (R)*/
  {.w_px = 9,	.glyph_index = 8652},	/*Unicode: U+0053 (S)*/
  {.w_px = 9,	.glyph_index = 8841},	/*Unicode: U+0054 (T)*/
  {.w_px = 9,	.glyph_index = 9030},	/*Unicode: U+0055 (U)*/
  {.w_px = 10,	.glyph_index = 9219},	/*Unicode: U+0056 (V)*/
  {.w_px = 14,	.glyph_index = 9429},	/*Unicode: U+0057 (W)*/
  {.w_px = 10,	.glyph_index = 9723},	/*Unicode: U+0058 (X)*/
  {.w_px = 9,	.glyph_index = 9933},	/*Unicode: U+0059 (Y)*/
  {.w_px = 9,	.glyph_index = 10122},	/*Unicode: U+005a (Z)*/
  {.w_px = 4,	.glyph_index = 10311},	/*Unicode: U+005b ([)*/
  {.w_px = 6,	.glyph_index = 10395},	/*Unicode: U+005c (\)*/
  {.w_px = 5,	.glyph_index = 10521},	/*Unicode: U+005d (])*/
  {.w_px = 7,	.glyph_index = 10626},	/*Unicode: U+005e (^)*/
  {.w_px = 9,	.glyph_index = 10773},	/*Unicode: U+005f (_)*/
  {.w_px = 5,	.glyph_index = 10962},	/*Unicode: U+0060 (`)*/
  {.w_px = 8,	.glyph_index = 11067},	/*Unicode: U+0061 (a)*/
  {.w_px = 8,	.glyph_index = 11235},	/*Unicode: U+0062 (b)*/
  {.w_px = 8,	.glyph_index = 11403},	/*Unicode: U+0063 (c)*/
  {.w_px = 9,	.glyph_index = 11571},	/*Unicode: U+0064 (d)*/
  {.w_px = 9,	.glyph_index = 11760},	/*Unicode: U+0065 (e)*/
  {.w_px = 7,	.glyph_index = 11949},	/*Unicode: U+0066 (f)*/
  {.w_px = 9,	.glyph_index = 12096},	/*Unicode: U+0067 (g)*/
  {.w_px = 8,	.glyph_index = 12285},	/*Unicode: U+0068 (h)*/
  {.w_px = 3,	.glyph_index = 12453},	/*Unicode: U+0069 (i)*/
  {.w_px = 4,	.glyph_index = 12516},	/*Unicode: U+006a (j)*/
  {.w_px = 8,	.glyph_index = 12600},	/*Unicode: U+006b (k)*/
  {.w_px = 4,	.glyph_index = 12768},	/*Unicode: U+006c (l)*/
  {.w_px = 13,	.glyph_index = 12852},	/*Unicode: U+006d (m)*/
  {.w_px = 8,	.glyph_index = 13125},	/*Unicode: U+006e (n)*/
  {.w_px = 9,	.glyph_index = 13293},	/*Unicode: U+006f (o)*/
  {.w_px = 8,	.glyph_index = 13482},	/*Unicode: U+0070 (p)*/
  {.w_px = 9,	.glyph_index = 13650},	/*Unicode: U+0071 (q)*/
  {.w_px = 6,	.glyph_index = 13839},	/*Unicode: U+0072 (r)*/
  {.w_px = 7,	.glyph_index = 13965},	/*Unicode: U+0073 (s)*/
  {.w_px = 6,	.glyph_index = 14112},	/*Unicode: U+0074 (t)*/
  {.w_px = 8,	.glyph_index = 14238},	/*Unicode: U+0075 (u)*/
  {.w_px = 9,	.glyph_index = 14406},	/*Unicode: U+0076 (v)*/
  {.w_px = 13,	.glyph_index = 14595},	/*Unicode: U+0077 (w)*/
  {.w_px = 9,	.glyph_index = 14868},	/*Unicode: U+0078 (x)*/
  {.w_px = 9,	.glyph_index = 15057},	/*Unicode: U+0079 (y)*/
  {.w_px = 8,	.glyph_index = 15246},	/*Unicode: U+007a (z)*/
  {.w_px = 5,	.glyph_index = 15414},	/*Unicode: U+007b ({)*/
  {.w_px = 2,	.glyph_index = 15519},	/*Unicode: U+007c (|)*/
  {.w_px = 6,	.glyph_index = 15561},	/*Unicode: U+007d (})*/
  {.w_px = 9,	.glyph_index = 15687},	/*Unicode: U+007e (~)*/
  {.w_px = 6,	.glyph_index = 15876},	/*Unicode: U+00b0 (°)*/
  {.w_px = 3,	.glyph_index = 16002},	/*Unicode: U+00b7 (·)*/
  {.w_px = 11,	.glyph_index = 16065},	/*Unicode: U+00d7 (×)*/
  {.w_px = 9,	.glyph_index = 16296},	/*Unicode: U+00e8 (è)*/
  {.w_px = 15,	.glyph_index = 16485},	/*Unicode: U+2103 (℃)*/
  {.w_px = 67,	.glyph_index = 16800},	/*Unicode: U+24b6 (Ⓐ)*/
  {.w_px = 33,	.glyph_index = 18207},	/*Unicode: U+24b7 (Ⓑ)*/
  {.w_px = 102,	.glyph_index = 18900},	/*Unicode: U+24b9 (Ⓓ)*/
  {.w_px = 82,	.glyph_index = 21042},	/*Unicode: U+24bb (Ⓕ)*/
  {.w_px = 49,	.glyph_index = 22764},	/*Unicode: U+24c1 (Ⓛ)*/
  {.w_px = 39,	.glyph_index = 23793},	/*Unicode: U+24c2 (Ⓜ)*/
  {.w_px = 39,	.glyph_index = 24612},	/*Unicode: U+24c5 (Ⓟ)*/
  {.w_px = 59,	.glyph_index = 25431},	/*Unicode: U+24ca (Ⓤ)*/
  {.w_px = 6,	.glyph_index = 26670},	/*Unicode: U+3000 (　)*/
  {.w_px = 14,	.glyph_index = 26796},	/*Unicode: U+ac00 (가)*/
  {.w_px = 14,	.glyph_index = 27090},	/*Unicode: U+ac04 (간)*/
  {.w_px = 14,	.glyph_index = 27384},	/*Unicode: U+ac11 (갑)*/
  {.w_px = 13,	.glyph_index = 27678},	/*Unicode: U+ac1c (개)*/
  {.w_px = 13,	.glyph_index = 27951},	/*Unicode: U+ac70 (거)*/
  {.w_px = 13,	.glyph_index = 28224},	/*Unicode: U+ac74 (건)*/
  {.w_px = 13,	.glyph_index = 28497},	/*Unicode: U+ac8c (게)*/
  {.w_px = 13,	.glyph_index = 28770},	/*Unicode: U+acb0 (결)*/
  {.w_px = 13,	.glyph_index = 29043},	/*Unicode: U+acbd (경)*/
  {.w_px = 14,	.glyph_index = 29316},	/*Unicode: U+ace0 (고)*/
  {.w_px = 14,	.glyph_index = 29610},	/*Unicode: U+acfc (과)*/
  {.w_px = 14,	.glyph_index = 29904},	/*Unicode: U+ad6c (구)*/
  {.w_px = 13,	.glyph_index = 30198},	/*Unicode: U+ad8c (권)*/
  {.w_px = 14,	.glyph_index = 30471},	/*Unicode: U+adf8 (그)*/
  {.w_px = 14,	.glyph_index = 30765},	/*Unicode: U+ae08 (금)*/
  {.w_px = 13,	.glyph_index = 31059},	/*Unicode: U+ae30 (기)*/
  {.w_px = 14,	.glyph_index = 31332},	/*Unicode: U+ae4c (까)*/
  {.w_px = 13,	.glyph_index = 31626},	/*Unicode: U+aebc (꺼)*/
  {.w_px = 13,	.glyph_index = 31899},	/*Unicode: U+b098 (나)*/
  {.w_px = 12,	.glyph_index = 32172},	/*Unicode: U+b0b4 (내)*/
  {.w_px = 12,	.glyph_index = 32424},	/*Unicode: U+b0b8 (낸)*/
  {.w_px = 12,	.glyph_index = 32676},	/*Unicode: U+b108 (너)*/
  {.w_px = 14,	.glyph_index = 32928},	/*Unicode: U+b179 (녹)*/
  {.w_px = 14,	.glyph_index = 33222},	/*Unicode: U+b205 (눅)*/
  {.w_px = 14,	.glyph_index = 33516},	/*Unicode: U+b294 (는)*/
  {.w_px = 14,	.glyph_index = 33810},	/*Unicode: U+b2a5 (능)*/
  {.w_px = 12,	.glyph_index = 34104},	/*Unicode: U+b2c8 (니)*/
  {.w_px = 13,	.glyph_index = 34356},	/*Unicode: U+b2e4 (다)*/
  {.w_px = 13,	.glyph_index = 34629},	/*Unicode: U+b2f9 (당)*/
  {.w_px = 12,	.glyph_index = 34902},	/*Unicode: U+b300 (대)*/
  {.w_px = 12,	.glyph_index = 35154},	/*Unicode: U+b354 (더)*/
  {.w_px = 12,	.glyph_index = 35406},	/*Unicode: U+b370 (데)*/
  {.w_px = 14,	.glyph_index = 35658},	/*Unicode: U+b3c4 (도)*/
  {.w_px = 14,	.glyph_index = 35952},	/*Unicode: U+b3cc (돌)*/
  {.w_px = 14,	.glyph_index = 36246},	/*Unicode: U+b3d9 (동)*/
  {.w_px = 13,	.glyph_index = 36540},	/*Unicode: U+b418 (되)*/
  {.w_px = 13,	.glyph_index = 36813},	/*Unicode: U+b41c (된)*/
  {.w_px = 13,	.glyph_index = 37086},	/*Unicode: U+b428 (됨)*/
  {.w_px = 13,	.glyph_index = 37359},	/*Unicode: U+b429 (됩)*/
  {.w_px = 14,	.glyph_index = 37632},	/*Unicode: U+b450 (두)*/
  {.w_px = 13,	.glyph_index = 37926},	/*Unicode: U+b4a4 (뒤)*/
  {.w_px = 14,	.glyph_index = 38199},	/*Unicode: U+b4c8 (듈)*/
  {.w_px = 14,	.glyph_index = 38493},	/*Unicode: U+b4dc (드)*/
  {.w_px = 14,	.glyph_index = 38787},	/*Unicode: U+b4e0 (든)*/
  {.w_px = 14,	.glyph_index = 39081},	/*Unicode: U+b4f1 (등)*/
  {.w_px = 12,	.glyph_index = 39375},	/*Unicode: U+b529 (딩)*/
  {.w_px = 13,	.glyph_index = 39627},	/*Unicode: U+b6f0 (뛰)*/
  {.w_px = 13,	.glyph_index = 39900},	/*Unicode: U+b7c9 (량)*/
  {.w_px = 12,	.glyph_index = 40173},	/*Unicode: U+b7f0 (런)*/
  {.w_px = 13,	.glyph_index = 40425},	/*Unicode: U+b808 (레)*/
  {.w_px = 12,	.glyph_index = 40698},	/*Unicode: U+b824 (려)*/
  {.w_px = 12,	.glyph_index = 40950},	/*Unicode: U+b825 (력)*/
  {.w_px = 14,	.glyph_index = 41202},	/*Unicode: U+b85c (로)*/
  {.w_px = 14,	.glyph_index = 41496},	/*Unicode: U+b8cc (료)*/
  {.w_px = 14,	.glyph_index = 41790},	/*Unicode: U+b958 (류)*/
  {.w_px = 14,	.glyph_index = 42084},	/*Unicode: U+b968 (륨)*/
  {.w_px = 14,	.glyph_index = 42378},	/*Unicode: U+b97c (를)*/
  {.w_px = 12,	.glyph_index = 42672},	/*Unicode: U+b9ac (리)*/
  {.w_px = 12,	.glyph_index = 42924},	/*Unicode: U+b9b0 (린)*/
  {.w_px = 12,	.glyph_index = 43176},	/*Unicode: U+b9c1 (링)*/
  {.w_px = 13,	.glyph_index = 43428},	/*Unicode: U+b9c8 (마)*/
  {.w_px = 13,	.glyph_index = 43701},	/*Unicode: U+b9cc (만)*/
  {.w_px = 12,	.glyph_index = 43974},	/*Unicode: U+b9f7 (맷)*/
  {.w_px = 12,	.glyph_index = 44226},	/*Unicode: U+ba54 (메)*/
  {.w_px = 12,	.glyph_index = 44478},	/*Unicode: U+ba70 (며)*/
  {.w_px = 12,	.glyph_index = 44730},	/*Unicode: U+ba74 (면)*/
  {.w_px = 14,	.glyph_index = 44982},	/*Unicode: U+baa8 (모)*/
  {.w_px = 14,	.glyph_index = 45276},	/*Unicode: U+baa9 (목)*/
  {.w_px = 14,	.glyph_index = 45570},	/*Unicode: U+bba4 (뮤)*/
  {.w_px = 14,	.glyph_index = 45864},	/*Unicode: U+bbac (뮬)*/
  {.w_px = 12,	.glyph_index = 46158},	/*Unicode: U+bbf8 (미)*/
  {.w_px = 12,	.glyph_index = 46410},	/*Unicode: U+bc0f (및)*/
  {.w_px = 13,	.glyph_index = 46662},	/*Unicode: U+bc14 (바)*/
  {.w_px = 13,	.glyph_index = 46935},	/*Unicode: U+bc18 (반)*/
  {.w_px = 13,	.glyph_index = 47208},	/*Unicode: U+bc29 (방)*/
  {.w_px = 12,	.glyph_index = 47481},	/*Unicode: U+bc30 (배)*/
  {.w_px = 12,	.glyph_index = 47733},	/*Unicode: U+bc31 (백)*/
  {.w_px = 12,	.glyph_index = 47985},	/*Unicode: U+bc84 (버)*/
  {.w_px = 12,	.glyph_index = 48237},	/*Unicode: U+bc94 (범)*/
  {.w_px = 12,	.glyph_index = 48489},	/*Unicode: U+bcc0 (변)*/
  {.w_px = 12,	.glyph_index = 48741},	/*Unicode: U+bcc4 (별)*/
  {.w_px = 14,	.glyph_index = 48993},	/*Unicode: U+bcf4 (보)*/
  {.w_px = 14,	.glyph_index = 49287},	/*Unicode: U+bcf5 (복)*/
  {.w_px = 14,	.glyph_index = 49581},	/*Unicode: U+bcf8 (본)*/
  {.w_px = 14,	.glyph_index = 49875},	/*Unicode: U+bcfc (볼)*/
  {.w_px = 14,	.glyph_index = 50169},	/*Unicode: U+bd80 (부)*/
  {.w_px = 14,	.glyph_index = 50463},	/*Unicode: U+bd84 (분)*/
  {.w_px = 14,	.glyph_index = 50757},	/*Unicode: U+be0c (브)*/
  {.w_px = 14,	.glyph_index = 51051},	/*Unicode: U+be14 (블)*/
  {.w_px = 14,	.glyph_index = 51345},	/*Unicode: U+c0ac (사)*/
  {.w_px = 14,	.glyph_index = 51639},	/*Unicode: U+c0c1 (상)*/
  {.w_px = 13,	.glyph_index = 51933},	/*Unicode: U+c0dd (생)*/
  {.w_px = 14,	.glyph_index = 52206},	/*Unicode: U+c0f7 (샷)*/
  {.w_px = 13,	.glyph_index = 52500},	/*Unicode: U+c11c (서)*/
  {.w_px = 13,	.glyph_index = 52773},	/*Unicode: U+c120 (선)*/
  {.w_px = 13,	.glyph_index = 53046},	/*Unicode: U+c124 (설)*/
  {.w_px = 13,	.glyph_index = 53319},	/*Unicode: U+c131 (성)*/
  {.w_px = 13,	.glyph_index = 53592},	/*Unicode: U+c138 (세)*/
  {.w_px = 13,	.glyph_index = 53865},	/*Unicode: U+c139 (섹)*/
  {.w_px = 13,	.glyph_index = 54138},	/*Unicode: U+c158 (션)*/
  {.w_px = 14,	.glyph_index = 54411},	/*Unicode: U+c18c (소)*/
  {.w_px = 14,	.glyph_index = 54705},	/*Unicode: U+c190 (손)*/
  {.w_px = 14,	.glyph_index = 54999},	/*Unicode: U+c1a1 (송)*/
  {.w_px = 14,	.glyph_index = 55293},	/*Unicode: U+c218 (수)*/
  {.w_px = 14,	.glyph_index = 55587},	/*Unicode: U+c2a4 (스)*/
  {.w_px = 14,	.glyph_index = 55881},	/*Unicode: U+c2b5 (습)*/
  {.w_px = 13,	.glyph_index = 56175},	/*Unicode: U+c2dc (시)*/
  {.w_px = 13,	.glyph_index = 56448},	/*Unicode: U+c2e0 (신)*/
  {.w_px = 13,	.glyph_index = 56721},	/*Unicode: U+c2ed (십)*/
  {.w_px = 14,	.glyph_index = 56994},	/*Unicode: U+c4f0 (쓰)*/
  {.w_px = 14,	.glyph_index = 57288},	/*Unicode: U+c544 (아)*/
  {.w_px = 14,	.glyph_index = 57582},	/*Unicode: U+c548 (안)*/
  {.w_px = 14,	.glyph_index = 57876},	/*Unicode: U+c54a (않)*/
  {.w_px = 13,	.glyph_index = 58170},	/*Unicode: U+c568 (앨)*/
  {.w_px = 13,	.glyph_index = 58443},	/*Unicode: U+c5b4 (어)*/
  {.w_px = 13,	.glyph_index = 58716},	/*Unicode: U+c5c5 (업)*/
  {.w_px = 14,	.glyph_index = 58989},	/*Unicode: U+c5c6 (없)*/
  {.w_px = 14,	.glyph_index = 59283},	/*Unicode: U+c5c8 (었)*/
  {.w_px = 13,	.glyph_index = 59577},	/*Unicode: U+c5d0 (에)*/
  {.w_px = 13,	.glyph_index = 59850},	/*Unicode: U+c5ec (여)*/
  {.w_px = 13,	.glyph_index = 60123},	/*Unicode: U+c5f0 (연)*/
  {.w_px = 14,	.glyph_index = 60396},	/*Unicode: U+c624 (오)*/
  {.w_px = 14,	.glyph_index = 60690},	/*Unicode: U+c640 (와)*/
  {.w_px = 14,	.glyph_index = 60984},	/*Unicode: U+c644 (완)*/
  {.w_px = 13,	.glyph_index = 61278},	/*Unicode: U+c678 (외)*/
  {.w_px = 14,	.glyph_index = 61551},	/*Unicode: U+c694 (요)*/
  {.w_px = 14,	.glyph_index = 61845},	/*Unicode: U+c6a9 (용)*/
  {.w_px = 14,	.glyph_index = 62139},	/*Unicode: U+c6b0 (우)*/
  {.w_px = 14,	.glyph_index = 62433},	/*Unicode: U+c6b4 (운)*/
  {.w_px = 13,	.glyph_index = 62727},	/*Unicode: U+c6d0 (원)*/
  {.w_px = 13,	.glyph_index = 63000},	/*Unicode: U+c6d4 (월)*/
  {.w_px = 13,	.glyph_index = 63273},	/*Unicode: U+c6e8 (웨)*/
  {.w_px = 13,	.glyph_index = 63546},	/*Unicode: U+c704 (위)*/
  {.w_px = 14,	.glyph_index = 63819},	/*Unicode: U+c720 (유)*/
  {.w_px = 14,	.glyph_index = 64113},	/*Unicode: U+c73c (으)*/
  {.w_px = 14,	.glyph_index = 64407},	/*Unicode: U+c740 (은)*/
  {.w_px = 14,	.glyph_index = 64701},	/*Unicode: U+c744 (을)*/
  {.w_px = 13,	.glyph_index = 64995},	/*Unicode: U+c758 (의)*/
  {.w_px = 12,	.glyph_index = 65268},	/*Unicode: U+c774 (이)*/
  {.w_px = 13,	.glyph_index = 65520},	/*Unicode: U+c778 (인)*/
  {.w_px = 13,	.glyph_index = 65793},	/*Unicode: U+c77c (일)*/
  {.w_px = 13,	.glyph_index = 66066},	/*Unicode: U+c77d (읽)*/
  {.w_px = 13,	.glyph_index = 66339},	/*Unicode: U+c784 (임)*/
  {.w_px = 13,	.glyph_index = 66612},	/*Unicode: U+c785 (입)*/
  {.w_px = 14,	.glyph_index = 66885},	/*Unicode: U+c788 (있)*/
  {.w_px = 14,	.glyph_index = 67179},	/*Unicode: U+c790 (자)*/
  {.w_px = 14,	.glyph_index = 67473},	/*Unicode: U+c791 (작)*/
  {.w_px = 14,	.glyph_index = 67767},	/*Unicode: U+c7a5 (장)*/
  {.w_px = 13,	.glyph_index = 68061},	/*Unicode: U+c7ac (재)*/
  {.w_px = 13,	.glyph_index = 68334},	/*Unicode: U+c800 (저)*/
  {.w_px = 13,	.glyph_index = 68607},	/*Unicode: U+c801 (적)*/
  {.w_px = 13,	.glyph_index = 68880},	/*Unicode: U+c804 (전)*/
  {.w_px = 13,	.glyph_index = 69153},	/*Unicode: U+c815 (정)*/
  {.w_px = 13,	.glyph_index = 69426},	/*Unicode: U+c81c (제)*/
  {.w_px = 14,	.glyph_index = 69699},	/*Unicode: U+c870 (조)*/
  {.w_px = 14,	.glyph_index = 69993},	/*Unicode: U+c885 (종)*/
  {.w_px = 14,	.glyph_index = 70287},	/*Unicode: U+c8fc (주)*/
  {.w_px = 14,	.glyph_index = 70581},	/*Unicode: U+c911 (중)*/
  {.w_px = 14,	.glyph_index = 70875},	/*Unicode: U+c989 (즉)*/
  {.w_px = 13,	.glyph_index = 71169},	/*Unicode: U+c9c0 (지)*/
  {.w_px = 13,	.glyph_index = 71442},	/*Unicode: U+c9c4 (진)*/
  {.w_px = 13,	.glyph_index = 71715},	/*Unicode: U+cc98 (처)*/
  {.w_px = 13,	.glyph_index = 71988},	/*Unicode: U+ccb4 (체)*/
  {.w_px = 14,	.glyph_index = 72261},	/*Unicode: U+cd08 (초)*/
  {.w_px = 13,	.glyph_index = 72555},	/*Unicode: U+cd5c (최)*/
  {.w_px = 14,	.glyph_index = 72828},	/*Unicode: U+cda9 (충)*/
  {.w_px = 13,	.glyph_index = 73122},	/*Unicode: U+ce58 (치)*/
  {.w_px = 14,	.glyph_index = 73395},	/*Unicode: U+ce74 (카)*/
  {.w_px = 13,	.glyph_index = 73689},	/*Unicode: U+cee4 (커)*/
  {.w_px = 13,	.glyph_index = 73962},	/*Unicode: U+cf00 (케)*/
  {.w_px = 14,	.glyph_index = 74235},	/*Unicode: U+cf58 (콘)*/
  {.w_px = 14,	.glyph_index = 74529},	/*Unicode: U+d06c (크)*/
  {.w_px = 13,	.glyph_index = 74823},	/*Unicode: U+d0b5 (킵)*/
  {.w_px = 12,	.glyph_index = 75096},	/*Unicode: U+d0dd (택)*/
  {.w_px = 12,	.glyph_index = 75348},	/*Unicode: U+d130 (터)*/
  {.w_px = 12,	.glyph_index = 75600},	/*Unicode: U+d140 (텀)*/
  {.w_px = 12,	.glyph_index = 75852},	/*Unicode: U+d15c (템)*/
  {.w_px = 14,	.glyph_index = 76104},	/*Unicode: U+d1a0 (토)*/
  {.w_px = 14,	.glyph_index = 76398},	/*Unicode: U+d1a1 (톡)*/
  {.w_px = 14,	.glyph_index = 76692},	/*Unicode: U+d1b5 (통)*/
  {.w_px = 14,	.glyph_index = 76986},	/*Unicode: U+d22c (투)*/
  {.w_px = 14,	.glyph_index = 77280},	/*Unicode: U+d2b8 (트)*/
  {.w_px = 14,	.glyph_index = 77574},	/*Unicode: U+d2bc (튼)*/
  {.w_px = 12,	.glyph_index = 77868},	/*Unicode: U+d2f0 (티)*/
  {.w_px = 12,	.glyph_index = 78120},	/*Unicode: U+d305 (팅)*/
  {.w_px = 14,	.glyph_index = 78372},	/*Unicode: U+d30c (파)*/
  {.w_px = 14,	.glyph_index = 78666},	/*Unicode: U+d310 (판)*/
  {.w_px = 13,	.glyph_index = 78960},	/*Unicode: U+d38c (펌)*/
  {.w_px = 13,	.glyph_index = 79233},	/*Unicode: U+d398 (페)*/
  {.w_px = 14,	.glyph_index = 79506},	/*Unicode: U+d3ec (포)*/
  {.w_px = 14,	.glyph_index = 79800},	/*Unicode: U+d3f4 (폴)*/
  {.w_px = 14,	.glyph_index = 80094},	/*Unicode: U+d45c (표)*/
  {.w_px = 13,	.glyph_index = 80388},	/*Unicode: U+d544 (필)*/
  {.w_px = 14,	.glyph_index = 80661},	/*Unicode: U+d558 (하)*/
  {.w_px = 14,	.glyph_index = 80955},	/*Unicode: U+d55c (한)*/
  {.w_px = 14,	.glyph_index = 81249},	/*Unicode: U+d560 (할)*/
  {.w_px = 14,	.glyph_index = 81543},	/*Unicode: U+d569 (합)*/
  {.w_px = 13,	.glyph_index = 81837},	/*Unicode: U+d574 (해)*/
  {.w_px = 13,	.glyph_index = 82110},	/*Unicode: U+d589 (행)*/
  {.w_px = 13,	.glyph_index = 82383},	/*Unicode: U+d604 (현)*/
  {.w_px = 13,	.glyph_index = 82656},	/*Unicode: U+d615 (형)*/
  {.w_px = 14,	.glyph_index = 82929},	/*Unicode: U+d638 (호)*/
  {.w_px = 14,	.glyph_index = 83223},	/*Unicode: U+d639 (혹)*/
  {.w_px = 14,	.glyph_index = 83517},	/*Unicode: U+d648 (홈)*/
  {.w_px = 14,	.glyph_index = 83811},	/*Unicode: U+d654 (화)*/
  {.w_px = 14,	.glyph_index = 84105},	/*Unicode: U+d655 (확)*/
  {.w_px = 14,	.glyph_index = 84399},	/*Unicode: U+d65c (활)*/
  {.w_px = 14,	.glyph_index = 84693},	/*Unicode: U+d6c4 (후)*/
  {.w_px = 68,	.glyph_index = 84987},	/*Unicode: U+ff28 (Ｈ)*/
  {.w_px = 42,	.glyph_index = 86415},	/*Unicode: U+ff2c (Ｌ)*/
  {.w_px = 40,	.glyph_index = 87297},	/*Unicode: U+ff35 (Ｕ)*/

#endif
};

/*List of unicode characters*/
static const uint32_t interui_20_unicode_list[] =
{
  0x0020, /*( )*/
  0x0021, /*(!)*/
  0x0022, /*(")*/
  0x0023, /*(#)*/
  0x0024, /*($)*/
  0x0025, /*(%)*/
  0x0026, /*(&)*/
  0x0027, /*(')*/
  0x0028, /*(()*/
  0x0029, /*())*/
  0x002a, /*(*)*/
  0x002b, /*(+)*/
  0x002c, /*(,)*/
  0x002d, /*(-)*/
  0x002e, /*(.)*/
  0x002f, /*(/)*/
  0x0030, /*(0)*/
  0x0031, /*(1)*/
  0x0032, /*(2)*/
  0x0033, /*(3)*/
  0x0034, /*(4)*/
  0x0035, /*(5)*/
  0x0036, /*(6)*/
  0x0037, /*(7)*/
  0x0038, /*(8)*/
  0x0039, /*(9)*/
  0x003a, /*(:)*/
  0x003b, /*(;)*/
  0x003c, /*(<)*/
  0x003d, /*(=)*/
  0x003e, /*(>)*/
  0x003f, /*(?)*/
  0x0040, /*(@)*/
  0x0041, /*(A)*/
  0x0042, /*(B)*/
  0x0043, /*(C)*/
  0x0044, /*(D)*/
  0x0045, /*(E)*/
  0x0046, /*(F)*/
  0x0047, /*(G)*/
  0x0048, /*(H)*/
  0x0049, /*(I)*/
  0x004a, /*(J)*/
  0x004b, /*(K)*/
  0x004c, /*(L)*/
  0x004d, /*(M)*/
  0x004e, /*(N)*/
  0x004f, /*(O)*/
  0x0050, /*(P)*/
  0x0051, /*(Q)*/
  0x0052, /*(R)*/
  0x0053, /*(S)*/
  0x0054, /*(T)*/
  0x0055, /*(U)*/
  0x0056, /*(V)*/
  0x0057, /*(W)*/
  0x0058, /*(X)*/
  0x0059, /*(Y)*/
  0x005a, /*(Z)*/
  0x005b, /*([)*/
  0x005c, /*(\)*/
  0x005d, /*(])*/
  0x005e, /*(^)*/
  0x005f, /*(_)*/
  0x0060, /*(`)*/
  0x0061, /*(a)*/
  0x0062, /*(b)*/
  0x0063, /*(c)*/
  0x0064, /*(d)*/
  0x0065, /*(e)*/
  0x0066, /*(f)*/
  0x0067, /*(g)*/
  0x0068, /*(h)*/
  0x0069, /*(i)*/
  0x006a, /*(j)*/
  0x006b, /*(k)*/
  0x006c, /*(l)*/
  0x006d, /*(m)*/
  0x006e, /*(n)*/
  0x006f, /*(o)*/
  0x0070, /*(p)*/
  0x0071, /*(q)*/
  0x0072, /*(r)*/
  0x0073, /*(s)*/
  0x0074, /*(t)*/
  0x0075, /*(u)*/
  0x0076, /*(v)*/
  0x0077, /*(w)*/
  0x0078, /*(x)*/
  0x0079, /*(y)*/
  0x007a, /*(z)*/
  0x007b, /*({)*/
  0x007c, /*(|)*/
  0x007d, /*(})*/
  0x007e, /*(~)*/
  0x00b0, /*(°)*/
  0x00b7, /*(·)*/
  0x00d7, /*(×)*/
  0x00e8, /*(è)*/
  0x2103, /*(℃)*/
  0x24b6, /*(Ⓐ)*/
  0x24b7, /*(Ⓑ)*/
  0x24b9, /*(Ⓓ)*/
  0x24bb, /*(Ⓕ)*/
  0x24c1, /*(Ⓛ)*/
  0x24c2, /*(Ⓜ)*/
  0x24c5, /*(Ⓟ)*/
  0x24ca, /*(Ⓤ)*/
  0x3000, /*(　)*/
  0xac00, /*(가)*/
  0xac04, /*(간)*/
  0xac11, /*(갑)*/
  0xac1c, /*(개)*/
  0xac70, /*(거)*/
  0xac74, /*(건)*/
  0xac8c, /*(게)*/
  0xacb0, /*(결)*/
  0xacbd, /*(경)*/
  0xace0, /*(고)*/
  0xacfc, /*(과)*/
  0xad6c, /*(구)*/
  0xad8c, /*(권)*/
  0xadf8, /*(그)*/
  0xae08, /*(금)*/
  0xae30, /*(기)*/
  0xae4c, /*(까)*/
  0xaebc, /*(꺼)*/
  0xb098, /*(나)*/
  0xb0b4, /*(내)*/
  0xb0b8, /*(낸)*/
  0xb108, /*(너)*/
  0xb179, /*(녹)*/
  0xb205, /*(눅)*/
  0xb294, /*(는)*/
  0xb2a5, /*(능)*/
  0xb2c8, /*(니)*/
  0xb2e4, /*(다)*/
  0xb2f9, /*(당)*/
  0xb300, /*(대)*/
  0xb354, /*(더)*/
  0xb370, /*(데)*/
  0xb3c4, /*(도)*/
  0xb3cc, /*(돌)*/
  0xb3d9, /*(동)*/
  0xb418, /*(되)*/
  0xb41c, /*(된)*/
  0xb428, /*(됨)*/
  0xb429, /*(됩)*/
  0xb450, /*(두)*/
  0xb4a4, /*(뒤)*/
  0xb4c8, /*(듈)*/
  0xb4dc, /*(드)*/
  0xb4e0, /*(든)*/
  0xb4f1, /*(등)*/
  0xb529, /*(딩)*/
  0xb6f0, /*(뛰)*/
  0xb7c9, /*(량)*/
  0xb7f0, /*(런)*/
  0xb808, /*(레)*/
  0xb824, /*(려)*/
  0xb825, /*(력)*/
  0xb85c, /*(로)*/
  0xb8cc, /*(료)*/
  0xb958, /*(류)*/
  0xb968, /*(륨)*/
  0xb97c, /*(를)*/
  0xb9ac, /*(리)*/
  0xb9b0, /*(린)*/
  0xb9c1, /*(링)*/
  0xb9c8, /*(마)*/
  0xb9cc, /*(만)*/
  0xb9f7, /*(맷)*/
  0xba54, /*(메)*/
  0xba70, /*(며)*/
  0xba74, /*(면)*/
  0xbaa8, /*(모)*/
  0xbaa9, /*(목)*/
  0xbba4, /*(뮤)*/
  0xbbac, /*(뮬)*/
  0xbbf8, /*(미)*/
  0xbc0f, /*(및)*/
  0xbc14, /*(바)*/
  0xbc18, /*(반)*/
  0xbc29, /*(방)*/
  0xbc30, /*(배)*/
  0xbc31, /*(백)*/
  0xbc84, /*(버)*/
  0xbc94, /*(범)*/
  0xbcc0, /*(변)*/
  0xbcc4, /*(별)*/
  0xbcf4, /*(보)*/
  0xbcf5, /*(복)*/
  0xbcf8, /*(본)*/
  0xbcfc, /*(볼)*/
  0xbd80, /*(부)*/
  0xbd84, /*(분)*/
  0xbe0c, /*(브)*/
  0xbe14, /*(블)*/
  0xc0ac, /*(사)*/
  0xc0c1, /*(상)*/
  0xc0dd, /*(생)*/
  0xc0f7, /*(샷)*/
  0xc11c, /*(서)*/
  0xc120, /*(선)*/
  0xc124, /*(설)*/
  0xc131, /*(성)*/
  0xc138, /*(세)*/
  0xc139, /*(섹)*/
  0xc158, /*(션)*/
  0xc18c, /*(소)*/
  0xc190, /*(손)*/
  0xc1a1, /*(송)*/
  0xc218, /*(수)*/
  0xc2a4, /*(스)*/
  0xc2b5, /*(습)*/
  0xc2dc, /*(시)*/
  0xc2e0, /*(신)*/
  0xc2ed, /*(십)*/
  0xc4f0, /*(쓰)*/
  0xc544, /*(아)*/
  0xc548, /*(안)*/
  0xc54a, /*(않)*/
  0xc568, /*(앨)*/
  0xc5b4, /*(어)*/
  0xc5c5, /*(업)*/
  0xc5c6, /*(없)*/
  0xc5c8, /*(었)*/
  0xc5d0, /*(에)*/
  0xc5ec, /*(여)*/
  0xc5f0, /*(연)*/
  0xc624, /*(오)*/
  0xc640, /*(와)*/
  0xc644, /*(완)*/
  0xc678, /*(외)*/
  0xc694, /*(요)*/
  0xc6a9, /*(용)*/
  0xc6b0, /*(우)*/
  0xc6b4, /*(운)*/
  0xc6d0, /*(원)*/
  0xc6d4, /*(월)*/
  0xc6e8, /*(웨)*/
  0xc704, /*(위)*/
  0xc720, /*(유)*/
  0xc73c, /*(으)*/
  0xc740, /*(은)*/
  0xc744, /*(을)*/
  0xc758, /*(의)*/
  0xc774, /*(이)*/
  0xc778, /*(인)*/
  0xc77c, /*(일)*/
  0xc77d, /*(읽)*/
  0xc784, /*(임)*/
  0xc785, /*(입)*/
  0xc788, /*(있)*/
  0xc790, /*(자)*/
  0xc791, /*(작)*/
  0xc7a5, /*(장)*/
  0xc7ac, /*(재)*/
  0xc800, /*(저)*/
  0xc801, /*(적)*/
  0xc804, /*(전)*/
  0xc815, /*(정)*/
  0xc81c, /*(제)*/
  0xc870, /*(조)*/
  0xc885, /*(종)*/
  0xc8fc, /*(주)*/
  0xc911, /*(중)*/
  0xc989, /*(즉)*/
  0xc9c0, /*(지)*/
  0xc9c4, /*(진)*/
  0xcc98, /*(처)*/
  0xccb4, /*(체)*/
  0xcd08, /*(초)*/
  0xcd5c, /*(최)*/
  0xcda9, /*(충)*/
  0xce58, /*(치)*/
  0xce74, /*(카)*/
  0xcee4, /*(커)*/
  0xcf00, /*(케)*/
  0xcf58, /*(콘)*/
  0xd06c, /*(크)*/
  0xd0b5, /*(킵)*/
  0xd0dd, /*(택)*/
  0xd130, /*(터)*/
  0xd140, /*(텀)*/
  0xd15c, /*(템)*/
  0xd1a0, /*(토)*/
  0xd1a1, /*(톡)*/
  0xd1b5, /*(통)*/
  0xd22c, /*(투)*/
  0xd2b8, /*(트)*/
  0xd2bc, /*(튼)*/
  0xd2f0, /*(티)*/
  0xd305, /*(팅)*/
  0xd30c, /*(파)*/
  0xd310, /*(판)*/
  0xd38c, /*(펌)*/
  0xd398, /*(페)*/
  0xd3ec, /*(포)*/
  0xd3f4, /*(폴)*/
  0xd45c, /*(표)*/
  0xd544, /*(필)*/
  0xd558, /*(하)*/
  0xd55c, /*(한)*/
  0xd560, /*(할)*/
  0xd569, /*(합)*/
  0xd574, /*(해)*/
  0xd589, /*(행)*/
  0xd604, /*(현)*/
  0xd615, /*(형)*/
  0xd638, /*(호)*/
  0xd639, /*(혹)*/
  0xd648, /*(홈)*/
  0xd654, /*(화)*/
  0xd655, /*(확)*/
  0xd65c, /*(활)*/
  0xd6c4, /*(후)*/
  0xff28, /*(Ｈ)*/
  0xff2c, /*(Ｌ)*/
  0xff35, /*(Ｕ)*/
  0,    /*End indicator*/
};

lv_font_t interui_20 =
{
    .unicode_first = 32,	/*First Unicode letter in this font*/
    .unicode_last = 65364,	/*Last Unicode letter in this font*/
    .h_px = 21,				/*Font height in pixels*/
    .glyph_bitmap = interui_20_glyph_bitmap,	/*Bitmap of glyphs*/
    .glyph_dsc = interui_20_glyph_dsc,		/*Description of glyphs*/
    .glyph_cnt = 320,			/*Number of glyphs in the font*/
    .unicode_list = interui_20_unicode_list,	/*List of unicode characters*/
    .get_bitmap = lv_font_get_bitmap_sparse,	/*Function pointer to get glyph's bitmap*/
    .get_width = lv_font_get_width_sparse,	/*Function pointer to get glyph's width*/
#if USE_INTERUI_20 == 8
    .bpp = 8,				/*Bit per pixel*/
#endif
    .monospace = 0,				/*Fix width (0: if not used)*/
    .next_page = NULL,		/*Pointer to a font extension*/
};

#endif /*USE_INTERUI_20*/