/*
 * Copyright (c) 2025 CTCaer, Asa
 *
 * This program is free software; you can redistribute it and/or modify it
 * under the terms and conditions of the GNU General Public License,
 * version 2, as published by the Free Software Foundation.
 *
 * This program is distributed in the hope it will be useful, but WITHOUT
 * ANY WARRANTY; without even the implied warranty of MERCHANTABILITY or
 * FITNESS FOR A PARTICULAR PURPOSE.  See the GNU General Public License for
 * more details.
 *
 * You should have received a copy of the GNU General Public License
 * along with this program.  If not, see <http://www.gnu.org/licenses/>.
 */

#include "../lv_misc/lv_font.h"

#include <memory_map.h>

#if USE_UBUNTU_MONO != 0	/*Can be enabled in lv_conf.h*/

/***********************************************************************************
 * font/Consolas-Bold.ttf 19 px Font in U+0020 ( ) .. U+ff54 (ｔ)  range with 8 bpp
 * Sparse font with only these characters:  !"#$%&'()*+,-./0123456789:;<=>?@ABCDEFGHIJKLMNOPQRSTUVWXYZ[\]^_`abcdefghijklmnopqrstuvwxyz{|}~°·×è˚가간값개거검고골공과구규균금급기김까나내넘누는능니다단대더덤데도동되된될됩드든디락랍랜량러력렬로록롤롬롯료루류를름리마맞매맷면명모못물및바발배백밸버번벤보복부분불브블비빌빙사삭상샘생서선설성세섹셋션소속손송수스슬습시신실쓰쓸안않암았야어얼업없었에여연열오온올와완요용운원웨위유은을음의이인일읽입있작잘잠장재적전정제조족종좌주준중즈즉지진찾초총최취치칩카커컨코콘크키킷타태택터테템투트티틱파패퍼펌평포폴표품퓨프플필하한할합해했행헬현형호혹화확회횟
***********************************************************************************/

/*Store the image of the letters (glyph)*/
static const uint8_t ubuntu_mono_glyph_bitmap[] =
{
#if USE_UBUNTU_MONO == 8
  /*Unicode: U+0020 ( ) , Width: 5 */
  0x00, 0x00, 0x00, 0x00, 0x00,  //..... 
  0x00, 0x00, 0x00, 0x00, 0x00,  //..... 
  0x00, 0x00, 0x00, 0x00, 0x00,  //..... 
  0x00, 0x00, 0x00, 0x00, 0x00,  //..... 
  0x00, 0x00, 0x00, 0x00, 0x00,  //..... 
  0x00, 0x00, 0x00, 0x00, 0x00,  //..... 
  0x00, 0x00, 0x00, 0x00, 0x00,  //..... 
  0x00, 0x00, 0x00, 0x00, 0x00,  //..... 
  0x00, 0x00, 0x00, 0x00, 0x00,  //..... 
  0x00, 0x00, 0x00, 0x00, 0x00,  //..... 
  0x00, 0x00, 0x00, 0x00, 0x00,  //..... 
  0x00, 0x00, 0x00, 0x00, 0x00,  //..... 
  0x00, 0x00, 0x00, 0x00, 0x00,  //..... 
  0x00, 0x00, 0x00, 0x00, 0x00,  //..... 
  0x00, 0x00, 0x00, 0x00, 0x00,  //..... 
  0x00, 0x00, 0x00, 0x00, 0x00,  //..... 
  0x00, 0x00, 0x00, 0x00, 0x00,  //..... 
  0x00, 0x00, 0x00, 0x00, 0x00,  //..... 
  0x00, 0x00, 0x00, 0x00, 0x00,  //..... 


  /*Unicode: U+0021 (!) , Width: 10 */
  0x00, 0x00, 0x00, 0x00, 0x00, 0x00, 0x00, 0x00, 0x00, 0x00,  //.......... 
  0x00, 0x00, 0x00, 0x00, 0x00, 0x00, 0x00, 0x00, 0x00, 0x00,  //.......... 
  0x00, 0x00, 0x00, 0x00, 0x00, 0x00, 0x00, 0x00, 0x00, 0x00,  //.......... 
  0x00, 0x00, 0x00, 0x00, 0x00, 0x00, 0x00, 0xa6, 0x60, 0x00,  //.......%+. 
  0x00, 0x00, 0x00, 0x00, 0x00, 0x00, 0x5c, 0xff, 0xff, 0x92,  //......+@@% 
  0x00, 0x00, 0x00, 0x00, 0x00, 0x14, 0xea, 0xff, 0xf8, 0x36,  //......@@@. 
  0x00, 0x00, 0x00, 0x00, 0x00, 0xa8, 0xff, 0xff, 0x6e, 0x00,  //.....%@@+. 
  0x00, 0x00, 0x00, 0x00, 0x4c, 0xff, 0xff, 0xac, 0x00, 0x00,  //....+@@%.. 
  0x00, 0x00, 0x00, 0x0e, 0xe4, 0xff, 0xdc, 0x0e, 0x00, 0x00,  //....@@@... 
  0x00, 0x00, 0x00, 0x98, 0xff, 0xf8, 0x32, 0x00, 0x00, 0x00,  //...%@@.... 
  0x00, 0x00, 0x3e, 0xfc, 0xff, 0x6a, 0x00, 0x00, 0x00, 0x00,  //...@@+.... 
  0x00, 0x00, 0x66, 0xfa, 0xa8, 0x00, 0x00, 0x00, 0x00, 0x00,  //..+@%..... 
  0x16, 0x66, 0x1e, 0x32, 0x0c, 0x00, 0x00, 0x00, 0x00, 0x00,  //.+........ 
  0xd0, 0xff, 0xe0, 0x00, 0x00, 0x00, 0x00, 0x00, 0x00, 0x00,  //@@@....... 
  0xe4, 0xff, 0xee, 0x02, 0x00, 0x00, 0x00, 0x00, 0x00, 0x00,  //@@@....... 
  0x30, 0x90, 0x3a, 0x00, 0x00, 0x00, 0x00, 0x00, 0x00, 0x00,  //.%........ 
  0x00, 0x00, 0x00, 0x00, 0x00, 0x00, 0x00, 0x00, 0x00, 0x00,  //.......... 
  0x00, 0x00, 0x00, 0x00, 0x00, 0x00, 0x00, 0x00, 0x00, 0x00,  //.......... 
  0x00, 0x00, 0x00, 0x00, 0x00, 0x00, 0x00, 0x00, 0x00, 0x00,  //.......... 


  /*Unicode: U+0022 (") , Width: 6 */
  0x00, 0x00, 0x00, 0x00, 0x00, 0x00,  //...... 
  0x00, 0x00, 0x00, 0x00, 0x00, 0x00,  //...... 
  0xf4, 0xff, 0x42, 0x5c, 0xff, 0xdc,  //@@++@@ 
  0xe2, 0xff, 0x30, 0x4a, 0xff, 0xca,  //@@.+@@ 
  0xce, 0xff, 0x1e, 0x36, 0xff, 0xb6,  //@@..@% 
  0xbc, 0xff, 0x0c, 0x24, 0xff, 0xa4,  //%@..@% 
  0x00, 0x00, 0x00, 0x00, 0x00, 0x00,  //...... 
  0x00, 0x00, 0x00, 0x00, 0x00, 0x00,  //...... 
  0x00, 0x00, 0x00, 0x00, 0x00, 0x00,  //...... 
  0x00, 0x00, 0x00, 0x00, 0x00, 0x00,  //...... 
  0x00, 0x00, 0x00, 0x00, 0x00, 0x00,  //...... 
  0x00, 0x00, 0x00, 0x00, 0x00, 0x00,  //...... 
  0x00, 0x00, 0x00, 0x00, 0x00, 0x00,  //...... 
  0x00, 0x00, 0x00, 0x00, 0x00, 0x00,  //...... 
  0x00, 0x00, 0x00, 0x00, 0x00, 0x00,  //...... 
  0x00, 0x00, 0x00, 0x00, 0x00, 0x00,  //...... 
  0x00, 0x00, 0x00, 0x00, 0x00, 0x00,  //...... 
  0x00, 0x00, 0x00, 0x00, 0x00, 0x00,  //...... 
  0x00, 0x00, 0x00, 0x00, 0x00, 0x00,  //...... 


  /*Unicode: U+0023 (#) , Width: 10 */
  0x00, 0x00, 0x00, 0x00, 0x00, 0x00, 0x00, 0x00, 0x00, 0x00,  //.......... 
  0x00, 0x00, 0x00, 0x00, 0x00, 0x00, 0x00, 0x00, 0x00, 0x00,  //.......... 
  0x00, 0x00, 0x00, 0x00, 0x00, 0x00, 0x00, 0x00, 0x00, 0x00,  //.......... 
  0x00, 0x00, 0x00, 0x00, 0x00, 0x00, 0x00, 0x00, 0x00, 0x00,  //.......... 
  0x00, 0x00, 0x46, 0xff, 0x6e, 0x00, 0x86, 0xff, 0x2e, 0x00,  //..+@+.%@.. 
  0x00, 0x00, 0x5e, 0xff, 0x56, 0x00, 0x9e, 0xff, 0x16, 0x00,  //..+@+.%@.. 
  0x00, 0x00, 0x76, 0xff, 0x3e, 0x00, 0xb6, 0xfc, 0x02, 0x00,  //..+@..%@.. 
  0x2a, 0xff, 0xff, 0xff, 0xff, 0xff, 0xff, 0xff, 0xff, 0x82,  //.@@@@@@@@% 
  0x2a, 0xff, 0xff, 0xff, 0xff, 0xff, 0xff, 0xff, 0xff, 0x82,  //.@@@@@@@@% 
  0x00, 0x00, 0xcc, 0xe8, 0x00, 0x0e, 0xfc, 0xaa, 0x00, 0x00,  //..@@..@%.. 
  0xa2, 0xff, 0xff, 0xff, 0xff, 0xff, 0xff, 0xff, 0xff, 0x0a,  //%@@@@@@@@. 
  0xa2, 0xff, 0xff, 0xff, 0xff, 0xff, 0xff, 0xff, 0xff, 0x0a,  //%@@@@@@@@. 
  0x00, 0x24, 0xff, 0x92, 0x00, 0x64, 0xff, 0x52, 0x00, 0x00,  //..@%.+@+.. 
  0x00, 0x3e, 0xff, 0x78, 0x00, 0x7c, 0xff, 0x38, 0x00, 0x00,  //..@+.+@... 
  0x00, 0x5a, 0xff, 0x5e, 0x00, 0x96, 0xff, 0x1e, 0x00, 0x00,  //.+@+.%@... 
  0x00, 0x00, 0x00, 0x00, 0x00, 0x00, 0x00, 0x00, 0x00, 0x00,  //.......... 
  0x00, 0x00, 0x00, 0x00, 0x00, 0x00, 0x00, 0x00, 0x00, 0x00,  //.......... 
  0x00, 0x00, 0x00, 0x00, 0x00, 0x00, 0x00, 0x00, 0x00, 0x00,  //.......... 
  0x00, 0x00, 0x00, 0x00, 0x00, 0x00, 0x00, 0x00, 0x00, 0x00,  //.......... 


  /*Unicode: U+0024 ($) , Width: 10 */
  0x00, 0x00, 0x00, 0x00, 0x00, 0x00, 0x00, 0x00, 0x00, 0x00,  //.......... 
  0x00, 0x00, 0x00, 0x00, 0x00, 0x00, 0x00, 0x00, 0x00, 0x00,  //.......... 
  0x00, 0x00, 0x00, 0x00, 0x00, 0xe8, 0xa0, 0x00, 0x00, 0x00,  //.....@%... 
  0x00, 0x00, 0x00, 0x00, 0x0c, 0xff, 0x7e, 0x00, 0x00, 0x00,  //.....@+... 
  0x00, 0x02, 0x6a, 0xc8, 0xf4, 0xff, 0xe0, 0x6c, 0x00, 0x00,  //..+@@@@+.. 
  0x00, 0xa2, 0xff, 0xff, 0xff, 0xff, 0xff, 0xff, 0x32, 0x00,  //.%@@@@@@.. 
  0x10, 0xff, 0xff, 0x5e, 0x80, 0xff, 0x36, 0x96, 0x30, 0x00,  //.@@+%@.%.. 
  0x20, 0xff, 0xff, 0x72, 0xa6, 0xe6, 0x00, 0x00, 0x00, 0x00,  //.@@+%@.... 
  0x00, 0xb8, 0xff, 0xff, 0xff, 0xde, 0x34, 0x00, 0x00, 0x00,  //.%@@@@.... 
  0x00, 0x0a, 0x8e, 0xf2, 0xff, 0xff, 0xff, 0xb8, 0x16, 0x00,  //..%@@@@%.. 
  0x00, 0x00, 0x00, 0x2a, 0xff, 0xd6, 0xfa, 0xff, 0xc6, 0x00,  //....@@@@@. 
  0x00, 0x00, 0x00, 0x4c, 0xff, 0x3e, 0x66, 0xff, 0xff, 0x0a,  //...+@.+@@. 
  0x30, 0xae, 0x48, 0x80, 0xff, 0x2a, 0x98, 0xff, 0xec, 0x00,  //.%+%@.%@@. 
  0x32, 0xff, 0xff, 0xff, 0xff, 0xff, 0xff, 0xff, 0x66, 0x00,  //.@@@@@@@+. 
  0x00, 0x5e, 0xc8, 0xfc, 0xfc, 0xe0, 0xac, 0x3a, 0x00, 0x00,  //.+@@@@%... 
  0x00, 0x00, 0x00, 0xe4, 0xa6, 0x00, 0x00, 0x00, 0x00, 0x00,  //...@%..... 
  0x00, 0x00, 0x0e, 0xff, 0x7c, 0x00, 0x00, 0x00, 0x00, 0x00,  //...@+..... 
  0x00, 0x00, 0x00, 0x00, 0x00, 0x00, 0x00, 0x00, 0x00, 0x00,  //.......... 
  0x00, 0x00, 0x00, 0x00, 0x00, 0x00, 0x00, 0x00, 0x00, 0x00,  //.......... 


  /*Unicode: U+0025 (%) , Width: 10 */
  0x00, 0x00, 0x00, 0x00, 0x00, 0x00, 0x00, 0x00, 0x00, 0x00,  //.......... 
  0x00, 0x00, 0x00, 0x00, 0x00, 0x00, 0x00, 0x00, 0x00, 0x00,  //.......... 
  0x08, 0xa2, 0xf0, 0xd8, 0x44, 0x00, 0x00, 0x2c, 0xfa, 0x92,  //.%@@+...@% 
  0x78, 0xf6, 0x1e, 0xb2, 0xe4, 0x00, 0x00, 0xc6, 0xe4, 0x0c,  //+@.%@..@@. 
  0xa8, 0xde, 0x00, 0x80, 0xff, 0x08, 0x68, 0xff, 0x52, 0x00,  //%@.%@.+@+. 
  0x86, 0xf6, 0x1c, 0xb0, 0xd6, 0x18, 0xee, 0xb0, 0x00, 0x00,  //%@.%@.@%.. 
  0x12, 0xb6, 0xf4, 0xd0, 0x34, 0xaa, 0xf2, 0x1c, 0x00, 0x00,  //.%@@.%@... 
  0x00, 0x00, 0x00, 0x00, 0x4a, 0xff, 0x70, 0x00, 0x00, 0x00,  //....+@+... 
  0x00, 0x00, 0x00, 0x0a, 0xde, 0xcc, 0x02, 0x00, 0x00, 0x00,  //....@@.... 
  0x00, 0x00, 0x00, 0x8c, 0xfc, 0x32, 0x00, 0x00, 0x00, 0x00,  //...%@..... 
  0x00, 0x00, 0x30, 0xfa, 0x90, 0x42, 0xd4, 0xf0, 0xa8, 0x08,  //...@%+@@%. 
  0x00, 0x00, 0xca, 0xe2, 0x12, 0xea, 0x9a, 0x2e, 0xff, 0x6c,  //..@@.@%.@+ 
  0x00, 0x6e, 0xff, 0x4e, 0x20, 0xff, 0x66, 0x00, 0xf8, 0x90,  //.+@+.@+.@% 
  0x1a, 0xf0, 0xae, 0x00, 0x08, 0xf4, 0x98, 0x2e, 0xff, 0x5e,  //.@%..@%.@+ 
  0xae, 0xf2, 0x1a, 0x00, 0x00, 0x5a, 0xe2, 0xee, 0x96, 0x02,  //%@...+@@%. 
  0x00, 0x00, 0x00, 0x00, 0x00, 0x00, 0x00, 0x00, 0x00, 0x00,  //.......... 
  0x00, 0x00, 0x00, 0x00, 0x00, 0x00, 0x00, 0x00, 0x00, 0x00,  //.......... 
  0x00, 0x00, 0x00, 0x00, 0x00, 0x00, 0x00, 0x00, 0x00, 0x00,  //.......... 
  0x00, 0x00, 0x00, 0x00, 0x00, 0x00, 0x00, 0x00, 0x00, 0x00,  //.......... 


  /*Unicode: U+0026 (&) , Width: 11 */
  0x00, 0x00, 0x00, 0x00, 0x00, 0x00, 0x00, 0x00, 0x00, 0x00, 0x00,  //........... 
  0x00, 0x00, 0x00, 0x00, 0x00, 0x00, 0x00, 0x00, 0x00, 0x00, 0x00,  //........... 
  0x00, 0x00, 0x50, 0xd8, 0xf4, 0xce, 0x52, 0x00, 0x00, 0x00, 0x00,  //..+@@@+.... 
  0x00, 0x46, 0xff, 0xff, 0xff, 0xff, 0xfc, 0x3c, 0x00, 0x00, 0x00,  //.+@@@@@.... 
  0x00, 0xb6, 0xff, 0x80, 0x0c, 0xaa, 0xff, 0x96, 0x00, 0x00, 0x00,  //.%@%.%@%... 
  0x00, 0xda, 0xff, 0x2e, 0x00, 0x64, 0xff, 0x96, 0x00, 0x00, 0x00,  //.@@..+@%... 
  0x00, 0xb6, 0xff, 0x78, 0x12, 0xd2, 0xff, 0x4e, 0x00, 0x00, 0x00,  //.%@+.@@+... 
  0x00, 0x3e, 0xff, 0xf4, 0xe4, 0xff, 0x9a, 0x00, 0x00, 0x00, 0x00,  //..@@@@%.... 
  0x00, 0x0e, 0xde, 0xff, 0xff, 0x6c, 0x00, 0x00, 0x00, 0x00, 0x00,  //..@@@+..... 
  0x0a, 0xce, 0xff, 0xf2, 0xff, 0xa6, 0x00, 0xd4, 0xff, 0x1c, 0x00,  //.@@@@%.@@.. 
  0x74, 0xff, 0xb4, 0x22, 0xea, 0xff, 0x74, 0xec, 0xfa, 0x02, 0x00,  //+@%.@@+@@.. 
  0xae, 0xff, 0x6c, 0x00, 0x40, 0xfa, 0xfc, 0xff, 0xc2, 0x00, 0x00,  //%@+.+@@@@.. 
  0x98, 0xff, 0xce, 0x24, 0x00, 0x7a, 0xff, 0xff, 0x68, 0x00, 0x00,  //%@@..+@@+.. 
  0x34, 0xf8, 0xff, 0xff, 0xff, 0xff, 0xff, 0xff, 0xd8, 0x0e, 0x00,  //.@@@@@@@@.. 
  0x00, 0x3c, 0xbc, 0xea, 0xf2, 0xce, 0x72, 0xc6, 0xff, 0xb8, 0x02,  //..%@@@+@@%. 
  0x00, 0x00, 0x00, 0x00, 0x00, 0x00, 0x00, 0x00, 0x00, 0x00, 0x00,  //........... 
  0x00, 0x00, 0x00, 0x00, 0x00, 0x00, 0x00, 0x00, 0x00, 0x00, 0x00,  //........... 
  0x00, 0x00, 0x00, 0x00, 0x00, 0x00, 0x00, 0x00, 0x00, 0x00, 0x00,  //........... 
  0x00, 0x00, 0x00, 0x00, 0x00, 0x00, 0x00, 0x00, 0x00, 0x00, 0x00,  //........... 


  /*Unicode: U+0027 (') , Width: 4 */
  0x00, 0x00, 0x00, 0x00,  //.... 
  0x00, 0x00, 0x00, 0x00,  //.... 
  0x34, 0xff, 0xff, 0x1e,  //.@@. 
  0x22, 0xff, 0xff, 0x0c,  //.@@. 
  0x0e, 0xff, 0xf8, 0x00,  //.@@. 
  0x00, 0xfa, 0xe8, 0x00,  //.@@. 
  0x00, 0x00, 0x00, 0x00,  //.... 
  0x00, 0x00, 0x00, 0x00,  //.... 
  0x00, 0x00, 0x00, 0x00,  //.... 
  0x00, 0x00, 0x00, 0x00,  //.... 
  0x00, 0x00, 0x00, 0x00,  //.... 
  0x00, 0x00, 0x00, 0x00,  //.... 
  0x00, 0x00, 0x00, 0x00,  //.... 
  0x00, 0x00, 0x00, 0x00,  //.... 
  0x00, 0x00, 0x00, 0x00,  //.... 
  0x00, 0x00, 0x00, 0x00,  //.... 
  0x00, 0x00, 0x00, 0x00,  //.... 
  0x00, 0x00, 0x00, 0x00,  //.... 
  0x00, 0x00, 0x00, 0x00,  //.... 


  /*Unicode: U+0028 (() , Width: 6 */
  0x00, 0x00, 0x00, 0x00, 0x00, 0x00,  //...... 
  0x00, 0x00, 0x00, 0x00, 0x00, 0x00,  //...... 
  0x00, 0x00, 0x00, 0x08, 0xb2, 0x3e,  //....%. 
  0x00, 0x00, 0x06, 0xbc, 0xff, 0xa2,  //...%@% 
  0x00, 0x00, 0x8c, 0xff, 0xbc, 0x06,  //..%@%. 
  0x00, 0x3c, 0xfc, 0xee, 0x16, 0x00,  //..@@.. 
  0x00, 0xb4, 0xff, 0x70, 0x00, 0x00,  //.%@+.. 
  0x1a, 0xfc, 0xf8, 0x10, 0x00, 0x00,  //.@@... 
  0x62, 0xff, 0xba, 0x00, 0x00, 0x00,  //+@%... 
  0x8a, 0xff, 0x98, 0x00, 0x00, 0x00,  //%@%... 
  0x96, 0xff, 0x86, 0x00, 0x00, 0x00,  //%@%... 
  0x8c, 0xff, 0x9c, 0x00, 0x00, 0x00,  //%@%... 
  0x68, 0xff, 0xc4, 0x00, 0x00, 0x00,  //+@@... 
  0x28, 0xff, 0xfc, 0x18, 0x00, 0x00,  //.@@... 
  0x00, 0xca, 0xff, 0x7e, 0x00, 0x00,  //.@@+.. 
  0x00, 0x4c, 0xff, 0xf4, 0x1e, 0x00,  //.+@@.. 
  0x00, 0x00, 0xa8, 0xff, 0xc8, 0x0a,  //..%@@. 
  0x00, 0x00, 0x0c, 0xce, 0xff, 0xaa,  //...@@% 
  0x00, 0x00, 0x00, 0x14, 0xbc, 0x32,  //....%. 


  /*Unicode: U+0029 ()) , Width: 6 */
  0x00, 0x00, 0x00, 0x00, 0x00, 0x00,  //...... 
  0x00, 0x00, 0x00, 0x00, 0x00, 0x00,  //...... 
  0x3e, 0xb6, 0x0e, 0x00, 0x00, 0x00,  //.%.... 
  0xb4, 0xff, 0xc4, 0x08, 0x00, 0x00,  //%@@... 
  0x0e, 0xce, 0xff, 0x9a, 0x00, 0x00,  //.@@%.. 
  0x00, 0x28, 0xf8, 0xff, 0x3c, 0x00,  //..@@.. 
  0x00, 0x00, 0x8a, 0xff, 0xba, 0x00,  //..%@%. 
  0x00, 0x00, 0x22, 0xff, 0xfc, 0x18,  //...@@. 
  0x00, 0x00, 0x00, 0xd0, 0xff, 0x58,  //...@@+ 
  0x00, 0x00, 0x00, 0xaa, 0xff, 0x7c,  //...%@+ 
  0x00, 0x00, 0x00, 0x92, 0xff, 0x86,  //...%@% 
  0x00, 0x00, 0x00, 0xa4, 0xff, 0x78,  //...%@+ 
  0x00, 0x00, 0x00, 0xc8, 0xff, 0x52,  //...@@+ 
  0x00, 0x00, 0x1a, 0xfc, 0xfa, 0x14,  //...@@. 
  0x00, 0x00, 0x7c, 0xff, 0xb2, 0x00,  //..+@%. 
  0x00, 0x1e, 0xf4, 0xfa, 0x32, 0x00,  //..@@.. 
  0x08, 0xc4, 0xff, 0x82, 0x00, 0x00,  //.@@%.. 
  0xae, 0xff, 0xb8, 0x04, 0x00, 0x00,  //%@%... 
  0x46, 0xae, 0x06, 0x00, 0x00, 0x00,  //+%.... 


  /*Unicode: U+002a (*) , Width: 8 */
  0x00, 0x00, 0x00, 0x00, 0x00, 0x00, 0x00, 0x00,  //........ 
  0x00, 0x00, 0x00, 0x00, 0x00, 0x00, 0x00, 0x00,  //........ 
  0x00, 0x00, 0x00, 0xea, 0xd2, 0x00, 0x00, 0x00,  //...@@... 
  0x2e, 0xa4, 0x08, 0xd4, 0xba, 0x10, 0xb0, 0x1a,  //.%.@%.%. 
  0x98, 0xff, 0xce, 0xd4, 0xc6, 0xdc, 0xff, 0x7c,  //%@@@@@@+ 
  0x04, 0x66, 0xe2, 0xff, 0xff, 0xd8, 0x58, 0x00,  //.+@@@@+. 
  0x02, 0x64, 0xe2, 0xff, 0xff, 0xd8, 0x56, 0x00,  //.+@@@@+. 
  0x98, 0xff, 0xce, 0xd6, 0xc8, 0xdc, 0xff, 0x7c,  //%@@@@@@+ 
  0x2e, 0xa4, 0x08, 0xd4, 0xba, 0x10, 0xb0, 0x1a,  //.%.@%.%. 
  0x00, 0x00, 0x00, 0xea, 0xd2, 0x00, 0x00, 0x00,  //...@@... 
  0x00, 0x00, 0x00, 0x00, 0x00, 0x00, 0x00, 0x00,  //........ 
  0x00, 0x00, 0x00, 0x00, 0x00, 0x00, 0x00, 0x00,  //........ 
  0x00, 0x00, 0x00, 0x00, 0x00, 0x00, 0x00, 0x00,  //........ 
  0x00, 0x00, 0x00, 0x00, 0x00, 0x00, 0x00, 0x00,  //........ 
  0x00, 0x00, 0x00, 0x00, 0x00, 0x00, 0x00, 0x00,  //........ 
  0x00, 0x00, 0x00, 0x00, 0x00, 0x00, 0x00, 0x00,  //........ 
  0x00, 0x00, 0x00, 0x00, 0x00, 0x00, 0x00, 0x00,  //........ 
  0x00, 0x00, 0x00, 0x00, 0x00, 0x00, 0x00, 0x00,  //........ 
  0x00, 0x00, 0x00, 0x00, 0x00, 0x00, 0x00, 0x00,  //........ 


  /*Unicode: U+002b (+) , Width: 10 */
  0x00, 0x00, 0x00, 0x00, 0x00, 0x00, 0x00, 0x00, 0x00, 0x00,  //.......... 
  0x00, 0x00, 0x00, 0x00, 0x00, 0x00, 0x00, 0x00, 0x00, 0x00,  //.......... 
  0x00, 0x00, 0x00, 0x00, 0x00, 0x00, 0x00, 0x00, 0x00, 0x00,  //.......... 
  0x00, 0x00, 0x00, 0x00, 0x00, 0x00, 0x00, 0x00, 0x00, 0x00,  //.......... 
  0x00, 0x00, 0x00, 0x00, 0x00, 0x00, 0x00, 0x00, 0x00, 0x00,  //.......... 
  0x00, 0x00, 0x00, 0x00, 0x00, 0x00, 0x00, 0x00, 0x00, 0x00,  //.......... 
  0x00, 0x00, 0x00, 0x06, 0xff, 0xee, 0x00, 0x00, 0x00, 0x00,  //....@@.... 
  0x00, 0x00, 0x00, 0x06, 0xff, 0xee, 0x00, 0x00, 0x00, 0x00,  //....@@.... 
  0x00, 0x00, 0x00, 0x06, 0xff, 0xee, 0x00, 0x00, 0x00, 0x00,  //....@@.... 
  0x4e, 0xff, 0xff, 0xff, 0xff, 0xff, 0xff, 0xff, 0xff, 0x36,  //+@@@@@@@@. 
  0x4e, 0xff, 0xff, 0xff, 0xff, 0xff, 0xff, 0xff, 0xff, 0x36,  //+@@@@@@@@. 
  0x00, 0x00, 0x00, 0x06, 0xff, 0xee, 0x00, 0x00, 0x00, 0x00,  //....@@.... 
  0x00, 0x00, 0x00, 0x06, 0xff, 0xee, 0x00, 0x00, 0x00, 0x00,  //....@@.... 
  0x00, 0x00, 0x00, 0x06, 0xff, 0xee, 0x00, 0x00, 0x00, 0x00,  //....@@.... 
  0x00, 0x00, 0x00, 0x00, 0x00, 0x00, 0x00, 0x00, 0x00, 0x00,  //.......... 
  0x00, 0x00, 0x00, 0x00, 0x00, 0x00, 0x00, 0x00, 0x00, 0x00,  //.......... 
  0x00, 0x00, 0x00, 0x00, 0x00, 0x00, 0x00, 0x00, 0x00, 0x00,  //.......... 
  0x00, 0x00, 0x00, 0x00, 0x00, 0x00, 0x00, 0x00, 0x00, 0x00,  //.......... 
  0x00, 0x00, 0x00, 0x00, 0x00, 0x00, 0x00, 0x00, 0x00, 0x00,  //.......... 


  /*Unicode: U+002c (,) , Width: 6 */
  0x00, 0x00, 0x00, 0x00, 0x00, 0x00,  //...... 
  0x00, 0x00, 0x00, 0x00, 0x00, 0x00,  //...... 
  0x00, 0x00, 0x00, 0x00, 0x00, 0x00,  //...... 
  0x00, 0x00, 0x00, 0x00, 0x00, 0x00,  //...... 
  0x00, 0x00, 0x00, 0x00, 0x00, 0x00,  //...... 
  0x00, 0x00, 0x00, 0x00, 0x00, 0x00,  //...... 
  0x00, 0x00, 0x00, 0x00, 0x00, 0x00,  //...... 
  0x00, 0x00, 0x00, 0x00, 0x00, 0x00,  //...... 
  0x00, 0x00, 0x00, 0x00, 0x00, 0x00,  //...... 
  0x00, 0x00, 0x00, 0x00, 0x00, 0x00,  //...... 
  0x00, 0x00, 0x00, 0x00, 0x00, 0x00,  //...... 
  0x00, 0x00, 0x00, 0x00, 0x00, 0x00,  //...... 
  0x00, 0x00, 0x54, 0xec, 0xc2, 0x10,  //..+@@. 
  0x00, 0x00, 0x86, 0xff, 0xff, 0x78,  //..%@@+ 
  0x00, 0x00, 0x04, 0xcc, 0xff, 0x96,  //...@@% 
  0x00, 0x06, 0x3c, 0xe4, 0xff, 0x62,  //...@@+ 
  0x22, 0xff, 0xff, 0xff, 0xc2, 0x04,  //.@@@@. 
  0x22, 0xf4, 0xcc, 0x74, 0x04, 0x00,  //.@@+.. 
  0x00, 0x00, 0x00, 0x00, 0x00, 0x00,  //...... 


  /*Unicode: U+002d (-) , Width: 6 */
  0x00, 0x00, 0x00, 0x00, 0x00, 0x00,  //...... 
  0x00, 0x00, 0x00, 0x00, 0x00, 0x00,  //...... 
  0x00, 0x00, 0x00, 0x00, 0x00, 0x00,  //...... 
  0x00, 0x00, 0x00, 0x00, 0x00, 0x00,  //...... 
  0x00, 0x00, 0x00, 0x00, 0x00, 0x00,  //...... 
  0x00, 0x00, 0x00, 0x00, 0x00, 0x00,  //...... 
  0x00, 0x00, 0x00, 0x00, 0x00, 0x00,  //...... 
  0x00, 0x00, 0x00, 0x00, 0x00, 0x00,  //...... 
  0x00, 0x00, 0x00, 0x00, 0x00, 0x00,  //...... 
  0xc6, 0xff, 0xff, 0xff, 0xff, 0xae,  //@@@@@% 
  0xc6, 0xff, 0xff, 0xff, 0xff, 0xae,  //@@@@@% 
  0x00, 0x00, 0x00, 0x00, 0x00, 0x00,  //...... 
  0x00, 0x00, 0x00, 0x00, 0x00, 0x00,  //...... 
  0x00, 0x00, 0x00, 0x00, 0x00, 0x00,  //...... 
  0x00, 0x00, 0x00, 0x00, 0x00, 0x00,  //...... 
  0x00, 0x00, 0x00, 0x00, 0x00, 0x00,  //...... 
  0x00, 0x00, 0x00, 0x00, 0x00, 0x00,  //...... 
  0x00, 0x00, 0x00, 0x00, 0x00, 0x00,  //...... 
  0x00, 0x00, 0x00, 0x00, 0x00, 0x00,  //...... 


  /*Unicode: U+002e (.) , Width: 4 */
  0x00, 0x00, 0x00, 0x00,  //.... 
  0x00, 0x00, 0x00, 0x00,  //.... 
  0x00, 0x00, 0x00, 0x00,  //.... 
  0x00, 0x00, 0x00, 0x00,  //.... 
  0x00, 0x00, 0x00, 0x00,  //.... 
  0x00, 0x00, 0x00, 0x00,  //.... 
  0x00, 0x00, 0x00, 0x00,  //.... 
  0x00, 0x00, 0x00, 0x00,  //.... 
  0x00, 0x00, 0x00, 0x00,  //.... 
  0x00, 0x00, 0x00, 0x00,  //.... 
  0x00, 0x00, 0x00, 0x00,  //.... 
  0x00, 0x00, 0x00, 0x00,  //.... 
  0x50, 0xe8, 0xd8, 0x2e,  //+@@. 
  0xbc, 0xff, 0xff, 0x8e,  //%@@% 
  0x50, 0xea, 0xdc, 0x30,  //+@@. 
  0x00, 0x00, 0x00, 0x00,  //.... 
  0x00, 0x00, 0x00, 0x00,  //.... 
  0x00, 0x00, 0x00, 0x00,  //.... 
  0x00, 0x00, 0x00, 0x00,  //.... 


  /*Unicode: U+002f (/) , Width: 9 */
  0x00, 0x00, 0x00, 0x00, 0x00, 0x00, 0x00, 0x00, 0x00,  //......... 
  0x00, 0x00, 0x00, 0x00, 0x00, 0x00, 0x00, 0x00, 0x00,  //......... 
  0x00, 0x00, 0x00, 0x00, 0x00, 0x00, 0x6e, 0xff, 0xa6,  //......+@% 
  0x00, 0x00, 0x00, 0x00, 0x00, 0x00, 0xd6, 0xff, 0x3c,  //......@@. 
  0x00, 0x00, 0x00, 0x00, 0x00, 0x40, 0xff, 0xd4, 0x00,  //.....+@@. 
  0x00, 0x00, 0x00, 0x00, 0x00, 0xa8, 0xff, 0x6a, 0x00,  //.....%@+. 
  0x00, 0x00, 0x00, 0x00, 0x16, 0xf8, 0xf2, 0x0e, 0x00,  //.....@@.. 
  0x00, 0x00, 0x00, 0x00, 0x7a, 0xff, 0x9a, 0x00, 0x00,  //....+@%.. 
  0x00, 0x00, 0x00, 0x00, 0xe0, 0xff, 0x30, 0x00, 0x00,  //....@@... 
  0x00, 0x00, 0x00, 0x4a, 0xff, 0xc8, 0x00, 0x00, 0x00,  //...+@@... 
  0x00, 0x00, 0x00, 0xb4, 0xff, 0x5e, 0x00, 0x00, 0x00,  //...%@+... 
  0x00, 0x00, 0x1e, 0xfc, 0xec, 0x08, 0x00, 0x00, 0x00,  //...@@.... 
  0x00, 0x00, 0x84, 0xff, 0x8e, 0x00, 0x00, 0x00, 0x00,  //..%@%.... 
  0x00, 0x04, 0xe6, 0xff, 0x26, 0x00, 0x00, 0x00, 0x00,  //..@@..... 
  0x00, 0x56, 0xff, 0xbc, 0x00, 0x00, 0x00, 0x00, 0x00,  //.+@%..... 
  0x00, 0xbe, 0xff, 0x52, 0x00, 0x00, 0x00, 0x00, 0x00,  //.%@+..... 
  0x26, 0xff, 0xe6, 0x02, 0x00, 0x00, 0x00, 0x00, 0x00,  //.@@...... 
  0x00, 0x00, 0x00, 0x00, 0x00, 0x00, 0x00, 0x00, 0x00,  //......... 
  0x00, 0x00, 0x00, 0x00, 0x00, 0x00, 0x00, 0x00, 0x00,  //......... 


  /*Unicode: U+0030 (0) , Width: 10 */
  0x00, 0x00, 0x00, 0x00, 0x00, 0x00, 0x00, 0x00, 0x00, 0x00,  //.......... 
  0x00, 0x00, 0x00, 0x00, 0x00, 0x00, 0x00, 0x00, 0x00, 0x00,  //.......... 
  0x00, 0x00, 0x00, 0x00, 0x00, 0x00, 0x00, 0x00, 0x00, 0x00,  //.......... 
  0x00, 0x00, 0x00, 0x00, 0x00, 0x00, 0x00, 0x00, 0x00, 0x00,  //.......... 
  0x00, 0x00, 0x3e, 0xba, 0xf0, 0xf4, 0xc4, 0x4c, 0x00, 0x00,  //...%@@@+.. 
  0x00, 0x50, 0xfa, 0xff, 0xff, 0xff, 0xff, 0xfc, 0x56, 0x00,  //.+@@@@@@+. 
  0x04, 0xe6, 0xff, 0xac, 0x1a, 0x1c, 0x88, 0xff, 0xe4, 0x02,  //.@@%..%@@. 
  0x46, 0xff, 0xf0, 0x0c, 0x00, 0x12, 0xac, 0xff, 0xff, 0x38,  //+@@...%@@. 
  0x74, 0xff, 0xba, 0x00, 0x4a, 0xe6, 0xff, 0xff, 0xff, 0x5e,  //+@%.+@@@@+ 
  0x82, 0xff, 0xae, 0x98, 0xff, 0xfc, 0x84, 0xc4, 0xff, 0x6a,  //%@%%@@%@@+ 
  0x76, 0xff, 0xff, 0xff, 0xde, 0x3a, 0x00, 0xd8, 0xff, 0x5c,  //+@@@@..@@+ 
  0x50, 0xff, 0xff, 0xa0, 0x0c, 0x00, 0x1e, 0xfa, 0xff, 0x2e,  //+@@%...@@. 
  0x0c, 0xf2, 0xff, 0x72, 0x14, 0x1e, 0xbe, 0xff, 0xd4, 0x00,  //.@@+..%@@. 
  0x00, 0x6c, 0xff, 0xff, 0xff, 0xff, 0xff, 0xf6, 0x3e, 0x00,  //.+@@@@@@.. 
  0x00, 0x00, 0x5a, 0xcc, 0xf6, 0xee, 0xb2, 0x32, 0x00, 0x00,  //..+@@@%... 
  0x00, 0x00, 0x00, 0x00, 0x00, 0x00, 0x00, 0x00, 0x00, 0x00,  //.......... 
  0x00, 0x00, 0x00, 0x00, 0x00, 0x00, 0x00, 0x00, 0x00, 0x00,  //.......... 
  0x00, 0x00, 0x00, 0x00, 0x00, 0x00, 0x00, 0x00, 0x00, 0x00,  //.......... 
  0x00, 0x00, 0x00, 0x00, 0x00, 0x00, 0x00, 0x00, 0x00, 0x00,  //.......... 


  /*Unicode: U+0031 (1) , Width: 8 */
  0x00, 0x00, 0x00, 0x00, 0x00, 0x00, 0x00, 0x00,  //........ 
  0x00, 0x00, 0x00, 0x00, 0x00, 0x00, 0x00, 0x00,  //........ 
  0x00, 0x00, 0x00, 0x00, 0x00, 0x00, 0x00, 0x00,  //........ 
  0x00, 0x00, 0x00, 0x00, 0x00, 0x00, 0x00, 0x00,  //........ 
  0x20, 0x66, 0xac, 0xee, 0xff, 0x72, 0x00, 0x00,  //.+%@@+.. 
  0xce, 0xff, 0xff, 0xf8, 0xff, 0x72, 0x00, 0x00,  //@@@@@+.. 
  0x6e, 0xa4, 0x32, 0xba, 0xff, 0x72, 0x00, 0x00,  //+%.%@+.. 
  0x00, 0x00, 0x00, 0xba, 0xff, 0x72, 0x00, 0x00,  //...%@+.. 
  0x00, 0x00, 0x00, 0xba, 0xff, 0x72, 0x00, 0x00,  //...%@+.. 
  0x00, 0x00, 0x00, 0xba, 0xff, 0x72, 0x00, 0x00,  //...%@+.. 
  0x00, 0x00, 0x00, 0xba, 0xff, 0x72, 0x00, 0x00,  //...%@+.. 
  0x00, 0x00, 0x00, 0xba, 0xff, 0x72, 0x00, 0x00,  //...%@+.. 
  0x00, 0x00, 0x00, 0xba, 0xff, 0x72, 0x00, 0x00,  //...%@+.. 
  0xa6, 0xff, 0xff, 0xff, 0xff, 0xff, 0xff, 0xfa,  //%@@@@@@@ 
  0xa6, 0xff, 0xff, 0xff, 0xff, 0xff, 0xff, 0xfa,  //%@@@@@@@ 
  0x00, 0x00, 0x00, 0x00, 0x00, 0x00, 0x00, 0x00,  //........ 
  0x00, 0x00, 0x00, 0x00, 0x00, 0x00, 0x00, 0x00,  //........ 
  0x00, 0x00, 0x00, 0x00, 0x00, 0x00, 0x00, 0x00,  //........ 
  0x00, 0x00, 0x00, 0x00, 0x00, 0x00, 0x00, 0x00,  //........ 


  /*Unicode: U+0032 (2) , Width: 8 */
  0x00, 0x00, 0x00, 0x00, 0x00, 0x00, 0x00, 0x00,  //........ 
  0x00, 0x00, 0x00, 0x00, 0x00, 0x00, 0x00, 0x00,  //........ 
  0x00, 0x00, 0x00, 0x00, 0x00, 0x00, 0x00, 0x00,  //........ 
  0x00, 0x00, 0x00, 0x00, 0x00, 0x00, 0x00, 0x00,  //........ 
  0x04, 0x6a, 0xcc, 0xf4, 0xe6, 0xac, 0x28, 0x00,  //.+@@@%.. 
  0xa6, 0xff, 0xff, 0xff, 0xff, 0xff, 0xe8, 0x16,  //%@@@@@@. 
  0x32, 0xc2, 0x3a, 0x06, 0x42, 0xf6, 0xff, 0x6e,  //.@..+@@+ 
  0x00, 0x00, 0x00, 0x00, 0x00, 0xd4, 0xff, 0x74,  //.....@@+ 
  0x00, 0x00, 0x00, 0x00, 0x1a, 0xf8, 0xff, 0x3c,  //.....@@. 
  0x00, 0x00, 0x00, 0x02, 0xbc, 0xff, 0xb6, 0x00,  //....%@%. 
  0x00, 0x00, 0x02, 0xa6, 0xff, 0xd6, 0x12, 0x00,  //...%@@.. 
  0x00, 0x08, 0xb4, 0xff, 0xce, 0x14, 0x00, 0x00,  //..%@@... 
  0x12, 0xc6, 0xff, 0xa8, 0x08, 0x00, 0x00, 0x00,  //.@@%.... 
  0xc2, 0xff, 0xff, 0xff, 0xff, 0xff, 0xff, 0xee,  //@@@@@@@@ 
  0xda, 0xff, 0xff, 0xff, 0xff, 0xff, 0xff, 0xee,  //@@@@@@@@ 
  0x00, 0x00, 0x00, 0x00, 0x00, 0x00, 0x00, 0x00,  //........ 
  0x00, 0x00, 0x00, 0x00, 0x00, 0x00, 0x00, 0x00,  //........ 
  0x00, 0x00, 0x00, 0x00, 0x00, 0x00, 0x00, 0x00,  //........ 
  0x00, 0x00, 0x00, 0x00, 0x00, 0x00, 0x00, 0x00,  //........ 


  /*Unicode: U+0033 (3) , Width: 8 */
  0x00, 0x00, 0x00, 0x00, 0x00, 0x00, 0x00, 0x00,  //........ 
  0x00, 0x00, 0x00, 0x00, 0x00, 0x00, 0x00, 0x00,  //........ 
  0x00, 0x00, 0x00, 0x00, 0x00, 0x00, 0x00, 0x00,  //........ 
  0x00, 0x00, 0x00, 0x00, 0x00, 0x00, 0x00, 0x00,  //........ 
  0x76, 0xff, 0xff, 0xfa, 0xe4, 0xac, 0x34, 0x00,  //+@@@@%.. 
  0x76, 0xff, 0xff, 0xff, 0xff, 0xff, 0xf4, 0x16,  //+@@@@@@. 
  0x00, 0x00, 0x00, 0x04, 0x34, 0xf4, 0xff, 0x4a,  //.....@@+ 
  0x00, 0x00, 0x00, 0x0a, 0x4c, 0xf8, 0xf6, 0x1c,  //....+@@. 
  0x00, 0x62, 0xff, 0xff, 0xff, 0xe8, 0x40, 0x00,  //.+@@@@+. 
  0x00, 0x62, 0xff, 0xff, 0xff, 0xff, 0xda, 0x2c,  //.+@@@@@. 
  0x00, 0x00, 0x00, 0x0c, 0x3c, 0xd0, 0xff, 0xc4,  //.....@@@ 
  0x00, 0x00, 0x00, 0x00, 0x00, 0x5c, 0xff, 0xee,  //.....+@@ 
  0x00, 0x00, 0x00, 0x0a, 0x32, 0xc4, 0xff, 0xc2,  //.....@@@ 
  0xc6, 0xff, 0xff, 0xff, 0xff, 0xff, 0xf4, 0x38,  //@@@@@@@. 
  0xc6, 0xff, 0xff, 0xf4, 0xd6, 0x96, 0x24, 0x00,  //@@@@@%.. 
  0x00, 0x00, 0x00, 0x00, 0x00, 0x00, 0x00, 0x00,  //........ 
  0x00, 0x00, 0x00, 0x00, 0x00, 0x00, 0x00, 0x00,  //........ 
  0x00, 0x00, 0x00, 0x00, 0x00, 0x00, 0x00, 0x00,  //........ 
  0x00, 0x00, 0x00, 0x00, 0x00, 0x00, 0x00, 0x00,  //........ 


  /*Unicode: U+0034 (4) , Width: 10 */
  0x00, 0x00, 0x00, 0x00, 0x00, 0x00, 0x00, 0x00, 0x00, 0x00,  //.......... 
  0x00, 0x00, 0x00, 0x00, 0x00, 0x00, 0x00, 0x00, 0x00, 0x00,  //.......... 
  0x00, 0x00, 0x00, 0x00, 0x00, 0x00, 0x00, 0x00, 0x00, 0x00,  //.......... 
  0x00, 0x00, 0x00, 0x00, 0x00, 0x00, 0x00, 0x00, 0x00, 0x00,  //.......... 
  0x00, 0x00, 0x00, 0x00, 0x7c, 0xff, 0xff, 0xc6, 0x00, 0x00,  //....+@@@.. 
  0x00, 0x00, 0x00, 0x26, 0xf6, 0xff, 0xff, 0xc6, 0x00, 0x00,  //....@@@@.. 
  0x00, 0x00, 0x00, 0xc0, 0xff, 0xb0, 0xff, 0xc6, 0x00, 0x00,  //...@@%@@.. 
  0x00, 0x00, 0x64, 0xff, 0xbe, 0x48, 0xff, 0xc6, 0x00, 0x00,  //..+@%+@@.. 
  0x00, 0x16, 0xee, 0xf4, 0x20, 0x46, 0xff, 0xc6, 0x00, 0x00,  //..@@.+@@.. 
  0x00, 0xa8, 0xff, 0x6c, 0x00, 0x46, 0xff, 0xc6, 0x00, 0x00,  //.%@+.+@@.. 
  0x4a, 0xff, 0xc0, 0x00, 0x00, 0x46, 0xff, 0xc6, 0x00, 0x00,  //+@@..+@@.. 
  0xa6, 0xff, 0xff, 0xff, 0xff, 0xff, 0xff, 0xff, 0xff, 0x82,  //%@@@@@@@@% 
  0xa6, 0xff, 0xff, 0xff, 0xff, 0xff, 0xff, 0xff, 0xff, 0x82,  //%@@@@@@@@% 
  0x00, 0x00, 0x00, 0x00, 0x00, 0x4e, 0xff, 0xc6, 0x00, 0x00,  //.....+@@.. 
  0x00, 0x00, 0x00, 0x00, 0x00, 0x4e, 0xff, 0xc6, 0x00, 0x00,  //.....+@@.. 
  0x00, 0x00, 0x00, 0x00, 0x00, 0x00, 0x00, 0x00, 0x00, 0x00,  //.......... 
  0x00, 0x00, 0x00, 0x00, 0x00, 0x00, 0x00, 0x00, 0x00, 0x00,  //.......... 
  0x00, 0x00, 0x00, 0x00, 0x00, 0x00, 0x00, 0x00, 0x00, 0x00,  //.......... 
  0x00, 0x00, 0x00, 0x00, 0x00, 0x00, 0x00, 0x00, 0x00, 0x00,  //.......... 


  /*Unicode: U+0035 (5) , Width: 8 */
  0x00, 0x00, 0x00, 0x00, 0x00, 0x00, 0x00, 0x00,  //........ 
  0x00, 0x00, 0x00, 0x00, 0x00, 0x00, 0x00, 0x00,  //........ 
  0x00, 0x00, 0x00, 0x00, 0x00, 0x00, 0x00, 0x00,  //........ 
  0x00, 0x00, 0x00, 0x00, 0x00, 0x00, 0x00, 0x00,  //........ 
  0x6a, 0xff, 0xff, 0xff, 0xff, 0xff, 0xff, 0x32,  //+@@@@@@. 
  0x6a, 0xff, 0xff, 0xff, 0xff, 0xff, 0xff, 0x32,  //+@@@@@@. 
  0x6a, 0xff, 0x96, 0x00, 0x00, 0x00, 0x00, 0x00,  //+@%..... 
  0x6a, 0xff, 0x96, 0x00, 0x00, 0x00, 0x00, 0x00,  //+@%..... 
  0x6a, 0xff, 0xff, 0xfa, 0xe4, 0xb0, 0x44, 0x00,  //+@@@@%+. 
  0x6a, 0xff, 0xff, 0xff, 0xff, 0xff, 0xff, 0x4e,  //+@@@@@@+ 
  0x00, 0x00, 0x00, 0x0c, 0x3a, 0xd8, 0xff, 0xba,  //.....@@% 
  0x00, 0x00, 0x00, 0x00, 0x00, 0x82, 0xff, 0xce,  //.....%@@ 
  0x00, 0x00, 0x00, 0x0c, 0x46, 0xe2, 0xff, 0x96,  //....+@@% 
  0x9e, 0xff, 0xff, 0xff, 0xff, 0xff, 0xdc, 0x16,  //%@@@@@@. 
  0x9e, 0xff, 0xff, 0xe8, 0xc8, 0x70, 0x0c, 0x00,  //%@@@@+.. 
  0x00, 0x00, 0x00, 0x00, 0x00, 0x00, 0x00, 0x00,  //........ 
  0x00, 0x00, 0x00, 0x00, 0x00, 0x00, 0x00, 0x00,  //........ 
  0x00, 0x00, 0x00, 0x00, 0x00, 0x00, 0x00, 0x00,  //........ 
  0x00, 0x00, 0x00, 0x00, 0x00, 0x00, 0x00, 0x00,  //........ 


  /*Unicode: U+0036 (6) , Width: 10 */
  0x00, 0x00, 0x00, 0x00, 0x00, 0x00, 0x00, 0x00, 0x00, 0x00,  //.......... 
  0x00, 0x00, 0x00, 0x00, 0x00, 0x00, 0x00, 0x00, 0x00, 0x00,  //.......... 
  0x00, 0x00, 0x00, 0x00, 0x00, 0x00, 0x00, 0x00, 0x00, 0x00,  //.......... 
  0x00, 0x00, 0x00, 0x00, 0x00, 0x00, 0x00, 0x00, 0x00, 0x00,  //.......... 
  0x00, 0x00, 0x00, 0x48, 0xa8, 0xe2, 0xf8, 0xff, 0x42, 0x00,  //...+%@@@+. 
  0x00, 0x00, 0x98, 0xff, 0xff, 0xff, 0xff, 0xff, 0x42, 0x00,  //..%@@@@@+. 
  0x00, 0x5a, 0xff, 0xf2, 0x6a, 0x18, 0x02, 0x00, 0x00, 0x00,  //.+@@+..... 
  0x00, 0xc6, 0xff, 0x6e, 0x00, 0x00, 0x00, 0x00, 0x00, 0x00,  //.@@+...... 
  0x06, 0xfa, 0xff, 0x74, 0xca, 0xf6, 0xd8, 0x8a, 0x0c, 0x00,  //.@@+@@@%.. 
  0x18, 0xff, 0xff, 0xff, 0xff, 0xff, 0xff, 0xff, 0xac, 0x00,  //.@@@@@@@%. 
  0x1c, 0xff, 0xff, 0xb2, 0x24, 0x0a, 0x78, 0xff, 0xff, 0x12,  //.@@%..+@@. 
  0x08, 0xfc, 0xff, 0x34, 0x00, 0x00, 0x10, 0xff, 0xff, 0x2e,  //.@@....@@. 
  0x00, 0xc8, 0xff, 0xaa, 0x16, 0x0c, 0x8a, 0xff, 0xf2, 0x0a,  //.@@%..%@@. 
  0x00, 0x48, 0xfc, 0xff, 0xff, 0xff, 0xff, 0xff, 0x62, 0x00,  //.+@@@@@@+. 
  0x00, 0x00, 0x48, 0xc4, 0xf4, 0xec, 0xc0, 0x4a, 0x00, 0x00,  //..+@@@@+.. 
  0x00, 0x00, 0x00, 0x00, 0x00, 0x00, 0x00, 0x00, 0x00, 0x00,  //.......... 
  0x00, 0x00, 0x00, 0x00, 0x00, 0x00, 0x00, 0x00, 0x00, 0x00,  //.......... 
  0x00, 0x00, 0x00, 0x00, 0x00, 0x00, 0x00, 0x00, 0x00, 0x00,  //.......... 
  0x00, 0x00, 0x00, 0x00, 0x00, 0x00, 0x00, 0x00, 0x00, 0x00,  //.......... 


  /*Unicode: U+0037 (7) , Width: 9 */
  0x00, 0x00, 0x00, 0x00, 0x00, 0x00, 0x00, 0x00, 0x00,  //......... 
  0x00, 0x00, 0x00, 0x00, 0x00, 0x00, 0x00, 0x00, 0x00,  //......... 
  0x00, 0x00, 0x00, 0x00, 0x00, 0x00, 0x00, 0x00, 0x00,  //......... 
  0x00, 0x00, 0x00, 0x00, 0x00, 0x00, 0x00, 0x00, 0x00,  //......... 
  0x0e, 0xff, 0xff, 0xff, 0xff, 0xff, 0xff, 0xff, 0xe6,  //.@@@@@@@@ 
  0x0e, 0xff, 0xff, 0xff, 0xff, 0xff, 0xff, 0xff, 0xe4,  //.@@@@@@@@ 
  0x00, 0x00, 0x00, 0x00, 0x00, 0x00, 0xce, 0xff, 0x8c,  //......@@% 
  0x00, 0x00, 0x00, 0x00, 0x00, 0x52, 0xff, 0xf4, 0x16,  //.....+@@. 
  0x00, 0x00, 0x00, 0x00, 0x00, 0xd2, 0xff, 0x8c, 0x00,  //.....@@%. 
  0x00, 0x00, 0x00, 0x00, 0x56, 0xff, 0xf4, 0x16, 0x00,  //....+@@.. 
  0x00, 0x00, 0x00, 0x00, 0xd4, 0xff, 0x8a, 0x00, 0x00,  //....@@%.. 
  0x00, 0x00, 0x00, 0x58, 0xff, 0xf4, 0x14, 0x00, 0x00,  //...+@@... 
  0x00, 0x00, 0x02, 0xd6, 0xff, 0x8a, 0x00, 0x00, 0x00,  //...@@%... 
  0x00, 0x00, 0x5c, 0xff, 0xf4, 0x14, 0x00, 0x00, 0x00,  //..+@@.... 
  0x00, 0x02, 0xda, 0xff, 0x8a, 0x00, 0x00, 0x00, 0x00,  //..@@%.... 
  0x00, 0x00, 0x00, 0x00, 0x00, 0x00, 0x00, 0x00, 0x00,  //......... 
  0x00, 0x00, 0x00, 0x00, 0x00, 0x00, 0x00, 0x00, 0x00,  //......... 
  0x00, 0x00, 0x00, 0x00, 0x00, 0x00, 0x00, 0x00, 0x00,  //......... 
  0x00, 0x00, 0x00, 0x00, 0x00, 0x00, 0x00, 0x00, 0x00,  //......... 


  /*Unicode: U+0038 (8) , Width: 9 */
  0x00, 0x00, 0x00, 0x00, 0x00, 0x00, 0x00, 0x00, 0x00,  //......... 
  0x00, 0x00, 0x00, 0x00, 0x00, 0x00, 0x00, 0x00, 0x00,  //......... 
  0x00, 0x00, 0x00, 0x00, 0x00, 0x00, 0x00, 0x00, 0x00,  //......... 
  0x00, 0x00, 0x00, 0x00, 0x00, 0x00, 0x00, 0x00, 0x00,  //......... 
  0x00, 0x00, 0x5e, 0xc8, 0xee, 0xf0, 0xce, 0x6c, 0x00,  //..+@@@@+. 
  0x00, 0x6c, 0xff, 0xff, 0xff, 0xff, 0xff, 0xff, 0x72,  //.+@@@@@@+ 
  0x00, 0xc8, 0xff, 0x7e, 0x08, 0x08, 0x7e, 0xff, 0xb4,  //.@@+..+@% 
  0x00, 0xb6, 0xff, 0x86, 0x00, 0x00, 0xaa, 0xff, 0x80,  //.%@%..%@% 
  0x00, 0x32, 0xf0, 0xff, 0xd6, 0xc8, 0xff, 0xb6, 0x08,  //..@@@@@%. 
  0x00, 0x00, 0x5a, 0xff, 0xff, 0xff, 0xfa, 0x6a, 0x00,  //..+@@@@+. 
  0x00, 0x5a, 0xfc, 0xea, 0x62, 0x9a, 0xfc, 0xff, 0x76,  //.+@@+%@@+ 
  0x00, 0xec, 0xff, 0x42, 0x00, 0x00, 0x6e, 0xff, 0xe4,  //.@@+..+@@ 
  0x0c, 0xfc, 0xff, 0x58, 0x08, 0x08, 0x6e, 0xff, 0xee,  //.@@+..+@@ 
  0x00, 0xba, 0xff, 0xff, 0xff, 0xff, 0xff, 0xff, 0x78,  //.%@@@@@@+ 
  0x00, 0x0e, 0x88, 0xd6, 0xf4, 0xec, 0xc4, 0x5c, 0x00,  //..%@@@@+. 
  0x00, 0x00, 0x00, 0x00, 0x00, 0x00, 0x00, 0x00, 0x00,  //......... 
  0x00, 0x00, 0x00, 0x00, 0x00, 0x00, 0x00, 0x00, 0x00,  //......... 
  0x00, 0x00, 0x00, 0x00, 0x00, 0x00, 0x00, 0x00, 0x00,  //......... 
  0x00, 0x00, 0x00, 0x00, 0x00, 0x00, 0x00, 0x00, 0x00,  //......... 


  /*Unicode: U+0039 (9) , Width: 9 */
  0x00, 0x00, 0x00, 0x00, 0x00, 0x00, 0x00, 0x00, 0x00,  //......... 
  0x00, 0x00, 0x00, 0x00, 0x00, 0x00, 0x00, 0x00, 0x00,  //......... 
  0x00, 0x00, 0x00, 0x00, 0x00, 0x00, 0x00, 0x00, 0x00,  //......... 
  0x00, 0x00, 0x00, 0x00, 0x00, 0x00, 0x00, 0x00, 0x00,  //......... 
  0x00, 0x00, 0x5e, 0xd0, 0xf6, 0xe4, 0xb2, 0x32, 0x00,  //..+@@@%.. 
  0x00, 0x8c, 0xff, 0xff, 0xff, 0xff, 0xff, 0xf4, 0x26,  //.%@@@@@@. 
  0x26, 0xff, 0xff, 0x64, 0x0a, 0x2c, 0xda, 0xff, 0x9c,  //.@@+..@@% 
  0x54, 0xff, 0xe6, 0x00, 0x00, 0x00, 0x6e, 0xff, 0xda,  //+@@...+@@ 
  0x42, 0xff, 0xfc, 0x54, 0x06, 0x14, 0x88, 0xff, 0xf2,  //+@@+..%@@ 
  0x06, 0xd2, 0xff, 0xff, 0xff, 0xff, 0xff, 0xff, 0xf2,  //.@@@@@@@@ 
  0x00, 0x1e, 0xa0, 0xe4, 0xf6, 0xb6, 0x88, 0xff, 0xda,  //..%@@%%@@ 
  0x00, 0x00, 0x00, 0x00, 0x00, 0x00, 0x96, 0xff, 0xa4,  //......%@% 
  0x00, 0x00, 0x00, 0x04, 0x22, 0x78, 0xfc, 0xff, 0x3e,  //.....+@@. 
  0x00, 0xae, 0xff, 0xff, 0xff, 0xff, 0xff, 0x74, 0x00,  //.%@@@@@+. 
  0x00, 0xae, 0xff, 0xf2, 0xda, 0xa2, 0x36, 0x00, 0x00,  //.%@@@%... 
  0x00, 0x00, 0x00, 0x00, 0x00, 0x00, 0x00, 0x00, 0x00,  //......... 
  0x00, 0x00, 0x00, 0x00, 0x00, 0x00, 0x00, 0x00, 0x00,  //......... 
  0x00, 0x00, 0x00, 0x00, 0x00, 0x00, 0x00, 0x00, 0x00,  //......... 
  0x00, 0x00, 0x00, 0x00, 0x00, 0x00, 0x00, 0x00, 0x00,  //......... 


  /*Unicode: U+003a (:) , Width: 4 */
  0x00, 0x00, 0x00, 0x00,  //.... 
  0x00, 0x00, 0x00, 0x00,  //.... 
  0x00, 0x00, 0x00, 0x00,  //.... 
  0x00, 0x00, 0x00, 0x00,  //.... 
  0x00, 0x00, 0x00, 0x00,  //.... 
  0x00, 0x00, 0x00, 0x00,  //.... 
  0x36, 0xe2, 0xd6, 0x24,  //.@@. 
  0x94, 0xff, 0xff, 0x78,  //%@@+ 
  0x38, 0xe4, 0xda, 0x24,  //.@@. 
  0x00, 0x00, 0x00, 0x00,  //.... 
  0x00, 0x00, 0x00, 0x00,  //.... 
  0x00, 0x00, 0x00, 0x00,  //.... 
  0x36, 0xe2, 0xd6, 0x24,  //.@@. 
  0x94, 0xff, 0xff, 0x78,  //%@@+ 
  0x38, 0xe4, 0xda, 0x24,  //.@@. 
  0x00, 0x00, 0x00, 0x00,  //.... 
  0x00, 0x00, 0x00, 0x00,  //.... 
  0x00, 0x00, 0x00, 0x00,  //.... 
  0x00, 0x00, 0x00, 0x00,  //.... 


  /*Unicode: U+003b (;) , Width: 6 */
  0x00, 0x00, 0x00, 0x00, 0x00, 0x00,  //...... 
  0x00, 0x00, 0x00, 0x00, 0x00, 0x00,  //...... 
  0x00, 0x00, 0x00, 0x00, 0x00, 0x00,  //...... 
  0x00, 0x00, 0x00, 0x00, 0x00, 0x00,  //...... 
  0x00, 0x00, 0x00, 0x00, 0x00, 0x00,  //...... 
  0x00, 0x00, 0x00, 0x00, 0x00, 0x00,  //...... 
  0x00, 0x00, 0x36, 0xe2, 0xd6, 0x24,  //...@@. 
  0x00, 0x00, 0x94, 0xff, 0xff, 0x78,  //..%@@+ 
  0x00, 0x00, 0x38, 0xe4, 0xda, 0x24,  //...@@. 
  0x00, 0x00, 0x00, 0x00, 0x00, 0x00,  //...... 
  0x00, 0x00, 0x00, 0x00, 0x00, 0x00,  //...... 
  0x00, 0x00, 0x00, 0x00, 0x00, 0x00,  //...... 
  0x00, 0x00, 0x40, 0xe8, 0xd0, 0x1e,  //..+@@. 
  0x00, 0x00, 0x6a, 0xff, 0xff, 0x94,  //..+@@% 
  0x00, 0x00, 0x00, 0xb4, 0xff, 0xb2,  //...%@% 
  0x00, 0x04, 0x32, 0xd4, 0xff, 0x7e,  //...@@+ 
  0x0a, 0xff, 0xff, 0xff, 0xd6, 0x0e,  //.@@@@. 
  0x0a, 0xf6, 0xd2, 0x80, 0x0c, 0x00,  //.@@%.. 
  0x00, 0x00, 0x00, 0x00, 0x00, 0x00,  //...... 


  /*Unicode: U+003c (<) , Width: 8 */
  0x00, 0x00, 0x00, 0x00, 0x00, 0x00, 0x00, 0x00,  //........ 
  0x00, 0x00, 0x00, 0x00, 0x00, 0x00, 0x00, 0x00,  //........ 
  0x00, 0x00, 0x00, 0x00, 0x00, 0x00, 0x00, 0x00,  //........ 
  0x00, 0x00, 0x00, 0x00, 0x00, 0x00, 0x00, 0x00,  //........ 
  0x00, 0x00, 0x00, 0x00, 0x00, 0x00, 0x00, 0x00,  //........ 
  0x00, 0x00, 0x00, 0x00, 0x0e, 0xb2, 0x50, 0x00,  //.....%+. 
  0x00, 0x00, 0x00, 0x20, 0xd4, 0xff, 0xd8, 0x06,  //....@@@. 
  0x00, 0x00, 0x3a, 0xe8, 0xff, 0xc0, 0x14, 0x00,  //...@@@.. 
  0x00, 0x5a, 0xf6, 0xff, 0x9a, 0x04, 0x00, 0x00,  //.+@@%... 
  0x82, 0xff, 0xfa, 0x6c, 0x00, 0x00, 0x00, 0x00,  //%@@+.... 
  0x82, 0xff, 0xfc, 0x72, 0x00, 0x00, 0x00, 0x00,  //%@@+.... 
  0x00, 0x5c, 0xf6, 0xff, 0x9e, 0x04, 0x00, 0x00,  //.+@@%... 
  0x00, 0x00, 0x3a, 0xea, 0xff, 0xc2, 0x14, 0x00,  //...@@@.. 
  0x00, 0x00, 0x00, 0x20, 0xd4, 0xff, 0xd8, 0x06,  //....@@@. 
  0x00, 0x00, 0x00, 0x00, 0x0e, 0xb2, 0x52, 0x00,  //.....%+. 
  0x00, 0x00, 0x00, 0x00, 0x00, 0x00, 0x00, 0x00,  //........ 
  0x00, 0x00, 0x00, 0x00, 0x00, 0x00, 0x00, 0x00,  //........ 
  0x00, 0x00, 0x00, 0x00, 0x00, 0x00, 0x00, 0x00,  //........ 
  0x00, 0x00, 0x00, 0x00, 0x00, 0x00, 0x00, 0x00,  //........ 


  /*Unicode: U+003d (=) , Width: 8 */
  0x00, 0x00, 0x00, 0x00, 0x00, 0x00, 0x00, 0x00,  //........ 
  0x00, 0x00, 0x00, 0x00, 0x00, 0x00, 0x00, 0x00,  //........ 
  0x00, 0x00, 0x00, 0x00, 0x00, 0x00, 0x00, 0x00,  //........ 
  0x00, 0x00, 0x00, 0x00, 0x00, 0x00, 0x00, 0x00,  //........ 
  0x00, 0x00, 0x00, 0x00, 0x00, 0x00, 0x00, 0x00,  //........ 
  0x00, 0x00, 0x00, 0x00, 0x00, 0x00, 0x00, 0x00,  //........ 
  0x00, 0x00, 0x00, 0x00, 0x00, 0x00, 0x00, 0x00,  //........ 
  0xd2, 0xff, 0xff, 0xff, 0xff, 0xff, 0xff, 0xba,  //@@@@@@@% 
  0xd2, 0xff, 0xff, 0xff, 0xff, 0xff, 0xff, 0xba,  //@@@@@@@% 
  0x00, 0x00, 0x00, 0x00, 0x00, 0x00, 0x00, 0x00,  //........ 
  0x00, 0x00, 0x00, 0x00, 0x00, 0x00, 0x00, 0x00,  //........ 
  0xd2, 0xff, 0xff, 0xff, 0xff, 0xff, 0xff, 0xba,  //@@@@@@@% 
  0xd2, 0xff, 0xff, 0xff, 0xff, 0xff, 0xff, 0xba,  //@@@@@@@% 
  0x00, 0x00, 0x00, 0x00, 0x00, 0x00, 0x00, 0x00,  //........ 
  0x00, 0x00, 0x00, 0x00, 0x00, 0x00, 0x00, 0x00,  //........ 
  0x00, 0x00, 0x00, 0x00, 0x00, 0x00, 0x00, 0x00,  //........ 
  0x00, 0x00, 0x00, 0x00, 0x00, 0x00, 0x00, 0x00,  //........ 
  0x00, 0x00, 0x00, 0x00, 0x00, 0x00, 0x00, 0x00,  //........ 
  0x00, 0x00, 0x00, 0x00, 0x00, 0x00, 0x00, 0x00,  //........ 


  /*Unicode: U+003e (>) , Width: 8 */
  0x00, 0x00, 0x00, 0x00, 0x00, 0x00, 0x00, 0x00,  //........ 
  0x00, 0x00, 0x00, 0x00, 0x00, 0x00, 0x00, 0x00,  //........ 
  0x00, 0x00, 0x00, 0x00, 0x00, 0x00, 0x00, 0x00,  //........ 
  0x00, 0x00, 0x00, 0x00, 0x00, 0x00, 0x00, 0x00,  //........ 
  0x00, 0x00, 0x00, 0x00, 0x00, 0x00, 0x00, 0x00,  //........ 
  0x00, 0x68, 0xa0, 0x06, 0x00, 0x00, 0x00, 0x00,  //.+%..... 
  0x10, 0xe8, 0xff, 0xc2, 0x14, 0x00, 0x00, 0x00,  //.@@@.... 
  0x00, 0x20, 0xd2, 0xff, 0xdc, 0x28, 0x00, 0x00,  //..@@@... 
  0x00, 0x00, 0x0c, 0xb2, 0xff, 0xee, 0x46, 0x00,  //...%@@+. 
  0x00, 0x00, 0x00, 0x00, 0x8a, 0xff, 0xfa, 0x6a,  //....%@@+ 
  0x00, 0x00, 0x00, 0x00, 0x82, 0xff, 0xfa, 0x6a,  //....%@@+ 
  0x00, 0x00, 0x0a, 0xae, 0xff, 0xf0, 0x46, 0x00,  //...%@@+. 
  0x00, 0x1e, 0xd0, 0xff, 0xdc, 0x2a, 0x00, 0x00,  //..@@@... 
  0x10, 0xe6, 0xff, 0xc4, 0x14, 0x00, 0x00, 0x00,  //.@@@.... 
  0x00, 0x68, 0xa2, 0x06, 0x00, 0x00, 0x00, 0x00,  //.+%..... 
  0x00, 0x00, 0x00, 0x00, 0x00, 0x00, 0x00, 0x00,  //........ 
  0x00, 0x00, 0x00, 0x00, 0x00, 0x00, 0x00, 0x00,  //........ 
  0x00, 0x00, 0x00, 0x00, 0x00, 0x00, 0x00, 0x00,  //........ 
  0x00, 0x00, 0x00, 0x00, 0x00, 0x00, 0x00, 0x00,  //........ 


  /*Unicode: U+003f (?) , Width: 7 */
  0x00, 0x00, 0x00, 0x00, 0x00, 0x00, 0x00,  //....... 
  0x00, 0x00, 0x00, 0x00, 0x00, 0x00, 0x00,  //....... 
  0x86, 0xf6, 0xda, 0x96, 0x24, 0x00, 0x00,  //%@@%... 
  0x86, 0xff, 0xff, 0xff, 0xf4, 0x50, 0x00,  //%@@@@+. 
  0x00, 0x10, 0x42, 0xce, 0xff, 0xf2, 0x14,  //..+@@@. 
  0x00, 0x00, 0x00, 0x1a, 0xfc, 0xff, 0x60,  //....@@+ 
  0x00, 0x00, 0x00, 0x00, 0xea, 0xff, 0x6e,  //....@@+ 
  0x00, 0x00, 0x04, 0x5c, 0xff, 0xff, 0x42,  //...+@@+ 
  0x00, 0xc6, 0xff, 0xff, 0xff, 0xc8, 0x00,  //.@@@@@. 
  0x00, 0xbc, 0xff, 0xec, 0x9a, 0x0e, 0x00,  //.%@@%.. 
  0x00, 0xb2, 0xff, 0x44, 0x00, 0x00, 0x00,  //.%@+... 
  0x00, 0xa8, 0xff, 0x38, 0x00, 0x00, 0x00,  //.%@.... 
  0x00, 0x00, 0x00, 0x00, 0x00, 0x00, 0x00,  //....... 
  0x06, 0xc4, 0xf2, 0x6c, 0x00, 0x00, 0x00,  //.@@+... 
  0x06, 0xc4, 0xf2, 0x6c, 0x00, 0x00, 0x00,  //.@@+... 
  0x00, 0x00, 0x00, 0x00, 0x00, 0x00, 0x00,  //....... 
  0x00, 0x00, 0x00, 0x00, 0x00, 0x00, 0x00,  //....... 
  0x00, 0x00, 0x00, 0x00, 0x00, 0x00, 0x00,  //....... 
  0x00, 0x00, 0x00, 0x00, 0x00, 0x00, 0x00,  //....... 


  /*Unicode: U+0040 (@) , Width: 10 */
  0x00, 0x00, 0x00, 0x00, 0x00, 0x00, 0x00, 0x00, 0x00, 0x00,  //.......... 
  0x00, 0x00, 0x00, 0x00, 0x00, 0x00, 0x00, 0x00, 0x00, 0x00,  //.......... 
  0x00, 0x00, 0x00, 0x40, 0xc4, 0xf6, 0xe4, 0x88, 0x06, 0x00,  //...+@@@%.. 
  0x00, 0x00, 0x5a, 0xfc, 0xff, 0xff, 0xff, 0xff, 0xa4, 0x00,  //..+@@@@@%. 
  0x00, 0x22, 0xf6, 0xfa, 0x6c, 0x08, 0x34, 0xde, 0xff, 0x30,  //..@@+..@@. 
  0x00, 0x9c, 0xff, 0x70, 0x00, 0x00, 0x00, 0x50, 0xff, 0x7e,  //.%@+...+@+ 
  0x10, 0xf4, 0xd8, 0x00, 0x00, 0x00, 0x00, 0x0e, 0xff, 0xae,  //.@@.....@% 
  0x54, 0xff, 0x78, 0x48, 0xda, 0xf4, 0xdc, 0x7a, 0xec, 0xc4,  //+@++@@@+@@ 
  0x8e, 0xff, 0x42, 0xf0, 0xff, 0xff, 0xff, 0x5c, 0xe4, 0xca,  //%@+@@@@+@@ 
  0xbc, 0xf8, 0x58, 0xff, 0xa0, 0x7c, 0xff, 0x3e, 0xee, 0xc0,  //%@+@%+@.@@ 
  0xce, 0xe0, 0x78, 0xff, 0x50, 0x96, 0xff, 0x2a, 0xfc, 0xa8,  //@@+@+%@.@% 
  0xe0, 0xd0, 0x82, 0xff, 0x52, 0xc0, 0xff, 0x62, 0xff, 0x7c,  //@@%@+@@+@+ 
  0xe0, 0xd0, 0x66, 0xff, 0xff, 0xff, 0xff, 0xff, 0xfc, 0x2a,  //@@+@@@@@@. 
  0xd4, 0xe8, 0x10, 0xca, 0xe8, 0x6c, 0xd4, 0xec, 0x6e, 0x00,  //@@.@@+@@+. 
  0xb6, 0xff, 0x1c, 0x00, 0x00, 0x00, 0x00, 0x00, 0x00, 0x00,  //%@........ 
  0x7e, 0xff, 0x7e, 0x00, 0x00, 0x00, 0x00, 0x00, 0x00, 0x00,  //+@+....... 
  0x28, 0xfc, 0xf8, 0x5e, 0x08, 0x0e, 0x52, 0x6e, 0x00, 0x00,  //.@@+..++.. 
  0x00, 0x92, 0xff, 0xff, 0xff, 0xff, 0xff, 0x9e, 0x00, 0x00,  //.%@@@@@%.. 
  0x00, 0x02, 0x74, 0xd8, 0xf6, 0xda, 0x96, 0x1e, 0x00, 0x00,  //..+@@@%... 


  /*Unicode: U+0041 (A) , Width: 10 */
  0x00, 0x00, 0x00, 0x00, 0x00, 0x00, 0x00, 0x00, 0x00, 0x00,  //.......... 
  0x00, 0x00, 0x00, 0x00, 0x00, 0x00, 0x00, 0x00, 0x00, 0x00,  //.......... 
  0x00, 0x00, 0x00, 0x00, 0x00, 0x00, 0x00, 0x00, 0x00, 0x00,  //.......... 
  0x00, 0x00, 0x00, 0x00, 0x00, 0x00, 0x00, 0x00, 0x00, 0x00,  //.......... 
  0x00, 0x00, 0x00, 0xb6, 0xff, 0xff, 0x9a, 0x00, 0x00, 0x00,  //...%@@%... 
  0x00, 0x00, 0x0c, 0xf8, 0xde, 0xff, 0xe6, 0x00, 0x00, 0x00,  //...@@@@... 
  0x00, 0x00, 0x54, 0xff, 0x88, 0xd2, 0xff, 0x38, 0x00, 0x00,  //..+@%@@... 
  0x00, 0x00, 0xa4, 0xff, 0x44, 0x90, 0xff, 0x88, 0x00, 0x00,  //..%@+%@%.. 
  0x00, 0x04, 0xee, 0xf6, 0x08, 0x4c, 0xff, 0xd6, 0x00, 0x00,  //..@@.+@@.. 
  0x00, 0x42, 0xff, 0xbc, 0x00, 0x0c, 0xfa, 0xff, 0x26, 0x00,  //.+@%..@@.. 
  0x00, 0x92, 0xff, 0x78, 0x00, 0x00, 0xc4, 0xff, 0x74, 0x00,  //.%@+..@@+. 
  0x00, 0xe0, 0xff, 0xff, 0xff, 0xff, 0xff, 0xff, 0xc4, 0x00,  //.@@@@@@@@. 
  0x30, 0xff, 0xff, 0xff, 0xff, 0xff, 0xff, 0xff, 0xfc, 0x16,  //.@@@@@@@@. 
  0x80, 0xff, 0xaa, 0x00, 0x00, 0x00, 0x08, 0xf4, 0xff, 0x62,  //%@%....@@+ 
  0xce, 0xff, 0x58, 0x00, 0x00, 0x00, 0x00, 0xae, 0xff, 0xb2,  //@@+....%@% 
  0x00, 0x00, 0x00, 0x00, 0x00, 0x00, 0x00, 0x00, 0x00, 0x00,  //.......... 
  0x00, 0x00, 0x00, 0x00, 0x00, 0x00, 0x00, 0x00, 0x00, 0x00,  //.......... 
  0x00, 0x00, 0x00, 0x00, 0x00, 0x00, 0x00, 0x00, 0x00, 0x00,  //.......... 
  0x00, 0x00, 0x00, 0x00, 0x00, 0x00, 0x00, 0x00, 0x00, 0x00,  //.......... 


  /*Unicode: U+0042 (B) , Width: 9 */
  0x00, 0x00, 0x00, 0x00, 0x00, 0x00, 0x00, 0x00, 0x00,  //......... 
  0x00, 0x00, 0x00, 0x00, 0x00, 0x00, 0x00, 0x00, 0x00,  //......... 
  0x00, 0x00, 0x00, 0x00, 0x00, 0x00, 0x00, 0x00, 0x00,  //......... 
  0x00, 0x00, 0x00, 0x00, 0x00, 0x00, 0x00, 0x00, 0x00,  //......... 
  0xda, 0xff, 0xff, 0xff, 0xee, 0xd2, 0x78, 0x02, 0x00,  //@@@@@@+.. 
  0xda, 0xff, 0xff, 0xff, 0xff, 0xff, 0xff, 0x7e, 0x00,  //@@@@@@@+. 
  0xda, 0xff, 0x46, 0x00, 0x1a, 0xb6, 0xff, 0xb6, 0x00,  //@@+..%@%. 
  0xda, 0xff, 0x46, 0x00, 0x1c, 0xc0, 0xff, 0x7e, 0x00,  //@@+..@@+. 
  0xda, 0xff, 0xff, 0xff, 0xff, 0xff, 0xa2, 0x04, 0x00,  //@@@@@@%.. 
  0xda, 0xff, 0xff, 0xff, 0xff, 0xff, 0xfa, 0x68, 0x00,  //@@@@@@@+. 
  0xda, 0xff, 0x46, 0x00, 0x1a, 0x9a, 0xff, 0xf8, 0x0e,  //@@+..%@@. 
  0xda, 0xff, 0x46, 0x00, 0x00, 0x2a, 0xff, 0xff, 0x2e,  //@@+...@@. 
  0xda, 0xff, 0x46, 0x00, 0x18, 0xa2, 0xff, 0xfa, 0x10,  //@@+..%@@. 
  0xda, 0xff, 0xff, 0xff, 0xff, 0xff, 0xff, 0x8e, 0x00,  //@@@@@@@%. 
  0xda, 0xff, 0xff, 0xff, 0xf2, 0xc6, 0x64, 0x00, 0x00,  //@@@@@@+.. 
  0x00, 0x00, 0x00, 0x00, 0x00, 0x00, 0x00, 0x00, 0x00,  //......... 
  0x00, 0x00, 0x00, 0x00, 0x00, 0x00, 0x00, 0x00, 0x00,  //......... 
  0x00, 0x00, 0x00, 0x00, 0x00, 0x00, 0x00, 0x00, 0x00,  //......... 
  0x00, 0x00, 0x00, 0x00, 0x00, 0x00, 0x00, 0x00, 0x00,  //......... 


  /*Unicode: U+0043 (C) , Width: 9 */
  0x00, 0x00, 0x00, 0x00, 0x00, 0x00, 0x00, 0x00, 0x00,  //......... 
  0x00, 0x00, 0x00, 0x00, 0x00, 0x00, 0x00, 0x00, 0x00,  //......... 
  0x00, 0x00, 0x00, 0x00, 0x00, 0x00, 0x00, 0x00, 0x00,  //......... 
  0x00, 0x00, 0x00, 0x00, 0x00, 0x00, 0x00, 0x00, 0x00,  //......... 
  0x00, 0x00, 0x06, 0x70, 0xca, 0xf2, 0xf4, 0xbc, 0x38,  //...+@@@%. 
  0x00, 0x08, 0xc2, 0xff, 0xff, 0xff, 0xff, 0xff, 0xd2,  //..@@@@@@@ 
  0x00, 0x8a, 0xff, 0xfa, 0x78, 0x12, 0x10, 0x4a, 0x9a,  //.%@@+..+% 
  0x04, 0xf2, 0xff, 0x8e, 0x00, 0x00, 0x00, 0x00, 0x00,  //.@@%..... 
  0x2e, 0xff, 0xff, 0x36, 0x00, 0x00, 0x00, 0x00, 0x00,  //.@@...... 
  0x42, 0xff, 0xff, 0x1e, 0x00, 0x00, 0x00, 0x00, 0x00,  //+@@...... 
  0x38, 0xff, 0xff, 0x34, 0x00, 0x00, 0x00, 0x00, 0x00,  //.@@...... 
  0x10, 0xfc, 0xff, 0x86, 0x00, 0x00, 0x00, 0x00, 0x00,  //.@@%..... 
  0x00, 0xb6, 0xff, 0xf8, 0x72, 0x1c, 0x0a, 0x4e, 0xa0,  //.%@@+..+% 
  0x00, 0x20, 0xe6, 0xff, 0xff, 0xff, 0xff, 0xff, 0xd2,  //..@@@@@@@ 
  0x00, 0x00, 0x18, 0x90, 0xda, 0xf6, 0xe2, 0xa6, 0x2a,  //...%@@@%. 
  0x00, 0x00, 0x00, 0x00, 0x00, 0x00, 0x00, 0x00, 0x00,  //......... 
  0x00, 0x00, 0x00, 0x00, 0x00, 0x00, 0x00, 0x00, 0x00,  //......... 
  0x00, 0x00, 0x00, 0x00, 0x00, 0x00, 0x00, 0x00, 0x00,  //......... 
  0x00, 0x00, 0x00, 0x00, 0x00, 0x00, 0x00, 0x00, 0x00,  //......... 


  /*Unicode: U+0044 (D) , Width: 10 */
  0x00, 0x00, 0x00, 0x00, 0x00, 0x00, 0x00, 0x00, 0x00, 0x00,  //.......... 
  0x00, 0x00, 0x00, 0x00, 0x00, 0x00, 0x00, 0x00, 0x00, 0x00,  //.......... 
  0x00, 0x00, 0x00, 0x00, 0x00, 0x00, 0x00, 0x00, 0x00, 0x00,  //.......... 
  0x00, 0x00, 0x00, 0x00, 0x00, 0x00, 0x00, 0x00, 0x00, 0x00,  //.......... 
  0x3e, 0xff, 0xff, 0xff, 0xf8, 0xe0, 0xa4, 0x2e, 0x00, 0x00,  //.@@@@@%... 
  0x3e, 0xff, 0xff, 0xff, 0xff, 0xff, 0xff, 0xf8, 0x48, 0x00,  //.@@@@@@@+. 
  0x3e, 0xff, 0xea, 0x00, 0x08, 0x4a, 0xe2, 0xff, 0xe2, 0x02,  //.@@..+@@@. 
  0x3e, 0xff, 0xea, 0x00, 0x00, 0x00, 0x48, 0xff, 0xff, 0x38,  //.@@...+@@. 
  0x3e, 0xff, 0xea, 0x00, 0x00, 0x00, 0x02, 0xfa, 0xff, 0x60,  //.@@....@@+ 
  0x3e, 0xff, 0xea, 0x00, 0x00, 0x00, 0x00, 0xea, 0xff, 0x6a,  //.@@....@@+ 
  0x3e, 0xff, 0xea, 0x00, 0x00, 0x00, 0x06, 0xfc, 0xff, 0x56,  //.@@....@@+ 
  0x3e, 0xff, 0xea, 0x00, 0x00, 0x00, 0x56, 0xff, 0xff, 0x22,  //.@@...+@@. 
  0x3e, 0xff, 0xea, 0x00, 0x16, 0x5e, 0xea, 0xff, 0xba, 0x00,  //.@@..+@@%. 
  0x3e, 0xff, 0xff, 0xff, 0xff, 0xff, 0xff, 0xdc, 0x1e, 0x00,  //.@@@@@@@.. 
  0x3e, 0xff, 0xff, 0xff, 0xf0, 0xca, 0x7c, 0x0e, 0x00, 0x00,  //.@@@@@+... 
  0x00, 0x00, 0x00, 0x00, 0x00, 0x00, 0x00, 0x00, 0x00, 0x00,  //.......... 
  0x00, 0x00, 0x00, 0x00, 0x00, 0x00, 0x00, 0x00, 0x00, 0x00,  //.......... 
  0x00, 0x00, 0x00, 0x00, 0x00, 0x00, 0x00, 0x00, 0x00, 0x00,  //.......... 
  0x00, 0x00, 0x00, 0x00, 0x00, 0x00, 0x00, 0x00, 0x00, 0x00,  //.......... 


  /*Unicode: U+0045 (E) , Width: 8 */
  0x00, 0x00, 0x00, 0x00, 0x00, 0x00, 0x00, 0x00,  //........ 
  0x00, 0x00, 0x00, 0x00, 0x00, 0x00, 0x00, 0x00,  //........ 
  0x00, 0x00, 0x00, 0x00, 0x00, 0x00, 0x00, 0x00,  //........ 
  0x00, 0x00, 0x00, 0x00, 0x00, 0x00, 0x00, 0x00,  //........ 
  0x5e, 0xff, 0xff, 0xff, 0xff, 0xff, 0xff, 0x86,  //+@@@@@@% 
  0x5e, 0xff, 0xff, 0xff, 0xff, 0xff, 0xff, 0x86,  //+@@@@@@% 
  0x5e, 0xff, 0xce, 0x00, 0x00, 0x00, 0x00, 0x00,  //+@@..... 
  0x5e, 0xff, 0xce, 0x00, 0x00, 0x00, 0x00, 0x00,  //+@@..... 
  0x5e, 0xff, 0xff, 0xff, 0xff, 0xff, 0xff, 0x4e,  //+@@@@@@+ 
  0x5e, 0xff, 0xff, 0xff, 0xff, 0xff, 0xff, 0x4e,  //+@@@@@@+ 
  0x5e, 0xff, 0xce, 0x00, 0x00, 0x00, 0x00, 0x00,  //+@@..... 
  0x5e, 0xff, 0xce, 0x00, 0x00, 0x00, 0x00, 0x00,  //+@@..... 
  0x5e, 0xff, 0xce, 0x00, 0x00, 0x00, 0x00, 0x00,  //+@@..... 
  0x5e, 0xff, 0xff, 0xff, 0xff, 0xff, 0xff, 0x86,  //+@@@@@@% 
  0x5e, 0xff, 0xff, 0xff, 0xff, 0xff, 0xff, 0x86,  //+@@@@@@% 
  0x00, 0x00, 0x00, 0x00, 0x00, 0x00, 0x00, 0x00,  //........ 
  0x00, 0x00, 0x00, 0x00, 0x00, 0x00, 0x00, 0x00,  //........ 
  0x00, 0x00, 0x00, 0x00, 0x00, 0x00, 0x00, 0x00,  //........ 
  0x00, 0x00, 0x00, 0x00, 0x00, 0x00, 0x00, 0x00,  //........ 


  /*Unicode: U+0046 (F) , Width: 8 */
  0x00, 0x00, 0x00, 0x00, 0x00, 0x00, 0x00, 0x00,  //........ 
  0x00, 0x00, 0x00, 0x00, 0x00, 0x00, 0x00, 0x00,  //........ 
  0x00, 0x00, 0x00, 0x00, 0x00, 0x00, 0x00, 0x00,  //........ 
  0x00, 0x00, 0x00, 0x00, 0x00, 0x00, 0x00, 0x00,  //........ 
  0x5e, 0xff, 0xff, 0xff, 0xff, 0xff, 0xff, 0x66,  //+@@@@@@+ 
  0x5e, 0xff, 0xff, 0xff, 0xff, 0xff, 0xff, 0x66,  //+@@@@@@+ 
  0x5e, 0xff, 0xce, 0x00, 0x00, 0x00, 0x00, 0x00,  //+@@..... 
  0x5e, 0xff, 0xce, 0x00, 0x00, 0x00, 0x00, 0x00,  //+@@..... 
  0x5e, 0xff, 0xff, 0xff, 0xff, 0xff, 0xff, 0x26,  //+@@@@@@. 
  0x5e, 0xff, 0xff, 0xff, 0xff, 0xff, 0xff, 0x26,  //+@@@@@@. 
  0x5e, 0xff, 0xce, 0x00, 0x00, 0x00, 0x00, 0x00,  //+@@..... 
  0x5e, 0xff, 0xce, 0x00, 0x00, 0x00, 0x00, 0x00,  //+@@..... 
  0x5e, 0xff, 0xce, 0x00, 0x00, 0x00, 0x00, 0x00,  //+@@..... 
  0x5e, 0xff, 0xce, 0x00, 0x00, 0x00, 0x00, 0x00,  //+@@..... 
  0x5e, 0xff, 0xce, 0x00, 0x00, 0x00, 0x00, 0x00,  //+@@..... 
  0x00, 0x00, 0x00, 0x00, 0x00, 0x00, 0x00, 0x00,  //........ 
  0x00, 0x00, 0x00, 0x00, 0x00, 0x00, 0x00, 0x00,  //........ 
  0x00, 0x00, 0x00, 0x00, 0x00, 0x00, 0x00, 0x00,  //........ 
  0x00, 0x00, 0x00, 0x00, 0x00, 0x00, 0x00, 0x00,  //........ 


  /*Unicode: U+0047 (G) , Width: 10 */
  0x00, 0x00, 0x00, 0x00, 0x00, 0x00, 0x00, 0x00, 0x00, 0x00,  //.......... 
  0x00, 0x00, 0x00, 0x00, 0x00, 0x00, 0x00, 0x00, 0x00, 0x00,  //.......... 
  0x00, 0x00, 0x00, 0x00, 0x00, 0x00, 0x00, 0x00, 0x00, 0x00,  //.......... 
  0x00, 0x00, 0x00, 0x00, 0x00, 0x00, 0x00, 0x00, 0x00, 0x00,  //.......... 
  0x00, 0x00, 0x14, 0x86, 0xd4, 0xf4, 0xff, 0xff, 0xff, 0x0a,  //...%@@@@@. 
  0x00, 0x28, 0xe4, 0xff, 0xff, 0xff, 0xff, 0xff, 0xff, 0x0a,  //..@@@@@@@. 
  0x00, 0xd2, 0xff, 0xe6, 0x58, 0x16, 0x00, 0x00, 0x00, 0x00,  //.@@@+..... 
  0x42, 0xff, 0xff, 0x3e, 0x00, 0x00, 0x00, 0x00, 0x00, 0x00,  //+@@....... 
  0x7c, 0xff, 0xde, 0x00, 0x00, 0xff, 0xff, 0xff, 0xff, 0x16,  //+@@..@@@@. 
  0x92, 0xff, 0xbe, 0x00, 0x00, 0xff, 0xff, 0xff, 0xff, 0x16,  //%@%..@@@@. 
  0x86, 0xff, 0xd0, 0x00, 0x00, 0x00, 0x0a, 0xff, 0xff, 0x16,  //%@@....@@. 
  0x58, 0xff, 0xfa, 0x24, 0x00, 0x00, 0x0a, 0xff, 0xff, 0x16,  //+@@....@@. 
  0x0c, 0xec, 0xff, 0xd4, 0x3e, 0x0c, 0x1c, 0xff, 0xff, 0x16,  //.@@@...@@. 
  0x00, 0x50, 0xf8, 0xff, 0xff, 0xff, 0xff, 0xff, 0xff, 0x16,  //.+@@@@@@@. 
  0x00, 0x00, 0x30, 0xa8, 0xe6, 0xfa, 0xe8, 0xc6, 0x76, 0x04,  //...%@@@@+. 
  0x00, 0x00, 0x00, 0x00, 0x00, 0x00, 0x00, 0x00, 0x00, 0x00,  //.......... 
  0x00, 0x00, 0x00, 0x00, 0x00, 0x00, 0x00, 0x00, 0x00, 0x00,  //.......... 
  0x00, 0x00, 0x00, 0x00, 0x00, 0x00, 0x00, 0x00, 0x00, 0x00,  //.......... 
  0x00, 0x00, 0x00, 0x00, 0x00, 0x00, 0x00, 0x00, 0x00, 0x00,  //.......... 


  /*Unicode: U+0048 (H) , Width: 10 */
  0x00, 0x00, 0x00, 0x00, 0x00, 0x00, 0x00, 0x00, 0x00, 0x00,  //.......... 
  0x00, 0x00, 0x00, 0x00, 0x00, 0x00, 0x00, 0x00, 0x00, 0x00,  //.......... 
  0x00, 0x00, 0x00, 0x00, 0x00, 0x00, 0x00, 0x00, 0x00, 0x00,  //.......... 
  0x00, 0x00, 0x00, 0x00, 0x00, 0x00, 0x00, 0x00, 0x00, 0x00,  //.......... 
  0x2a, 0xff, 0xff, 0x00, 0x00, 0x00, 0x16, 0xff, 0xff, 0x0e,  //.@@....@@. 
  0x2a, 0xff, 0xff, 0x00, 0x00, 0x00, 0x16, 0xff, 0xff, 0x0e,  //.@@....@@. 
  0x2a, 0xff, 0xff, 0x00, 0x00, 0x00, 0x16, 0xff, 0xff, 0x0e,  //.@@....@@. 
  0x2a, 0xff, 0xff, 0x00, 0x00, 0x00, 0x16, 0xff, 0xff, 0x0e,  //.@@....@@. 
  0x2a, 0xff, 0xff, 0xff, 0xff, 0xff, 0xff, 0xff, 0xff, 0x0e,  //.@@@@@@@@. 
  0x2a, 0xff, 0xff, 0xff, 0xff, 0xff, 0xff, 0xff, 0xff, 0x0e,  //.@@@@@@@@. 
  0x2a, 0xff, 0xff, 0x00, 0x00, 0x00, 0x16, 0xff, 0xff, 0x0e,  //.@@....@@. 
  0x2a, 0xff, 0xff, 0x00, 0x00, 0x00, 0x16, 0xff, 0xff, 0x0e,  //.@@....@@. 
  0x2a, 0xff, 0xff, 0x00, 0x00, 0x00, 0x16, 0xff, 0xff, 0x0e,  //.@@....@@. 
  0x2a, 0xff, 0xff, 0x00, 0x00, 0x00, 0x16, 0xff, 0xff, 0x0e,  //.@@....@@. 
  0x2a, 0xff, 0xff, 0x00, 0x00, 0x00, 0x16, 0xff, 0xff, 0x0e,  //.@@....@@. 
  0x00, 0x00, 0x00, 0x00, 0x00, 0x00, 0x00, 0x00, 0x00, 0x00,  //.......... 
  0x00, 0x00, 0x00, 0x00, 0x00, 0x00, 0x00, 0x00, 0x00, 0x00,  //.......... 
  0x00, 0x00, 0x00, 0x00, 0x00, 0x00, 0x00, 0x00, 0x00, 0x00,  //.......... 
  0x00, 0x00, 0x00, 0x00, 0x00, 0x00, 0x00, 0x00, 0x00, 0x00,  //.......... 


  /*Unicode: U+0049 (I) , Width: 8 */
  0x00, 0x00, 0x00, 0x00, 0x00, 0x00, 0x00, 0x00,  //........ 
  0x00, 0x00, 0x00, 0x00, 0x00, 0x00, 0x00, 0x00,  //........ 
  0x00, 0x00, 0x00, 0x00, 0x00, 0x00, 0x00, 0x00,  //........ 
  0x00, 0x00, 0x00, 0x00, 0x00, 0x00, 0x00, 0x00,  //........ 
  0xae, 0xff, 0xff, 0xff, 0xff, 0xff, 0xff, 0x92,  //%@@@@@@% 
  0xae, 0xff, 0xff, 0xff, 0xff, 0xff, 0xff, 0x92,  //%@@@@@@% 
  0x00, 0x00, 0x26, 0xff, 0xff, 0x0a, 0x00, 0x00,  //...@@... 
  0x00, 0x00, 0x26, 0xff, 0xff, 0x0a, 0x00, 0x00,  //...@@... 
  0x00, 0x00, 0x26, 0xff, 0xff, 0x0a, 0x00, 0x00,  //...@@... 
  0x00, 0x00, 0x26, 0xff, 0xff, 0x0a, 0x00, 0x00,  //...@@... 
  0x00, 0x00, 0x26, 0xff, 0xff, 0x0a, 0x00, 0x00,  //...@@... 
  0x00, 0x00, 0x26, 0xff, 0xff, 0x0a, 0x00, 0x00,  //...@@... 
  0x00, 0x00, 0x26, 0xff, 0xff, 0x0a, 0x00, 0x00,  //...@@... 
  0xae, 0xff, 0xff, 0xff, 0xff, 0xff, 0xff, 0x92,  //%@@@@@@% 
  0xae, 0xff, 0xff, 0xff, 0xff, 0xff, 0xff, 0x92,  //%@@@@@@% 
  0x00, 0x00, 0x00, 0x00, 0x00, 0x00, 0x00, 0x00,  //........ 
  0x00, 0x00, 0x00, 0x00, 0x00, 0x00, 0x00, 0x00,  //........ 
  0x00, 0x00, 0x00, 0x00, 0x00, 0x00, 0x00, 0x00,  //........ 
  0x00, 0x00, 0x00, 0x00, 0x00, 0x00, 0x00, 0x00,  //........ 


  /*Unicode: U+004a (J) , Width: 7 */
  0x00, 0x00, 0x00, 0x00, 0x00, 0x00, 0x00,  //....... 
  0x00, 0x00, 0x00, 0x00, 0x00, 0x00, 0x00,  //....... 
  0x00, 0x00, 0x00, 0x00, 0x00, 0x00, 0x00,  //....... 
  0x00, 0x00, 0x00, 0x00, 0x00, 0x00, 0x00,  //....... 
  0x66, 0xff, 0xff, 0xff, 0xff, 0xff, 0xf2,  //+@@@@@@ 
  0x66, 0xff, 0xff, 0xff, 0xff, 0xff, 0xf2,  //+@@@@@@ 
  0x00, 0x00, 0x00, 0x00, 0x3e, 0xff, 0xf2,  //.....@@ 
  0x00, 0x00, 0x00, 0x00, 0x3e, 0xff, 0xf2,  //.....@@ 
  0x00, 0x00, 0x00, 0x00, 0x3e, 0xff, 0xf2,  //.....@@ 
  0x00, 0x00, 0x00, 0x00, 0x3e, 0xff, 0xf2,  //.....@@ 
  0x00, 0x00, 0x00, 0x00, 0x3e, 0xff, 0xf2,  //.....@@ 
  0x00, 0x00, 0x00, 0x00, 0x4e, 0xff, 0xf0,  //....+@@ 
  0x62, 0x5c, 0x10, 0x18, 0xbc, 0xff, 0xd0,  //++..%@@ 
  0x7a, 0xff, 0xff, 0xff, 0xff, 0xff, 0x52,  //+@@@@@+ 
  0x12, 0x98, 0xee, 0xee, 0xc6, 0x4e, 0x00,  //.%@@@+. 
  0x00, 0x00, 0x00, 0x00, 0x00, 0x00, 0x00,  //....... 
  0x00, 0x00, 0x00, 0x00, 0x00, 0x00, 0x00,  //....... 
  0x00, 0x00, 0x00, 0x00, 0x00, 0x00, 0x00,  //....... 
  0x00, 0x00, 0x00, 0x00, 0x00, 0x00, 0x00,  //....... 


  /*Unicode: U+004b (K) , Width: 9 */
  0x00, 0x00, 0x00, 0x00, 0x00, 0x00, 0x00, 0x00, 0x00,  //......... 
  0x00, 0x00, 0x00, 0x00, 0x00, 0x00, 0x00, 0x00, 0x00,  //......... 
  0x00, 0x00, 0x00, 0x00, 0x00, 0x00, 0x00, 0x00, 0x00,  //......... 
  0x00, 0x00, 0x00, 0x00, 0x00, 0x00, 0x00, 0x00, 0x00,  //......... 
  0xda, 0xff, 0x52, 0x00, 0x00, 0x88, 0xff, 0xea, 0x18,  //@@+..%@@. 
  0xda, 0xff, 0x52, 0x00, 0x2a, 0xfa, 0xff, 0x4e, 0x00,  //@@+..@@+. 
  0xda, 0xff, 0x52, 0x00, 0xc0, 0xff, 0x98, 0x00, 0x00,  //@@+.@@%.. 
  0xda, 0xff, 0x52, 0x5e, 0xff, 0xd6, 0x08, 0x00, 0x00,  //@@++@@... 
  0xda, 0xff, 0x64, 0xe8, 0xf8, 0x32, 0x00, 0x00, 0x00,  //@@+@@.... 
  0xda, 0xff, 0xd8, 0xff, 0xa4, 0x00, 0x00, 0x00, 0x00,  //@@@@%.... 
  0xda, 0xff, 0x7e, 0xf8, 0xfa, 0x38, 0x00, 0x00, 0x00,  //@@+@@.... 
  0xda, 0xff, 0x52, 0x7e, 0xff, 0xe0, 0x12, 0x00, 0x00,  //@@++@@... 
  0xda, 0xff, 0x52, 0x04, 0xd0, 0xff, 0xb2, 0x00, 0x00,  //@@+.@@%.. 
  0xda, 0xff, 0x52, 0x00, 0x34, 0xfa, 0xff, 0x72, 0x00,  //@@+..@@+. 
  0xda, 0xff, 0x52, 0x00, 0x00, 0x8a, 0xff, 0xf8, 0x36,  //@@+..%@@. 
  0x00, 0x00, 0x00, 0x00, 0x00, 0x00, 0x00, 0x00, 0x00,  //......... 
  0x00, 0x00, 0x00, 0x00, 0x00, 0x00, 0x00, 0x00, 0x00,  //......... 
  0x00, 0x00, 0x00, 0x00, 0x00, 0x00, 0x00, 0x00, 0x00,  //......... 
  0x00, 0x00, 0x00, 0x00, 0x00, 0x00, 0x00, 0x00, 0x00,  //......... 


  /*Unicode: U+004c (L) , Width: 8 */
  0x00, 0x00, 0x00, 0x00, 0x00, 0x00, 0x00, 0x00,  //........ 
  0x00, 0x00, 0x00, 0x00, 0x00, 0x00, 0x00, 0x00,  //........ 
  0x00, 0x00, 0x00, 0x00, 0x00, 0x00, 0x00, 0x00,  //........ 
  0x00, 0x00, 0x00, 0x00, 0x00, 0x00, 0x00, 0x00,  //........ 
  0x42, 0xff, 0xea, 0x00, 0x00, 0x00, 0x00, 0x00,  //+@@..... 
  0x42, 0xff, 0xea, 0x00, 0x00, 0x00, 0x00, 0x00,  //+@@..... 
  0x42, 0xff, 0xea, 0x00, 0x00, 0x00, 0x00, 0x00,  //+@@..... 
  0x42, 0xff, 0xea, 0x00, 0x00, 0x00, 0x00, 0x00,  //+@@..... 
  0x42, 0xff, 0xea, 0x00, 0x00, 0x00, 0x00, 0x00,  //+@@..... 
  0x42, 0xff, 0xea, 0x00, 0x00, 0x00, 0x00, 0x00,  //+@@..... 
  0x42, 0xff, 0xea, 0x00, 0x00, 0x00, 0x00, 0x00,  //+@@..... 
  0x42, 0xff, 0xea, 0x00, 0x00, 0x00, 0x00, 0x00,  //+@@..... 
  0x42, 0xff, 0xea, 0x00, 0x00, 0x00, 0x00, 0x00,  //+@@..... 
  0x42, 0xff, 0xff, 0xff, 0xff, 0xff, 0xff, 0xc6,  //+@@@@@@@ 
  0x42, 0xff, 0xff, 0xff, 0xff, 0xff, 0xff, 0xc6,  //+@@@@@@@ 
  0x00, 0x00, 0x00, 0x00, 0x00, 0x00, 0x00, 0x00,  //........ 
  0x00, 0x00, 0x00, 0x00, 0x00, 0x00, 0x00, 0x00,  //........ 
  0x00, 0x00, 0x00, 0x00, 0x00, 0x00, 0x00, 0x00,  //........ 
  0x00, 0x00, 0x00, 0x00, 0x00, 0x00, 0x00, 0x00,  //........ 


  /*Unicode: U+004d (M) , Width: 10 */
  0x00, 0x00, 0x00, 0x00, 0x00, 0x00, 0x00, 0x00, 0x00, 0x00,  //.......... 
  0x00, 0x00, 0x00, 0x00, 0x00, 0x00, 0x00, 0x00, 0x00, 0x00,  //.......... 
  0x00, 0x00, 0x00, 0x00, 0x00, 0x00, 0x00, 0x00, 0x00, 0x00,  //.......... 
  0x00, 0x00, 0x00, 0x00, 0x00, 0x00, 0x00, 0x00, 0x00, 0x00,  //.......... 
  0x12, 0xff, 0xff, 0x88, 0x00, 0x00, 0xb2, 0xff, 0xf4, 0x00,  //.@@%..%@@. 
  0x1e, 0xff, 0xff, 0xce, 0x00, 0x04, 0xf2, 0xff, 0xff, 0x02,  //.@@@..@@@. 
  0x2c, 0xff, 0xea, 0xfc, 0x14, 0x40, 0xff, 0xe6, 0xff, 0x0e,  //.@@@.+@@@. 
  0x38, 0xff, 0x8a, 0xfc, 0x58, 0x86, 0xce, 0xaa, 0xff, 0x1c,  //.@%@+%@%@. 
  0x46, 0xff, 0x6c, 0xcc, 0x94, 0xc8, 0x7c, 0xa0, 0xff, 0x28,  //+@+@%@+%@. 
  0x52, 0xff, 0x64, 0x88, 0xda, 0xfa, 0x30, 0x98, 0xff, 0x36,  //+@+%@@.%@. 
  0x60, 0xff, 0x5c, 0x44, 0xff, 0xe4, 0x00, 0x90, 0xff, 0x42,  //+@++@@.%@+ 
  0x6c, 0xff, 0x54, 0x08, 0xf6, 0x9c, 0x00, 0x86, 0xff, 0x50,  //+@+.@%.%@+ 
  0x7a, 0xff, 0x4e, 0x00, 0x00, 0x00, 0x00, 0x7e, 0xff, 0x5c,  //+@+....+@+ 
  0x86, 0xff, 0x46, 0x00, 0x00, 0x00, 0x00, 0x74, 0xff, 0x6a,  //%@+....+@+ 
  0x94, 0xff, 0x3e, 0x00, 0x00, 0x00, 0x00, 0x6c, 0xff, 0x78,  //%@.....+@+ 
  0x00, 0x00, 0x00, 0x00, 0x00, 0x00, 0x00, 0x00, 0x00, 0x00,  //.......... 
  0x00, 0x00, 0x00, 0x00, 0x00, 0x00, 0x00, 0x00, 0x00, 0x00,  //.......... 
  0x00, 0x00, 0x00, 0x00, 0x00, 0x00, 0x00, 0x00, 0x00, 0x00,  //.......... 
  0x00, 0x00, 0x00, 0x00, 0x00, 0x00, 0x00, 0x00, 0x00, 0x00,  //.......... 


  /*Unicode: U+004e (N) , Width: 10 */
  0x00, 0x00, 0x00, 0x00, 0x00, 0x00, 0x00, 0x00, 0x00, 0x00,  //.......... 
  0x00, 0x00, 0x00, 0x00, 0x00, 0x00, 0x00, 0x00, 0x00, 0x00,  //.......... 
  0x00, 0x00, 0x00, 0x00, 0x00, 0x00, 0x00, 0x00, 0x00, 0x00,  //.......... 
  0x00, 0x00, 0x00, 0x00, 0x00, 0x00, 0x00, 0x00, 0x00, 0x00,  //.......... 
  0x2a, 0xff, 0xff, 0xb6, 0x00, 0x00, 0x00, 0xd2, 0xff, 0x22,  //.@@%...@@. 
  0x2a, 0xff, 0xff, 0xff, 0x30, 0x00, 0x00, 0xd2, 0xff, 0x22,  //.@@@...@@. 
  0x2a, 0xff, 0xff, 0xff, 0xaa, 0x00, 0x00, 0xd2, 0xff, 0x22,  //.@@@%..@@. 
  0x2a, 0xff, 0xd8, 0xf0, 0xfc, 0x26, 0x00, 0xd2, 0xff, 0x22,  //.@@@@..@@. 
  0x2a, 0xff, 0xca, 0x8a, 0xff, 0x9e, 0x00, 0xd2, 0xff, 0x22,  //.@@%@%.@@. 
  0x2a, 0xff, 0xca, 0x1a, 0xf8, 0xf8, 0x1c, 0xd2, 0xff, 0x22,  //.@@.@@.@@. 
  0x2a, 0xff, 0xca, 0x00, 0x9c, 0xff, 0x90, 0xd2, 0xff, 0x22,  //.@@.%@%@@. 
  0x2a, 0xff, 0xca, 0x00, 0x26, 0xfc, 0xf0, 0xe0, 0xff, 0x22,  //.@@..@@@@. 
  0x2a, 0xff, 0xca, 0x00, 0x00, 0xac, 0xff, 0xff, 0xff, 0x22,  //.@@..%@@@. 
  0x2a, 0xff, 0xca, 0x00, 0x00, 0x34, 0xff, 0xff, 0xff, 0x22,  //.@@...@@@. 
  0x2a, 0xff, 0xca, 0x00, 0x00, 0x00, 0xba, 0xff, 0xff, 0x22,  //.@@...%@@. 
  0x00, 0x00, 0x00, 0x00, 0x00, 0x00, 0x00, 0x00, 0x00, 0x00,  //.......... 
  0x00, 0x00, 0x00, 0x00, 0x00, 0x00, 0x00, 0x00, 0x00, 0x00,  //.......... 
  0x00, 0x00, 0x00, 0x00, 0x00, 0x00, 0x00, 0x00, 0x00, 0x00,  //.......... 
  0x00, 0x00, 0x00, 0x00, 0x00, 0x00, 0x00, 0x00, 0x00, 0x00,  //.......... 


  /*Unicode: U+004f (O) , Width: 10 */
  0x00, 0x00, 0x00, 0x00, 0x00, 0x00, 0x00, 0x00, 0x00, 0x00,  //.......... 
  0x00, 0x00, 0x00, 0x00, 0x00, 0x00, 0x00, 0x00, 0x00, 0x00,  //.......... 
  0x00, 0x00, 0x00, 0x00, 0x00, 0x00, 0x00, 0x00, 0x00, 0x00,  //.......... 
  0x00, 0x00, 0x00, 0x00, 0x00, 0x00, 0x00, 0x00, 0x00, 0x00,  //.......... 
  0x00, 0x00, 0x4a, 0xbe, 0xf2, 0xf4, 0xca, 0x5e, 0x00, 0x00,  //..+%@@@+.. 
  0x00, 0x68, 0xff, 0xff, 0xff, 0xff, 0xff, 0xff, 0x78, 0x00,  //.+@@@@@@+. 
  0x16, 0xf6, 0xff, 0x94, 0x16, 0x1c, 0xa8, 0xff, 0xf8, 0x14,  //.@@%..%@@. 
  0x6a, 0xff, 0xe6, 0x02, 0x00, 0x00, 0x10, 0xf6, 0xff, 0x5c,  //+@@....@@+ 
  0x98, 0xff, 0xae, 0x00, 0x00, 0x00, 0x00, 0xce, 0xff, 0x82,  //%@%....@@% 
  0xa6, 0xff, 0xa0, 0x00, 0x00, 0x00, 0x00, 0xbc, 0xff, 0x8e,  //%@%....%@% 
  0x9c, 0xff, 0xb2, 0x00, 0x00, 0x00, 0x00, 0xce, 0xff, 0x7e,  //%@%....@@+ 
  0x74, 0xff, 0xe6, 0x02, 0x00, 0x00, 0x10, 0xf6, 0xff, 0x4e,  //+@@....@@+ 
  0x26, 0xfc, 0xff, 0x90, 0x16, 0x1c, 0xaa, 0xff, 0xea, 0x08,  //.@@%..%@@. 
  0x00, 0x90, 0xff, 0xff, 0xff, 0xff, 0xff, 0xfa, 0x50, 0x00,  //.%@@@@@@+. 
  0x00, 0x00, 0x6c, 0xd0, 0xf6, 0xf0, 0xb8, 0x3c, 0x00, 0x00,  //..+@@@%... 
  0x00, 0x00, 0x00, 0x00, 0x00, 0x00, 0x00, 0x00, 0x00, 0x00,  //.......... 
  0x00, 0x00, 0x00, 0x00, 0x00, 0x00, 0x00, 0x00, 0x00, 0x00,  //.......... 
  0x00, 0x00, 0x00, 0x00, 0x00, 0x00, 0x00, 0x00, 0x00, 0x00,  //.......... 
  0x00, 0x00, 0x00, 0x00, 0x00, 0x00, 0x00, 0x00, 0x00, 0x00,  //.......... 


  /*Unicode: U+0050 (P) , Width: 9 */
  0x00, 0x00, 0x00, 0x00, 0x00, 0x00, 0x00, 0x00, 0x00,  //......... 
  0x00, 0x00, 0x00, 0x00, 0x00, 0x00, 0x00, 0x00, 0x00,  //......... 
  0x00, 0x00, 0x00, 0x00, 0x00, 0x00, 0x00, 0x00, 0x00,  //......... 
  0x00, 0x00, 0x00, 0x00, 0x00, 0x00, 0x00, 0x00, 0x00,  //......... 
  0xce, 0xff, 0xff, 0xfc, 0xee, 0xc2, 0x62, 0x00, 0x00,  //@@@@@@+.. 
  0xce, 0xff, 0xff, 0xff, 0xff, 0xff, 0xff, 0x8e, 0x00,  //@@@@@@@%. 
  0xce, 0xff, 0x5a, 0x02, 0x20, 0xa0, 0xff, 0xfa, 0x0c,  //@@+..%@@. 
  0xce, 0xff, 0x5a, 0x00, 0x00, 0x2a, 0xff, 0xff, 0x1e,  //@@+...@@. 
  0xce, 0xff, 0x5a, 0x00, 0x20, 0xa8, 0xff, 0xea, 0x02,  //@@+..%@@. 
  0xce, 0xff, 0xff, 0xff, 0xff, 0xff, 0xff, 0x5e, 0x00,  //@@@@@@@+. 
  0xce, 0xff, 0xff, 0xfc, 0xea, 0xb4, 0x40, 0x00, 0x00,  //@@@@@%+.. 
  0xce, 0xff, 0x5a, 0x00, 0x00, 0x00, 0x00, 0x00, 0x00,  //@@+...... 
  0xce, 0xff, 0x5a, 0x00, 0x00, 0x00, 0x00, 0x00, 0x00,  //@@+...... 
  0xce, 0xff, 0x5a, 0x00, 0x00, 0x00, 0x00, 0x00, 0x00,  //@@+...... 
  0xce, 0xff, 0x5a, 0x00, 0x00, 0x00, 0x00, 0x00, 0x00,  //@@+...... 
  0x00, 0x00, 0x00, 0x00, 0x00, 0x00, 0x00, 0x00, 0x00,  //......... 
  0x00, 0x00, 0x00, 0x00, 0x00, 0x00, 0x00, 0x00, 0x00,  //......... 
  0x00, 0x00, 0x00, 0x00, 0x00, 0x00, 0x00, 0x00, 0x00,  //......... 
  0x00, 0x00, 0x00, 0x00, 0x00, 0x00, 0x00, 0x00, 0x00,  //......... 


  /*Unicode: U+0051 (Q) , Width: 10 */
  0x00, 0x00, 0x00, 0x00, 0x00, 0x00, 0x00, 0x00, 0x00, 0x00,  //.......... 
  0x00, 0x00, 0x00, 0x00, 0x00, 0x00, 0x00, 0x00, 0x00, 0x00,  //.......... 
  0x00, 0x00, 0x00, 0x00, 0x00, 0x00, 0x00, 0x00, 0x00, 0x00,  //.......... 
  0x00, 0x00, 0x00, 0x00, 0x00, 0x00, 0x00, 0x00, 0x00, 0x00,  //.......... 
  0x00, 0x00, 0x44, 0xbc, 0xf2, 0xf4, 0xca, 0x5c, 0x00, 0x00,  //..+%@@@+.. 
  0x00, 0x5e, 0xfc, 0xff, 0xff, 0xff, 0xff, 0xff, 0x74, 0x00,  //.+@@@@@@+. 
  0x10, 0xf2, 0xff, 0x9a, 0x1a, 0x1a, 0xa6, 0xff, 0xf6, 0x12,  //.@@%..%@@. 
  0x64, 0xff, 0xe6, 0x04, 0x00, 0x00, 0x10, 0xf6, 0xff, 0x5c,  //+@@....@@+ 
  0x94, 0xff, 0xae, 0x00, 0x00, 0x00, 0x00, 0xce, 0xff, 0x82,  //%@%....@@% 
  0xa4, 0xff, 0xa0, 0x00, 0x00, 0x00, 0x00, 0xbc, 0xff, 0x8e,  //%@%....%@% 
  0x94, 0xff, 0xb2, 0x00, 0x00, 0x00, 0x00, 0xce, 0xff, 0x7e,  //%@%....@@+ 
  0x78, 0xff, 0xe6, 0x02, 0x00, 0x00, 0x10, 0xf6, 0xff, 0x50,  //+@@....@@+ 
  0x28, 0xff, 0xff, 0x90, 0x16, 0x1c, 0xaa, 0xff, 0xec, 0x08,  //.@@%..%@@. 
  0x00, 0xaa, 0xff, 0xff, 0xff, 0xff, 0xff, 0xff, 0x5a, 0x00,  //.%@@@@@@+. 
  0x00, 0x06, 0x86, 0xe8, 0xff, 0xff, 0xce, 0x4a, 0x00, 0x00,  //..%@@@@+.. 
  0x00, 0x00, 0x00, 0x1e, 0xff, 0xf8, 0x06, 0x00, 0x00, 0x00,  //....@@.... 
  0x00, 0x00, 0x00, 0x02, 0xee, 0xff, 0x7e, 0x08, 0x82, 0x3c,  //....@@+.%. 
  0x00, 0x00, 0x00, 0x00, 0x78, 0xff, 0xff, 0xff, 0xff, 0xc0,  //....+@@@@@ 
  0x00, 0x00, 0x00, 0x00, 0x02, 0x76, 0xd8, 0xf6, 0xc6, 0x38,  //.....+@@@. 


  /*Unicode: U+0052 (R) , Width: 9 */
  0x00, 0x00, 0x00, 0x00, 0x00, 0x00, 0x00, 0x00, 0x00,  //......... 
  0x00, 0x00, 0x00, 0x00, 0x00, 0x00, 0x00, 0x00, 0x00,  //......... 
  0x00, 0x00, 0x00, 0x00, 0x00, 0x00, 0x00, 0x00, 0x00,  //......... 
  0x00, 0x00, 0x00, 0x00, 0x00, 0x00, 0x00, 0x00, 0x00,  //......... 
  0xda, 0xff, 0xff, 0xfa, 0xe4, 0xb0, 0x3a, 0x00, 0x00,  //@@@@@%... 
  0xda, 0xff, 0xff, 0xff, 0xff, 0xff, 0xf4, 0x2e, 0x00,  //@@@@@@@.. 
  0xda, 0xff, 0x4a, 0x04, 0x38, 0xe6, 0xff, 0x90, 0x00,  //@@+..@@%. 
  0xda, 0xff, 0x4a, 0x00, 0x00, 0xa8, 0xff, 0x9a, 0x00,  //@@+..%@%. 
  0xda, 0xff, 0x4a, 0x06, 0x46, 0xee, 0xff, 0x5e, 0x00,  //@@+.+@@+. 
  0xda, 0xff, 0xff, 0xff, 0xff, 0xfa, 0x96, 0x00, 0x00,  //@@@@@@%.. 
  0xda, 0xff, 0xff, 0xff, 0xff, 0xae, 0x00, 0x00, 0x00,  //@@@@@%... 
  0xda, 0xff, 0x4c, 0x3a, 0xe8, 0xff, 0x70, 0x00, 0x00,  //@@+.@@+.. 
  0xda, 0xff, 0x4a, 0x00, 0x5e, 0xff, 0xf0, 0x16, 0x00,  //@@+.+@@.. 
  0xda, 0xff, 0x4a, 0x00, 0x02, 0xd6, 0xff, 0x9c, 0x00,  //@@+..@@%. 
  0xda, 0xff, 0x4a, 0x00, 0x00, 0x54, 0xff, 0xfc, 0x30,  //@@+..+@@. 
  0x00, 0x00, 0x00, 0x00, 0x00, 0x00, 0x00, 0x00, 0x00,  //......... 
  0x00, 0x00, 0x00, 0x00, 0x00, 0x00, 0x00, 0x00, 0x00,  //......... 
  0x00, 0x00, 0x00, 0x00, 0x00, 0x00, 0x00, 0x00, 0x00,  //......... 
  0x00, 0x00, 0x00, 0x00, 0x00, 0x00, 0x00, 0x00, 0x00,  //......... 


  /*Unicode: U+0053 (S) , Width: 9 */
  0x00, 0x00, 0x00, 0x00, 0x00, 0x00, 0x00, 0x00, 0x00,  //......... 
  0x00, 0x00, 0x00, 0x00, 0x00, 0x00, 0x00, 0x00, 0x00,  //......... 
  0x00, 0x00, 0x00, 0x00, 0x00, 0x00, 0x00, 0x00, 0x00,  //......... 
  0x00, 0x00, 0x00, 0x00, 0x00, 0x00, 0x00, 0x00, 0x00,  //......... 
  0x00, 0x00, 0x60, 0xc4, 0xf0, 0xf6, 0xc4, 0x58, 0x00,  //..+@@@@+. 
  0x00, 0x82, 0xff, 0xff, 0xff, 0xff, 0xff, 0xff, 0x1e,  //.%@@@@@@. 
  0x00, 0xe6, 0xff, 0x94, 0x12, 0x04, 0x30, 0x9e, 0x1c,  //.@@%...%. 
  0x00, 0xf0, 0xff, 0xaa, 0x08, 0x00, 0x00, 0x00, 0x00,  //.@@%..... 
  0x00, 0x96, 0xff, 0xff, 0xec, 0x98, 0x3a, 0x00, 0x00,  //.%@@@%... 
  0x00, 0x04, 0x80, 0xee, 0xff, 0xff, 0xff, 0xb8, 0x12,  //..%@@@@%. 
  0x00, 0x00, 0x00, 0x08, 0x56, 0xbc, 0xff, 0xff, 0xa8,  //....+%@@% 
  0x00, 0x00, 0x00, 0x00, 0x00, 0x00, 0x9a, 0xff, 0xea,  //......%@@ 
  0x20, 0xb2, 0x50, 0x14, 0x04, 0x22, 0xb6, 0xff, 0xd2,  //.%+...%@@ 
  0x22, 0xff, 0xff, 0xff, 0xff, 0xff, 0xff, 0xfc, 0x54,  //.@@@@@@@+ 
  0x00, 0x56, 0xb8, 0xe4, 0xf6, 0xde, 0xa4, 0x36, 0x00,  //.+%@@@%.. 
  0x00, 0x00, 0x00, 0x00, 0x00, 0x00, 0x00, 0x00, 0x00,  //......... 
  0x00, 0x00, 0x00, 0x00, 0x00, 0x00, 0x00, 0x00, 0x00,  //......... 
  0x00, 0x00, 0x00, 0x00, 0x00, 0x00, 0x00, 0x00, 0x00,  //......... 
  0x00, 0x00, 0x00, 0x00, 0x00, 0x00, 0x00, 0x00, 0x00,  //......... 


  /*Unicode: U+0054 (T) , Width: 10 */
  0x00, 0x00, 0x00, 0x00, 0x00, 0x00, 0x00, 0x00, 0x00, 0x00,  //.......... 
  0x00, 0x00, 0x00, 0x00, 0x00, 0x00, 0x00, 0x00, 0x00, 0x00,  //.......... 
  0x00, 0x00, 0x00, 0x00, 0x00, 0x00, 0x00, 0x00, 0x00, 0x00,  //.......... 
  0x00, 0x00, 0x00, 0x00, 0x00, 0x00, 0x00, 0x00, 0x00, 0x00,  //.......... 
  0x4e, 0xff, 0xff, 0xff, 0xff, 0xff, 0xff, 0xff, 0xff, 0x32,  //+@@@@@@@@. 
  0x4e, 0xff, 0xff, 0xff, 0xff, 0xff, 0xff, 0xff, 0xff, 0x32,  //+@@@@@@@@. 
  0x00, 0x00, 0x00, 0x26, 0xff, 0xff, 0x0e, 0x00, 0x00, 0x00,  //....@@.... 
  0x00, 0x00, 0x00, 0x26, 0xff, 0xff, 0x0e, 0x00, 0x00, 0x00,  //....@@.... 
  0x00, 0x00, 0x00, 0x26, 0xff, 0xff, 0x0e, 0x00, 0x00, 0x00,  //....@@.... 
  0x00, 0x00, 0x00, 0x26, 0xff, 0xff, 0x0e, 0x00, 0x00, 0x00,  //....@@.... 
  0x00, 0x00, 0x00, 0x26, 0xff, 0xff, 0x0e, 0x00, 0x00, 0x00,  //....@@.... 
  0x00, 0x00, 0x00, 0x26, 0xff, 0xff, 0x0e, 0x00, 0x00, 0x00,  //....@@.... 
  0x00, 0x00, 0x00, 0x26, 0xff, 0xff, 0x0e, 0x00, 0x00, 0x00,  //....@@.... 
  0x00, 0x00, 0x00, 0x26, 0xff, 0xff, 0x0e, 0x00, 0x00, 0x00,  //....@@.... 
  0x00, 0x00, 0x00, 0x26, 0xff, 0xff, 0x0e, 0x00, 0x00, 0x00,  //....@@.... 
  0x00, 0x00, 0x00, 0x00, 0x00, 0x00, 0x00, 0x00, 0x00, 0x00,  //.......... 
  0x00, 0x00, 0x00, 0x00, 0x00, 0x00, 0x00, 0x00, 0x00, 0x00,  //.......... 
  0x00, 0x00, 0x00, 0x00, 0x00, 0x00, 0x00, 0x00, 0x00, 0x00,  //.......... 
  0x00, 0x00, 0x00, 0x00, 0x00, 0x00, 0x00, 0x00, 0x00, 0x00,  //.......... 


  /*Unicode: U+0055 (U) , Width: 10 */
  0x00, 0x00, 0x00, 0x00, 0x00, 0x00, 0x00, 0x00, 0x00, 0x00,  //.......... 
  0x00, 0x00, 0x00, 0x00, 0x00, 0x00, 0x00, 0x00, 0x00, 0x00,  //.......... 
  0x00, 0x00, 0x00, 0x00, 0x00, 0x00, 0x00, 0x00, 0x00, 0x00,  //.......... 
  0x00, 0x00, 0x00, 0x00, 0x00, 0x00, 0x00, 0x00, 0x00, 0x00,  //.......... 
  0x3a, 0xff, 0xea, 0x00, 0x00, 0x00, 0x06, 0xff, 0xff, 0x1e,  //.@@....@@. 
  0x3a, 0xff, 0xea, 0x00, 0x00, 0x00, 0x06, 0xff, 0xff, 0x1e,  //.@@....@@. 
  0x3a, 0xff, 0xea, 0x00, 0x00, 0x00, 0x06, 0xff, 0xff, 0x1e,  //.@@....@@. 
  0x3a, 0xff, 0xea, 0x00, 0x00, 0x00, 0x06, 0xff, 0xff, 0x1e,  //.@@....@@. 
  0x3a, 0xff, 0xea, 0x00, 0x00, 0x00, 0x06, 0xff, 0xff, 0x1e,  //.@@....@@. 
  0x3a, 0xff, 0xea, 0x00, 0x00, 0x00, 0x06, 0xff, 0xff, 0x1e,  //.@@....@@. 
  0x3a, 0xff, 0xea, 0x00, 0x00, 0x00, 0x08, 0xff, 0xff, 0x1e,  //.@@....@@. 
  0x2e, 0xff, 0xfa, 0x04, 0x00, 0x00, 0x20, 0xff, 0xff, 0x10,  //.@@....@@. 
  0x0c, 0xfc, 0xff, 0x8a, 0x10, 0x12, 0xa2, 0xff, 0xd4, 0x00,  //.@@%..%@@. 
  0x00, 0xa4, 0xff, 0xff, 0xff, 0xff, 0xff, 0xff, 0x44, 0x00,  //.%@@@@@@+. 
  0x00, 0x06, 0x82, 0xd8, 0xf8, 0xf2, 0xbe, 0x3a, 0x00, 0x00,  //..%@@@%... 
  0x00, 0x00, 0x00, 0x00, 0x00, 0x00, 0x00, 0x00, 0x00, 0x00,  //.......... 
  0x00, 0x00, 0x00, 0x00, 0x00, 0x00, 0x00, 0x00, 0x00, 0x00,  //.......... 
  0x00, 0x00, 0x00, 0x00, 0x00, 0x00, 0x00, 0x00, 0x00, 0x00,  //.......... 
  0x00, 0x00, 0x00, 0x00, 0x00, 0x00, 0x00, 0x00, 0x00, 0x00,  //.......... 


  /*Unicode: U+0056 (V) , Width: 10 */
  0x00, 0x00, 0x00, 0x00, 0x00, 0x00, 0x00, 0x00, 0x00, 0x00,  //.......... 
  0x00, 0x00, 0x00, 0x00, 0x00, 0x00, 0x00, 0x00, 0x00, 0x00,  //.......... 
  0x00, 0x00, 0x00, 0x00, 0x00, 0x00, 0x00, 0x00, 0x00, 0x00,  //.......... 
  0x00, 0x00, 0x00, 0x00, 0x00, 0x00, 0x00, 0x00, 0x00, 0x00,  //.......... 
  0xd6, 0xff, 0x98, 0x00, 0x00, 0x00, 0x00, 0x8c, 0xff, 0xba,  //@@%....%@% 
  0x84, 0xff, 0xe0, 0x00, 0x00, 0x00, 0x00, 0xd8, 0xff, 0x68,  //%@@....@@+ 
  0x34, 0xff, 0xff, 0x2c, 0x00, 0x00, 0x24, 0xff, 0xfc, 0x18,  //.@@....@@. 
  0x00, 0xe0, 0xff, 0x78, 0x00, 0x00, 0x70, 0xff, 0xc4, 0x00,  //.@@+..+@@. 
  0x00, 0x90, 0xff, 0xc2, 0x00, 0x00, 0xbc, 0xff, 0x72, 0x00,  //.%@@..%@+. 
  0x00, 0x3e, 0xff, 0xfa, 0x10, 0x0c, 0xf8, 0xff, 0x20, 0x00,  //..@@..@@.. 
  0x00, 0x02, 0xea, 0xff, 0x58, 0x52, 0xff, 0xce, 0x00, 0x00,  //..@@++@@.. 
  0x00, 0x00, 0x9c, 0xff, 0xa2, 0x9c, 0xff, 0x7c, 0x00, 0x00,  //..%@%%@+.. 
  0x00, 0x00, 0x4a, 0xff, 0xea, 0xe4, 0xff, 0x2a, 0x00, 0x00,  //..+@@@@... 
  0x00, 0x00, 0x06, 0xf0, 0xff, 0xff, 0xd8, 0x00, 0x00, 0x00,  //...@@@@... 
  0x00, 0x00, 0x00, 0xa8, 0xff, 0xff, 0x86, 0x00, 0x00, 0x00,  //...%@@%... 
  0x00, 0x00, 0x00, 0x00, 0x00, 0x00, 0x00, 0x00, 0x00, 0x00,  //.......... 
  0x00, 0x00, 0x00, 0x00, 0x00, 0x00, 0x00, 0x00, 0x00, 0x00,  //.......... 
  0x00, 0x00, 0x00, 0x00, 0x00, 0x00, 0x00, 0x00, 0x00, 0x00,  //.......... 
  0x00, 0x00, 0x00, 0x00, 0x00, 0x00, 0x00, 0x00, 0x00, 0x00,  //.......... 


  /*Unicode: U+0057 (W) , Width: 10 */
  0x00, 0x00, 0x00, 0x00, 0x00, 0x00, 0x00, 0x00, 0x00, 0x00,  //.......... 
  0x00, 0x00, 0x00, 0x00, 0x00, 0x00, 0x00, 0x00, 0x00, 0x00,  //.......... 
  0x00, 0x00, 0x00, 0x00, 0x00, 0x00, 0x00, 0x00, 0x00, 0x00,  //.......... 
  0x00, 0x00, 0x00, 0x00, 0x00, 0x00, 0x00, 0x00, 0x00, 0x00,  //.......... 
  0xac, 0xff, 0x36, 0x00, 0x00, 0x00, 0x00, 0x3c, 0xff, 0x92,  //%@......@% 
  0x9c, 0xff, 0x40, 0x00, 0x00, 0x00, 0x00, 0x46, 0xff, 0x84,  //%@+....+@% 
  0x8e, 0xff, 0x4a, 0x00, 0x00, 0x00, 0x00, 0x52, 0xff, 0x74,  //%@+....+@+ 
  0x7e, 0xff, 0x54, 0x00, 0xce, 0xd0, 0x00, 0x5c, 0xff, 0x66,  //+@+.@@.+@+ 
  0x70, 0xff, 0x5e, 0x18, 0xff, 0xfc, 0x12, 0x66, 0xff, 0x56,  //+@+.@@.+@+ 
  0x60, 0xff, 0x68, 0x60, 0xcc, 0xf8, 0x54, 0x70, 0xff, 0x48,  //+@++@@++@+ 
  0x52, 0xff, 0x72, 0xa8, 0x8a, 0xc4, 0x98, 0x7c, 0xff, 0x38,  //+@+%%@%+@. 
  0x42, 0xff, 0x82, 0xee, 0x48, 0x84, 0xda, 0x84, 0xff, 0x2a,  //+@%@+%@%@. 
  0x34, 0xff, 0xd6, 0xf8, 0x0a, 0x3e, 0xff, 0xc6, 0xff, 0x1a,  //.@@@..@@@. 
  0x24, 0xff, 0xff, 0xc0, 0x00, 0x04, 0xf4, 0xff, 0xff, 0x0c,  //.@@@..@@@. 
  0x16, 0xff, 0xff, 0x7c, 0x00, 0x00, 0xb4, 0xff, 0xfc, 0x00,  //.@@+..%@@. 
  0x00, 0x00, 0x00, 0x00, 0x00, 0x00, 0x00, 0x00, 0x00, 0x00,  //.......... 
  0x00, 0x00, 0x00, 0x00, 0x00, 0x00, 0x00, 0x00, 0x00, 0x00,  //.......... 
  0x00, 0x00, 0x00, 0x00, 0x00, 0x00, 0x00, 0x00, 0x00, 0x00,  //.......... 
  0x00, 0x00, 0x00, 0x00, 0x00, 0x00, 0x00, 0x00, 0x00, 0x00,  //.......... 


  /*Unicode: U+0058 (X) , Width: 10 */
  0x00, 0x00, 0x00, 0x00, 0x00, 0x00, 0x00, 0x00, 0x00, 0x00,  //.......... 
  0x00, 0x00, 0x00, 0x00, 0x00, 0x00, 0x00, 0x00, 0x00, 0x00,  //.......... 
  0x00, 0x00, 0x00, 0x00, 0x00, 0x00, 0x00, 0x00, 0x00, 0x00,  //.......... 
  0x00, 0x00, 0x00, 0x00, 0x00, 0x00, 0x00, 0x00, 0x00, 0x00,  //.......... 
  0x64, 0xff, 0xf8, 0x2a, 0x00, 0x00, 0x62, 0xff, 0xfa, 0x2c,  //+@@...+@@. 
  0x00, 0xc4, 0xff, 0xc4, 0x00, 0x14, 0xec, 0xff, 0x8a, 0x00,  //.@@@..@@%. 
  0x00, 0x2c, 0xfa, 0xff, 0x6c, 0xa0, 0xff, 0xe0, 0x0a, 0x00,  //..@@+%@@.. 
  0x00, 0x00, 0x8a, 0xff, 0xf4, 0xff, 0xff, 0x4e, 0x00, 0x00,  //..%@@@@+.. 
  0x00, 0x00, 0x0a, 0xe0, 0xff, 0xff, 0xb0, 0x00, 0x00, 0x00,  //...@@@%... 
  0x00, 0x00, 0x00, 0x92, 0xff, 0xff, 0x60, 0x00, 0x00, 0x00,  //...%@@+... 
  0x00, 0x00, 0x26, 0xf8, 0xff, 0xff, 0xe6, 0x0e, 0x00, 0x00,  //...@@@@... 
  0x00, 0x00, 0xbc, 0xff, 0x92, 0xd2, 0xff, 0x98, 0x00, 0x00,  //..%@%@@%.. 
  0x00, 0x5c, 0xff, 0xf0, 0x12, 0x4a, 0xff, 0xfc, 0x3c, 0x00,  //.+@@.+@@.. 
  0x10, 0xe8, 0xff, 0x7c, 0x00, 0x00, 0xbe, 0xff, 0xd6, 0x06,  //.@@+..%@@. 
  0x9a, 0xff, 0xe6, 0x0a, 0x00, 0x00, 0x32, 0xfc, 0xff, 0x80,  //%@@....@@% 
  0x00, 0x00, 0x00, 0x00, 0x00, 0x00, 0x00, 0x00, 0x00, 0x00,  //.......... 
  0x00, 0x00, 0x00, 0x00, 0x00, 0x00, 0x00, 0x00, 0x00, 0x00,  //.......... 
  0x00, 0x00, 0x00, 0x00, 0x00, 0x00, 0x00, 0x00, 0x00, 0x00,  //.......... 
  0x00, 0x00, 0x00, 0x00, 0x00, 0x00, 0x00, 0x00, 0x00, 0x00,  //.......... 


  /*Unicode: U+0059 (Y) , Width: 10 */
  0x00, 0x00, 0x00, 0x00, 0x00, 0x00, 0x00, 0x00, 0x00, 0x00,  //.......... 
  0x00, 0x00, 0x00, 0x00, 0x00, 0x00, 0x00, 0x00, 0x00, 0x00,  //.......... 
  0x00, 0x00, 0x00, 0x00, 0x00, 0x00, 0x00, 0x00, 0x00, 0x00,  //.......... 
  0x00, 0x00, 0x00, 0x00, 0x00, 0x00, 0x00, 0x00, 0x00, 0x00,  //.......... 
  0xa4, 0xff, 0xba, 0x00, 0x00, 0x00, 0x00, 0xc6, 0xff, 0x86,  //%@%....@@% 
  0x22, 0xfa, 0xff, 0x38, 0x00, 0x00, 0x4e, 0xff, 0xec, 0x0e,  //.@@...+@@. 
  0x00, 0x98, 0xff, 0xb8, 0x00, 0x00, 0xd2, 0xff, 0x76, 0x00,  //.%@%..@@+. 
  0x00, 0x1a, 0xf6, 0xff, 0x36, 0x56, 0xff, 0xe4, 0x08, 0x00,  //..@@.+@@.. 
  0x00, 0x00, 0x8c, 0xff, 0xae, 0xca, 0xff, 0x66, 0x00, 0x00,  //..%@%@@+.. 
  0x00, 0x00, 0x12, 0xf0, 0xff, 0xff, 0xd8, 0x02, 0x00, 0x00,  //...@@@@... 
  0x00, 0x00, 0x00, 0x7e, 0xff, 0xff, 0x54, 0x00, 0x00, 0x00,  //...+@@+... 
  0x00, 0x00, 0x00, 0x2c, 0xff, 0xff, 0x02, 0x00, 0x00, 0x00,  //....@@.... 
  0x00, 0x00, 0x00, 0x2a, 0xff, 0xff, 0x02, 0x00, 0x00, 0x00,  //....@@.... 
  0x00, 0x00, 0x00, 0x2a, 0xff, 0xff, 0x02, 0x00, 0x00, 0x00,  //....@@.... 
  0x00, 0x00, 0x00, 0x2a, 0xff, 0xff, 0x02, 0x00, 0x00, 0x00,  //....@@.... 
  0x00, 0x00, 0x00, 0x00, 0x00, 0x00, 0x00, 0x00, 0x00, 0x00,  //.......... 
  0x00, 0x00, 0x00, 0x00, 0x00, 0x00, 0x00, 0x00, 0x00, 0x00,  //.......... 
  0x00, 0x00, 0x00, 0x00, 0x00, 0x00, 0x00, 0x00, 0x00, 0x00,  //.......... 
  0x00, 0x00, 0x00, 0x00, 0x00, 0x00, 0x00, 0x00, 0x00, 0x00,  //.......... 


  /*Unicode: U+005a (Z) , Width: 9 */
  0x00, 0x00, 0x00, 0x00, 0x00, 0x00, 0x00, 0x00, 0x00,  //......... 
  0x00, 0x00, 0x00, 0x00, 0x00, 0x00, 0x00, 0x00, 0x00,  //......... 
  0x00, 0x00, 0x00, 0x00, 0x00, 0x00, 0x00, 0x00, 0x00,  //......... 
  0x00, 0x00, 0x00, 0x00, 0x00, 0x00, 0x00, 0x00, 0x00,  //......... 
  0x00, 0xea, 0xff, 0xff, 0xff, 0xff, 0xff, 0xff, 0xe6,  //.@@@@@@@@ 
  0x00, 0xea, 0xff, 0xff, 0xff, 0xff, 0xff, 0xff, 0xba,  //.@@@@@@@% 
  0x00, 0x00, 0x00, 0x00, 0x00, 0x2e, 0xf8, 0xf2, 0x20,  //......@@. 
  0x00, 0x00, 0x00, 0x00, 0x04, 0xce, 0xff, 0x64, 0x00,  //.....@@+. 
  0x00, 0x00, 0x00, 0x00, 0x82, 0xff, 0xb4, 0x00, 0x00,  //....%@%.. 
  0x00, 0x00, 0x00, 0x32, 0xfa, 0xea, 0x18, 0x00, 0x00,  //....@@... 
  0x00, 0x00, 0x04, 0xd2, 0xff, 0x54, 0x00, 0x00, 0x00,  //...@@+... 
  0x00, 0x00, 0x86, 0xff, 0xa6, 0x00, 0x00, 0x00, 0x00,  //..%@%.... 
  0x00, 0x34, 0xfa, 0xe4, 0x10, 0x00, 0x00, 0x00, 0x00,  //..@@..... 
  0x02, 0xd4, 0xff, 0xff, 0xff, 0xff, 0xff, 0xff, 0xfa,  //.@@@@@@@@ 
  0x12, 0xff, 0xff, 0xff, 0xff, 0xff, 0xff, 0xff, 0xfa,  //.@@@@@@@@ 
  0x00, 0x00, 0x00, 0x00, 0x00, 0x00, 0x00, 0x00, 0x00,  //......... 
  0x00, 0x00, 0x00, 0x00, 0x00, 0x00, 0x00, 0x00, 0x00,  //......... 
  0x00, 0x00, 0x00, 0x00, 0x00, 0x00, 0x00, 0x00, 0x00,  //......... 
  0x00, 0x00, 0x00, 0x00, 0x00, 0x00, 0x00, 0x00, 0x00,  //......... 


  /*Unicode: U+005b ([) , Width: 6 */
  0x00, 0x00, 0x00, 0x00, 0x00, 0x00,  //...... 
  0x00, 0x00, 0x00, 0x00, 0x00, 0x00,  //...... 
  0x4e, 0xff, 0xff, 0xff, 0xff, 0x4a,  //+@@@@+ 
  0x4e, 0xff, 0xff, 0xff, 0xff, 0x4a,  //+@@@@+ 
  0x4e, 0xff, 0xa6, 0x00, 0x00, 0x00,  //+@%... 
  0x4e, 0xff, 0xa6, 0x00, 0x00, 0x00,  //+@%... 
  0x4e, 0xff, 0xa6, 0x00, 0x00, 0x00,  //+@%... 
  0x4e, 0xff, 0xa6, 0x00, 0x00, 0x00,  //+@%... 
  0x4e, 0xff, 0xa6, 0x00, 0x00, 0x00,  //+@%... 
  0x4e, 0xff, 0xa6, 0x00, 0x00, 0x00,  //+@%... 
  0x4e, 0xff, 0xa6, 0x00, 0x00, 0x00,  //+@%... 
  0x4e, 0xff, 0xa6, 0x00, 0x00, 0x00,  //+@%... 
  0x4e, 0xff, 0xa6, 0x00, 0x00, 0x00,  //+@%... 
  0x4e, 0xff, 0xa6, 0x00, 0x00, 0x00,  //+@%... 
  0x4e, 0xff, 0xa6, 0x00, 0x00, 0x00,  //+@%... 
  0x4e, 0xff, 0xa6, 0x00, 0x00, 0x00,  //+@%... 
  0x4e, 0xff, 0xa6, 0x00, 0x00, 0x00,  //+@%... 
  0x4e, 0xff, 0xff, 0xff, 0xff, 0x4a,  //+@@@@+ 
  0x4e, 0xff, 0xff, 0xff, 0xff, 0x4a,  //+@@@@+ 


  /*Unicode: U+005c (\) , Width: 9 */
  0x00, 0x00, 0x00, 0x00, 0x00, 0x00, 0x00, 0x00, 0x00,  //......... 
  0x00, 0x00, 0x00, 0x00, 0x00, 0x00, 0x00, 0x00, 0x00,  //......... 
  0xbe, 0xff, 0x52, 0x00, 0x00, 0x00, 0x00, 0x00, 0x00,  //%@+...... 
  0x56, 0xff, 0xba, 0x00, 0x00, 0x00, 0x00, 0x00, 0x00,  //+@%...... 
  0x04, 0xe6, 0xfc, 0x24, 0x00, 0x00, 0x00, 0x00, 0x00,  //.@@...... 
  0x00, 0x84, 0xff, 0x8c, 0x00, 0x00, 0x00, 0x00, 0x00,  //.%@%..... 
  0x00, 0x1e, 0xfc, 0xec, 0x08, 0x00, 0x00, 0x00, 0x00,  //..@@..... 
  0x00, 0x00, 0xb2, 0xff, 0x5e, 0x00, 0x00, 0x00, 0x00,  //..%@+.... 
  0x00, 0x00, 0x4a, 0xff, 0xc6, 0x00, 0x00, 0x00, 0x00,  //..+@@.... 
  0x00, 0x00, 0x00, 0xde, 0xff, 0x30, 0x00, 0x00, 0x00,  //...@@.... 
  0x00, 0x00, 0x00, 0x78, 0xff, 0x98, 0x00, 0x00, 0x00,  //...+@%... 
  0x00, 0x00, 0x00, 0x14, 0xf8, 0xf2, 0x0c, 0x00, 0x00,  //....@@... 
  0x00, 0x00, 0x00, 0x00, 0xa6, 0xff, 0x6a, 0x00, 0x00,  //....%@+.. 
  0x00, 0x00, 0x00, 0x00, 0x3e, 0xff, 0xd2, 0x00, 0x00,  //.....@@.. 
  0x00, 0x00, 0x00, 0x00, 0x00, 0xd4, 0xff, 0x3c, 0x00,  //.....@@.. 
  0x00, 0x00, 0x00, 0x00, 0x00, 0x6c, 0xff, 0xa4, 0x00,  //.....+@%. 
  0x00, 0x00, 0x00, 0x00, 0x00, 0x0e, 0xf4, 0xf8, 0x14,  //......@@. 
  0x00, 0x00, 0x00, 0x00, 0x00, 0x00, 0x00, 0x00, 0x00,  //......... 
  0x00, 0x00, 0x00, 0x00, 0x00, 0x00, 0x00, 0x00, 0x00,  //......... 


  /*Unicode: U+005d (]) , Width: 5 */
  0x00, 0x00, 0x00, 0x00, 0x00,  //..... 
  0x00, 0x00, 0x00, 0x00, 0x00,  //..... 
  0xaa, 0xff, 0xff, 0xff, 0xea,  //%@@@@ 
  0xaa, 0xff, 0xff, 0xff, 0xea,  //%@@@@ 
  0x00, 0x00, 0x0a, 0xff, 0xea,  //...@@ 
  0x00, 0x00, 0x0a, 0xff, 0xea,  //...@@ 
  0x00, 0x00, 0x0a, 0xff, 0xea,  //...@@ 
  0x00, 0x00, 0x0a, 0xff, 0xea,  //...@@ 
  0x00, 0x00, 0x0a, 0xff, 0xea,  //...@@ 
  0x00, 0x00, 0x0a, 0xff, 0xea,  //...@@ 
  0x00, 0x00, 0x0a, 0xff, 0xea,  //...@@ 
  0x00, 0x00, 0x0a, 0xff, 0xea,  //...@@ 
  0x00, 0x00, 0x0a, 0xff, 0xea,  //...@@ 
  0x00, 0x00, 0x0a, 0xff, 0xea,  //...@@ 
  0x00, 0x00, 0x0a, 0xff, 0xea,  //...@@ 
  0x00, 0x00, 0x0a, 0xff, 0xea,  //...@@ 
  0x00, 0x00, 0x0a, 0xff, 0xea,  //...@@ 
  0xaa, 0xff, 0xff, 0xff, 0xea,  //%@@@@ 
  0xaa, 0xff, 0xff, 0xff, 0xea,  //%@@@@ 


  /*Unicode: U+005e (^) , Width: 10 */
  0x00, 0x00, 0x00, 0x00, 0x00, 0x00, 0x00, 0x00, 0x00, 0x00,  //.......... 
  0x00, 0x00, 0x00, 0x00, 0x00, 0x00, 0x00, 0x00, 0x00, 0x00,  //.......... 
  0x00, 0x00, 0x00, 0x00, 0x00, 0x00, 0x00, 0x00, 0x00, 0x00,  //.......... 
  0x00, 0x00, 0x00, 0x00, 0x00, 0x00, 0x00, 0x00, 0x00, 0x00,  //.......... 
  0x00, 0x00, 0x00, 0x32, 0xfc, 0xec, 0x10, 0x00, 0x00, 0x00,  //....@@.... 
  0x00, 0x00, 0x00, 0xbe, 0xee, 0xff, 0x92, 0x00, 0x00, 0x00,  //...%@@%... 
  0x00, 0x00, 0x4e, 0xff, 0x68, 0xb0, 0xfa, 0x28, 0x00, 0x00,  //..+@+%@... 
  0x00, 0x02, 0xd6, 0xdc, 0x04, 0x2c, 0xfc, 0xb6, 0x00, 0x00,  //..@@..@%.. 
  0x00, 0x6a, 0xff, 0x5c, 0x00, 0x00, 0xa2, 0xff, 0x4a, 0x00,  //.+@+..%@+. 
  0x0c, 0xe8, 0xd2, 0x00, 0x00, 0x00, 0x20, 0xf8, 0xd6, 0x04,  //.@@....@@. 
  0x00, 0x00, 0x00, 0x00, 0x00, 0x00, 0x00, 0x00, 0x00, 0x00,  //.......... 
  0x00, 0x00, 0x00, 0x00, 0x00, 0x00, 0x00, 0x00, 0x00, 0x00,  //.......... 
  0x00, 0x00, 0x00, 0x00, 0x00, 0x00, 0x00, 0x00, 0x00, 0x00,  //.......... 
  0x00, 0x00, 0x00, 0x00, 0x00, 0x00, 0x00, 0x00, 0x00, 0x00,  //.......... 
  0x00, 0x00, 0x00, 0x00, 0x00, 0x00, 0x00, 0x00, 0x00, 0x00,  //.......... 
  0x00, 0x00, 0x00, 0x00, 0x00, 0x00, 0x00, 0x00, 0x00, 0x00,  //.......... 
  0x00, 0x00, 0x00, 0x00, 0x00, 0x00, 0x00, 0x00, 0x00, 0x00,  //.......... 
  0x00, 0x00, 0x00, 0x00, 0x00, 0x00, 0x00, 0x00, 0x00, 0x00,  //.......... 
  0x00, 0x00, 0x00, 0x00, 0x00, 0x00, 0x00, 0x00, 0x00, 0x00,  //.......... 


  /*Unicode: U+005f (_) , Width: 10 */
  0x00, 0x00, 0x00, 0x00, 0x00, 0x00, 0x00, 0x00, 0x00, 0x00,  //.......... 
  0x00, 0x00, 0x00, 0x00, 0x00, 0x00, 0x00, 0x00, 0x00, 0x00,  //.......... 
  0x00, 0x00, 0x00, 0x00, 0x00, 0x00, 0x00, 0x00, 0x00, 0x00,  //.......... 
  0x00, 0x00, 0x00, 0x00, 0x00, 0x00, 0x00, 0x00, 0x00, 0x00,  //.......... 
  0x00, 0x00, 0x00, 0x00, 0x00, 0x00, 0x00, 0x00, 0x00, 0x00,  //.......... 
  0x00, 0x00, 0x00, 0x00, 0x00, 0x00, 0x00, 0x00, 0x00, 0x00,  //.......... 
  0x00, 0x00, 0x00, 0x00, 0x00, 0x00, 0x00, 0x00, 0x00, 0x00,  //.......... 
  0x00, 0x00, 0x00, 0x00, 0x00, 0x00, 0x00, 0x00, 0x00, 0x00,  //.......... 
  0x00, 0x00, 0x00, 0x00, 0x00, 0x00, 0x00, 0x00, 0x00, 0x00,  //.......... 
  0x00, 0x00, 0x00, 0x00, 0x00, 0x00, 0x00, 0x00, 0x00, 0x00,  //.......... 
  0x00, 0x00, 0x00, 0x00, 0x00, 0x00, 0x00, 0x00, 0x00, 0x00,  //.......... 
  0x00, 0x00, 0x00, 0x00, 0x00, 0x00, 0x00, 0x00, 0x00, 0x00,  //.......... 
  0x00, 0x00, 0x00, 0x00, 0x00, 0x00, 0x00, 0x00, 0x00, 0x00,  //.......... 
  0x00, 0x00, 0x00, 0x00, 0x00, 0x00, 0x00, 0x00, 0x00, 0x00,  //.......... 
  0x00, 0x00, 0x00, 0x00, 0x00, 0x00, 0x00, 0x00, 0x00, 0x00,  //.......... 
  0x00, 0x00, 0x00, 0x00, 0x00, 0x00, 0x00, 0x00, 0x00, 0x00,  //.......... 
  0x00, 0x00, 0x00, 0x00, 0x00, 0x00, 0x00, 0x00, 0x00, 0x00,  //.......... 
  0xff, 0xff, 0xff, 0xff, 0xff, 0xff, 0xff, 0xff, 0xff, 0xe2,  //@@@@@@@@@@ 
  0xff, 0xff, 0xff, 0xff, 0xff, 0xff, 0xff, 0xff, 0xff, 0xe2,  //@@@@@@@@@@ 


  /*Unicode: U+0060 (`) , Width: 6 */
  0x00, 0x00, 0x00, 0x00, 0x00, 0x00,  //...... 
  0x00, 0x00, 0x00, 0x00, 0x00, 0x00,  //...... 
  0x02, 0xa8, 0xff, 0xf0, 0x24, 0x00,  //.%@@.. 
  0x00, 0x02, 0xa4, 0xff, 0xd0, 0x08,  //..%@@. 
  0x00, 0x00, 0x00, 0x9e, 0xff, 0x9e,  //...%@% 
  0x00, 0x00, 0x00, 0x00, 0x00, 0x00,  //...... 
  0x00, 0x00, 0x00, 0x00, 0x00, 0x00,  //...... 
  0x00, 0x00, 0x00, 0x00, 0x00, 0x00,  //...... 
  0x00, 0x00, 0x00, 0x00, 0x00, 0x00,  //...... 
  0x00, 0x00, 0x00, 0x00, 0x00, 0x00,  //...... 
  0x00, 0x00, 0x00, 0x00, 0x00, 0x00,  //...... 
  0x00, 0x00, 0x00, 0x00, 0x00, 0x00,  //...... 
  0x00, 0x00, 0x00, 0x00, 0x00, 0x00,  //...... 
  0x00, 0x00, 0x00, 0x00, 0x00, 0x00,  //...... 
  0x00, 0x00, 0x00, 0x00, 0x00, 0x00,  //...... 
  0x00, 0x00, 0x00, 0x00, 0x00, 0x00,  //...... 
  0x00, 0x00, 0x00, 0x00, 0x00, 0x00,  //...... 
  0x00, 0x00, 0x00, 0x00, 0x00, 0x00,  //...... 
  0x00, 0x00, 0x00, 0x00, 0x00, 0x00,  //...... 


  /*Unicode: U+0061 (a) , Width: 8 */
  0x00, 0x00, 0x00, 0x00, 0x00, 0x00, 0x00, 0x00,  //........ 
  0x00, 0x00, 0x00, 0x00, 0x00, 0x00, 0x00, 0x00,  //........ 
  0x00, 0x00, 0x00, 0x00, 0x00, 0x00, 0x00, 0x00,  //........ 
  0x00, 0x00, 0x00, 0x00, 0x00, 0x00, 0x00, 0x00,  //........ 
  0x00, 0x00, 0x00, 0x00, 0x00, 0x00, 0x00, 0x00,  //........ 
  0x00, 0x00, 0x00, 0x00, 0x00, 0x00, 0x00, 0x00,  //........ 
  0x56, 0xff, 0xff, 0xff, 0xf6, 0xce, 0x60, 0x00,  //+@@@@@+. 
  0x56, 0xff, 0xff, 0xff, 0xff, 0xff, 0xff, 0x44,  //+@@@@@@+ 
  0x00, 0x00, 0x00, 0x00, 0x12, 0xa6, 0xff, 0x90,  //.....%@% 
  0x00, 0x56, 0xc0, 0xf0, 0xff, 0xff, 0xff, 0xa6,  //.+@@@@@% 
  0x86, 0xff, 0xff, 0xff, 0xff, 0xff, 0xff, 0xa6,  //%@@@@@@% 
  0xf2, 0xff, 0x8e, 0x14, 0x00, 0x7a, 0xff, 0xa6,  //@@%..+@% 
  0xf8, 0xff, 0x70, 0x0a, 0x52, 0xea, 0xff, 0xa6,  //@@+.+@@% 
  0xba, 0xff, 0xff, 0xff, 0xff, 0xf8, 0xff, 0xa6,  //%@@@@@@% 
  0x1e, 0xb6, 0xf2, 0xec, 0xa2, 0x50, 0xff, 0xa6,  //.%@@%+@% 
  0x00, 0x00, 0x00, 0x00, 0x00, 0x00, 0x00, 0x00,  //........ 
  0x00, 0x00, 0x00, 0x00, 0x00, 0x00, 0x00, 0x00,  //........ 
  0x00, 0x00, 0x00, 0x00, 0x00, 0x00, 0x00, 0x00,  //........ 
  0x00, 0x00, 0x00, 0x00, 0x00, 0x00, 0x00, 0x00,  //........ 


  /*Unicode: U+0062 (b) , Width: 9 */
  0x00, 0x00, 0x00, 0x00, 0x00, 0x00, 0x00, 0x00, 0x00,  //......... 
  0x00, 0x00, 0x00, 0x00, 0x00, 0x00, 0x00, 0x00, 0x00,  //......... 
  0xc6, 0xff, 0x5a, 0x00, 0x00, 0x00, 0x00, 0x00, 0x00,  //@@+...... 
  0xc6, 0xff, 0x5a, 0x00, 0x00, 0x00, 0x00, 0x00, 0x00,  //@@+...... 
  0xc6, 0xff, 0x5a, 0x00, 0x00, 0x00, 0x00, 0x00, 0x00,  //@@+...... 
  0xc6, 0xff, 0x58, 0x00, 0x00, 0x00, 0x00, 0x00, 0x00,  //@@+...... 
  0xc6, 0xff, 0x5a, 0xa0, 0xf0, 0xec, 0x92, 0x04, 0x00,  //@@+%@@%.. 
  0xc6, 0xff, 0xea, 0xff, 0xff, 0xff, 0xff, 0x84, 0x00,  //@@@@@@@%. 
  0xc6, 0xff, 0xf6, 0x5c, 0x0c, 0x8e, 0xff, 0xf0, 0x04,  //@@@+.%@@. 
  0xc6, 0xff, 0x6e, 0x00, 0x00, 0x18, 0xff, 0xff, 0x22,  //@@+...@@. 
  0xc6, 0xff, 0x5a, 0x00, 0x00, 0x06, 0xff, 0xff, 0x38,  //@@+...@@. 
  0xc6, 0xff, 0x5a, 0x00, 0x00, 0x34, 0xff, 0xff, 0x20,  //@@+...@@. 
  0xc6, 0xff, 0x6c, 0x04, 0x28, 0xca, 0xff, 0xd6, 0x00,  //@@+..@@@. 
  0xc6, 0xff, 0xff, 0xff, 0xff, 0xff, 0xf8, 0x42, 0x00,  //@@@@@@@+. 
  0x6c, 0xc4, 0xe8, 0xfa, 0xec, 0xb0, 0x34, 0x00, 0x00,  //+@@@@%... 
  0x00, 0x00, 0x00, 0x00, 0x00, 0x00, 0x00, 0x00, 0x00,  //......... 
  0x00, 0x00, 0x00, 0x00, 0x00, 0x00, 0x00, 0x00, 0x00,  //......... 
  0x00, 0x00, 0x00, 0x00, 0x00, 0x00, 0x00, 0x00, 0x00,  //......... 
  0x00, 0x00, 0x00, 0x00, 0x00, 0x00, 0x00, 0x00, 0x00,  //......... 


  /*Unicode: U+0063 (c) , Width: 8 */
  0x00, 0x00, 0x00, 0x00, 0x00, 0x00, 0x00, 0x00,  //........ 
  0x00, 0x00, 0x00, 0x00, 0x00, 0x00, 0x00, 0x00,  //........ 
  0x00, 0x00, 0x00, 0x00, 0x00, 0x00, 0x00, 0x00,  //........ 
  0x00, 0x00, 0x00, 0x00, 0x00, 0x00, 0x00, 0x00,  //........ 
  0x00, 0x00, 0x00, 0x00, 0x00, 0x00, 0x00, 0x00,  //........ 
  0x00, 0x00, 0x00, 0x00, 0x00, 0x00, 0x00, 0x00,  //........ 
  0x00, 0x02, 0x72, 0xd0, 0xf6, 0xec, 0x96, 0x0c,  //..+@@@%. 
  0x02, 0xb6, 0xff, 0xff, 0xff, 0xff, 0xff, 0x66,  //.%@@@@@+ 
  0x60, 0xff, 0xff, 0x76, 0x16, 0x10, 0x70, 0x5a,  //+@@+..++ 
  0xb2, 0xff, 0xae, 0x00, 0x00, 0x00, 0x00, 0x00,  //%@%..... 
  0xcc, 0xff, 0x82, 0x00, 0x00, 0x00, 0x00, 0x00,  //@@%..... 
  0xbc, 0xff, 0xae, 0x00, 0x00, 0x00, 0x00, 0x00,  //%@%..... 
  0x7a, 0xff, 0xff, 0x78, 0x14, 0x0e, 0x66, 0x60,  //+@@+..++ 
  0x0e, 0xda, 0xff, 0xff, 0xff, 0xff, 0xff, 0x72,  //.@@@@@@+ 
  0x00, 0x12, 0x92, 0xde, 0xf8, 0xde, 0x94, 0x10,  //..%@@@%. 
  0x00, 0x00, 0x00, 0x00, 0x00, 0x00, 0x00, 0x00,  //........ 
  0x00, 0x00, 0x00, 0x00, 0x00, 0x00, 0x00, 0x00,  //........ 
  0x00, 0x00, 0x00, 0x00, 0x00, 0x00, 0x00, 0x00,  //........ 
  0x00, 0x00, 0x00, 0x00, 0x00, 0x00, 0x00, 0x00,  //........ 


  /*Unicode: U+0064 (d) , Width: 9 */
  0x00, 0x00, 0x00, 0x00, 0x00, 0x00, 0x00, 0x00, 0x00,  //......... 
  0x00, 0x00, 0x00, 0x00, 0x00, 0x00, 0x00, 0x00, 0x00,  //......... 
  0x00, 0x00, 0x00, 0x00, 0x00, 0x00, 0x72, 0xff, 0xae,  //......+@% 
  0x00, 0x00, 0x00, 0x00, 0x00, 0x00, 0x72, 0xff, 0xae,  //......+@% 
  0x00, 0x00, 0x00, 0x00, 0x00, 0x00, 0x72, 0xff, 0xae,  //......+@% 
  0x00, 0x00, 0x00, 0x00, 0x00, 0x00, 0x72, 0xff, 0xae,  //......+@% 
  0x00, 0x00, 0x40, 0xb4, 0xec, 0xf8, 0xee, 0xff, 0xae,  //..+%@@@@% 
  0x00, 0x54, 0xfc, 0xff, 0xff, 0xff, 0xff, 0xff, 0xae,  //.+@@@@@@% 
  0x02, 0xe6, 0xff, 0xc0, 0x24, 0x06, 0x84, 0xff, 0xae,  //.@@@..%@% 
  0x34, 0xff, 0xff, 0x20, 0x00, 0x00, 0x72, 0xff, 0xae,  //.@@...+@% 
  0x4c, 0xff, 0xf2, 0x00, 0x00, 0x00, 0x72, 0xff, 0xae,  //+@@...+@% 
  0x38, 0xff, 0xfa, 0x04, 0x00, 0x00, 0x86, 0xff, 0xae,  //.@@...%@% 
  0x12, 0xf8, 0xff, 0x72, 0x0a, 0x68, 0xfa, 0xff, 0xae,  //.@@+.+@@% 
  0x00, 0x9e, 0xff, 0xff, 0xff, 0xff, 0xea, 0xff, 0xae,  //.%@@@@@@% 
  0x00, 0x06, 0x9a, 0xf0, 0xee, 0x9e, 0x40, 0xff, 0xae,  //..%@@%+@% 
  0x00, 0x00, 0x00, 0x00, 0x00, 0x00, 0x00, 0x00, 0x00,  //......... 
  0x00, 0x00, 0x00, 0x00, 0x00, 0x00, 0x00, 0x00, 0x00,  //......... 
  0x00, 0x00, 0x00, 0x00, 0x00, 0x00, 0x00, 0x00, 0x00,  //......... 
  0x00, 0x00, 0x00, 0x00, 0x00, 0x00, 0x00, 0x00, 0x00,  //......... 


  /*Unicode: U+0065 (e) , Width: 9 */
  0x00, 0x00, 0x00, 0x00, 0x00, 0x00, 0x00, 0x00, 0x00,  //......... 
  0x00, 0x00, 0x00, 0x00, 0x00, 0x00, 0x00, 0x00, 0x00,  //......... 
  0x00, 0x00, 0x00, 0x00, 0x00, 0x00, 0x00, 0x00, 0x00,  //......... 
  0x00, 0x00, 0x00, 0x00, 0x00, 0x00, 0x00, 0x00, 0x00,  //......... 
  0x00, 0x00, 0x00, 0x00, 0x00, 0x00, 0x00, 0x00, 0x00,  //......... 
  0x00, 0x00, 0x00, 0x00, 0x00, 0x00, 0x00, 0x00, 0x00,  //......... 
  0x00, 0x00, 0x28, 0xac, 0xee, 0xf6, 0xc6, 0x3c, 0x00,  //...%@@@.. 
  0x00, 0x1e, 0xf0, 0xff, 0xff, 0xff, 0xff, 0xfc, 0x3e,  //..@@@@@@. 
  0x00, 0xa4, 0xff, 0x7e, 0x0e, 0x0a, 0x7e, 0xff, 0xc6,  //.%@+..+@@ 
  0x02, 0xf6, 0xff, 0xff, 0xff, 0xff, 0xff, 0xff, 0xf6,  //.@@@@@@@@ 
  0x14, 0xff, 0xff, 0xff, 0xff, 0xff, 0xff, 0xff, 0xf8,  //.@@@@@@@@ 
  0x0a, 0xfc, 0xff, 0x2e, 0x00, 0x00, 0x00, 0x00, 0x00,  //.@@...... 
  0x00, 0xca, 0xff, 0xc4, 0x2e, 0x02, 0x00, 0x00, 0x00,  //.@@@..... 
  0x00, 0x44, 0xfa, 0xff, 0xff, 0xff, 0xff, 0xff, 0x82,  //.+@@@@@@% 
  0x00, 0x00, 0x3a, 0xb6, 0xee, 0xff, 0xff, 0xff, 0x82,  //...%@@@@% 
  0x00, 0x00, 0x00, 0x00, 0x00, 0x00, 0x00, 0x00, 0x00,  //......... 
  0x00, 0x00, 0x00, 0x00, 0x00, 0x00, 0x00, 0x00, 0x00,  //......... 
  0x00, 0x00, 0x00, 0x00, 0x00, 0x00, 0x00, 0x00, 0x00,  //......... 
  0x00, 0x00, 0x00, 0x00, 0x00, 0x00, 0x00, 0x00, 0x00,  //......... 


  /*Unicode: U+0066 (f) , Width: 10 */
  0x00, 0x00, 0x00, 0x00, 0x00, 0x00, 0x00, 0x00, 0x00, 0x00,  //.......... 
  0x00, 0x00, 0x00, 0x00, 0x00, 0x00, 0x00, 0x00, 0x00, 0x00,  //.......... 
  0x00, 0x00, 0x00, 0x00, 0x38, 0xb8, 0xe6, 0xff, 0xff, 0x3a,  //.....%@@@. 
  0x00, 0x00, 0x00, 0x26, 0xf4, 0xff, 0xff, 0xff, 0xff, 0x3a,  //....@@@@@. 
  0x00, 0x00, 0x00, 0x88, 0xff, 0xd4, 0x24, 0x00, 0x00, 0x00,  //...%@@.... 
  0x00, 0x00, 0x00, 0xac, 0xff, 0x7c, 0x00, 0x00, 0x00, 0x00,  //...%@+.... 
  0x00, 0x00, 0x00, 0xb2, 0xff, 0x72, 0x00, 0x00, 0x00, 0x00,  //...%@+.... 
  0x4a, 0xff, 0xff, 0xff, 0xff, 0xff, 0xff, 0xff, 0xf6, 0x00,  //+@@@@@@@@. 
  0x4a, 0xff, 0xff, 0xff, 0xff, 0xff, 0xff, 0xff, 0xf6, 0x00,  //+@@@@@@@@. 
  0x00, 0x00, 0x00, 0xb2, 0xff, 0x72, 0x00, 0x00, 0x00, 0x00,  //...%@+.... 
  0x00, 0x00, 0x00, 0xb2, 0xff, 0x72, 0x00, 0x00, 0x00, 0x00,  //...%@+.... 
  0x00, 0x00, 0x00, 0xb2, 0xff, 0x72, 0x00, 0x00, 0x00, 0x00,  //...%@+.... 
  0x00, 0x00, 0x00, 0xb2, 0xff, 0x72, 0x00, 0x00, 0x00, 0x00,  //...%@+.... 
  0x00, 0x00, 0x00, 0xb2, 0xff, 0x72, 0x00, 0x00, 0x00, 0x00,  //...%@+.... 
  0x00, 0x00, 0x00, 0xb2, 0xff, 0x72, 0x00, 0x00, 0x00, 0x00,  //...%@+.... 
  0x00, 0x00, 0x00, 0x00, 0x00, 0x00, 0x00, 0x00, 0x00, 0x00,  //.......... 
  0x00, 0x00, 0x00, 0x00, 0x00, 0x00, 0x00, 0x00, 0x00, 0x00,  //.......... 
  0x00, 0x00, 0x00, 0x00, 0x00, 0x00, 0x00, 0x00, 0x00, 0x00,  //.......... 
  0x00, 0x00, 0x00, 0x00, 0x00, 0x00, 0x00, 0x00, 0x00, 0x00,  //.......... 


  /*Unicode: U+0067 (g) , Width: 10 */
  0x00, 0x00, 0x00, 0x00, 0x00, 0x00, 0x00, 0x00, 0x00, 0x00,  //.......... 
  0x00, 0x00, 0x00, 0x00, 0x00, 0x00, 0x00, 0x00, 0x00, 0x00,  //.......... 
  0x00, 0x00, 0x00, 0x00, 0x00, 0x00, 0x00, 0x00, 0x00, 0x00,  //.......... 
  0x00, 0x00, 0x00, 0x00, 0x00, 0x00, 0x00, 0x00, 0x00, 0x00,  //.......... 
  0x00, 0x00, 0x00, 0x00, 0x00, 0x00, 0x00, 0x00, 0x00, 0x00,  //.......... 
  0x00, 0x00, 0x00, 0x00, 0x00, 0x00, 0x00, 0x00, 0x00, 0x00,  //.......... 
  0x00, 0x00, 0x50, 0xc8, 0xf2, 0xff, 0xff, 0xff, 0xff, 0x52,  //..+@@@@@@+ 
  0x00, 0x48, 0xfc, 0xff, 0xff, 0xff, 0xff, 0xff, 0xff, 0x52,  //.+@@@@@@@+ 
  0x00, 0xb0, 0xff, 0x84, 0x0a, 0x1c, 0xd2, 0xfc, 0x34, 0x00,  //.%@%..@@.. 
  0x00, 0xac, 0xff, 0x7e, 0x08, 0x1c, 0xd4, 0xff, 0x50, 0x00,  //.%@+..@@+. 
  0x00, 0x50, 0xff, 0xff, 0xff, 0xff, 0xff, 0xde, 0x0c, 0x00,  //.+@@@@@@.. 
  0x00, 0x68, 0xff, 0xd4, 0xf6, 0xe8, 0xaa, 0x24, 0x00, 0x00,  //.+@@@@%... 
  0x00, 0xda, 0xff, 0x3c, 0x12, 0x08, 0x00, 0x00, 0x00, 0x00,  //.@@....... 
  0x00, 0xc2, 0xff, 0xff, 0xff, 0xff, 0xf2, 0xba, 0x2e, 0x00,  //.@@@@@@%.. 
  0x00, 0x56, 0xff, 0xf8, 0xf4, 0xfa, 0xff, 0xff, 0xe6, 0x08,  //.+@@@@@@@. 
  0x16, 0xf0, 0xf4, 0x22, 0x00, 0x00, 0x2e, 0xfa, 0xff, 0x36,  //.@@....@@. 
  0x46, 0xff, 0xf2, 0x36, 0x04, 0x0e, 0x66, 0xff, 0xff, 0x1c,  //+@@...+@@. 
  0x14, 0xf4, 0xff, 0xff, 0xff, 0xff, 0xff, 0xff, 0x96, 0x00,  //.@@@@@@@%. 
  0x00, 0x32, 0xb0, 0xe8, 0xfa, 0xf2, 0xc6, 0x64, 0x00, 0x00,  //..%@@@@+.. 


  /*Unicode: U+0068 (h) , Width: 8 */
  0x00, 0x00, 0x00, 0x00, 0x00, 0x00, 0x00, 0x00,  //........ 
  0x00, 0x00, 0x00, 0x00, 0x00, 0x00, 0x00, 0x00,  //........ 
  0xc6, 0xff, 0x5a, 0x00, 0x00, 0x00, 0x00, 0x00,  //@@+..... 
  0xc6, 0xff, 0x5a, 0x00, 0x00, 0x00, 0x00, 0x00,  //@@+..... 
  0xc6, 0xff, 0x5a, 0x00, 0x00, 0x00, 0x00, 0x00,  //@@+..... 
  0xc6, 0xff, 0x58, 0x00, 0x00, 0x00, 0x00, 0x00,  //@@+..... 
  0xc6, 0xff, 0x60, 0xa4, 0xf0, 0xe4, 0x82, 0x00,  //@@+%@@%. 
  0xc6, 0xff, 0xf0, 0xff, 0xff, 0xff, 0xff, 0x54,  //@@@@@@@+ 
  0xc6, 0xff, 0xfa, 0x64, 0x0a, 0xb2, 0xff, 0x98,  //@@@+.%@% 
  0xc6, 0xff, 0x7e, 0x00, 0x00, 0x74, 0xff, 0xae,  //@@+..+@% 
  0xc6, 0xff, 0x5a, 0x00, 0x00, 0x72, 0xff, 0xae,  //@@+..+@% 
  0xc6, 0xff, 0x5a, 0x00, 0x00, 0x72, 0xff, 0xae,  //@@+..+@% 
  0xc6, 0xff, 0x5a, 0x00, 0x00, 0x72, 0xff, 0xae,  //@@+..+@% 
  0xc6, 0xff, 0x5a, 0x00, 0x00, 0x72, 0xff, 0xae,  //@@+..+@% 
  0xc6, 0xff, 0x5a, 0x00, 0x00, 0x72, 0xff, 0xae,  //@@+..+@% 
  0x00, 0x00, 0x00, 0x00, 0x00, 0x00, 0x00, 0x00,  //........ 
  0x00, 0x00, 0x00, 0x00, 0x00, 0x00, 0x00, 0x00,  //........ 
  0x00, 0x00, 0x00, 0x00, 0x00, 0x00, 0x00, 0x00,  //........ 
  0x00, 0x00, 0x00, 0x00, 0x00, 0x00, 0x00, 0x00,  //........ 


  /*Unicode: U+0069 (i) , Width: 8 */
  0x00, 0x00, 0x00, 0x00, 0x00, 0x00, 0x00, 0x00,  //........ 
  0x00, 0x00, 0x00, 0x00, 0x00, 0x00, 0x00, 0x00,  //........ 
  0x00, 0x00, 0x00, 0x00, 0x00, 0x00, 0x00, 0x00,  //........ 
  0x00, 0x00, 0x1e, 0xdc, 0xe8, 0x3a, 0x00, 0x00,  //...@@... 
  0x00, 0x00, 0x20, 0xde, 0xe8, 0x3c, 0x00, 0x00,  //...@@... 
  0x00, 0x00, 0x00, 0x00, 0x00, 0x00, 0x00, 0x00,  //........ 
  0x6a, 0xff, 0xff, 0xff, 0xff, 0x4a, 0x00, 0x00,  //+@@@@+.. 
  0x6a, 0xff, 0xff, 0xff, 0xff, 0x4a, 0x00, 0x00,  //+@@@@+.. 
  0x00, 0x00, 0x00, 0xe2, 0xff, 0x4a, 0x00, 0x00,  //...@@+.. 
  0x00, 0x00, 0x00, 0xe2, 0xff, 0x4a, 0x00, 0x00,  //...@@+.. 
  0x00, 0x00, 0x00, 0xe2, 0xff, 0x4a, 0x00, 0x00,  //...@@+.. 
  0x00, 0x00, 0x00, 0xe2, 0xff, 0x4a, 0x00, 0x00,  //...@@+.. 
  0x00, 0x00, 0x00, 0xe2, 0xff, 0x4a, 0x00, 0x00,  //...@@+.. 
  0xb6, 0xff, 0xff, 0xff, 0xff, 0xff, 0xff, 0xde,  //%@@@@@@@ 
  0xb6, 0xff, 0xff, 0xff, 0xff, 0xff, 0xff, 0xde,  //%@@@@@@@ 
  0x00, 0x00, 0x00, 0x00, 0x00, 0x00, 0x00, 0x00,  //........ 
  0x00, 0x00, 0x00, 0x00, 0x00, 0x00, 0x00, 0x00,  //........ 
  0x00, 0x00, 0x00, 0x00, 0x00, 0x00, 0x00, 0x00,  //........ 
  0x00, 0x00, 0x00, 0x00, 0x00, 0x00, 0x00, 0x00,  //........ 


  /*Unicode: U+006a (j) , Width: 7 */
  0x00, 0x00, 0x00, 0x00, 0x00, 0x00, 0x00,  //....... 
  0x00, 0x00, 0x00, 0x00, 0x00, 0x00, 0x00,  //....... 
  0x00, 0x00, 0x00, 0x00, 0x00, 0x00, 0x00,  //....... 
  0x00, 0x00, 0x00, 0x00, 0x8e, 0xf4, 0x9c,  //....%@% 
  0x00, 0x00, 0x00, 0x00, 0x90, 0xf4, 0xa0,  //....%@% 
  0x00, 0x00, 0x00, 0x00, 0x00, 0x00, 0x00,  //....... 
  0xa6, 0xff, 0xff, 0xff, 0xff, 0xff, 0xc2,  //%@@@@@@ 
  0xa6, 0xff, 0xff, 0xff, 0xff, 0xff, 0xc2,  //%@@@@@@ 
  0x00, 0x00, 0x00, 0x00, 0x6a, 0xff, 0xc2,  //....+@@ 
  0x00, 0x00, 0x00, 0x00, 0x6a, 0xff, 0xc2,  //....+@@ 
  0x00, 0x00, 0x00, 0x00, 0x6a, 0xff, 0xc2,  //....+@@ 
  0x00, 0x00, 0x00, 0x00, 0x6a, 0xff, 0xc2,  //....+@@ 
  0x00, 0x00, 0x00, 0x00, 0x6a, 0xff, 0xc2,  //....+@@ 
  0x00, 0x00, 0x00, 0x00, 0x6a, 0xff, 0xc2,  //....+@@ 
  0x00, 0x00, 0x00, 0x00, 0x6a, 0xff, 0xc2,  //....+@@ 
  0x00, 0x00, 0x00, 0x00, 0x82, 0xff, 0xb6,  //....%@% 
  0xa8, 0x38, 0x06, 0x32, 0xe4, 0xff, 0x84,  //%...@@% 
  0xf2, 0xff, 0xff, 0xff, 0xff, 0xea, 0x18,  //@@@@@@. 
  0x48, 0xce, 0xf6, 0xdc, 0x9c, 0x1a, 0x00,  //+@@@%.. 


  /*Unicode: U+006b (k) , Width: 9 */
  0x00, 0x00, 0x00, 0x00, 0x00, 0x00, 0x00, 0x00, 0x00,  //......... 
  0x00, 0x00, 0x00, 0x00, 0x00, 0x00, 0x00, 0x00, 0x00,  //......... 
  0xae, 0xff, 0x72, 0x00, 0x00, 0x00, 0x00, 0x00, 0x00,  //%@+...... 
  0xae, 0xff, 0x72, 0x00, 0x00, 0x00, 0x00, 0x00, 0x00,  //%@+...... 
  0xae, 0xff, 0x72, 0x00, 0x00, 0x00, 0x00, 0x00, 0x00,  //%@+...... 
  0xae, 0xff, 0x72, 0x00, 0x00, 0x00, 0x00, 0x00, 0x00,  //%@+...... 
  0xae, 0xff, 0x72, 0x00, 0x0a, 0xcc, 0xff, 0xc4, 0x08,  //%@+..@@@. 
  0xae, 0xff, 0x72, 0x02, 0xb4, 0xff, 0xd8, 0x12, 0x00,  //%@+.%@@.. 
  0xae, 0xff, 0x72, 0x94, 0xff, 0xe8, 0x20, 0x00, 0x00,  //%@+%@@... 
  0xae, 0xff, 0xd4, 0xff, 0xf2, 0x32, 0x00, 0x00, 0x00,  //%@@@@.... 
  0xae, 0xff, 0xd6, 0xff, 0xe2, 0x12, 0x00, 0x00, 0x00,  //%@@@@.... 
  0xae, 0xff, 0x74, 0xb6, 0xff, 0xbc, 0x02, 0x00, 0x00,  //%@+%@%... 
  0xae, 0xff, 0x72, 0x16, 0xea, 0xff, 0x8c, 0x00, 0x00,  //%@+.@@%.. 
  0xae, 0xff, 0x72, 0x00, 0x4e, 0xff, 0xff, 0x58, 0x00,  //%@+.+@@+. 
  0xae, 0xff, 0x72, 0x00, 0x00, 0x98, 0xff, 0xf4, 0x2e,  //%@+..%@@. 
  0x00, 0x00, 0x00, 0x00, 0x00, 0x00, 0x00, 0x00, 0x00,  //......... 
  0x00, 0x00, 0x00, 0x00, 0x00, 0x00, 0x00, 0x00, 0x00,  //......... 
  0x00, 0x00, 0x00, 0x00, 0x00, 0x00, 0x00, 0x00, 0x00,  //......... 
  0x00, 0x00, 0x00, 0x00, 0x00, 0x00, 0x00, 0x00, 0x00,  //......... 


  /*Unicode: U+006c (l) , Width: 8 */
  0x00, 0x00, 0x00, 0x00, 0x00, 0x00, 0x00, 0x00,  //........ 
  0x00, 0x00, 0x00, 0x00, 0x00, 0x00, 0x00, 0x00,  //........ 
  0x6a, 0xff, 0xff, 0xff, 0xff, 0x4a, 0x00, 0x00,  //+@@@@+.. 
  0x6a, 0xff, 0xff, 0xff, 0xff, 0x4a, 0x00, 0x00,  //+@@@@+.. 
  0x00, 0x00, 0x00, 0xe2, 0xff, 0x4a, 0x00, 0x00,  //...@@+.. 
  0x00, 0x00, 0x00, 0xe2, 0xff, 0x4a, 0x00, 0x00,  //...@@+.. 
  0x00, 0x00, 0x00, 0xe2, 0xff, 0x4a, 0x00, 0x00,  //...@@+.. 
  0x00, 0x00, 0x00, 0xe2, 0xff, 0x4a, 0x00, 0x00,  //...@@+.. 
  0x00, 0x00, 0x00, 0xe2, 0xff, 0x4a, 0x00, 0x00,  //...@@+.. 
  0x00, 0x00, 0x00, 0xe2, 0xff, 0x4a, 0x00, 0x00,  //...@@+.. 
  0x00, 0x00, 0x00, 0xe2, 0xff, 0x4a, 0x00, 0x00,  //...@@+.. 
  0x00, 0x00, 0x00, 0xe2, 0xff, 0x4a, 0x00, 0x00,  //...@@+.. 
  0x00, 0x00, 0x00, 0xe2, 0xff, 0x4a, 0x00, 0x00,  //...@@+.. 
  0xb6, 0xff, 0xff, 0xff, 0xff, 0xff, 0xff, 0xde,  //%@@@@@@@ 
  0xb6, 0xff, 0xff, 0xff, 0xff, 0xff, 0xff, 0xde,  //%@@@@@@@ 
  0x00, 0x00, 0x00, 0x00, 0x00, 0x00, 0x00, 0x00,  //........ 
  0x00, 0x00, 0x00, 0x00, 0x00, 0x00, 0x00, 0x00,  //........ 
  0x00, 0x00, 0x00, 0x00, 0x00, 0x00, 0x00, 0x00,  //........ 
  0x00, 0x00, 0x00, 0x00, 0x00, 0x00, 0x00, 0x00,  //........ 


  /*Unicode: U+006d (m) , Width: 10 */
  0x00, 0x00, 0x00, 0x00, 0x00, 0x00, 0x00, 0x00, 0x00, 0x00,  //.......... 
  0x00, 0x00, 0x00, 0x00, 0x00, 0x00, 0x00, 0x00, 0x00, 0x00,  //.......... 
  0x00, 0x00, 0x00, 0x00, 0x00, 0x00, 0x00, 0x00, 0x00, 0x00,  //.......... 
  0x00, 0x00, 0x00, 0x00, 0x00, 0x00, 0x00, 0x00, 0x00, 0x00,  //.......... 
  0x00, 0x00, 0x00, 0x00, 0x00, 0x00, 0x00, 0x00, 0x00, 0x00,  //.......... 
  0x00, 0x00, 0x00, 0x00, 0x00, 0x00, 0x00, 0x00, 0x00, 0x00,  //.......... 
  0x7a, 0xff, 0x66, 0xe6, 0xe6, 0x42, 0xb2, 0xf2, 0xa0, 0x00,  //+@+@@+%@%. 
  0x7a, 0xff, 0xf6, 0xff, 0xff, 0xf2, 0xff, 0xff, 0xff, 0x34,  //+@@@@@@@@. 
  0x7a, 0xff, 0xde, 0x22, 0xfc, 0xff, 0x6a, 0x8e, 0xff, 0x58,  //+@@.@@+%@+ 
  0x7a, 0xff, 0x6e, 0x00, 0xf6, 0xea, 0x02, 0x76, 0xff, 0x5e,  //+@+.@@.+@+ 
  0x7a, 0xff, 0x5e, 0x00, 0xf6, 0xde, 0x00, 0x76, 0xff, 0x5e,  //+@+.@@.+@+ 
  0x7a, 0xff, 0x5e, 0x00, 0xf6, 0xde, 0x00, 0x76, 0xff, 0x5e,  //+@+.@@.+@+ 
  0x7a, 0xff, 0x5e, 0x00, 0xf6, 0xde, 0x00, 0x76, 0xff, 0x5e,  //+@+.@@.+@+ 
  0x7a, 0xff, 0x5e, 0x00, 0xf6, 0xde, 0x00, 0x76, 0xff, 0x5e,  //+@+.@@.+@+ 
  0x7a, 0xff, 0x5e, 0x00, 0xf6, 0xde, 0x00, 0x76, 0xff, 0x5e,  //+@+.@@.+@+ 
  0x00, 0x00, 0x00, 0x00, 0x00, 0x00, 0x00, 0x00, 0x00, 0x00,  //.......... 
  0x00, 0x00, 0x00, 0x00, 0x00, 0x00, 0x00, 0x00, 0x00, 0x00,  //.......... 
  0x00, 0x00, 0x00, 0x00, 0x00, 0x00, 0x00, 0x00, 0x00, 0x00,  //.......... 
  0x00, 0x00, 0x00, 0x00, 0x00, 0x00, 0x00, 0x00, 0x00, 0x00,  //.......... 


  /*Unicode: U+006e (n) , Width: 8 */
  0x00, 0x00, 0x00, 0x00, 0x00, 0x00, 0x00, 0x00,  //........ 
  0x00, 0x00, 0x00, 0x00, 0x00, 0x00, 0x00, 0x00,  //........ 
  0x00, 0x00, 0x00, 0x00, 0x00, 0x00, 0x00, 0x00,  //........ 
  0x00, 0x00, 0x00, 0x00, 0x00, 0x00, 0x00, 0x00,  //........ 
  0x00, 0x00, 0x00, 0x00, 0x00, 0x00, 0x00, 0x00,  //........ 
  0x00, 0x00, 0x00, 0x00, 0x00, 0x00, 0x00, 0x00,  //........ 
  0xc6, 0xff, 0x36, 0xae, 0xf2, 0xe4, 0x82, 0x00,  //@@.%@@%. 
  0xc6, 0xff, 0xf0, 0xff, 0xff, 0xff, 0xff, 0x54,  //@@@@@@@+ 
  0xc6, 0xff, 0xfa, 0x64, 0x0a, 0xb2, 0xff, 0x98,  //@@@+.%@% 
  0xc6, 0xff, 0x7e, 0x00, 0x00, 0x74, 0xff, 0xae,  //@@+..+@% 
  0xc6, 0xff, 0x5a, 0x00, 0x00, 0x72, 0xff, 0xae,  //@@+..+@% 
  0xc6, 0xff, 0x5a, 0x00, 0x00, 0x72, 0xff, 0xae,  //@@+..+@% 
  0xc6, 0xff, 0x5a, 0x00, 0x00, 0x72, 0xff, 0xae,  //@@+..+@% 
  0xc6, 0xff, 0x5a, 0x00, 0x00, 0x72, 0xff, 0xae,  //@@+..+@% 
  0xc6, 0xff, 0x5a, 0x00, 0x00, 0x72, 0xff, 0xae,  //@@+..+@% 
  0x00, 0x00, 0x00, 0x00, 0x00, 0x00, 0x00, 0x00,  //........ 
  0x00, 0x00, 0x00, 0x00, 0x00, 0x00, 0x00, 0x00,  //........ 
  0x00, 0x00, 0x00, 0x00, 0x00, 0x00, 0x00, 0x00,  //........ 
  0x00, 0x00, 0x00, 0x00, 0x00, 0x00, 0x00, 0x00,  //........ 


  /*Unicode: U+006f (o) , Width: 10 */
  0x00, 0x00, 0x00, 0x00, 0x00, 0x00, 0x00, 0x00, 0x00, 0x00,  //.......... 
  0x00, 0x00, 0x00, 0x00, 0x00, 0x00, 0x00, 0x00, 0x00, 0x00,  //.......... 
  0x00, 0x00, 0x00, 0x00, 0x00, 0x00, 0x00, 0x00, 0x00, 0x00,  //.......... 
  0x00, 0x00, 0x00, 0x00, 0x00, 0x00, 0x00, 0x00, 0x00, 0x00,  //.......... 
  0x00, 0x00, 0x00, 0x00, 0x00, 0x00, 0x00, 0x00, 0x00, 0x00,  //.......... 
  0x00, 0x00, 0x00, 0x00, 0x00, 0x00, 0x00, 0x00, 0x00, 0x00,  //.......... 
  0x00, 0x00, 0x46, 0xc0, 0xf2, 0xf6, 0xca, 0x58, 0x00, 0x00,  //..+@@@@+.. 
  0x00, 0x52, 0xfc, 0xff, 0xff, 0xff, 0xff, 0xff, 0x68, 0x00,  //.+@@@@@@+. 
  0x08, 0xe4, 0xff, 0xa0, 0x18, 0x18, 0xae, 0xff, 0xea, 0x02,  //.@@%..%@@. 
  0x3e, 0xff, 0xf6, 0x0c, 0x00, 0x00, 0x1e, 0xff, 0xff, 0x2c,  //.@@....@@. 
  0x56, 0xff, 0xe2, 0x00, 0x00, 0x00, 0x00, 0xfc, 0xff, 0x3c,  //+@@....@@. 
  0x46, 0xff, 0xf8, 0x0a, 0x00, 0x00, 0x22, 0xff, 0xff, 0x26,  //+@@....@@. 
  0x12, 0xf8, 0xff, 0x9e, 0x14, 0x1a, 0xb6, 0xff, 0xda, 0x00,  //.@@%..%@@. 
  0x00, 0x84, 0xff, 0xff, 0xff, 0xff, 0xff, 0xfa, 0x4a, 0x00,  //.%@@@@@@+. 
  0x00, 0x00, 0x68, 0xd0, 0xf6, 0xf0, 0xb8, 0x3c, 0x00, 0x00,  //..+@@@%... 
  0x00, 0x00, 0x00, 0x00, 0x00, 0x00, 0x00, 0x00, 0x00, 0x00,  //.......... 
  0x00, 0x00, 0x00, 0x00, 0x00, 0x00, 0x00, 0x00, 0x00, 0x00,  //.......... 
  0x00, 0x00, 0x00, 0x00, 0x00, 0x00, 0x00, 0x00, 0x00, 0x00,  //.......... 
  0x00, 0x00, 0x00, 0x00, 0x00, 0x00, 0x00, 0x00, 0x00, 0x00,  //.......... 


  /*Unicode: U+0070 (p) , Width: 9 */
  0x00, 0x00, 0x00, 0x00, 0x00, 0x00, 0x00, 0x00, 0x00,  //......... 
  0x00, 0x00, 0x00, 0x00, 0x00, 0x00, 0x00, 0x00, 0x00,  //......... 
  0x00, 0x00, 0x00, 0x00, 0x00, 0x00, 0x00, 0x00, 0x00,  //......... 
  0x00, 0x00, 0x00, 0x00, 0x00, 0x00, 0x00, 0x00, 0x00,  //......... 
  0x00, 0x00, 0x00, 0x00, 0x00, 0x00, 0x00, 0x00, 0x00,  //......... 
  0x00, 0x00, 0x00, 0x00, 0x00, 0x00, 0x00, 0x00, 0x00,  //......... 
  0xc6, 0xff, 0x36, 0xae, 0xf2, 0xec, 0x92, 0x04, 0x00,  //@@.%@@%.. 
  0xc6, 0xff, 0xf0, 0xff, 0xff, 0xff, 0xff, 0x84, 0x00,  //@@@@@@@%. 
  0xc6, 0xff, 0xf6, 0x5c, 0x0c, 0x8e, 0xff, 0xf0, 0x04,  //@@@+.%@@. 
  0xc6, 0xff, 0x6e, 0x00, 0x00, 0x18, 0xff, 0xff, 0x22,  //@@+...@@. 
  0xc6, 0xff, 0x5a, 0x00, 0x00, 0x06, 0xff, 0xff, 0x38,  //@@+...@@. 
  0xc6, 0xff, 0x5a, 0x00, 0x00, 0x34, 0xff, 0xff, 0x20,  //@@+...@@. 
  0xc6, 0xff, 0x6c, 0x04, 0x28, 0xca, 0xff, 0xd6, 0x00,  //@@+..@@@. 
  0xc6, 0xff, 0xff, 0xff, 0xff, 0xff, 0xf8, 0x42, 0x00,  //@@@@@@@+. 
  0xc6, 0xff, 0xf0, 0xfa, 0xec, 0xb0, 0x34, 0x00, 0x00,  //@@@@@%... 
  0xc6, 0xff, 0x5a, 0x00, 0x00, 0x00, 0x00, 0x00, 0x00,  //@@+...... 
  0xc6, 0xff, 0x5a, 0x00, 0x00, 0x00, 0x00, 0x00, 0x00,  //@@+...... 
  0xc6, 0xff, 0x5a, 0x00, 0x00, 0x00, 0x00, 0x00, 0x00,  //@@+...... 
  0xc6, 0xff, 0x5a, 0x00, 0x00, 0x00, 0x00, 0x00, 0x00,  //@@+...... 


  /*Unicode: U+0071 (q) , Width: 9 */
  0x00, 0x00, 0x00, 0x00, 0x00, 0x00, 0x00, 0x00, 0x00,  //......... 
  0x00, 0x00, 0x00, 0x00, 0x00, 0x00, 0x00, 0x00, 0x00,  //......... 
  0x00, 0x00, 0x00, 0x00, 0x00, 0x00, 0x00, 0x00, 0x00,  //......... 
  0x00, 0x00, 0x00, 0x00, 0x00, 0x00, 0x00, 0x00, 0x00,  //......... 
  0x00, 0x00, 0x00, 0x00, 0x00, 0x00, 0x00, 0x00, 0x00,  //......... 
  0x00, 0x00, 0x00, 0x00, 0x00, 0x00, 0x00, 0x00, 0x00,  //......... 
  0x00, 0x00, 0x3c, 0xb4, 0xec, 0xf8, 0xd6, 0xc0, 0xa0,  //...%@@@@% 
  0x00, 0x50, 0xfa, 0xff, 0xff, 0xff, 0xff, 0xff, 0xae,  //.+@@@@@@% 
  0x04, 0xe4, 0xff, 0xc0, 0x24, 0x06, 0x84, 0xff, 0xae,  //.@@@..%@% 
  0x34, 0xff, 0xff, 0x20, 0x00, 0x00, 0x72, 0xff, 0xae,  //.@@...+@% 
  0x4c, 0xff, 0xf2, 0x00, 0x00, 0x00, 0x72, 0xff, 0xae,  //+@@...+@% 
  0x38, 0xff, 0xfa, 0x04, 0x00, 0x00, 0x86, 0xff, 0xae,  //.@@...%@% 
  0x12, 0xf8, 0xff, 0x72, 0x0a, 0x68, 0xfa, 0xff, 0xae,  //.@@+.+@@% 
  0x00, 0x9e, 0xff, 0xff, 0xff, 0xff, 0xfa, 0xff, 0xae,  //.%@@@@@@% 
  0x00, 0x06, 0x9a, 0xf0, 0xf0, 0xa4, 0x7a, 0xff, 0xae,  //..%@@%+@% 
  0x00, 0x00, 0x00, 0x00, 0x00, 0x00, 0x6e, 0xff, 0xae,  //......+@% 
  0x00, 0x00, 0x00, 0x00, 0x00, 0x00, 0x72, 0xff, 0xae,  //......+@% 
  0x00, 0x00, 0x00, 0x00, 0x00, 0x00, 0x72, 0xff, 0xae,  //......+@% 
  0x00, 0x00, 0x00, 0x00, 0x00, 0x00, 0x72, 0xff, 0xae,  //......+@% 


  /*Unicode: U+0072 (r) , Width: 9 */
  0x00, 0x00, 0x00, 0x00, 0x00, 0x00, 0x00, 0x00, 0x00,  //......... 
  0x00, 0x00, 0x00, 0x00, 0x00, 0x00, 0x00, 0x00, 0x00,  //......... 
  0x00, 0x00, 0x00, 0x00, 0x00, 0x00, 0x00, 0x00, 0x00,  //......... 
  0x00, 0x00, 0x00, 0x00, 0x00, 0x00, 0x00, 0x00, 0x00,  //......... 
  0x00, 0x00, 0x00, 0x00, 0x00, 0x00, 0x00, 0x00, 0x00,  //......... 
  0x00, 0x00, 0x00, 0x00, 0x00, 0x00, 0x00, 0x00, 0x00,  //......... 
  0x6a, 0xff, 0x8a, 0x16, 0xb8, 0xf2, 0xc4, 0x30, 0x00,  //+@%.%@@.. 
  0x6a, 0xff, 0x90, 0xb8, 0xff, 0xff, 0xff, 0xd8, 0x00,  //+@%%@@@@. 
  0x6a, 0xff, 0xc8, 0xee, 0x30, 0x36, 0xff, 0xff, 0x10,  //+@@@..@@. 
  0x6a, 0xff, 0xff, 0x70, 0x00, 0x00, 0x00, 0x00, 0x00,  //+@@+..... 
  0x6a, 0xff, 0xf0, 0x0a, 0x00, 0x00, 0x00, 0x00, 0x00,  //+@@...... 
  0x6a, 0xff, 0xc6, 0x00, 0x00, 0x00, 0x00, 0x00, 0x00,  //+@@...... 
  0x6a, 0xff, 0xc6, 0x00, 0x00, 0x00, 0x00, 0x00, 0x00,  //+@@...... 
  0x6a, 0xff, 0xc6, 0x00, 0x00, 0x00, 0x00, 0x00, 0x00,  //+@@...... 
  0x6a, 0xff, 0xc6, 0x00, 0x00, 0x00, 0x00, 0x00, 0x00,  //+@@...... 
  0x00, 0x00, 0x00, 0x00, 0x00, 0x00, 0x00, 0x00, 0x00,  //......... 
  0x00, 0x00, 0x00, 0x00, 0x00, 0x00, 0x00, 0x00, 0x00,  //......... 
  0x00, 0x00, 0x00, 0x00, 0x00, 0x00, 0x00, 0x00, 0x00,  //......... 
  0x00, 0x00, 0x00, 0x00, 0x00, 0x00, 0x00, 0x00, 0x00,  //......... 


  /*Unicode: U+0073 (s) , Width: 8 */
  0x00, 0x00, 0x00, 0x00, 0x00, 0x00, 0x00, 0x00,  //........ 
  0x00, 0x00, 0x00, 0x00, 0x00, 0x00, 0x00, 0x00,  //........ 
  0x00, 0x00, 0x00, 0x00, 0x00, 0x00, 0x00, 0x00,  //........ 
  0x00, 0x00, 0x00, 0x00, 0x00, 0x00, 0x00, 0x00,  //........ 
  0x00, 0x00, 0x00, 0x00, 0x00, 0x00, 0x00, 0x00,  //........ 
  0x00, 0x00, 0x00, 0x00, 0x00, 0x00, 0x00, 0x00,  //........ 
  0x00, 0x46, 0xba, 0xe6, 0xf6, 0xc4, 0x3e, 0x00,  //.+%@@@.. 
  0x44, 0xfc, 0xff, 0xff, 0xff, 0xff, 0xea, 0x00,  //+@@@@@@. 
  0x90, 0xff, 0xd2, 0x0a, 0x0e, 0x44, 0xa6, 0x00,  //%@@..+%. 
  0x68, 0xff, 0xff, 0xc2, 0x68, 0x16, 0x00, 0x00,  //+@@@+... 
  0x02, 0x88, 0xf2, 0xff, 0xff, 0xfa, 0x9e, 0x06,  //.%@@@@%. 
  0x00, 0x00, 0x08, 0x4c, 0xae, 0xff, 0xff, 0x6e,  //...+%@@+ 
  0x82, 0x6c, 0x28, 0x06, 0x14, 0xde, 0xff, 0x8c,  //%+...@@% 
  0x9e, 0xff, 0xff, 0xff, 0xff, 0xff, 0xf6, 0x38,  //%@@@@@@. 
  0x18, 0x8e, 0xd6, 0xf6, 0xea, 0xb2, 0x3a, 0x00,  //.%@@@%.. 
  0x00, 0x00, 0x00, 0x00, 0x00, 0x00, 0x00, 0x00,  //........ 
  0x00, 0x00, 0x00, 0x00, 0x00, 0x00, 0x00, 0x00,  //........ 
  0x00, 0x00, 0x00, 0x00, 0x00, 0x00, 0x00, 0x00,  //........ 
  0x00, 0x00, 0x00, 0x00, 0x00, 0x00, 0x00, 0x00,  //........ 


  /*Unicode: U+0074 (t) , Width: 9 */
  0x00, 0x00, 0x00, 0x00, 0x00, 0x00, 0x00, 0x00, 0x00,  //......... 
  0x00, 0x00, 0x00, 0x00, 0x00, 0x00, 0x00, 0x00, 0x00,  //......... 
  0x00, 0x00, 0x00, 0x00, 0x00, 0x00, 0x00, 0x00, 0x00,  //......... 
  0x00, 0x00, 0x06, 0x8e, 0xd4, 0x1a, 0x00, 0x00, 0x00,  //...%@.... 
  0x00, 0x00, 0x12, 0xff, 0xff, 0x1a, 0x00, 0x00, 0x00,  //...@@.... 
  0x00, 0x00, 0x12, 0xff, 0xff, 0x1a, 0x00, 0x00, 0x00,  //...@@.... 
  0x7a, 0xff, 0xff, 0xff, 0xff, 0xff, 0xff, 0xff, 0x96,  //+@@@@@@@% 
  0x7a, 0xff, 0xff, 0xff, 0xff, 0xff, 0xff, 0xff, 0x96,  //+@@@@@@@% 
  0x00, 0x00, 0x12, 0xff, 0xff, 0x1a, 0x00, 0x00, 0x00,  //...@@.... 
  0x00, 0x00, 0x12, 0xff, 0xff, 0x1a, 0x00, 0x00, 0x00,  //...@@.... 
  0x00, 0x00, 0x12, 0xff, 0xff, 0x1a, 0x00, 0x00, 0x00,  //...@@.... 
  0x00, 0x00, 0x12, 0xff, 0xff, 0x1c, 0x00, 0x00, 0x00,  //...@@.... 
  0x00, 0x00, 0x06, 0xfc, 0xff, 0x70, 0x04, 0x00, 0x00,  //...@@+... 
  0x00, 0x00, 0x00, 0xc4, 0xff, 0xff, 0xff, 0xff, 0x96,  //...@@@@@% 
  0x00, 0x00, 0x00, 0x1e, 0xac, 0xe8, 0xfc, 0xff, 0x96,  //....%@@@% 
  0x00, 0x00, 0x00, 0x00, 0x00, 0x00, 0x00, 0x00, 0x00,  //......... 
  0x00, 0x00, 0x00, 0x00, 0x00, 0x00, 0x00, 0x00, 0x00,  //......... 
  0x00, 0x00, 0x00, 0x00, 0x00, 0x00, 0x00, 0x00, 0x00,  //......... 
  0x00, 0x00, 0x00, 0x00, 0x00, 0x00, 0x00, 0x00, 0x00,  //......... 


  /*Unicode: U+0075 (u) , Width: 8 */
  0x00, 0x00, 0x00, 0x00, 0x00, 0x00, 0x00, 0x00,  //........ 
  0x00, 0x00, 0x00, 0x00, 0x00, 0x00, 0x00, 0x00,  //........ 
  0x00, 0x00, 0x00, 0x00, 0x00, 0x00, 0x00, 0x00,  //........ 
  0x00, 0x00, 0x00, 0x00, 0x00, 0x00, 0x00, 0x00,  //........ 
  0x00, 0x00, 0x00, 0x00, 0x00, 0x00, 0x00, 0x00,  //........ 
  0x00, 0x00, 0x00, 0x00, 0x00, 0x00, 0x00, 0x00,  //........ 
  0xca, 0xff, 0x56, 0x00, 0x00, 0x76, 0xff, 0xaa,  //@@+..+@% 
  0xca, 0xff, 0x56, 0x00, 0x00, 0x76, 0xff, 0xaa,  //@@+..+@% 
  0xca, 0xff, 0x56, 0x00, 0x00, 0x76, 0xff, 0xaa,  //@@+..+@% 
  0xca, 0xff, 0x56, 0x00, 0x00, 0x76, 0xff, 0xaa,  //@@+..+@% 
  0xca, 0xff, 0x56, 0x00, 0x00, 0x76, 0xff, 0xaa,  //@@+..+@% 
  0xca, 0xff, 0x58, 0x00, 0x00, 0x9a, 0xff, 0xaa,  //@@+..%@% 
  0xb6, 0xff, 0x9a, 0x0a, 0x7c, 0xff, 0xff, 0xaa,  //%@%.+@@% 
  0x72, 0xff, 0xff, 0xff, 0xff, 0xf0, 0xff, 0xaa,  //+@@@@@@% 
  0x06, 0x94, 0xea, 0xee, 0xa0, 0x48, 0xff, 0xaa,  //.%@@%+@% 
  0x00, 0x00, 0x00, 0x00, 0x00, 0x00, 0x00, 0x00,  //........ 
  0x00, 0x00, 0x00, 0x00, 0x00, 0x00, 0x00, 0x00,  //........ 
  0x00, 0x00, 0x00, 0x00, 0x00, 0x00, 0x00, 0x00,  //........ 
  0x00, 0x00, 0x00, 0x00, 0x00, 0x00, 0x00, 0x00,  //........ 


  /*Unicode: U+0076 (v) , Width: 10 */
  0x00, 0x00, 0x00, 0x00, 0x00, 0x00, 0x00, 0x00, 0x00, 0x00,  //.......... 
  0x00, 0x00, 0x00, 0x00, 0x00, 0x00, 0x00, 0x00, 0x00, 0x00,  //.......... 
  0x00, 0x00, 0x00, 0x00, 0x00, 0x00, 0x00, 0x00, 0x00, 0x00,  //.......... 
  0x00, 0x00, 0x00, 0x00, 0x00, 0x00, 0x00, 0x00, 0x00, 0x00,  //.......... 
  0x00, 0x00, 0x00, 0x00, 0x00, 0x00, 0x00, 0x00, 0x00, 0x00,  //.......... 
  0x00, 0x00, 0x00, 0x00, 0x00, 0x00, 0x00, 0x00, 0x00, 0x00,  //.......... 
  0x98, 0xff, 0xc0, 0x00, 0x00, 0x00, 0x00, 0xbc, 0xff, 0x84,  //%@@....%@% 
  0x34, 0xff, 0xfc, 0x16, 0x00, 0x00, 0x12, 0xfa, 0xfc, 0x22,  //.@@....@@. 
  0x00, 0xce, 0xff, 0x68, 0x00, 0x00, 0x64, 0xff, 0xbc, 0x00,  //.@@+..+@%. 
  0x00, 0x6a, 0xff, 0xbc, 0x00, 0x00, 0xb6, 0xff, 0x5a, 0x00,  //.+@%..%@+. 
  0x00, 0x0e, 0xf4, 0xfa, 0x12, 0x10, 0xf8, 0xee, 0x06, 0x00,  //..@@..@@.. 
  0x00, 0x00, 0xa0, 0xff, 0x62, 0x5e, 0xff, 0x92, 0x00, 0x00,  //..%@++@%.. 
  0x00, 0x00, 0x3a, 0xff, 0xb2, 0xae, 0xff, 0x2e, 0x00, 0x00,  //...@%%@... 
  0x00, 0x00, 0x00, 0xd6, 0xf4, 0xf4, 0xcc, 0x00, 0x00, 0x00,  //...@@@@... 
  0x00, 0x00, 0x00, 0x70, 0xff, 0xff, 0x68, 0x00, 0x00, 0x00,  //...+@@+... 
  0x00, 0x00, 0x00, 0x00, 0x00, 0x00, 0x00, 0x00, 0x00, 0x00,  //.......... 
  0x00, 0x00, 0x00, 0x00, 0x00, 0x00, 0x00, 0x00, 0x00, 0x00,  //.......... 
  0x00, 0x00, 0x00, 0x00, 0x00, 0x00, 0x00, 0x00, 0x00, 0x00,  //.......... 
  0x00, 0x00, 0x00, 0x00, 0x00, 0x00, 0x00, 0x00, 0x00, 0x00,  //.......... 


  /*Unicode: U+0077 (w) , Width: 10 */
  0x00, 0x00, 0x00, 0x00, 0x00, 0x00, 0x00, 0x00, 0x00, 0x00,  //.......... 
  0x00, 0x00, 0x00, 0x00, 0x00, 0x00, 0x00, 0x00, 0x00, 0x00,  //.......... 
  0x00, 0x00, 0x00, 0x00, 0x00, 0x00, 0x00, 0x00, 0x00, 0x00,  //.......... 
  0x00, 0x00, 0x00, 0x00, 0x00, 0x00, 0x00, 0x00, 0x00, 0x00,  //.......... 
  0x00, 0x00, 0x00, 0x00, 0x00, 0x00, 0x00, 0x00, 0x00, 0x00,  //.......... 
  0x00, 0x00, 0x00, 0x00, 0x00, 0x00, 0x00, 0x00, 0x00, 0x00,  //.......... 
  0xd8, 0xff, 0x28, 0x00, 0x00, 0x00, 0x00, 0x30, 0xff, 0xbc,  //@@......@% 
  0xb4, 0xff, 0x42, 0x00, 0x00, 0x00, 0x00, 0x48, 0xff, 0x98,  //%@+....+@% 
  0x90, 0xff, 0x5c, 0x04, 0xf2, 0xec, 0x00, 0x62, 0xff, 0x74,  //%@+.@@.+@+ 
  0x6c, 0xff, 0x76, 0x3c, 0xff, 0xff, 0x36, 0x7a, 0xff, 0x50,  //+@+.@@.+@+ 
  0x48, 0xff, 0x90, 0x80, 0xda, 0xf4, 0x80, 0x94, 0xff, 0x2c,  //+@%%@@%%@. 
  0x24, 0xff, 0xaa, 0xc2, 0x9c, 0xbe, 0xc6, 0xae, 0xff, 0x08,  //.@%@%%@%@. 
  0x04, 0xfa, 0xd4, 0xf6, 0x5c, 0x7a, 0xfa, 0xd8, 0xe4, 0x00,  //.@@@++@@@. 
  0x00, 0xdc, 0xff, 0xff, 0x1a, 0x38, 0xff, 0xff, 0xc0, 0x00,  //.@@@..@@@. 
  0x00, 0xb8, 0xff, 0xda, 0x00, 0x02, 0xf0, 0xff, 0x9c, 0x00,  //.%@@..@@%. 
  0x00, 0x00, 0x00, 0x00, 0x00, 0x00, 0x00, 0x00, 0x00, 0x00,  //.......... 
  0x00, 0x00, 0x00, 0x00, 0x00, 0x00, 0x00, 0x00, 0x00, 0x00,  //.......... 
  0x00, 0x00, 0x00, 0x00, 0x00, 0x00, 0x00, 0x00, 0x00, 0x00,  //.......... 
  0x00, 0x00, 0x00, 0x00, 0x00, 0x00, 0x00, 0x00, 0x00, 0x00,  //.......... 


  /*Unicode: U+0078 (x) , Width: 10 */
  0x00, 0x00, 0x00, 0x00, 0x00, 0x00, 0x00, 0x00, 0x00, 0x00,  //.......... 
  0x00, 0x00, 0x00, 0x00, 0x00, 0x00, 0x00, 0x00, 0x00, 0x00,  //.......... 
  0x00, 0x00, 0x00, 0x00, 0x00, 0x00, 0x00, 0x00, 0x00, 0x00,  //.......... 
  0x00, 0x00, 0x00, 0x00, 0x00, 0x00, 0x00, 0x00, 0x00, 0x00,  //.......... 
  0x00, 0x00, 0x00, 0x00, 0x00, 0x00, 0x00, 0x00, 0x00, 0x00,  //.......... 
  0x00, 0x00, 0x00, 0x00, 0x00, 0x00, 0x00, 0x00, 0x00, 0x00,  //.......... 
  0x32, 0xf8, 0xff, 0x62, 0x00, 0x00, 0x3e, 0xff, 0xf4, 0x26,  //.@@+...@@. 
  0x00, 0x76, 0xff, 0xec, 0x14, 0x04, 0xd6, 0xff, 0x6c, 0x00,  //.+@@..@@+. 
  0x00, 0x00, 0xbe, 0xff, 0xa2, 0x7c, 0xff, 0xba, 0x00, 0x00,  //..%@%+@%.. 
  0x00, 0x00, 0x1c, 0xee, 0xff, 0xf8, 0xee, 0x1a, 0x00, 0x00,  //...@@@@... 
  0x00, 0x00, 0x00, 0x88, 0xff, 0xff, 0x90, 0x00, 0x00, 0x00,  //...%@@%... 
  0x00, 0x00, 0x28, 0xf4, 0xe2, 0xf0, 0xf6, 0x2a, 0x00, 0x00,  //...@@@@... 
  0x00, 0x08, 0xd2, 0xff, 0x54, 0x76, 0xff, 0xd0, 0x06, 0x00,  //..@@++@@.. 
  0x00, 0x98, 0xff, 0xc0, 0x00, 0x06, 0xdc, 0xff, 0x90, 0x00,  //.%@@..@@%. 
  0x54, 0xff, 0xfc, 0x2e, 0x00, 0x00, 0x50, 0xff, 0xfc, 0x48,  //+@@...+@@+ 
  0x00, 0x00, 0x00, 0x00, 0x00, 0x00, 0x00, 0x00, 0x00, 0x00,  //.......... 
  0x00, 0x00, 0x00, 0x00, 0x00, 0x00, 0x00, 0x00, 0x00, 0x00,  //.......... 
  0x00, 0x00, 0x00, 0x00, 0x00, 0x00, 0x00, 0x00, 0x00, 0x00,  //.......... 
  0x00, 0x00, 0x00, 0x00, 0x00, 0x00, 0x00, 0x00, 0x00, 0x00,  //.......... 


  /*Unicode: U+0079 (y) , Width: 10 */
  0x00, 0x00, 0x00, 0x00, 0x00, 0x00, 0x00, 0x00, 0x00, 0x00,  //.......... 
  0x00, 0x00, 0x00, 0x00, 0x00, 0x00, 0x00, 0x00, 0x00, 0x00,  //.......... 
  0x00, 0x00, 0x00, 0x00, 0x00, 0x00, 0x00, 0x00, 0x00, 0x00,  //.......... 
  0x00, 0x00, 0x00, 0x00, 0x00, 0x00, 0x00, 0x00, 0x00, 0x00,  //.......... 
  0x00, 0x00, 0x00, 0x00, 0x00, 0x00, 0x00, 0x00, 0x00, 0x00,  //.......... 
  0x00, 0x00, 0x00, 0x00, 0x00, 0x00, 0x00, 0x00, 0x00, 0x00,  //.......... 
  0x98, 0xff, 0xc0, 0x00, 0x00, 0x00, 0x00, 0xc0, 0xff, 0x82,  //%@@....@@% 
  0x34, 0xff, 0xfc, 0x16, 0x00, 0x00, 0x1e, 0xfc, 0xfa, 0x1a,  //.@@....@@. 
  0x00, 0xce, 0xff, 0x6a, 0x00, 0x00, 0x7a, 0xff, 0xae, 0x00,  //.@@+..+@%. 
  0x00, 0x6a, 0xff, 0xbe, 0x00, 0x00, 0xd8, 0xff, 0x44, 0x00,  //.+@%..@@+. 
  0x00, 0x0e, 0xf4, 0xfc, 0x16, 0x34, 0xff, 0xda, 0x00, 0x00,  //..@@..@@.. 
  0x00, 0x00, 0xa0, 0xff, 0x6c, 0x90, 0xff, 0x72, 0x00, 0x00,  //..%@+%@+.. 
  0x00, 0x00, 0x3a, 0xff, 0xdc, 0xe6, 0xf6, 0x10, 0x00, 0x00,  //...@@@@... 
  0x00, 0x00, 0x00, 0xd6, 0xff, 0xff, 0x9e, 0x00, 0x00, 0x00,  //...@@@%... 
  0x00, 0x00, 0x00, 0x70, 0xff, 0xff, 0x2e, 0x00, 0x00, 0x00,  //...+@@.... 
  0x00, 0x00, 0x00, 0x7c, 0xff, 0xbc, 0x00, 0x00, 0x00, 0x00,  //...+@%.... 
  0x00, 0x02, 0x50, 0xf6, 0xff, 0x3c, 0x00, 0x00, 0x00, 0x00,  //..+@@..... 
  0x82, 0xff, 0xff, 0xff, 0x94, 0x00, 0x00, 0x00, 0x00, 0x00,  //%@@@%..... 
  0x7a, 0xfa, 0xde, 0x7c, 0x00, 0x00, 0x00, 0x00, 0x00, 0x00,  //+@@+...... 


  /*Unicode: U+007a (z) , Width: 8 */
  0x00, 0x00, 0x00, 0x00, 0x00, 0x00, 0x00, 0x00,  //........ 
  0x00, 0x00, 0x00, 0x00, 0x00, 0x00, 0x00, 0x00,  //........ 
  0x00, 0x00, 0x00, 0x00, 0x00, 0x00, 0x00, 0x00,  //........ 
  0x00, 0x00, 0x00, 0x00, 0x00, 0x00, 0x00, 0x00,  //........ 
  0x00, 0x00, 0x00, 0x00, 0x00, 0x00, 0x00, 0x00,  //........ 
  0x00, 0x00, 0x00, 0x00, 0x00, 0x00, 0x00, 0x00,  //........ 
  0x92, 0xff, 0xff, 0xff, 0xff, 0xff, 0xff, 0x82,  //%@@@@@@% 
  0x92, 0xff, 0xff, 0xff, 0xff, 0xff, 0xfc, 0x44,  //%@@@@@@+ 
  0x00, 0x00, 0x00, 0x00, 0xac, 0xff, 0x88, 0x00,  //....%@%. 
  0x00, 0x00, 0x00, 0x6c, 0xff, 0xc8, 0x04, 0x00,  //...+@@.. 
  0x00, 0x00, 0x30, 0xf8, 0xf0, 0x20, 0x00, 0x00,  //...@@... 
  0x00, 0x0c, 0xda, 0xff, 0x56, 0x00, 0x00, 0x00,  //..@@+... 
  0x00, 0xa6, 0xff, 0x9c, 0x00, 0x00, 0x00, 0x00,  //.%@%.... 
  0x62, 0xff, 0xff, 0xff, 0xff, 0xff, 0xff, 0x96,  //+@@@@@@% 
  0xae, 0xff, 0xff, 0xff, 0xff, 0xff, 0xff, 0x96,  //%@@@@@@% 
  0x00, 0x00, 0x00, 0x00, 0x00, 0x00, 0x00, 0x00,  //........ 
  0x00, 0x00, 0x00, 0x00, 0x00, 0x00, 0x00, 0x00,  //........ 
  0x00, 0x00, 0x00, 0x00, 0x00, 0x00, 0x00, 0x00,  //........ 
  0x00, 0x00, 0x00, 0x00, 0x00, 0x00, 0x00, 0x00,  //........ 


  /*Unicode: U+007b ({) , Width: 7 */
  0x00, 0x00, 0x00, 0x00, 0x00, 0x00, 0x00,  //....... 
  0x00, 0x00, 0x00, 0x00, 0x00, 0x00, 0x00,  //....... 
  0x00, 0x00, 0x00, 0x1c, 0xa8, 0xee, 0xfa,  //....%@@ 
  0x00, 0x00, 0x00, 0xd0, 0xff, 0xff, 0xfa,  //...@@@@ 
  0x00, 0x00, 0x34, 0xff, 0xee, 0x38, 0x02,  //...@@.. 
  0x00, 0x00, 0x52, 0xff, 0xa2, 0x00, 0x00,  //..+@%.. 
  0x00, 0x00, 0x5a, 0xff, 0x92, 0x00, 0x00,  //..+@%.. 
  0x00, 0x00, 0x62, 0xff, 0x8e, 0x00, 0x00,  //..+@%.. 
  0x00, 0x16, 0xbc, 0xff, 0x6c, 0x00, 0x00,  //..%@+.. 
  0xa6, 0xff, 0xfc, 0xb8, 0x0e, 0x00, 0x00,  //%@@%... 
  0xa6, 0xff, 0xfc, 0xb4, 0x0c, 0x00, 0x00,  //%@@%... 
  0x00, 0x1c, 0xc8, 0xff, 0x66, 0x00, 0x00,  //..@@+.. 
  0x00, 0x00, 0x66, 0xff, 0x8c, 0x00, 0x00,  //..+@%.. 
  0x00, 0x00, 0x5a, 0xff, 0x92, 0x00, 0x00,  //..+@%.. 
  0x00, 0x00, 0x5a, 0xff, 0x92, 0x00, 0x00,  //..+@%.. 
  0x00, 0x00, 0x56, 0xff, 0xa2, 0x00, 0x00,  //..+@%.. 
  0x00, 0x00, 0x38, 0xff, 0xee, 0x34, 0x00,  //...@@.. 
  0x00, 0x00, 0x02, 0xd8, 0xff, 0xff, 0xfa,  //...@@@@ 
  0x00, 0x00, 0x00, 0x1c, 0xa4, 0xe4, 0xf8,  //....%@@ 


  /*Unicode: U+007c (|) , Width: 3 */
  0x00, 0x00, 0x00,  //... 
  0x06, 0xff, 0xee,  //.@@ 
  0x06, 0xff, 0xee,  //.@@ 
  0x06, 0xff, 0xee,  //.@@ 
  0x06, 0xff, 0xee,  //.@@ 
  0x06, 0xff, 0xee,  //.@@ 
  0x06, 0xff, 0xee,  //.@@ 
  0x06, 0xff, 0xee,  //.@@ 
  0x06, 0xff, 0xee,  //.@@ 
  0x06, 0xff, 0xee,  //.@@ 
  0x06, 0xff, 0xee,  //.@@ 
  0x06, 0xff, 0xee,  //.@@ 
  0x06, 0xff, 0xee,  //.@@ 
  0x06, 0xff, 0xee,  //.@@ 
  0x06, 0xff, 0xee,  //.@@ 
  0x06, 0xff, 0xee,  //.@@ 
  0x06, 0xff, 0xee,  //.@@ 
  0x06, 0xff, 0xee,  //.@@ 
  0x06, 0xff, 0xee,  //.@@ 


  /*Unicode: U+007d (}) , Width: 8 */
  0x00, 0x00, 0x00, 0x00, 0x00, 0x00, 0x00, 0x00,  //........ 
  0x00, 0x00, 0x00, 0x00, 0x00, 0x00, 0x00, 0x00,  //........ 
  0x16, 0xfc, 0xe0, 0x9a, 0x12, 0x00, 0x00, 0x00,  //.@@%.... 
  0x16, 0xff, 0xff, 0xff, 0xc4, 0x00, 0x00, 0x00,  //.@@@@... 
  0x00, 0x02, 0x44, 0xf8, 0xff, 0x22, 0x00, 0x00,  //..+@@... 
  0x00, 0x00, 0x00, 0xbc, 0xff, 0x3e, 0x00, 0x00,  //...%@... 
  0x00, 0x00, 0x00, 0xaa, 0xff, 0x42, 0x00, 0x00,  //...%@+.. 
  0x00, 0x00, 0x00, 0xa6, 0xff, 0x4c, 0x00, 0x00,  //...%@+.. 
  0x00, 0x00, 0x00, 0x82, 0xff, 0xb0, 0x12, 0x00,  //...%@%.. 
  0x00, 0x00, 0x00, 0x18, 0xc4, 0xfc, 0xff, 0x8e,  //....@@@% 
  0x00, 0x00, 0x00, 0x18, 0xc2, 0xfc, 0xff, 0x8e,  //....@@@% 
  0x00, 0x00, 0x00, 0x82, 0xff, 0xac, 0x12, 0x00,  //...%@%.. 
  0x00, 0x00, 0x00, 0xa4, 0xff, 0x4c, 0x00, 0x00,  //...%@+.. 
  0x00, 0x00, 0x00, 0xaa, 0xff, 0x42, 0x00, 0x00,  //...%@+.. 
  0x00, 0x00, 0x00, 0xaa, 0xff, 0x42, 0x00, 0x00,  //...%@+.. 
  0x00, 0x00, 0x00, 0xbe, 0xff, 0x38, 0x00, 0x00,  //...%@... 
  0x00, 0x02, 0x46, 0xf8, 0xff, 0x18, 0x00, 0x00,  //..+@@... 
  0x16, 0xff, 0xff, 0xff, 0xb4, 0x00, 0x00, 0x00,  //.@@@%... 
  0x16, 0xfc, 0xea, 0x9a, 0x10, 0x00, 0x00, 0x00,  //.@@%.... 


  /*Unicode: U+007e (~) , Width: 10 */
  0x00, 0x00, 0x00, 0x00, 0x00, 0x00, 0x00, 0x00, 0x00, 0x00,  //.......... 
  0x00, 0x00, 0x00, 0x00, 0x00, 0x00, 0x00, 0x00, 0x00, 0x00,  //.......... 
  0x00, 0x00, 0x00, 0x00, 0x00, 0x00, 0x00, 0x00, 0x00, 0x00,  //.......... 
  0x00, 0x00, 0x00, 0x00, 0x00, 0x00, 0x00, 0x00, 0x00, 0x00,  //.......... 
  0x00, 0x00, 0x00, 0x00, 0x00, 0x00, 0x00, 0x00, 0x00, 0x00,  //.......... 
  0x00, 0x00, 0x00, 0x00, 0x00, 0x00, 0x00, 0x00, 0x00, 0x00,  //.......... 
  0x00, 0x00, 0x00, 0x00, 0x00, 0x00, 0x00, 0x00, 0x00, 0x00,  //.......... 
  0x00, 0x00, 0x00, 0x00, 0x00, 0x00, 0x00, 0x00, 0x00, 0x00,  //.......... 
  0x00, 0x7a, 0xe0, 0xec, 0x92, 0x08, 0x00, 0x00, 0x00, 0x00,  //.+@@%..... 
  0x48, 0xff, 0xff, 0xff, 0xff, 0xc8, 0x20, 0x76, 0xff, 0x6a,  //+@@@@@.+@+ 
  0x86, 0xff, 0x60, 0x2e, 0xd8, 0xff, 0xff, 0xff, 0xff, 0x2c,  //%@+.@@@@@. 
  0x00, 0x00, 0x00, 0x00, 0x10, 0xa2, 0xf0, 0xde, 0x68, 0x00,  //.....%@@+. 
  0x00, 0x00, 0x00, 0x00, 0x00, 0x00, 0x00, 0x00, 0x00, 0x00,  //.......... 
  0x00, 0x00, 0x00, 0x00, 0x00, 0x00, 0x00, 0x00, 0x00, 0x00,  //.......... 
  0x00, 0x00, 0x00, 0x00, 0x00, 0x00, 0x00, 0x00, 0x00, 0x00,  //.......... 
  0x00, 0x00, 0x00, 0x00, 0x00, 0x00, 0x00, 0x00, 0x00, 0x00,  //.......... 
  0x00, 0x00, 0x00, 0x00, 0x00, 0x00, 0x00, 0x00, 0x00, 0x00,  //.......... 
  0x00, 0x00, 0x00, 0x00, 0x00, 0x00, 0x00, 0x00, 0x00, 0x00,  //.......... 
  0x00, 0x00, 0x00, 0x00, 0x00, 0x00, 0x00, 0x00, 0x00, 0x00,  //.......... 


  /*Unicode: U+00b0 (°) , Width: 8 */
  0x00, 0x00, 0x00, 0x00, 0x00, 0x00, 0x00, 0x00,  //........ 
  0x00, 0x00, 0x00, 0x00, 0x00, 0x00, 0x00, 0x00,  //........ 
  0x00, 0x22, 0xae, 0xea, 0xe8, 0xaa, 0x1e, 0x00,  //..%@@%.. 
  0x06, 0xda, 0xff, 0xff, 0xff, 0xff, 0xd0, 0x00,  //.@@@@@@. 
  0x3a, 0xff, 0xb6, 0x10, 0x16, 0xcc, 0xff, 0x26,  //.@%..@@. 
  0x3e, 0xff, 0xb6, 0x0e, 0x16, 0xce, 0xff, 0x20,  //.@%..@@. 
  0x0a, 0xe4, 0xff, 0xff, 0xff, 0xff, 0xc4, 0x00,  //.@@@@@@. 
  0x00, 0x2c, 0xb8, 0xee, 0xe8, 0xa2, 0x16, 0x00,  //..%@@%.. 
  0x00, 0x00, 0x00, 0x00, 0x00, 0x00, 0x00, 0x00,  //........ 
  0x00, 0x00, 0x00, 0x00, 0x00, 0x00, 0x00, 0x00,  //........ 
  0x00, 0x00, 0x00, 0x00, 0x00, 0x00, 0x00, 0x00,  //........ 
  0x00, 0x00, 0x00, 0x00, 0x00, 0x00, 0x00, 0x00,  //........ 
  0x00, 0x00, 0x00, 0x00, 0x00, 0x00, 0x00, 0x00,  //........ 
  0x00, 0x00, 0x00, 0x00, 0x00, 0x00, 0x00, 0x00,  //........ 
  0x00, 0x00, 0x00, 0x00, 0x00, 0x00, 0x00, 0x00,  //........ 
  0x00, 0x00, 0x00, 0x00, 0x00, 0x00, 0x00, 0x00,  //........ 
  0x00, 0x00, 0x00, 0x00, 0x00, 0x00, 0x00, 0x00,  //........ 
  0x00, 0x00, 0x00, 0x00, 0x00, 0x00, 0x00, 0x00,  //........ 
  0x00, 0x00, 0x00, 0x00, 0x00, 0x00, 0x00, 0x00,  //........ 


  /*Unicode: U+00b7 (·) , Width: 4 */
  0x00, 0x00, 0x00, 0x00,  //.... 
  0x00, 0x00, 0x00, 0x00,  //.... 
  0x00, 0x00, 0x00, 0x00,  //.... 
  0x00, 0x00, 0x00, 0x00,  //.... 
  0x00, 0x00, 0x00, 0x00,  //.... 
  0x00, 0x00, 0x00, 0x00,  //.... 
  0x00, 0x00, 0x00, 0x00,  //.... 
  0x00, 0x00, 0x00, 0x00,  //.... 
  0x00, 0x00, 0x00, 0x00,  //.... 
  0x44, 0xe4, 0xde, 0x3a,  //+@@. 
  0xac, 0xff, 0xff, 0x9e,  //%@@% 
  0x46, 0xe6, 0xe0, 0x3a,  //+@@. 
  0x00, 0x00, 0x00, 0x00,  //.... 
  0x00, 0x00, 0x00, 0x00,  //.... 
  0x00, 0x00, 0x00, 0x00,  //.... 
  0x00, 0x00, 0x00, 0x00,  //.... 
  0x00, 0x00, 0x00, 0x00,  //.... 
  0x00, 0x00, 0x00, 0x00,  //.... 
  0x00, 0x00, 0x00, 0x00,  //.... 


  /*Unicode: U+00d7 (×) , Width: 8 */
  0x00, 0x00, 0x00, 0x00, 0x00, 0x00, 0x00, 0x00,  //........ 
  0x00, 0x00, 0x00, 0x00, 0x00, 0x00, 0x00, 0x00,  //........ 
  0x00, 0x00, 0x00, 0x00, 0x00, 0x00, 0x00, 0x00,  //........ 
  0x00, 0x00, 0x00, 0x00, 0x00, 0x00, 0x00, 0x00,  //........ 
  0x00, 0x00, 0x00, 0x00, 0x00, 0x00, 0x00, 0x00,  //........ 
  0x00, 0x00, 0x00, 0x00, 0x00, 0x00, 0x00, 0x00,  //........ 
  0x00, 0x3c, 0x00, 0x00, 0x00, 0x00, 0x3e, 0x00,  //........ 
  0x94, 0xfc, 0x5e, 0x00, 0x00, 0x62, 0xfc, 0x90,  //%@+..+@% 
  0x5c, 0xfc, 0xfc, 0x5a, 0x5c, 0xfc, 0xd2, 0x1a,  //+@@++@@. 
  0x00, 0x5e, 0xfc, 0xfa, 0xfa, 0xc0, 0x0e, 0x00,  //.+@@@@.. 
  0x00, 0x00, 0x9c, 0xff, 0xff, 0xb0, 0x02, 0x00,  //..%@@%.. 
  0x00, 0x58, 0xfc, 0xf8, 0xff, 0xff, 0x94, 0x00,  //.+@@@@%. 
  0x50, 0xfa, 0xf8, 0x48, 0x72, 0xff, 0xff, 0x76,  //+@@++@@+ 
  0xa0, 0xf8, 0x4c, 0x00, 0x00, 0x76, 0xff, 0x64,  //%@+..+@+ 
  0x02, 0x38, 0x00, 0x00, 0x00, 0x00, 0x3a, 0x00,  //........ 
  0x00, 0x00, 0x00, 0x00, 0x00, 0x00, 0x00, 0x00,  //........ 
  0x00, 0x00, 0x00, 0x00, 0x00, 0x00, 0x00, 0x00,  //........ 
  0x00, 0x00, 0x00, 0x00, 0x00, 0x00, 0x00, 0x00,  //........ 
  0x00, 0x00, 0x00, 0x00, 0x00, 0x00, 0x00, 0x00,  //........ 


  /*Unicode: U+00e8 (è) , Width: 9 */
  0x00, 0x00, 0x00, 0x00, 0x00, 0x00, 0x00, 0x00, 0x00,  //......... 
  0x00, 0x00, 0x00, 0x00, 0x00, 0x00, 0x00, 0x00, 0x00,  //......... 
  0x02, 0xa8, 0xff, 0xf0, 0x24, 0x00, 0x00, 0x00, 0x00,  //.%@@..... 
  0x00, 0x02, 0xa4, 0xff, 0xd0, 0x08, 0x00, 0x00, 0x00,  //..%@@.... 
  0x00, 0x00, 0x00, 0x9e, 0xff, 0x9e, 0x00, 0x00, 0x00,  //...%@%... 
  0x00, 0x00, 0x00, 0x00, 0x00, 0x00, 0x00, 0x00, 0x00,  //......... 
  0x00, 0x00, 0x28, 0xac, 0xee, 0xf6, 0xc6, 0x3c, 0x00,  //...%@@@.. 
  0x00, 0x1e, 0xf0, 0xff, 0xff, 0xff, 0xff, 0xfc, 0x3e,  //..@@@@@@. 
  0x00, 0xa4, 0xff, 0x7e, 0x0e, 0x0a, 0x7e, 0xff, 0xc6,  //.%@+..+@@ 
  0x02, 0xf6, 0xff, 0xff, 0xff, 0xff, 0xff, 0xff, 0xf6,  //.@@@@@@@@ 
  0x14, 0xff, 0xff, 0xff, 0xff, 0xff, 0xff, 0xff, 0xf8,  //.@@@@@@@@ 
  0x0a, 0xfc, 0xff, 0x2e, 0x00, 0x00, 0x00, 0x00, 0x00,  //.@@...... 
  0x00, 0xca, 0xff, 0xc4, 0x2e, 0x02, 0x00, 0x00, 0x00,  //.@@@..... 
  0x00, 0x44, 0xfa, 0xff, 0xff, 0xff, 0xff, 0xff, 0x82,  //.+@@@@@@% 
  0x00, 0x00, 0x3a, 0xb6, 0xee, 0xff, 0xff, 0xff, 0x82,  //...%@@@@% 
  0x00, 0x00, 0x00, 0x00, 0x00, 0x00, 0x00, 0x00, 0x00,  //......... 
  0x00, 0x00, 0x00, 0x00, 0x00, 0x00, 0x00, 0x00, 0x00,  //......... 
  0x00, 0x00, 0x00, 0x00, 0x00, 0x00, 0x00, 0x00, 0x00,  //......... 
  0x00, 0x00, 0x00, 0x00, 0x00, 0x00, 0x00, 0x00, 0x00,  //......... 


  /*Unicode: U+02da (˚) , Width: 5 */
  0x00, 0x00, 0x00, 0x00, 0x00,  //..... 
  0x00, 0x62, 0xe6, 0xe0, 0x50,  //.+@@+ 
  0x0e, 0xfa, 0x54, 0x6c, 0xee,  //.@++@ 
  0x0e, 0xfa, 0x54, 0x6c, 0xec,  //.@++@ 
  0x00, 0x62, 0xe8, 0xe0, 0x4c,  //.+@@+ 
  0x00, 0x00, 0x00, 0x00, 0x00,  //..... 
  0x00, 0x00, 0x00, 0x00, 0x00,  //..... 
  0x00, 0x00, 0x00, 0x00, 0x00,  //..... 
  0x00, 0x00, 0x00, 0x00, 0x00,  //..... 
  0x00, 0x00, 0x00, 0x00, 0x00,  //..... 
  0x00, 0x00, 0x00, 0x00, 0x00,  //..... 
  0x00, 0x00, 0x00, 0x00, 0x00,  //..... 
  0x00, 0x00, 0x00, 0x00, 0x00,  //..... 
  0x00, 0x00, 0x00, 0x00, 0x00,  //..... 
  0x00, 0x00, 0x00, 0x00, 0x00,  //..... 
  0x00, 0x00, 0x00, 0x00, 0x00,  //..... 
  0x00, 0x00, 0x00, 0x00, 0x00,  //..... 
  0x00, 0x00, 0x00, 0x00, 0x00,  //..... 
  0x00, 0x00, 0x00, 0x00, 0x00,  //..... 


  /*Unicode: U+ac00 (가) , Width: 17 */
  0x00, 0x00, 0x00, 0x00, 0x00, 0x00, 0x00, 0x00, 0x00, 0x00, 0x00, 0x00, 0x00, 0x00, 0x00, 0x00, 0x00,  //................. 
  0x00, 0x00, 0x00, 0x00, 0x00, 0x00, 0x00, 0x00, 0x00, 0x00, 0x00, 0x7e, 0x9e, 0x44, 0x00, 0x00, 0x00,  //...........+%+... 
  0x00, 0x32, 0x36, 0x36, 0x36, 0x36, 0x36, 0x38, 0x3c, 0x14, 0x00, 0xca, 0xff, 0x6e, 0x00, 0x00, 0x00,  //...........@@+... 
  0x00, 0xee, 0xff, 0xff, 0xff, 0xff, 0xff, 0xff, 0xff, 0x48, 0x00, 0xca, 0xff, 0x6e, 0x00, 0x00, 0x00,  //.@@@@@@@@+.@@+... 
  0x00, 0xa4, 0xae, 0xac, 0xaa, 0xa6, 0xaa, 0xff, 0xff, 0x2a, 0x00, 0xca, 0xff, 0x6e, 0x00, 0x00, 0x00,  //.%%%%%%@@..@@+... 
  0x00, 0x00, 0x00, 0x00, 0x00, 0x00, 0x30, 0xff, 0xf4, 0x02, 0x00, 0xca, 0xff, 0x6e, 0x00, 0x00, 0x00,  //.......@@..@@+... 
  0x00, 0x00, 0x00, 0x00, 0x00, 0x00, 0x76, 0xff, 0xba, 0x00, 0x00, 0xca, 0xff, 0x6e, 0x00, 0x00, 0x00,  //......+@%..@@+... 
  0x00, 0x00, 0x00, 0x00, 0x00, 0x00, 0xda, 0xff, 0x64, 0x00, 0x00, 0xca, 0xff, 0xa6, 0x62, 0x62, 0x02,  //......@@+..@@%++. 
  0x00, 0x00, 0x00, 0x00, 0x00, 0x66, 0xff, 0xea, 0x0c, 0x00, 0x00, 0xca, 0xff, 0xff, 0xff, 0xff, 0x0a,  //.....+@@...@@@@@. 
  0x00, 0x00, 0x00, 0x00, 0x28, 0xf0, 0xff, 0x6e, 0x00, 0x00, 0x00, 0xca, 0xff, 0xb8, 0x82, 0x82, 0x04,  //.....@@+...@@%%%. 
  0x00, 0x00, 0x00, 0x20, 0xde, 0xff, 0xba, 0x00, 0x00, 0x00, 0x00, 0xca, 0xff, 0x6e, 0x00, 0x00, 0x00,  //....@@%....@@+... 
  0x00, 0x00, 0x42, 0xe6, 0xff, 0xd0, 0x12, 0x00, 0x00, 0x00, 0x00, 0xca, 0xff, 0x6e, 0x00, 0x00, 0x00,  //..+@@@.....@@+... 
  0x18, 0x9a, 0xfc, 0xff, 0xc4, 0x14, 0x00, 0x00, 0x00, 0x00, 0x00, 0xca, 0xff, 0x6e, 0x00, 0x00, 0x00,  //.%@@@......@@+... 
  0x66, 0xff, 0xfc, 0x8e, 0x04, 0x00, 0x00, 0x00, 0x00, 0x00, 0x00, 0xca, 0xff, 0x6e, 0x00, 0x00, 0x00,  //+@@%.......@@+... 
  0x00, 0x62, 0x30, 0x00, 0x00, 0x00, 0x00, 0x00, 0x00, 0x00, 0x00, 0xca, 0xff, 0x6e, 0x00, 0x00, 0x00,  //.+.........@@+... 
  0x00, 0x00, 0x00, 0x00, 0x00, 0x00, 0x00, 0x00, 0x00, 0x00, 0x00, 0xca, 0xff, 0x6e, 0x00, 0x00, 0x00,  //...........@@+... 
  0x00, 0x00, 0x00, 0x00, 0x00, 0x00, 0x00, 0x00, 0x00, 0x00, 0x00, 0xca, 0xff, 0x6e, 0x00, 0x00, 0x00,  //...........@@+... 
  0x00, 0x00, 0x00, 0x00, 0x00, 0x00, 0x00, 0x00, 0x00, 0x00, 0x00, 0xca, 0xff, 0x6e, 0x00, 0x00, 0x00,  //...........@@+... 
  0x00, 0x00, 0x00, 0x00, 0x00, 0x00, 0x00, 0x00, 0x00, 0x00, 0x00, 0x0a, 0x0e, 0x06, 0x00, 0x00, 0x00,  //................. 


  /*Unicode: U+ac04 (간) , Width: 16 */
  0x00, 0x00, 0x00, 0x00, 0x00, 0x00, 0x00, 0x00, 0x00, 0x00, 0x00, 0x00, 0x00, 0x00, 0x00, 0x00,  //................ 
  0x00, 0x00, 0x00, 0x00, 0x00, 0x00, 0x00, 0x00, 0x00, 0x00, 0x00, 0x5c, 0x72, 0x2c, 0x00, 0x00,  //...........++... 
  0x00, 0x4e, 0x7e, 0x7e, 0x7e, 0x80, 0x82, 0x86, 0x8a, 0x42, 0x00, 0xce, 0xff, 0x62, 0x00, 0x00,  //.++++%%%%+.@@+.. 
  0x00, 0x9e, 0xff, 0xff, 0xff, 0xff, 0xff, 0xff, 0xff, 0x5c, 0x00, 0xce, 0xff, 0x62, 0x00, 0x00,  //.%@@@@@@@+.@@+.. 
  0x00, 0x3a, 0x5e, 0x5e, 0x5e, 0x5e, 0x72, 0xff, 0xff, 0x2a, 0x00, 0xce, 0xff, 0x62, 0x00, 0x00,  //..+++++@@..@@+.. 
  0x00, 0x00, 0x00, 0x00, 0x00, 0x00, 0x5e, 0xff, 0xe0, 0x00, 0x00, 0xce, 0xff, 0x62, 0x00, 0x00,  //......+@@..@@+.. 
  0x00, 0x00, 0x00, 0x00, 0x00, 0x04, 0xd2, 0xff, 0x74, 0x00, 0x00, 0xce, 0xff, 0x9c, 0x5e, 0x56,  //......@@+..@@%++ 
  0x00, 0x00, 0x00, 0x00, 0x00, 0x98, 0xff, 0xd8, 0x08, 0x00, 0x00, 0xce, 0xff, 0xff, 0xff, 0xe6,  //.....%@@...@@@@@ 
  0x00, 0x00, 0x00, 0x12, 0xac, 0xff, 0xf0, 0x30, 0x00, 0x00, 0x00, 0xce, 0xff, 0xb2, 0x82, 0x76,  //....%@@....@@%%+ 
  0x00, 0x12, 0x7a, 0xee, 0xff, 0xe6, 0x36, 0x00, 0x00, 0x00, 0x00, 0xce, 0xff, 0x62, 0x00, 0x00,  //..+@@@.....@@+.. 
  0x62, 0xf8, 0xff, 0xff, 0xa8, 0x16, 0x00, 0x00, 0x00, 0x00, 0x00, 0xce, 0xff, 0x62, 0x00, 0x00,  //+@@@%......@@+.. 
  0x0a, 0xce, 0xa2, 0x34, 0x00, 0x00, 0x00, 0x00, 0x00, 0x00, 0x00, 0xce, 0xff, 0x62, 0x00, 0x00,  //.@%........@@+.. 
  0x00, 0x00, 0x00, 0x1c, 0x22, 0x0c, 0x00, 0x00, 0x00, 0x00, 0x00, 0xce, 0xff, 0x62, 0x00, 0x00,  //...........@@+.. 
  0x00, 0x00, 0x00, 0xd6, 0xff, 0x66, 0x00, 0x00, 0x00, 0x00, 0x00, 0x84, 0xa2, 0x3e, 0x00, 0x00,  //...@@+.....%%... 
  0x00, 0x00, 0x00, 0xd6, 0xff, 0x66, 0x00, 0x00, 0x00, 0x00, 0x00, 0x00, 0x00, 0x00, 0x00, 0x00,  //...@@+.......... 
  0x00, 0x00, 0x00, 0xd6, 0xff, 0x66, 0x00, 0x00, 0x00, 0x00, 0x00, 0x00, 0x00, 0x00, 0x00, 0x00,  //...@@+.......... 
  0x00, 0x00, 0x00, 0xd6, 0xff, 0xfc, 0xfa, 0xfa, 0xfa, 0xfa, 0xfa, 0xfa, 0xfa, 0xb8, 0x00, 0x00,  //...@@@@@@@@@@%.. 
  0x00, 0x00, 0x00, 0xc2, 0xe6, 0xe6, 0xe6, 0xe6, 0xe6, 0xe6, 0xe6, 0xe6, 0xe6, 0xa8, 0x00, 0x00,  //...@@@@@@@@@@%.. 
  0x00, 0x00, 0x00, 0x00, 0x00, 0x00, 0x00, 0x00, 0x00, 0x00, 0x00, 0x00, 0x00, 0x00, 0x00, 0x00,  //................ 


  /*Unicode: U+ac12 (값) , Width: 16 */
  0x00, 0x00, 0x00, 0x00, 0x00, 0x00, 0x00, 0x00, 0x00, 0x00, 0x00, 0x00, 0x00, 0x00, 0x00, 0x00,  //................ 
  0x00, 0x00, 0x00, 0x00, 0x00, 0x00, 0x00, 0x00, 0x00, 0x00, 0x00, 0x8a, 0xaa, 0x44, 0x00, 0x00,  //...........%%+.. 
  0x00, 0xa0, 0xf6, 0xf6, 0xf6, 0xf6, 0xf6, 0xf8, 0xfa, 0x6c, 0x00, 0xce, 0xff, 0x66, 0x00, 0x00,  //.%@@@@@@@+.@@+.. 
  0x00, 0x8e, 0xda, 0xda, 0xda, 0xda, 0xdc, 0xff, 0xff, 0x3c, 0x00, 0xce, 0xff, 0x66, 0x00, 0x00,  //.%@@@@@@@..@@+.. 
  0x00, 0x00, 0x00, 0x00, 0x00, 0x00, 0x50, 0xff, 0xe4, 0x02, 0x00, 0xce, 0xff, 0x80, 0x2a, 0x26,  //......+@@..@@%.. 
  0x00, 0x00, 0x00, 0x00, 0x00, 0x0e, 0xd8, 0xff, 0x6a, 0x00, 0x00, 0xce, 0xff, 0xff, 0xff, 0xe6,  //......@@+..@@@@@ 
  0x00, 0x00, 0x00, 0x00, 0x1e, 0xca, 0xff, 0xb8, 0x02, 0x00, 0x00, 0xce, 0xff, 0xd0, 0xb2, 0xa2,  //.....@@%...@@@%% 
  0x00, 0x00, 0x12, 0x80, 0xf2, 0xff, 0xbe, 0x0e, 0x00, 0x00, 0x00, 0xce, 0xff, 0x66, 0x00, 0x00,  //...%@@%....@@+.. 
  0x3a, 0xaa, 0xf8, 0xff, 0xfa, 0x88, 0x06, 0x00, 0x00, 0x00, 0x00, 0xce, 0xff, 0x66, 0x00, 0x00,  //.%@@@%.....@@+.. 
  0x1e, 0xec, 0xf4, 0x9e, 0x26, 0x00, 0x00, 0x00, 0x00, 0x00, 0x00, 0xbe, 0xea, 0x5e, 0x00, 0x00,  //.@@%.......%@+.. 
  0x00, 0x24, 0x1e, 0x22, 0x0e, 0x00, 0x20, 0x4e, 0x2e, 0x00, 0x1e, 0x7e, 0x66, 0x00, 0x00, 0x00,  //.......+...++... 
  0x00, 0x00, 0x92, 0xff, 0x76, 0x00, 0x6a, 0xff, 0x9a, 0x00, 0x42, 0xff, 0xc0, 0x00, 0x00, 0x00,  //..%@+.+@%.+@@... 
  0x00, 0x00, 0x92, 0xff, 0x9c, 0x46, 0x94, 0xff, 0x9a, 0x00, 0x58, 0xff, 0xb0, 0x00, 0x00, 0x00,  //..%@%+%@%.+@%... 
  0x00, 0x00, 0x92, 0xff, 0xff, 0xff, 0xff, 0xff, 0x9a, 0x00, 0x98, 0xff, 0xe4, 0x02, 0x00, 0x00,  //..%@@@@@%.%@@... 
  0x00, 0x00, 0x92, 0xff, 0x9c, 0x4a, 0x8a, 0xff, 0x9a, 0x1e, 0xf6, 0xff, 0xff, 0x6c, 0x00, 0x00,  //..%@%+%@%.@@@+.. 
  0x00, 0x00, 0x92, 0xff, 0x72, 0x00, 0x5a, 0xff, 0xae, 0xd0, 0xff, 0xd8, 0xff, 0xf6, 0x48, 0x00,  //..%@+.+@%@@@@@+. 
  0x00, 0x00, 0x92, 0xff, 0xea, 0xda, 0xe6, 0xff, 0xff, 0xff, 0xe4, 0x14, 0x96, 0xff, 0xfa, 0x44,  //..%@@@@@@@@.%@@+ 
  0x00, 0x00, 0x78, 0xd2, 0xd2, 0xd2, 0xd2, 0xd2, 0xca, 0xd6, 0x22, 0x00, 0x02, 0x98, 0x98, 0x00,  //..+@@@@@@@...%%. 
  0x00, 0x00, 0x00, 0x00, 0x00, 0x00, 0x00, 0x00, 0x00, 0x02, 0x00, 0x00, 0x00, 0x00, 0x00, 0x00,  //................ 


  /*Unicode: U+ac1c (개) , Width: 15 */
  0x00, 0x00, 0x00, 0x00, 0x00, 0x00, 0x00, 0x00, 0x00, 0x00, 0x00, 0x00, 0x00, 0x00, 0x00,  //............... 
  0x00, 0x00, 0x00, 0x00, 0x00, 0x00, 0x00, 0x00, 0x1a, 0x6e, 0x66, 0x00, 0x80, 0x9e, 0x3c,  //.........++.%%. 
  0x00, 0x2e, 0x32, 0x32, 0x32, 0x32, 0x36, 0x32, 0x3e, 0xff, 0xea, 0x00, 0xce, 0xff, 0x62,  //.........@@.@@+ 
  0x00, 0xee, 0xff, 0xff, 0xff, 0xff, 0xff, 0xd2, 0x3e, 0xff, 0xea, 0x00, 0xce, 0xff, 0x62,  //.@@@@@@@.@@.@@+ 
  0x00, 0x98, 0xa2, 0xa2, 0xa2, 0xcc, 0xff, 0xba, 0x3e, 0xff, 0xea, 0x00, 0xce, 0xff, 0x62,  //.%%%%@@%.@@.@@+ 
  0x00, 0x00, 0x00, 0x00, 0x00, 0x8e, 0xff, 0x90, 0x3e, 0xff, 0xea, 0x00, 0xce, 0xff, 0x62,  //.....%@%.@@.@@+ 
  0x00, 0x00, 0x00, 0x00, 0x00, 0xc0, 0xff, 0x5c, 0x3e, 0xff, 0xea, 0x00, 0xce, 0xff, 0x62,  //.....@@+.@@.@@+ 
  0x00, 0x00, 0x00, 0x00, 0x14, 0xf8, 0xfc, 0x14, 0x3e, 0xff, 0xf6, 0x92, 0xea, 0xff, 0x62,  //.....@@..@@%@@+ 
  0x00, 0x00, 0x00, 0x00, 0x7a, 0xff, 0xb6, 0x00, 0x3e, 0xff, 0xff, 0xff, 0xff, 0xff, 0x62,  //....+@%..@@@@@+ 
  0x00, 0x00, 0x00, 0x1c, 0xf0, 0xff, 0x46, 0x00, 0x3e, 0xff, 0xf0, 0x46, 0xdc, 0xff, 0x62,  //....@@+..@@+@@+ 
  0x00, 0x00, 0x06, 0xc2, 0xff, 0xb6, 0x00, 0x00, 0x3e, 0xff, 0xea, 0x00, 0xce, 0xff, 0x62,  //...@@%...@@.@@+ 
  0x00, 0x06, 0xae, 0xff, 0xea, 0x1e, 0x00, 0x00, 0x3e, 0xff, 0xea, 0x00, 0xce, 0xff, 0x62,  //..%@@....@@.@@+ 
  0x1a, 0xc0, 0xff, 0xf2, 0x3e, 0x00, 0x00, 0x00, 0x3e, 0xff, 0xea, 0x00, 0xce, 0xff, 0x62,  //.@@@.....@@.@@+ 
  0x7a, 0xff, 0xea, 0x3a, 0x00, 0x00, 0x00, 0x00, 0x3e, 0xff, 0xea, 0x00, 0xce, 0xff, 0x62,  //+@@......@@.@@+ 
  0x00, 0x60, 0x1a, 0x00, 0x00, 0x00, 0x00, 0x00, 0x3e, 0xff, 0xea, 0x00, 0xce, 0xff, 0x62,  //.+.......@@.@@+ 
  0x00, 0x00, 0x00, 0x00, 0x00, 0x00, 0x00, 0x00, 0x3e, 0xff, 0xea, 0x00, 0xce, 0xff, 0x62,  //.........@@.@@+ 
  0x00, 0x00, 0x00, 0x00, 0x00, 0x00, 0x00, 0x00, 0x3e, 0xff, 0xea, 0x00, 0xce, 0xff, 0x62,  //.........@@.@@+ 
  0x00, 0x00, 0x00, 0x00, 0x00, 0x00, 0x00, 0x00, 0x28, 0xa6, 0x98, 0x00, 0xce, 0xff, 0x62,  //.........%%.@@+ 
  0x00, 0x00, 0x00, 0x00, 0x00, 0x00, 0x00, 0x00, 0x00, 0x00, 0x00, 0x00, 0x0c, 0x0e, 0x04,  //............... 


  /*Unicode: U+ac70 (거) , Width: 15 */
  0x00, 0x00, 0x00, 0x00, 0x00, 0x00, 0x00, 0x00, 0x00, 0x00, 0x00, 0x00, 0x00, 0x00, 0x00,  //............... 
  0x00, 0x00, 0x00, 0x00, 0x00, 0x00, 0x00, 0x00, 0x00, 0x00, 0x00, 0x0a, 0x9e, 0x9e, 0x18,  //............%%. 
  0x00, 0x30, 0x36, 0x36, 0x36, 0x36, 0x36, 0x38, 0x3a, 0x18, 0x00, 0x12, 0xff, 0xff, 0x26,  //............@@. 
  0x00, 0xde, 0xff, 0xff, 0xff, 0xff, 0xff, 0xff, 0xff, 0x58, 0x00, 0x12, 0xff, 0xff, 0x26,  //.@@@@@@@@+..@@. 
  0x00, 0x98, 0xae, 0xae, 0xaa, 0xa8, 0xa6, 0xff, 0xff, 0x3a, 0x00, 0x12, 0xff, 0xff, 0x26,  //.%%%%%%@@...@@. 
  0x00, 0x00, 0x00, 0x00, 0x00, 0x00, 0x20, 0xff, 0xfc, 0x0a, 0x00, 0x12, 0xff, 0xff, 0x26,  //.......@@...@@. 
  0x00, 0x00, 0x00, 0x00, 0x00, 0x00, 0x66, 0xff, 0xca, 0x00, 0x00, 0x12, 0xff, 0xff, 0x26,  //......+@@...@@. 
  0x00, 0x00, 0x00, 0x00, 0x00, 0x00, 0xcc, 0xff, 0x74, 0x0a, 0x0a, 0x1e, 0xff, 0xff, 0x26,  //......@@+...@@. 
  0x00, 0x00, 0x00, 0x00, 0x00, 0x56, 0xff, 0xf0, 0x26, 0xff, 0xff, 0xff, 0xff, 0xff, 0x26,  //.....+@@.@@@@@. 
  0x00, 0x00, 0x00, 0x00, 0x1e, 0xea, 0xff, 0x7a, 0x10, 0xda, 0xda, 0xdc, 0xff, 0xff, 0x26,  //.....@@+.@@@@@. 
  0x00, 0x00, 0x00, 0x1a, 0xd6, 0xff, 0xc6, 0x02, 0x00, 0x00, 0x00, 0x12, 0xff, 0xff, 0x26,  //....@@@.....@@. 
  0x00, 0x00, 0x3c, 0xe2, 0xff, 0xda, 0x18, 0x00, 0x00, 0x00, 0x00, 0x12, 0xff, 0xff, 0x26,  //...@@@......@@. 
  0x14, 0x94, 0xfc, 0xff, 0xce, 0x1c, 0x00, 0x00, 0x00, 0x00, 0x00, 0x12, 0xff, 0xff, 0x26,  //.%@@@.......@@. 
  0x5a, 0xfc, 0xfc, 0x98, 0x08, 0x00, 0x00, 0x00, 0x00, 0x00, 0x00, 0x12, 0xff, 0xff, 0x26,  //+@@%........@@. 
  0x00, 0x5c, 0x38, 0x00, 0x00, 0x00, 0x00, 0x00, 0x00, 0x00, 0x00, 0x12, 0xff, 0xff, 0x26,  //.+..........@@. 
  0x00, 0x00, 0x00, 0x00, 0x00, 0x00, 0x00, 0x00, 0x00, 0x00, 0x00, 0x12, 0xff, 0xff, 0x26,  //............@@. 
  0x00, 0x00, 0x00, 0x00, 0x00, 0x00, 0x00, 0x00, 0x00, 0x00, 0x00, 0x12, 0xff, 0xff, 0x26,  //............@@. 
  0x00, 0x00, 0x00, 0x00, 0x00, 0x00, 0x00, 0x00, 0x00, 0x00, 0x00, 0x12, 0xff, 0xff, 0x26,  //............@@. 
  0x00, 0x00, 0x00, 0x00, 0x00, 0x00, 0x00, 0x00, 0x00, 0x00, 0x00, 0x00, 0x0e, 0x0e, 0x00,  //............... 


  /*Unicode: U+ac80 (검) , Width: 15 */
  0x00, 0x00, 0x00, 0x00, 0x00, 0x00, 0x00, 0x00, 0x00, 0x00, 0x00, 0x00, 0x00, 0x00, 0x00,  //............... 
  0x00, 0x00, 0x00, 0x00, 0x00, 0x00, 0x00, 0x00, 0x00, 0x00, 0x00, 0x08, 0x7a, 0x7a, 0x12,  //............++. 
  0x00, 0x46, 0xc6, 0xc6, 0xc6, 0xc6, 0xc6, 0xca, 0xce, 0x58, 0x00, 0x12, 0xff, 0xff, 0x26,  //.+@@@@@@@+..@@. 
  0x00, 0x5a, 0xff, 0xff, 0xff, 0xff, 0xff, 0xff, 0xff, 0x4a, 0x00, 0x12, 0xff, 0xff, 0x26,  //.+@@@@@@@+..@@. 
  0x00, 0x00, 0x06, 0x06, 0x06, 0x06, 0x48, 0xff, 0xfa, 0x0e, 0x00, 0x12, 0xff, 0xff, 0x26,  //......+@@...@@. 
  0x00, 0x00, 0x00, 0x00, 0x00, 0x00, 0xae, 0xff, 0xa6, 0x10, 0x12, 0x24, 0xff, 0xff, 0x26,  //......%@%...@@. 
  0x00, 0x00, 0x00, 0x00, 0x00, 0x64, 0xff, 0xf4, 0x24, 0xe2, 0xff, 0xff, 0xff, 0xff, 0x26,  //.....+@@.@@@@@. 
  0x00, 0x00, 0x00, 0x04, 0x80, 0xfc, 0xfc, 0x5e, 0x00, 0xb8, 0xce, 0xd2, 0xff, 0xff, 0x26,  //....%@@+.%@@@@. 
  0x00, 0x0a, 0x62, 0xda, 0xff, 0xf6, 0x5e, 0x00, 0x00, 0x00, 0x00, 0x12, 0xff, 0xff, 0x26,  //..+@@@+.....@@. 
  0x1c, 0xf0, 0xff, 0xff, 0xbe, 0x2c, 0x00, 0x00, 0x00, 0x00, 0x00, 0x12, 0xff, 0xff, 0x26,  //.@@@%.......@@. 
  0x00, 0x76, 0xac, 0x42, 0x00, 0x00, 0x00, 0x00, 0x00, 0x00, 0x00, 0x0e, 0xc6, 0xc6, 0x1e,  //.+%+........@@. 
  0x00, 0x00, 0x00, 0x36, 0x82, 0x82, 0x82, 0x82, 0x82, 0x82, 0x82, 0x82, 0x82, 0x82, 0x12,  //....%%%%%%%%%%. 
  0x00, 0x00, 0x00, 0x6a, 0xff, 0xff, 0xff, 0xff, 0xff, 0xff, 0xff, 0xff, 0xff, 0xff, 0x26,  //...+@@@@@@@@@@. 
  0x00, 0x00, 0x00, 0x6a, 0xff, 0xd6, 0x52, 0x52, 0x52, 0x52, 0x52, 0x60, 0xff, 0xff, 0x26,  //...+@@++++++@@. 
  0x00, 0x00, 0x00, 0x6a, 0xff, 0xc2, 0x00, 0x00, 0x00, 0x00, 0x00, 0x12, 0xff, 0xff, 0x26,  //...+@@......@@. 
  0x00, 0x00, 0x00, 0x6a, 0xff, 0xc2, 0x00, 0x00, 0x00, 0x00, 0x00, 0x12, 0xff, 0xff, 0x26,  //...+@@......@@. 
  0x00, 0x00, 0x00, 0x6a, 0xff, 0xf8, 0xe2, 0xe2, 0xe2, 0xe2, 0xe2, 0xe4, 0xff, 0xff, 0x26,  //...+@@@@@@@@@@. 
  0x00, 0x00, 0x00, 0x64, 0xee, 0xee, 0xee, 0xee, 0xee, 0xee, 0xee, 0xee, 0xee, 0xee, 0x24,  //...+@@@@@@@@@@. 
  0x00, 0x00, 0x00, 0x00, 0x00, 0x00, 0x00, 0x00, 0x00, 0x00, 0x00, 0x00, 0x00, 0x00, 0x00,  //............... 


  /*Unicode: U+ace0 (고) , Width: 16 */
  0x00, 0x00, 0x00, 0x00, 0x00, 0x00, 0x00, 0x00, 0x00, 0x00, 0x00, 0x00, 0x00, 0x00, 0x00, 0x00,  //................ 
  0x00, 0x00, 0x00, 0x00, 0x00, 0x00, 0x00, 0x00, 0x00, 0x00, 0x00, 0x00, 0x00, 0x00, 0x00, 0x00,  //................ 
  0x00, 0x00, 0x00, 0x00, 0x00, 0x00, 0x00, 0x00, 0x00, 0x00, 0x00, 0x00, 0x00, 0x00, 0x00, 0x00,  //................ 
  0x00, 0x00, 0x52, 0xb2, 0xb2, 0xb2, 0xb2, 0xb2, 0xb2, 0xb2, 0xb2, 0xb2, 0xb2, 0x52, 0x00, 0x00,  //..+%%%%%%%%%%+.. 
  0x00, 0x00, 0x76, 0xff, 0xff, 0xff, 0xff, 0xff, 0xff, 0xff, 0xff, 0xff, 0xff, 0x6c, 0x00, 0x00,  //..+@@@@@@@@@@+.. 
  0x00, 0x00, 0x16, 0x32, 0x32, 0x32, 0x32, 0x32, 0x32, 0x32, 0x32, 0xd8, 0xff, 0x60, 0x00, 0x00,  //...........@@+.. 
  0x00, 0x00, 0x00, 0x00, 0x00, 0x00, 0x00, 0x00, 0x00, 0x00, 0x00, 0xe2, 0xff, 0x4c, 0x00, 0x00,  //...........@@+.. 
  0x00, 0x00, 0x00, 0x00, 0x00, 0x00, 0x00, 0x00, 0x00, 0x00, 0x00, 0xf6, 0xff, 0x36, 0x00, 0x00,  //...........@@... 
  0x00, 0x00, 0x00, 0x00, 0x00, 0x00, 0x00, 0x00, 0x00, 0x00, 0x0a, 0xff, 0xff, 0x1c, 0x00, 0x00,  //...........@@... 
  0x00, 0x00, 0x00, 0x00, 0x00, 0x64, 0xfa, 0xd2, 0x00, 0x00, 0x32, 0xff, 0xf6, 0x00, 0x00, 0x00,  //.....+@@...@@... 
  0x00, 0x00, 0x00, 0x00, 0x00, 0x66, 0xff, 0xd6, 0x00, 0x00, 0x64, 0xff, 0xd6, 0x00, 0x00, 0x00,  //.....+@@..+@@... 
  0x00, 0x00, 0x00, 0x00, 0x00, 0x66, 0xff, 0xd6, 0x00, 0x00, 0x96, 0xff, 0xa8, 0x00, 0x00, 0x00,  //.....+@@..%@%... 
  0x00, 0x00, 0x00, 0x00, 0x00, 0x66, 0xff, 0xd6, 0x00, 0x00, 0xa6, 0xd6, 0x6a, 0x00, 0x00, 0x00,  //.....+@@..%@+... 
  0x00, 0x00, 0x00, 0x00, 0x00, 0x66, 0xff, 0xd6, 0x00, 0x00, 0x00, 0x00, 0x00, 0x00, 0x00, 0x00,  //.....+@@........ 
  0x86, 0xb2, 0xb2, 0xb2, 0xb2, 0xd0, 0xff, 0xf2, 0xb2, 0xb2, 0xb2, 0xb2, 0xb2, 0xb2, 0xb2, 0x7c,  //%%%%%@@@%%%%%%%+ 
  0xbe, 0xff, 0xff, 0xff, 0xff, 0xff, 0xff, 0xff, 0xff, 0xff, 0xff, 0xff, 0xff, 0xff, 0xff, 0xb2,  //%@@@@@@@@@@@@@@% 
  0x1c, 0x26, 0x26, 0x26, 0x26, 0x26, 0x26, 0x26, 0x26, 0x26, 0x26, 0x26, 0x26, 0x26, 0x26, 0x1a,  //................ 
  0x00, 0x00, 0x00, 0x00, 0x00, 0x00, 0x00, 0x00, 0x00, 0x00, 0x00, 0x00, 0x00, 0x00, 0x00, 0x00,  //................ 
  0x00, 0x00, 0x00, 0x00, 0x00, 0x00, 0x00, 0x00, 0x00, 0x00, 0x00, 0x00, 0x00, 0x00, 0x00, 0x00,  //................ 


  /*Unicode: U+ace8 (골) , Width: 16 */
  0x00, 0x00, 0x00, 0x00, 0x00, 0x00, 0x00, 0x00, 0x00, 0x00, 0x00, 0x00, 0x00, 0x00, 0x00, 0x00,  //................ 
  0x00, 0x00, 0x52, 0x66, 0x66, 0x66, 0x66, 0x66, 0x66, 0x66, 0x66, 0x66, 0x66, 0x24, 0x00, 0x00,  //..+++++++++++... 
  0x00, 0x00, 0xce, 0xff, 0xff, 0xff, 0xff, 0xff, 0xff, 0xff, 0xff, 0xff, 0xff, 0x56, 0x00, 0x00,  //..@@@@@@@@@@@+.. 
  0x00, 0x00, 0x62, 0x7a, 0x7a, 0x7a, 0x7a, 0x7a, 0x7a, 0x7a, 0x7a, 0xf0, 0xff, 0x48, 0x00, 0x00,  //..+++++++++@@+.. 
  0x00, 0x00, 0x00, 0x00, 0x00, 0x00, 0x00, 0x00, 0x00, 0x00, 0x00, 0xf0, 0xff, 0x32, 0x00, 0x00,  //...........@@... 
  0x00, 0x00, 0x00, 0x00, 0x00, 0x76, 0xf6, 0xc4, 0x00, 0x00, 0x14, 0xff, 0xff, 0x10, 0x00, 0x00,  //.....+@@...@@... 
  0x00, 0x00, 0x00, 0x00, 0x00, 0x7a, 0xff, 0xca, 0x00, 0x00, 0x28, 0xb2, 0xa8, 0x00, 0x00, 0x00,  //.....+@@...%%... 
  0x6c, 0x7a, 0x7a, 0x7a, 0x7a, 0xba, 0xff, 0xe4, 0x7a, 0x7a, 0x7a, 0x7a, 0x7a, 0x7a, 0x7a, 0x6c,  //+++++%@@++++++++ 
  0xe2, 0xff, 0xff, 0xff, 0xff, 0xff, 0xff, 0xff, 0xff, 0xff, 0xff, 0xff, 0xff, 0xff, 0xff, 0xe2,  //@@@@@@@@@@@@@@@@ 
  0x4c, 0x56, 0x56, 0x56, 0x56, 0x56, 0x56, 0x56, 0x56, 0x56, 0x56, 0x56, 0x56, 0x56, 0x56, 0x4c,  //++++++++++++++++ 
  0x00, 0x00, 0x40, 0x8a, 0x8a, 0x8a, 0x8a, 0x8a, 0x8a, 0x8a, 0x8a, 0x8a, 0x8a, 0x3e, 0x00, 0x00,  //..+%%%%%%%%%%... 
  0x00, 0x00, 0x76, 0xff, 0xff, 0xff, 0xff, 0xff, 0xff, 0xff, 0xff, 0xff, 0xff, 0x72, 0x00, 0x00,  //..+@@@@@@@@@@+.. 
  0x00, 0x00, 0x1e, 0x42, 0x42, 0x42, 0x42, 0x42, 0x42, 0x42, 0x42, 0xd4, 0xff, 0x72, 0x00, 0x00,  //...++++++++@@+.. 
  0x00, 0x00, 0x54, 0xb6, 0xb6, 0xb6, 0xb6, 0xb6, 0xb6, 0xb6, 0xb6, 0xee, 0xff, 0x72, 0x00, 0x00,  //..+%%%%%%%%@@+.. 
  0x00, 0x00, 0x76, 0xff, 0xff, 0xff, 0xff, 0xff, 0xff, 0xff, 0xff, 0xff, 0xff, 0x72, 0x00, 0x00,  //..+@@@@@@@@@@+.. 
  0x00, 0x00, 0x76, 0xff, 0xba, 0x00, 0x00, 0x00, 0x00, 0x00, 0x00, 0x00, 0x00, 0x00, 0x00, 0x00,  //..+@%........... 
  0x00, 0x00, 0x76, 0xff, 0xfc, 0xfa, 0xfa, 0xfa, 0xfa, 0xfa, 0xfa, 0xfa, 0xfa, 0xda, 0x00, 0x00,  //..+@@@@@@@@@@@.. 
  0x00, 0x00, 0x66, 0xda, 0xda, 0xda, 0xda, 0xda, 0xda, 0xda, 0xda, 0xda, 0xda, 0xbe, 0x00, 0x00,  //..+@@@@@@@@@@%.. 
  0x00, 0x00, 0x00, 0x00, 0x00, 0x00, 0x00, 0x00, 0x00, 0x00, 0x00, 0x00, 0x00, 0x00, 0x00, 0x00,  //................ 


  /*Unicode: U+acf5 (공) , Width: 16 */
  0x00, 0x00, 0x00, 0x00, 0x00, 0x00, 0x00, 0x00, 0x00, 0x00, 0x00, 0x00, 0x00, 0x00, 0x00, 0x00,  //................ 
  0x00, 0x00, 0x5c, 0x72, 0x72, 0x72, 0x72, 0x72, 0x72, 0x72, 0x72, 0x72, 0x72, 0x28, 0x00, 0x00,  //..+++++++++++... 
  0x00, 0x00, 0xce, 0xff, 0xff, 0xff, 0xff, 0xff, 0xff, 0xff, 0xff, 0xff, 0xff, 0x56, 0x00, 0x00,  //..@@@@@@@@@@@+.. 
  0x00, 0x00, 0x5a, 0x6e, 0x6e, 0x6e, 0x6e, 0x6e, 0x6e, 0x6e, 0x6e, 0xf0, 0xff, 0x4a, 0x00, 0x00,  //..+++++++++@@+.. 
  0x00, 0x00, 0x00, 0x00, 0x00, 0x00, 0x00, 0x00, 0x00, 0x00, 0x00, 0xf4, 0xff, 0x38, 0x00, 0x00,  //...........@@... 
  0x00, 0x00, 0x00, 0x00, 0x00, 0x72, 0xb6, 0x76, 0x00, 0x00, 0x0a, 0xff, 0xff, 0x20, 0x00, 0x00,  //.....+%+...@@... 
  0x00, 0x00, 0x00, 0x00, 0x00, 0x9e, 0xff, 0xa6, 0x00, 0x00, 0x2e, 0xff, 0xfc, 0x04, 0x00, 0x00,  //.....%@%...@@... 
  0x00, 0x00, 0x00, 0x00, 0x00, 0x9e, 0xff, 0xa6, 0x00, 0x00, 0x2c, 0x8e, 0x80, 0x00, 0x00, 0x00,  //.....%@%...%%... 
  0x8c, 0x9e, 0x9e, 0x9e, 0x9e, 0xda, 0xff, 0xde, 0x9e, 0x9e, 0x9e, 0x9e, 0x9e, 0x9e, 0x9e, 0x8c,  //%%%%%@@@%%%%%%%% 
  0xe2, 0xff, 0xff, 0xff, 0xff, 0xff, 0xff, 0xff, 0xff, 0xff, 0xff, 0xff, 0xff, 0xff, 0xff, 0xe2,  //@@@@@@@@@@@@@@@@ 
  0x34, 0x3a, 0x3a, 0x3a, 0x3a, 0x3a, 0x3a, 0x3a, 0x3a, 0x3a, 0x3a, 0x3a, 0x3a, 0x3a, 0x3a, 0x34,  //................ 
  0x00, 0x00, 0x00, 0x04, 0x60, 0xb4, 0xe0, 0xf4, 0xf4, 0xe0, 0xb4, 0x60, 0x04, 0x00, 0x00, 0x00,  //....+%@@@@%+.... 
  0x00, 0x00, 0x0c, 0xc8, 0xff, 0xff, 0xf0, 0xd4, 0xd4, 0xf0, 0xff, 0xff, 0xc8, 0x0c, 0x00, 0x00,  //...@@@@@@@@@@... 
  0x00, 0x00, 0x84, 0xff, 0xee, 0x4a, 0x00, 0x00, 0x00, 0x00, 0x46, 0xee, 0xff, 0x84, 0x00, 0x00,  //..%@@+....+@@%.. 
  0x00, 0x00, 0xae, 0xff, 0xac, 0x00, 0x00, 0x00, 0x00, 0x00, 0x00, 0xac, 0xff, 0xae, 0x00, 0x00,  //..%@%......%@%.. 
  0x00, 0x00, 0x7e, 0xff, 0xf4, 0x5e, 0x08, 0x00, 0x00, 0x08, 0x5a, 0xf4, 0xff, 0x7a, 0x00, 0x00,  //..+@@+....+@@+.. 
  0x00, 0x00, 0x08, 0xbc, 0xff, 0xff, 0xfc, 0xea, 0xea, 0xfc, 0xff, 0xff, 0xb8, 0x06, 0x00, 0x00,  //...%@@@@@@@@%... 
  0x00, 0x00, 0x00, 0x00, 0x4e, 0xa0, 0xce, 0xe0, 0xe0, 0xcc, 0x9e, 0x4a, 0x00, 0x00, 0x00, 0x00,  //....+%@@@@%+.... 
  0x00, 0x00, 0x00, 0x00, 0x00, 0x00, 0x00, 0x00, 0x00, 0x00, 0x00, 0x00, 0x00, 0x00, 0x00, 0x00,  //................ 


  /*Unicode: U+acfc (과) , Width: 16 */
  0x00, 0x00, 0x00, 0x00, 0x00, 0x00, 0x00, 0x00, 0x00, 0x00, 0x00, 0x00, 0x00, 0x00, 0x00, 0x00,  //................ 
  0x00, 0x00, 0x00, 0x00, 0x00, 0x00, 0x00, 0x00, 0x00, 0x00, 0x00, 0x5a, 0x9e, 0x58, 0x00, 0x00,  //...........+%+.. 
  0x00, 0x1a, 0x1e, 0x1e, 0x1e, 0x1e, 0x1e, 0x1e, 0x1e, 0x16, 0x00, 0x92, 0xff, 0x8e, 0x00, 0x00,  //...........%@%.. 
  0x00, 0xde, 0xff, 0xff, 0xff, 0xff, 0xff, 0xff, 0xff, 0xbe, 0x00, 0x92, 0xff, 0x8e, 0x00, 0x00,  //.@@@@@@@@%.%@%.. 
  0x00, 0xa6, 0xbe, 0xbe, 0xbe, 0xbe, 0xbe, 0xdc, 0xff, 0xb6, 0x00, 0x92, 0xff, 0x8e, 0x00, 0x00,  //.%%%%%%@@%.%@%.. 
  0x00, 0x00, 0x00, 0x00, 0x00, 0x00, 0x00, 0x7a, 0xff, 0xaa, 0x00, 0x92, 0xff, 0x8e, 0x00, 0x00,  //.......+@%.%@%.. 
  0x00, 0x00, 0x00, 0x00, 0x00, 0x00, 0x00, 0x84, 0xff, 0x9c, 0x00, 0x92, 0xff, 0x8e, 0x00, 0x00,  //.......%@%.%@%.. 
  0x00, 0x00, 0x00, 0x56, 0x82, 0x42, 0x00, 0x94, 0xff, 0x8a, 0x00, 0x92, 0xff, 0xaa, 0x3e, 0x3a,  //...+%+.%@%.%@%.. 
  0x00, 0x00, 0x00, 0xaa, 0xff, 0x82, 0x00, 0xb0, 0xff, 0x70, 0x00, 0x92, 0xff, 0xff, 0xff, 0xee,  //...%@%.%@+.%@@@@ 
  0x00, 0x00, 0x00, 0xaa, 0xff, 0x82, 0x00, 0xd2, 0xff, 0x50, 0x00, 0x92, 0xff, 0xd4, 0x9e, 0x94,  //...%@%.@@+.%@@%% 
  0x00, 0x00, 0x00, 0xaa, 0xff, 0x82, 0x08, 0xfa, 0xff, 0x20, 0x00, 0x92, 0xff, 0x8e, 0x00, 0x00,  //...%@%.@@..%@%.. 
  0x00, 0x00, 0x00, 0xaa, 0xff, 0x82, 0x10, 0x62, 0x60, 0x00, 0x00, 0x92, 0xff, 0x8e, 0x00, 0x00,  //...%@%.++..%@%.. 
  0x5a, 0x66, 0x66, 0xcc, 0xff, 0xba, 0x7a, 0x86, 0x9a, 0xb2, 0xb8, 0x92, 0xff, 0x8e, 0x00, 0x00,  //+++@@%+%%%%%@%.. 
  0xe2, 0xff, 0xff, 0xff, 0xff, 0xff, 0xff, 0xff, 0xff, 0xff, 0xe4, 0x92, 0xff, 0x8e, 0x00, 0x00,  //@@@@@@@@@@@%@%.. 
  0x68, 0x76, 0x76, 0x74, 0x70, 0x68, 0x5c, 0x4c, 0x38, 0x1e, 0x02, 0x92, 0xff, 0x8e, 0x00, 0x00,  //++++++++...%@%.. 
  0x00, 0x00, 0x00, 0x00, 0x00, 0x00, 0x00, 0x00, 0x00, 0x00, 0x00, 0x92, 0xff, 0x8e, 0x00, 0x00,  //...........%@%.. 
  0x00, 0x00, 0x00, 0x00, 0x00, 0x00, 0x00, 0x00, 0x00, 0x00, 0x00, 0x92, 0xff, 0x8e, 0x00, 0x00,  //...........%@%.. 
  0x00, 0x00, 0x00, 0x00, 0x00, 0x00, 0x00, 0x00, 0x00, 0x00, 0x00, 0x92, 0xff, 0x8e, 0x00, 0x00,  //...........%@%.. 
  0x00, 0x00, 0x00, 0x00, 0x00, 0x00, 0x00, 0x00, 0x00, 0x00, 0x00, 0x08, 0x0e, 0x08, 0x00, 0x00,  //................ 


  /*Unicode: U+ad6c (구) , Width: 16 */
  0x00, 0x00, 0x00, 0x00, 0x00, 0x00, 0x00, 0x00, 0x00, 0x00, 0x00, 0x00, 0x00, 0x00, 0x00, 0x00,  //................ 
  0x00, 0x00, 0x16, 0x32, 0x32, 0x32, 0x32, 0x32, 0x32, 0x32, 0x32, 0x32, 0x32, 0x18, 0x00, 0x00,  //................ 
  0x00, 0x00, 0x76, 0xff, 0xff, 0xff, 0xff, 0xff, 0xff, 0xff, 0xff, 0xff, 0xff, 0x7a, 0x00, 0x00,  //..+@@@@@@@@@@+.. 
  0x00, 0x00, 0x52, 0xb2, 0xb2, 0xb2, 0xb2, 0xb2, 0xb2, 0xb2, 0xb2, 0xec, 0xff, 0x6e, 0x00, 0x00,  //..+%%%%%%%%@@+.. 
  0x00, 0x00, 0x00, 0x00, 0x00, 0x00, 0x00, 0x00, 0x00, 0x00, 0x00, 0xc6, 0xff, 0x62, 0x00, 0x00,  //...........@@+.. 
  0x00, 0x00, 0x00, 0x00, 0x00, 0x00, 0x00, 0x00, 0x00, 0x00, 0x00, 0xd6, 0xff, 0x54, 0x00, 0x00,  //...........@@+.. 
  0x00, 0x00, 0x00, 0x00, 0x00, 0x00, 0x00, 0x00, 0x00, 0x00, 0x00, 0xf0, 0xff, 0x3c, 0x00, 0x00,  //...........@@... 
  0x00, 0x00, 0x00, 0x00, 0x00, 0x00, 0x00, 0x00, 0x00, 0x00, 0x14, 0xff, 0xff, 0x20, 0x00, 0x00,  //...........@@... 
  0x0e, 0x12, 0x12, 0x12, 0x12, 0x12, 0x12, 0x12, 0x12, 0x12, 0x42, 0xff, 0xfc, 0x16, 0x12, 0x0c,  //..........+@@... 
  0xbe, 0xff, 0xff, 0xff, 0xff, 0xff, 0xff, 0xff, 0xff, 0xff, 0xff, 0xff, 0xff, 0xff, 0xff, 0xb2,  //%@@@@@@@@@@@@@@% 
  0x9a, 0xce, 0xce, 0xce, 0xce, 0xce, 0xce, 0xff, 0xff, 0xda, 0xce, 0xce, 0xce, 0xce, 0xce, 0x90,  //%@@@@@@@@@@@@@@% 
  0x00, 0x00, 0x00, 0x00, 0x00, 0x00, 0x02, 0xff, 0xff, 0x3e, 0x00, 0x00, 0x00, 0x00, 0x00, 0x00,  //.......@@....... 
  0x00, 0x00, 0x00, 0x00, 0x00, 0x00, 0x02, 0xff, 0xff, 0x3e, 0x00, 0x00, 0x00, 0x00, 0x00, 0x00,  //.......@@....... 
  0x00, 0x00, 0x00, 0x00, 0x00, 0x00, 0x02, 0xff, 0xff, 0x3e, 0x00, 0x00, 0x00, 0x00, 0x00, 0x00,  //.......@@....... 
  0x00, 0x00, 0x00, 0x00, 0x00, 0x00, 0x02, 0xff, 0xff, 0x3e, 0x00, 0x00, 0x00, 0x00, 0x00, 0x00,  //.......@@....... 
  0x00, 0x00, 0x00, 0x00, 0x00, 0x00, 0x02, 0xff, 0xff, 0x3e, 0x00, 0x00, 0x00, 0x00, 0x00, 0x00,  //.......@@....... 
  0x00, 0x00, 0x00, 0x00, 0x00, 0x00, 0x02, 0xff, 0xff, 0x3e, 0x00, 0x00, 0x00, 0x00, 0x00, 0x00,  //.......@@....... 
  0x00, 0x00, 0x00, 0x00, 0x00, 0x00, 0x00, 0xaa, 0xaa, 0x2a, 0x00, 0x00, 0x00, 0x00, 0x00, 0x00,  //.......%%....... 
  0x00, 0x00, 0x00, 0x00, 0x00, 0x00, 0x00, 0x00, 0x00, 0x00, 0x00, 0x00, 0x00, 0x00, 0x00, 0x00,  //................ 


  /*Unicode: U+addc (규) , Width: 16 */
  0x00, 0x00, 0x00, 0x00, 0x00, 0x00, 0x00, 0x00, 0x00, 0x00, 0x00, 0x00, 0x00, 0x00, 0x00, 0x00,  //................ 
  0x00, 0x00, 0x16, 0x32, 0x32, 0x32, 0x32, 0x32, 0x32, 0x32, 0x32, 0x32, 0x32, 0x18, 0x00, 0x00,  //................ 
  0x00, 0x00, 0x76, 0xff, 0xff, 0xff, 0xff, 0xff, 0xff, 0xff, 0xff, 0xff, 0xff, 0x7a, 0x00, 0x00,  //..+@@@@@@@@@@+.. 
  0x00, 0x00, 0x4a, 0xa2, 0xa2, 0xa2, 0xa2, 0xa2, 0xa2, 0xa2, 0xa2, 0xe2, 0xff, 0x6e, 0x00, 0x00,  //..+%%%%%%%%@@+.. 
  0x00, 0x00, 0x00, 0x00, 0x00, 0x00, 0x00, 0x00, 0x00, 0x00, 0x00, 0xb6, 0xff, 0x62, 0x00, 0x00,  //...........%@+.. 
  0x00, 0x00, 0x00, 0x00, 0x00, 0x00, 0x00, 0x00, 0x00, 0x00, 0x00, 0xc8, 0xff, 0x54, 0x00, 0x00,  //...........@@+.. 
  0x00, 0x00, 0x00, 0x00, 0x00, 0x00, 0x00, 0x00, 0x00, 0x00, 0x00, 0xe2, 0xff, 0x3c, 0x00, 0x00,  //...........@@... 
  0x00, 0x00, 0x00, 0x00, 0x00, 0x00, 0x00, 0x00, 0x00, 0x00, 0x08, 0xfc, 0xff, 0x20, 0x00, 0x00,  //...........@@... 
  0x16, 0x1e, 0x1e, 0x1e, 0x1e, 0x1e, 0x1e, 0x1e, 0x1e, 0x1e, 0x42, 0xff, 0xfc, 0x22, 0x1e, 0x14,  //..........+@@... 
  0xbe, 0xff, 0xff, 0xff, 0xff, 0xff, 0xff, 0xff, 0xff, 0xff, 0xff, 0xff, 0xff, 0xff, 0xff, 0xb2,  //%@@@@@@@@@@@@@@% 
  0x88, 0xb6, 0xb6, 0xb6, 0xe4, 0xff, 0xe0, 0xb6, 0xb6, 0xc6, 0xff, 0xfc, 0xb6, 0xb6, 0xb6, 0x80,  //%%%%@@@%%@@@%%%% 
  0x00, 0x00, 0x00, 0x00, 0x9e, 0xff, 0x96, 0x00, 0x00, 0x3a, 0xff, 0xfa, 0x00, 0x00, 0x00, 0x00,  //....%@%...@@.... 
  0x00, 0x00, 0x00, 0x00, 0x9e, 0xff, 0x96, 0x00, 0x00, 0x3a, 0xff, 0xfa, 0x00, 0x00, 0x00, 0x00,  //....%@%...@@.... 
  0x00, 0x00, 0x00, 0x00, 0x9e, 0xff, 0x96, 0x00, 0x00, 0x3a, 0xff, 0xfa, 0x00, 0x00, 0x00, 0x00,  //....%@%...@@.... 
  0x00, 0x00, 0x00, 0x00, 0x9e, 0xff, 0x96, 0x00, 0x00, 0x3a, 0xff, 0xfa, 0x00, 0x00, 0x00, 0x00,  //....%@%...@@.... 
  0x00, 0x00, 0x00, 0x00, 0x9e, 0xff, 0x96, 0x00, 0x00, 0x3a, 0xff, 0xfa, 0x00, 0x00, 0x00, 0x00,  //....%@%...@@.... 
  0x00, 0x00, 0x00, 0x00, 0x9e, 0xff, 0x96, 0x00, 0x00, 0x3a, 0xff, 0xfa, 0x00, 0x00, 0x00, 0x00,  //....%@%...@@.... 
  0x00, 0x00, 0x00, 0x00, 0x6a, 0xaa, 0x64, 0x00, 0x00, 0x26, 0xaa, 0xa8, 0x00, 0x00, 0x00, 0x00,  //....+%+...%%.... 
  0x00, 0x00, 0x00, 0x00, 0x00, 0x00, 0x00, 0x00, 0x00, 0x00, 0x00, 0x00, 0x00, 0x00, 0x00, 0x00,  //................ 


  /*Unicode: U+ade0 (균) , Width: 16 */
  0x00, 0x00, 0x00, 0x00, 0x00, 0x00, 0x00, 0x00, 0x00, 0x00, 0x00, 0x00, 0x00, 0x00, 0x00, 0x00,  //................ 
  0x00, 0x00, 0x28, 0x3e, 0x3e, 0x3e, 0x3e, 0x3e, 0x3e, 0x3e, 0x3e, 0x3e, 0x3e, 0x16, 0x00, 0x00,  //................ 
  0x00, 0x00, 0xa2, 0xff, 0xff, 0xff, 0xff, 0xff, 0xff, 0xff, 0xff, 0xff, 0xff, 0x58, 0x00, 0x00,  //..%@@@@@@@@@@+.. 
  0x00, 0x00, 0x68, 0xa2, 0xa2, 0xa2, 0xa2, 0xa2, 0xa2, 0xa2, 0xa2, 0xf6, 0xff, 0x50, 0x00, 0x00,  //..+%%%%%%%%@@+.. 
  0x00, 0x00, 0x00, 0x00, 0x00, 0x00, 0x00, 0x00, 0x00, 0x00, 0x00, 0xf0, 0xff, 0x40, 0x00, 0x00,  //...........@@+.. 
  0x00, 0x00, 0x00, 0x00, 0x00, 0x00, 0x00, 0x00, 0x00, 0x00, 0x00, 0xfc, 0xff, 0x30, 0x00, 0x00,  //...........@@... 
  0x00, 0x00, 0x00, 0x00, 0x00, 0x00, 0x00, 0x00, 0x00, 0x00, 0x18, 0xff, 0xff, 0x1a, 0x00, 0x00,  //...........@@... 
  0x00, 0x00, 0x00, 0x00, 0x00, 0x00, 0x00, 0x00, 0x00, 0x00, 0x36, 0xff, 0xfc, 0x04, 0x00, 0x00,  //...........@@... 
  0xda, 0xf6, 0xf6, 0xf6, 0xf6, 0xf6, 0xf6, 0xf6, 0xf6, 0xf6, 0xf8, 0xff, 0xff, 0xf6, 0xf6, 0xda,  //@@@@@@@@@@@@@@@@ 
  0xca, 0xe2, 0xe2, 0xe2, 0xe2, 0xf2, 0xff, 0xf2, 0xde, 0xec, 0xff, 0xf8, 0xe2, 0xe2, 0xe2, 0xca,  //@@@@@@@@@@@@@@@@ 
  0x00, 0x00, 0x00, 0x00, 0x00, 0x8e, 0xff, 0x9a, 0x00, 0x66, 0xff, 0xc2, 0x00, 0x00, 0x00, 0x00,  //.....%@%.+@@.... 
  0x00, 0x00, 0x00, 0x00, 0x00, 0x8e, 0xff, 0x9a, 0x00, 0x66, 0xff, 0xc2, 0x00, 0x00, 0x00, 0x00,  //.....%@%.+@@.... 
  0x00, 0x00, 0x6a, 0xae, 0x62, 0x8e, 0xff, 0x9a, 0x00, 0x66, 0xff, 0xc2, 0x00, 0x00, 0x00, 0x00,  //..+%+%@%.+@@.... 
  0x00, 0x00, 0x9a, 0xff, 0x8e, 0x8c, 0xfa, 0x98, 0x00, 0x64, 0xfa, 0xbe, 0x00, 0x00, 0x00, 0x00,  //..%@%%@%.+@%.... 
  0x00, 0x00, 0x9a, 0xff, 0x8e, 0x00, 0x00, 0x00, 0x00, 0x00, 0x00, 0x00, 0x00, 0x00, 0x00, 0x00,  //..%@%........... 
  0x00, 0x00, 0x9a, 0xff, 0xa4, 0x2e, 0x2e, 0x2e, 0x2e, 0x2e, 0x2e, 0x2e, 0x2e, 0x2e, 0x02, 0x00,  //..%@%........... 
  0x00, 0x00, 0x9a, 0xff, 0xff, 0xff, 0xff, 0xff, 0xff, 0xff, 0xff, 0xff, 0xff, 0xff, 0x16, 0x00,  //..%@@@@@@@@@@@.. 
  0x00, 0x00, 0x6c, 0xb2, 0xb2, 0xb2, 0xb2, 0xb2, 0xb2, 0xb2, 0xb2, 0xb2, 0xb2, 0xb2, 0x0e, 0x00,  //..+%%%%%%%%%%%.. 
  0x00, 0x00, 0x00, 0x00, 0x00, 0x00, 0x00, 0x00, 0x00, 0x00, 0x00, 0x00, 0x00, 0x00, 0x00, 0x00,  //................ 


  /*Unicode: U+ae08 (금) , Width: 16 */
  0x00, 0x00, 0x00, 0x00, 0x00, 0x00, 0x00, 0x00, 0x00, 0x00, 0x00, 0x00, 0x00, 0x00, 0x00, 0x00,  //................ 
  0x00, 0x00, 0x22, 0x36, 0x36, 0x36, 0x36, 0x36, 0x36, 0x36, 0x36, 0x36, 0x36, 0x12, 0x00, 0x00,  //................ 
  0x00, 0x00, 0xa2, 0xff, 0xff, 0xff, 0xff, 0xff, 0xff, 0xff, 0xff, 0xff, 0xff, 0x54, 0x00, 0x00,  //..%@@@@@@@@@@+.. 
  0x00, 0x00, 0x6c, 0xaa, 0xaa, 0xaa, 0xaa, 0xaa, 0xaa, 0xaa, 0xaa, 0xf8, 0xff, 0x48, 0x00, 0x00,  //..+%%%%%%%%@@+.. 
  0x00, 0x00, 0x00, 0x00, 0x00, 0x00, 0x00, 0x00, 0x00, 0x00, 0x00, 0xf6, 0xff, 0x3c, 0x00, 0x00,  //...........@@... 
  0x00, 0x00, 0x00, 0x00, 0x00, 0x00, 0x00, 0x00, 0x00, 0x00, 0x08, 0xff, 0xff, 0x2c, 0x00, 0x00,  //...........@@... 
  0x00, 0x00, 0x00, 0x00, 0x00, 0x00, 0x00, 0x00, 0x00, 0x00, 0x26, 0xff, 0xff, 0x14, 0x00, 0x00,  //...........@@... 
  0x3e, 0x46, 0x46, 0x46, 0x46, 0x46, 0x46, 0x46, 0x46, 0x46, 0x78, 0xff, 0xfc, 0x48, 0x46, 0x3e,  //.++++++++++@@++. 
  0xe2, 0xff, 0xff, 0xff, 0xff, 0xff, 0xff, 0xff, 0xff, 0xff, 0xff, 0xff, 0xff, 0xff, 0xff, 0xe2,  //@@@@@@@@@@@@@@@@ 
  0x86, 0x96, 0x96, 0x96, 0x96, 0x96, 0x96, 0x96, 0x96, 0x96, 0x96, 0x96, 0x96, 0x96, 0x96, 0x86,  //%%%%%%%%%%%%%%%% 
  0x00, 0x00, 0x00, 0x00, 0x00, 0x00, 0x00, 0x00, 0x00, 0x00, 0x00, 0x00, 0x00, 0x00, 0x00, 0x00,  //................ 
  0x00, 0x00, 0x54, 0xba, 0xba, 0xba, 0xba, 0xba, 0xba, 0xba, 0xba, 0xba, 0xba, 0x50, 0x00, 0x00,  //..+%%%%%%%%%%+.. 
  0x00, 0x00, 0x72, 0xff, 0xff, 0xff, 0xff, 0xff, 0xff, 0xff, 0xff, 0xff, 0xff, 0x6e, 0x00, 0x00,  //..+@@@@@@@@@@+.. 
  0x00, 0x00, 0x72, 0xff, 0xc4, 0x22, 0x22, 0x22, 0x22, 0x22, 0x22, 0xce, 0xff, 0x6e, 0x00, 0x00,  //..+@@......@@+.. 
  0x00, 0x00, 0x72, 0xff, 0xba, 0x00, 0x00, 0x00, 0x00, 0x00, 0x00, 0xc6, 0xff, 0x6e, 0x00, 0x00,  //..+@%......@@+.. 
  0x00, 0x00, 0x72, 0xff, 0xc8, 0x36, 0x36, 0x36, 0x36, 0x36, 0x36, 0xd2, 0xff, 0x6e, 0x00, 0x00,  //..+@@......@@+.. 
  0x00, 0x00, 0x72, 0xff, 0xff, 0xff, 0xff, 0xff, 0xff, 0xff, 0xff, 0xff, 0xff, 0x6e, 0x00, 0x00,  //..+@@@@@@@@@@+.. 
  0x00, 0x00, 0x4c, 0xaa, 0xaa, 0xaa, 0xaa, 0xaa, 0xaa, 0xaa, 0xaa, 0xaa, 0xaa, 0x4a, 0x00, 0x00,  //..+%%%%%%%%%%+.. 
  0x00, 0x00, 0x00, 0x00, 0x00, 0x00, 0x00, 0x00, 0x00, 0x00, 0x00, 0x00, 0x00, 0x00, 0x00, 0x00,  //................ 


  /*Unicode: U+ae09 (급) , Width: 16 */
  0x00, 0x00, 0x00, 0x00, 0x00, 0x00, 0x00, 0x00, 0x00, 0x00, 0x00, 0x00, 0x00, 0x00, 0x00, 0x00,  //................ 
  0x00, 0x00, 0x22, 0x36, 0x36, 0x36, 0x36, 0x36, 0x36, 0x36, 0x36, 0x36, 0x36, 0x12, 0x00, 0x00,  //................ 
  0x00, 0x00, 0xa2, 0xff, 0xff, 0xff, 0xff, 0xff, 0xff, 0xff, 0xff, 0xff, 0xff, 0x56, 0x00, 0x00,  //..%@@@@@@@@@@+.. 
  0x00, 0x00, 0x6c, 0xaa, 0xaa, 0xaa, 0xaa, 0xaa, 0xaa, 0xaa, 0xaa, 0xf8, 0xff, 0x4a, 0x00, 0x00,  //..+%%%%%%%%@@+.. 
  0x00, 0x00, 0x00, 0x00, 0x00, 0x00, 0x00, 0x00, 0x00, 0x00, 0x00, 0xf8, 0xff, 0x3e, 0x00, 0x00,  //...........@@... 
  0x00, 0x00, 0x00, 0x00, 0x00, 0x00, 0x00, 0x00, 0x00, 0x00, 0x0c, 0xff, 0xff, 0x28, 0x00, 0x00,  //...........@@... 
  0x00, 0x00, 0x00, 0x00, 0x00, 0x00, 0x00, 0x00, 0x00, 0x00, 0x2c, 0xff, 0xff, 0x10, 0x00, 0x00,  //...........@@... 
  0x8c, 0x9e, 0x9e, 0x9e, 0x9e, 0x9e, 0x9e, 0x9e, 0x9e, 0x9e, 0xb6, 0xff, 0xff, 0x9e, 0x9e, 0x8c,  //%%%%%%%%%%%@@%%% 
  0xe2, 0xff, 0xff, 0xff, 0xff, 0xff, 0xff, 0xff, 0xff, 0xff, 0xff, 0xff, 0xff, 0xff, 0xff, 0xe2,  //@@@@@@@@@@@@@@@@ 
  0x38, 0x3e, 0x3e, 0x3e, 0x3e, 0x3e, 0x3e, 0x3e, 0x3e, 0x3e, 0x3e, 0x3e, 0x3e, 0x3e, 0x3e, 0x38,  //................ 
  0x00, 0x00, 0x42, 0x92, 0x6a, 0x00, 0x00, 0x00, 0x00, 0x00, 0x00, 0x72, 0x92, 0x3e, 0x00, 0x00,  //..+%+......+%... 
  0x00, 0x00, 0x72, 0xff, 0xba, 0x00, 0x00, 0x00, 0x00, 0x00, 0x00, 0xc6, 0xff, 0x6e, 0x00, 0x00,  //..+@%......@@+.. 
  0x00, 0x00, 0x72, 0xff, 0xf0, 0xc6, 0xc6, 0xc6, 0xc6, 0xc6, 0xc6, 0xf2, 0xff, 0x6e, 0x00, 0x00,  //..+@@@@@@@@@@+.. 
  0x00, 0x00, 0x72, 0xff, 0xff, 0xff, 0xff, 0xff, 0xff, 0xff, 0xff, 0xff, 0xff, 0x6e, 0x00, 0x00,  //..+@@@@@@@@@@+.. 
  0x00, 0x00, 0x72, 0xff, 0xba, 0x0a, 0x0a, 0x0a, 0x0a, 0x0a, 0x0a, 0xc2, 0xff, 0x6e, 0x00, 0x00,  //..+@%......@@+.. 
  0x00, 0x00, 0x72, 0xff, 0xc4, 0x2e, 0x2e, 0x2e, 0x2e, 0x2e, 0x2e, 0xca, 0xff, 0x6e, 0x00, 0x00,  //..+@@......@@+.. 
  0x00, 0x00, 0x72, 0xff, 0xff, 0xff, 0xff, 0xff, 0xff, 0xff, 0xff, 0xff, 0xff, 0x6e, 0x00, 0x00,  //..+@@@@@@@@@@+.. 
  0x00, 0x00, 0x4c, 0xaa, 0xaa, 0xaa, 0xaa, 0xaa, 0xaa, 0xaa, 0xaa, 0xaa, 0xaa, 0x4a, 0x00, 0x00,  //..+%%%%%%%%%%+.. 
  0x00, 0x00, 0x00, 0x00, 0x00, 0x00, 0x00, 0x00, 0x00, 0x00, 0x00, 0x00, 0x00, 0x00, 0x00, 0x00,  //................ 


  /*Unicode: U+ae30 (기) , Width: 15 */
  0x00, 0x00, 0x00, 0x00, 0x00, 0x00, 0x00, 0x00, 0x00, 0x00, 0x00, 0x00, 0x00, 0x00, 0x00,  //............... 
  0x00, 0x00, 0x00, 0x00, 0x00, 0x00, 0x00, 0x00, 0x00, 0x00, 0x00, 0x0a, 0x9e, 0x9e, 0x18,  //............%%. 
  0x00, 0x2c, 0x36, 0x36, 0x36, 0x36, 0x36, 0x38, 0x3a, 0x1c, 0x00, 0x12, 0xff, 0xff, 0x26,  //............@@. 
  0x00, 0xce, 0xff, 0xff, 0xff, 0xff, 0xff, 0xff, 0xff, 0x68, 0x00, 0x12, 0xff, 0xff, 0x26,  //.@@@@@@@@+..@@. 
  0x00, 0x8e, 0xae, 0xae, 0xaa, 0xa8, 0xa4, 0xf8, 0xff, 0x4a, 0x00, 0x12, 0xff, 0xff, 0x26,  //.%%%%%%@@+..@@. 
  0x00, 0x00, 0x00, 0x00, 0x00, 0x00, 0x10, 0xff, 0xff, 0x18, 0x00, 0x12, 0xff, 0xff, 0x26,  //.......@@...@@. 
  0x00, 0x00, 0x00, 0x00, 0x00, 0x00, 0x56, 0xff, 0xda, 0x00, 0x00, 0x12, 0xff, 0xff, 0x26,  //......+@@...@@. 
  0x00, 0x00, 0x00, 0x00, 0x00, 0x00, 0xbc, 0xff, 0x82, 0x00, 0x00, 0x12, 0xff, 0xff, 0x26,  //......%@%...@@. 
  0x00, 0x00, 0x00, 0x00, 0x00, 0x46, 0xff, 0xf6, 0x1c, 0x00, 0x00, 0x12, 0xff, 0xff, 0x26,  //.....+@@....@@. 
  0x00, 0x00, 0x00, 0x00, 0x16, 0xe2, 0xff, 0x8a, 0x00, 0x00, 0x00, 0x12, 0xff, 0xff, 0x26,  //.....@@%....@@. 
  0x00, 0x00, 0x00, 0x14, 0xce, 0xff, 0xd2, 0x06, 0x00, 0x00, 0x00, 0x12, 0xff, 0xff, 0x26,  //....@@@.....@@. 
  0x00, 0x00, 0x32, 0xda, 0xff, 0xe2, 0x20, 0x00, 0x00, 0x00, 0x00, 0x12, 0xff, 0xff, 0x26,  //...@@@......@@. 
  0x10, 0x8a, 0xf8, 0xff, 0xd6, 0x22, 0x00, 0x00, 0x00, 0x00, 0x00, 0x12, 0xff, 0xff, 0x26,  //.%@@@.......@@. 
  0x4c, 0xfa, 0xff, 0xa2, 0x0c, 0x00, 0x00, 0x00, 0x00, 0x00, 0x00, 0x12, 0xff, 0xff, 0x26,  //+@@%........@@. 
  0x00, 0x52, 0x40, 0x00, 0x00, 0x00, 0x00, 0x00, 0x00, 0x00, 0x00, 0x12, 0xff, 0xff, 0x26,  //.++.........@@. 
  0x00, 0x00, 0x00, 0x00, 0x00, 0x00, 0x00, 0x00, 0x00, 0x00, 0x00, 0x12, 0xff, 0xff, 0x26,  //............@@. 
  0x00, 0x00, 0x00, 0x00, 0x00, 0x00, 0x00, 0x00, 0x00, 0x00, 0x00, 0x12, 0xff, 0xff, 0x26,  //............@@. 
  0x00, 0x00, 0x00, 0x00, 0x00, 0x00, 0x00, 0x00, 0x00, 0x00, 0x00, 0x12, 0xff, 0xff, 0x26,  //............@@. 
  0x00, 0x00, 0x00, 0x00, 0x00, 0x00, 0x00, 0x00, 0x00, 0x00, 0x00, 0x00, 0x0e, 0x0e, 0x00,  //............... 


  /*Unicode: U+ae40 (김) , Width: 15 */
  0x00, 0x00, 0x00, 0x00, 0x00, 0x00, 0x00, 0x00, 0x00, 0x00, 0x00, 0x00, 0x00, 0x00, 0x00,  //............... 
  0x00, 0x00, 0x00, 0x00, 0x00, 0x00, 0x00, 0x00, 0x00, 0x00, 0x00, 0x08, 0x7a, 0x7a, 0x12,  //............++. 
  0x00, 0x6c, 0xc6, 0xc6, 0xc6, 0xc6, 0xc6, 0xc8, 0xcc, 0x90, 0x00, 0x12, 0xff, 0xff, 0x26,  //.+@@@@@@@%..@@. 
  0x00, 0x8a, 0xff, 0xff, 0xff, 0xff, 0xff, 0xff, 0xff, 0x88, 0x00, 0x12, 0xff, 0xff, 0x26,  //.%@@@@@@@%..@@. 
  0x00, 0x02, 0x06, 0x06, 0x06, 0x06, 0x10, 0xf6, 0xff, 0x3a, 0x00, 0x12, 0xff, 0xff, 0x26,  //.......@@...@@. 
  0x00, 0x00, 0x00, 0x00, 0x00, 0x00, 0x74, 0xff, 0xc8, 0x00, 0x00, 0x12, 0xff, 0xff, 0x26,  //......+@@...@@. 
  0x00, 0x00, 0x00, 0x00, 0x00, 0x46, 0xf8, 0xf8, 0x36, 0x00, 0x00, 0x12, 0xff, 0xff, 0x26,  //.....+@@....@@. 
  0x00, 0x00, 0x00, 0x06, 0x7c, 0xf8, 0xfc, 0x64, 0x00, 0x00, 0x00, 0x12, 0xff, 0xff, 0x26,  //....+@@+....@@. 
  0x00, 0x12, 0x70, 0xe0, 0xff, 0xf6, 0x5e, 0x00, 0x00, 0x00, 0x00, 0x12, 0xff, 0xff, 0x26,  //..+@@@+.....@@. 
  0x4a, 0xfa, 0xff, 0xff, 0xbe, 0x28, 0x00, 0x00, 0x00, 0x00, 0x00, 0x12, 0xff, 0xff, 0x26,  //+@@@%.......@@. 
  0x00, 0xa4, 0xa0, 0x3e, 0x00, 0x00, 0x00, 0x00, 0x00, 0x00, 0x00, 0x0c, 0xae, 0xae, 0x1a,  //.%%.........%%. 
  0x00, 0x00, 0x00, 0x40, 0x9a, 0x9a, 0x9a, 0x9a, 0x9a, 0x9a, 0x9a, 0x9a, 0x9a, 0x9a, 0x16,  //...+%%%%%%%%%%. 
  0x00, 0x00, 0x00, 0x6a, 0xff, 0xff, 0xff, 0xff, 0xff, 0xff, 0xff, 0xff, 0xff, 0xff, 0x26,  //...+@@@@@@@@@@. 
  0x00, 0x00, 0x00, 0x6a, 0xff, 0xd2, 0x3e, 0x3e, 0x3e, 0x3e, 0x3e, 0x4e, 0xff, 0xff, 0x26,  //...+@@.....+@@. 
  0x00, 0x00, 0x00, 0x6a, 0xff, 0xc2, 0x00, 0x00, 0x00, 0x00, 0x00, 0x12, 0xff, 0xff, 0x26,  //...+@@......@@. 
  0x00, 0x00, 0x00, 0x6a, 0xff, 0xc2, 0x00, 0x00, 0x00, 0x00, 0x00, 0x12, 0xff, 0xff, 0x26,  //...+@@......@@. 
  0x00, 0x00, 0x00, 0x6a, 0xff, 0xf8, 0xe6, 0xe6, 0xe6, 0xe6, 0xe6, 0xe8, 0xff, 0xff, 0x26,  //...+@@@@@@@@@@. 
  0x00, 0x00, 0x00, 0x64, 0xee, 0xee, 0xee, 0xee, 0xee, 0xee, 0xee, 0xee, 0xee, 0xee, 0x24,  //...+@@@@@@@@@@. 
  0x00, 0x00, 0x00, 0x00, 0x00, 0x00, 0x00, 0x00, 0x00, 0x00, 0x00, 0x00, 0x00, 0x00, 0x00,  //............... 


  /*Unicode: U+ae4c (까) , Width: 17 */
  0x00, 0x00, 0x00, 0x00, 0x00, 0x00, 0x00, 0x00, 0x00, 0x00, 0x00, 0x00, 0x00, 0x00, 0x00, 0x00, 0x00,  //................. 
  0x00, 0x00, 0x00, 0x00, 0x00, 0x00, 0x00, 0x00, 0x00, 0x00, 0x00, 0x5a, 0x9e, 0x5a, 0x00, 0x00, 0x00,  //...........+%+... 
  0x06, 0x36, 0x36, 0x36, 0x3c, 0x28, 0x36, 0x36, 0x38, 0x3e, 0x06, 0x92, 0xff, 0x92, 0x00, 0x00, 0x00,  //...........%@%... 
  0x1e, 0xff, 0xff, 0xff, 0xff, 0xa6, 0xff, 0xff, 0xff, 0xff, 0x1e, 0x92, 0xff, 0x92, 0x00, 0x00, 0x00,  //.@@@@%@@@@.%@%... 
  0x12, 0xa2, 0xa2, 0xdc, 0xff, 0x88, 0xa2, 0xa8, 0xff, 0xff, 0x10, 0x92, 0xff, 0x92, 0x00, 0x00, 0x00,  //.%%@@%%%@@.%@%... 
  0x00, 0x00, 0x00, 0xb2, 0xff, 0x5c, 0x00, 0x24, 0xff, 0xfa, 0x00, 0x92, 0xff, 0x92, 0x00, 0x00, 0x00,  //...%@+..@@.%@%... 
  0x00, 0x00, 0x00, 0xcc, 0xff, 0x40, 0x00, 0x38, 0xff, 0xe8, 0x00, 0x92, 0xff, 0x92, 0x00, 0x00, 0x00,  //...@@+..@@.%@%... 
  0x00, 0x00, 0x12, 0xfa, 0xf6, 0x08, 0x00, 0x62, 0xff, 0xb8, 0x00, 0x92, 0xff, 0x9a, 0x12, 0x12, 0x00,  //...@@..+@%.%@%... 
  0x00, 0x00, 0x60, 0xff, 0xbe, 0x00, 0x00, 0xa6, 0xff, 0x78, 0x00, 0x92, 0xff, 0xff, 0xff, 0xff, 0x0a,  //..+@%..%@+.%@@@@. 
  0x00, 0x02, 0xd4, 0xff, 0x5e, 0x00, 0x08, 0xea, 0xff, 0x38, 0x00, 0x92, 0xff, 0xec, 0xd2, 0xd2, 0x08,  //..@@+..@@..%@@@@. 
  0x00, 0x82, 0xff, 0xd6, 0x04, 0x00, 0x6e, 0xff, 0xdc, 0x00, 0x00, 0x92, 0xff, 0x92, 0x00, 0x00, 0x00,  //.%@@..+@@..%@%... 
  0x5c, 0xfc, 0xfa, 0x3a, 0x00, 0x08, 0xe4, 0xff, 0x6e, 0x00, 0x00, 0x92, 0xff, 0x92, 0x00, 0x00, 0x00,  //+@@...@@+..%@%... 
  0x9a, 0xfc, 0x68, 0x00, 0x00, 0x8c, 0xff, 0xe0, 0x08, 0x00, 0x00, 0x92, 0xff, 0x92, 0x00, 0x00, 0x00,  //%@+..%@@...%@%... 
  0x00, 0x1e, 0x00, 0x00, 0x46, 0xfc, 0xff, 0x4a, 0x00, 0x00, 0x00, 0x92, 0xff, 0x92, 0x00, 0x00, 0x00,  //....+@@+...%@%... 
  0x00, 0x00, 0x00, 0x00, 0x1a, 0x98, 0x8c, 0x00, 0x00, 0x00, 0x00, 0x92, 0xff, 0x92, 0x00, 0x00, 0x00,  //.....%%....%@%... 
  0x00, 0x00, 0x00, 0x00, 0x00, 0x00, 0x00, 0x00, 0x00, 0x00, 0x00, 0x92, 0xff, 0x92, 0x00, 0x00, 0x00,  //...........%@%... 
  0x00, 0x00, 0x00, 0x00, 0x00, 0x00, 0x00, 0x00, 0x00, 0x00, 0x00, 0x92, 0xff, 0x92, 0x00, 0x00, 0x00,  //...........%@%... 
  0x00, 0x00, 0x00, 0x00, 0x00, 0x00, 0x00, 0x00, 0x00, 0x00, 0x00, 0x92, 0xff, 0x92, 0x00, 0x00, 0x00,  //...........%@%... 
  0x00, 0x00, 0x00, 0x00, 0x00, 0x00, 0x00, 0x00, 0x00, 0x00, 0x00, 0x08, 0x0e, 0x08, 0x00, 0x00, 0x00,  //................. 


  /*Unicode: U+b098 (나) , Width: 16 */
  0x00, 0x00, 0x00, 0x00, 0x00, 0x00, 0x00, 0x00, 0x00, 0x00, 0x00, 0x00, 0x00, 0x00, 0x00, 0x00,  //................ 
  0x00, 0x00, 0x00, 0x00, 0x00, 0x00, 0x00, 0x00, 0x00, 0x00, 0x7e, 0x9e, 0x44, 0x00, 0x00, 0x00,  //..........+%+... 
  0x60, 0x72, 0x30, 0x00, 0x00, 0x00, 0x00, 0x00, 0x00, 0x00, 0xca, 0xff, 0x6e, 0x00, 0x00, 0x00,  //++........@@+... 
  0xd6, 0xff, 0x6e, 0x00, 0x00, 0x00, 0x00, 0x00, 0x00, 0x00, 0xca, 0xff, 0x6e, 0x00, 0x00, 0x00,  //@@+.......@@+... 
  0xd6, 0xff, 0x6e, 0x00, 0x00, 0x00, 0x00, 0x00, 0x00, 0x00, 0xca, 0xff, 0x6e, 0x00, 0x00, 0x00,  //@@+.......@@+... 
  0xd6, 0xff, 0x6e, 0x00, 0x00, 0x00, 0x00, 0x00, 0x00, 0x00, 0xca, 0xff, 0x6e, 0x00, 0x00, 0x00,  //@@+.......@@+... 
  0xd6, 0xff, 0x6e, 0x00, 0x00, 0x00, 0x00, 0x00, 0x00, 0x00, 0xca, 0xff, 0x6e, 0x00, 0x00, 0x00,  //@@+.......@@+... 
  0xd6, 0xff, 0x6e, 0x00, 0x00, 0x00, 0x00, 0x00, 0x00, 0x00, 0xca, 0xff, 0xc6, 0x9a, 0x9a, 0x06,  //@@+.......@@@%%. 
  0xd6, 0xff, 0x6e, 0x00, 0x00, 0x00, 0x00, 0x00, 0x00, 0x00, 0xca, 0xff, 0xff, 0xff, 0xff, 0x0a,  //@@+.......@@@@@. 
  0xd6, 0xff, 0x6e, 0x00, 0x00, 0x00, 0x00, 0x00, 0x00, 0x00, 0xca, 0xff, 0x96, 0x46, 0x46, 0x02,  //@@+.......@@%++. 
  0xd6, 0xff, 0x6e, 0x00, 0x00, 0x00, 0x00, 0x00, 0x00, 0x02, 0xca, 0xff, 0x6e, 0x00, 0x00, 0x00,  //@@+.......@@+... 
  0xd6, 0xff, 0xa0, 0x56, 0x62, 0x72, 0x84, 0xac, 0xde, 0x8a, 0xca, 0xff, 0x6e, 0x00, 0x00, 0x00,  //@@%+++%%@%@@+... 
  0xd6, 0xff, 0xff, 0xff, 0xff, 0xff, 0xff, 0xff, 0xff, 0x7c, 0xca, 0xff, 0x6e, 0x00, 0x00, 0x00,  //@@@@@@@@@+@@+... 
  0x7a, 0x92, 0x92, 0x8e, 0x80, 0x72, 0x62, 0x40, 0x12, 0x00, 0xca, 0xff, 0x6e, 0x00, 0x00, 0x00,  //+%%%%+++..@@+... 
  0x00, 0x00, 0x00, 0x00, 0x00, 0x00, 0x00, 0x00, 0x00, 0x00, 0xca, 0xff, 0x6e, 0x00, 0x00, 0x00,  //..........@@+... 
  0x00, 0x00, 0x00, 0x00, 0x00, 0x00, 0x00, 0x00, 0x00, 0x00, 0xca, 0xff, 0x6e, 0x00, 0x00, 0x00,  //..........@@+... 
  0x00, 0x00, 0x00, 0x00, 0x00, 0x00, 0x00, 0x00, 0x00, 0x00, 0xca, 0xff, 0x6e, 0x00, 0x00, 0x00,  //..........@@+... 
  0x00, 0x00, 0x00, 0x00, 0x00, 0x00, 0x00, 0x00, 0x00, 0x00, 0xca, 0xff, 0x6e, 0x00, 0x00, 0x00,  //..........@@+... 
  0x00, 0x00, 0x00, 0x00, 0x00, 0x00, 0x00, 0x00, 0x00, 0x00, 0x0a, 0x0e, 0x06, 0x00, 0x00, 0x00,  //................ 


  /*Unicode: U+b0b4 (내) , Width: 15 */
  0x00, 0x00, 0x00, 0x00, 0x00, 0x00, 0x00, 0x00, 0x00, 0x00, 0x00, 0x00, 0x00, 0x00, 0x00,  //............... 
  0x00, 0x00, 0x00, 0x00, 0x00, 0x00, 0x00, 0x00, 0x44, 0x6e, 0x3e, 0x00, 0x80, 0x9e, 0x3c,  //........++..%%. 
  0x00, 0x6a, 0x6a, 0x18, 0x00, 0x00, 0x00, 0x00, 0x9e, 0xff, 0x92, 0x00, 0xce, 0xff, 0x62,  //.++.....%@%.@@+ 
  0x02, 0xff, 0xff, 0x3a, 0x00, 0x00, 0x00, 0x00, 0x9e, 0xff, 0x92, 0x00, 0xce, 0xff, 0x62,  //.@@.....%@%.@@+ 
  0x02, 0xff, 0xff, 0x3a, 0x00, 0x00, 0x00, 0x00, 0x9e, 0xff, 0x92, 0x00, 0xce, 0xff, 0x62,  //.@@.....%@%.@@+ 
  0x02, 0xff, 0xff, 0x3a, 0x00, 0x00, 0x00, 0x00, 0x9e, 0xff, 0x92, 0x00, 0xce, 0xff, 0x62,  //.@@.....%@%.@@+ 
  0x02, 0xff, 0xff, 0x3a, 0x00, 0x00, 0x00, 0x00, 0x9e, 0xff, 0x92, 0x00, 0xce, 0xff, 0x62,  //.@@.....%@%.@@+ 
  0x02, 0xff, 0xff, 0x3a, 0x00, 0x00, 0x00, 0x00, 0x9e, 0xff, 0xd6, 0x9e, 0xec, 0xff, 0x62,  //.@@.....%@@%@@+ 
  0x02, 0xff, 0xff, 0x3a, 0x00, 0x00, 0x00, 0x00, 0x9e, 0xff, 0xff, 0xff, 0xff, 0xff, 0x62,  //.@@.....%@@@@@+ 
  0x02, 0xff, 0xff, 0x3a, 0x00, 0x00, 0x00, 0x00, 0x9e, 0xff, 0xae, 0x3e, 0xda, 0xff, 0x62,  //.@@.....%@%.@@+ 
  0x02, 0xff, 0xff, 0x3a, 0x00, 0x00, 0x00, 0x06, 0x9e, 0xff, 0x92, 0x00, 0xce, 0xff, 0x62,  //.@@.....%@%.@@+ 
  0x02, 0xff, 0xff, 0x98, 0x8a, 0xa0, 0xd2, 0xcc, 0x9e, 0xff, 0x92, 0x00, 0xce, 0xff, 0x62,  //.@@%%%@@%@%.@@+ 
  0x02, 0xff, 0xff, 0xff, 0xff, 0xff, 0xff, 0xb6, 0x9e, 0xff, 0x92, 0x00, 0xce, 0xff, 0x62,  //.@@@@@@%%@%.@@+ 
  0x00, 0x72, 0x72, 0x66, 0x58, 0x42, 0x10, 0x00, 0x9e, 0xff, 0x92, 0x00, 0xce, 0xff, 0x62,  //.+++++..%@%.@@+ 
  0x00, 0x00, 0x00, 0x00, 0x00, 0x00, 0x00, 0x00, 0x9e, 0xff, 0x92, 0x00, 0xce, 0xff, 0x62,  //........%@%.@@+ 
  0x00, 0x00, 0x00, 0x00, 0x00, 0x00, 0x00, 0x00, 0x9e, 0xff, 0x92, 0x00, 0xce, 0xff, 0x62,  //........%@%.@@+ 
  0x00, 0x00, 0x00, 0x00, 0x00, 0x00, 0x00, 0x00, 0x9e, 0xff, 0x92, 0x00, 0xce, 0xff, 0x62,  //........%@%.@@+ 
  0x00, 0x00, 0x00, 0x00, 0x00, 0x00, 0x00, 0x00, 0x68, 0xa6, 0x60, 0x00, 0xce, 0xff, 0x62,  //........+%+.@@+ 
  0x00, 0x00, 0x00, 0x00, 0x00, 0x00, 0x00, 0x00, 0x00, 0x00, 0x00, 0x00, 0x0c, 0x0e, 0x04,  //............... 


  /*Unicode: U+b118 (넘) , Width: 14 */
  0x00, 0x00, 0x00, 0x00, 0x00, 0x00, 0x00, 0x00, 0x00, 0x00, 0x00, 0x00, 0x00, 0x00,  //.............. 
  0x00, 0x00, 0x00, 0x00, 0x00, 0x00, 0x00, 0x00, 0x00, 0x00, 0x08, 0x7a, 0x7a, 0x12,  //...........++. 
  0xac, 0xf6, 0x92, 0x00, 0x00, 0x00, 0x00, 0x00, 0x00, 0x00, 0x12, 0xff, 0xff, 0x26,  //%@%........@@. 
  0xb2, 0xff, 0x96, 0x00, 0x00, 0x00, 0x00, 0x00, 0x00, 0x00, 0x12, 0xff, 0xff, 0x26,  //%@%........@@. 
  0xb2, 0xff, 0x96, 0x00, 0x00, 0x00, 0xb4, 0xd6, 0xd6, 0xd6, 0xda, 0xff, 0xff, 0x26,  //%@%...%@@@@@@. 
  0xb2, 0xff, 0x96, 0x00, 0x00, 0x00, 0xd0, 0xf6, 0xf6, 0xf6, 0xf6, 0xff, 0xff, 0x26,  //%@%...@@@@@@@. 
  0xb2, 0xff, 0x96, 0x00, 0x00, 0x00, 0x00, 0x00, 0x00, 0x00, 0x12, 0xff, 0xff, 0x26,  //%@%........@@. 
  0xb2, 0xff, 0x96, 0x00, 0x00, 0x0a, 0x1a, 0x34, 0x62, 0x92, 0x12, 0xff, 0xff, 0x26,  //%@%.....+%.@@. 
  0xb2, 0xff, 0xfa, 0xf6, 0xfc, 0xff, 0xff, 0xff, 0xff, 0xff, 0x12, 0xff, 0xff, 0x26,  //%@@@@@@@@@.@@. 
  0x98, 0xda, 0xda, 0xda, 0xd0, 0xc4, 0xb8, 0x9e, 0x76, 0x3e, 0x12, 0xff, 0xff, 0x26,  //%@@@@@%%+..@@. 
  0x00, 0x00, 0x00, 0x00, 0x00, 0x00, 0x00, 0x00, 0x00, 0x00, 0x0e, 0xc6, 0xc6, 0x1e,  //...........@@. 
  0x00, 0x00, 0x36, 0x82, 0x82, 0x82, 0x82, 0x82, 0x82, 0x82, 0x82, 0x82, 0x82, 0x12,  //...%%%%%%%%%%. 
  0x00, 0x00, 0x6a, 0xff, 0xff, 0xff, 0xff, 0xff, 0xff, 0xff, 0xff, 0xff, 0xff, 0x26,  //..+@@@@@@@@@@. 
  0x00, 0x00, 0x6a, 0xff, 0xd8, 0x5a, 0x5a, 0x5a, 0x5a, 0x5a, 0x66, 0xff, 0xff, 0x26,  //..+@@++++++@@. 
  0x00, 0x00, 0x6a, 0xff, 0xc2, 0x00, 0x00, 0x00, 0x00, 0x00, 0x12, 0xff, 0xff, 0x26,  //..+@@......@@. 
  0x00, 0x00, 0x6a, 0xff, 0xc2, 0x00, 0x00, 0x00, 0x00, 0x00, 0x12, 0xff, 0xff, 0x26,  //..+@@......@@. 
  0x00, 0x00, 0x6a, 0xff, 0xf8, 0xe6, 0xe6, 0xe6, 0xe6, 0xe6, 0xe8, 0xff, 0xff, 0x26,  //..+@@@@@@@@@@. 
  0x00, 0x00, 0x64, 0xee, 0xee, 0xee, 0xee, 0xee, 0xee, 0xee, 0xee, 0xee, 0xee, 0x24,  //..+@@@@@@@@@@. 
  0x00, 0x00, 0x00, 0x00, 0x00, 0x00, 0x00, 0x00, 0x00, 0x00, 0x00, 0x00, 0x00, 0x00,  //.............. 


  /*Unicode: U+b204 (누) , Width: 16 */
  0x00, 0x00, 0x00, 0x00, 0x00, 0x00, 0x00, 0x00, 0x00, 0x00, 0x00, 0x00, 0x00, 0x00, 0x00, 0x00,  //................ 
  0x00, 0x00, 0x0a, 0x5e, 0x5e, 0x0a, 0x00, 0x00, 0x00, 0x00, 0x00, 0x00, 0x00, 0x00, 0x00, 0x00,  //...++........... 
  0x00, 0x00, 0x1e, 0xff, 0xff, 0x1e, 0x00, 0x00, 0x00, 0x00, 0x00, 0x00, 0x00, 0x00, 0x00, 0x00,  //...@@........... 
  0x00, 0x00, 0x1e, 0xff, 0xff, 0x1e, 0x00, 0x00, 0x00, 0x00, 0x00, 0x00, 0x00, 0x00, 0x00, 0x00,  //...@@........... 
  0x00, 0x00, 0x1e, 0xff, 0xff, 0x1e, 0x00, 0x00, 0x00, 0x00, 0x00, 0x00, 0x00, 0x00, 0x00, 0x00,  //...@@........... 
  0x00, 0x00, 0x1e, 0xff, 0xff, 0x1e, 0x00, 0x00, 0x00, 0x00, 0x00, 0x00, 0x00, 0x00, 0x00, 0x00,  //...@@........... 
  0x00, 0x00, 0x1e, 0xff, 0xff, 0x76, 0x62, 0x62, 0x62, 0x62, 0x62, 0x62, 0x62, 0x50, 0x00, 0x00,  //...@@+++++++++.. 
  0x00, 0x00, 0x1e, 0xff, 0xff, 0xff, 0xff, 0xff, 0xff, 0xff, 0xff, 0xff, 0xff, 0xce, 0x00, 0x00,  //...@@@@@@@@@@@.. 
  0x00, 0x00, 0x0e, 0x7a, 0x7a, 0x7a, 0x7a, 0x7a, 0x7a, 0x7a, 0x7a, 0x7a, 0x7a, 0x62, 0x00, 0x00,  //...+++++++++++.. 
  0x00, 0x00, 0x00, 0x00, 0x00, 0x00, 0x00, 0x00, 0x00, 0x00, 0x00, 0x00, 0x00, 0x00, 0x00, 0x00,  //................ 
  0x86, 0xb2, 0xb2, 0xb2, 0xb2, 0xb2, 0xb2, 0xb2, 0xb2, 0xb2, 0xb2, 0xb2, 0xb2, 0xb2, 0xb2, 0x7c,  //%%%%%%%%%%%%%%%+ 
  0xbe, 0xff, 0xff, 0xff, 0xff, 0xff, 0xff, 0xff, 0xff, 0xff, 0xff, 0xff, 0xff, 0xff, 0xff, 0xb2,  //%@@@@@@@@@@@@@@% 
  0x1c, 0x26, 0x26, 0x26, 0x26, 0x26, 0x26, 0xf8, 0xff, 0x5c, 0x26, 0x26, 0x26, 0x26, 0x26, 0x1a,  //.......@@+...... 
  0x00, 0x00, 0x00, 0x00, 0x00, 0x00, 0x00, 0xf6, 0xff, 0x3e, 0x00, 0x00, 0x00, 0x00, 0x00, 0x00,  //.......@@....... 
  0x00, 0x00, 0x00, 0x00, 0x00, 0x00, 0x00, 0xf6, 0xff, 0x3e, 0x00, 0x00, 0x00, 0x00, 0x00, 0x00,  //.......@@....... 
  0x00, 0x00, 0x00, 0x00, 0x00, 0x00, 0x00, 0xf6, 0xff, 0x3e, 0x00, 0x00, 0x00, 0x00, 0x00, 0x00,  //.......@@....... 
  0x00, 0x00, 0x00, 0x00, 0x00, 0x00, 0x00, 0xf6, 0xff, 0x3e, 0x00, 0x00, 0x00, 0x00, 0x00, 0x00,  //.......@@....... 
  0x00, 0x00, 0x00, 0x00, 0x00, 0x00, 0x00, 0xcc, 0xd2, 0x34, 0x00, 0x00, 0x00, 0x00, 0x00, 0x00,  //.......@@....... 
  0x00, 0x00, 0x00, 0x00, 0x00, 0x00, 0x00, 0x00, 0x00, 0x00, 0x00, 0x00, 0x00, 0x00, 0x00, 0x00,  //................ 


  /*Unicode: U+b294 (는) , Width: 16 */
  0x00, 0x00, 0x00, 0x00, 0x00, 0x00, 0x00, 0x00, 0x00, 0x00, 0x00, 0x00, 0x00, 0x00, 0x00, 0x00,  //................ 
  0x00, 0x00, 0x2c, 0x76, 0x66, 0x00, 0x00, 0x00, 0x00, 0x00, 0x00, 0x00, 0x00, 0x00, 0x00, 0x00,  //...++........... 
  0x00, 0x00, 0x5e, 0xff, 0xda, 0x00, 0x00, 0x00, 0x00, 0x00, 0x00, 0x00, 0x00, 0x00, 0x00, 0x00,  //..+@@........... 
  0x00, 0x00, 0x5e, 0xff, 0xda, 0x00, 0x00, 0x00, 0x00, 0x00, 0x00, 0x00, 0x00, 0x00, 0x00, 0x00,  //..+@@........... 
  0x00, 0x00, 0x5e, 0xff, 0xda, 0x00, 0x00, 0x00, 0x00, 0x00, 0x00, 0x00, 0x00, 0x00, 0x00, 0x00,  //..+@@........... 
  0x00, 0x00, 0x5e, 0xff, 0xdc, 0x12, 0x12, 0x12, 0x12, 0x12, 0x12, 0x12, 0x12, 0x0a, 0x00, 0x00,  //..+@@........... 
  0x00, 0x00, 0x5e, 0xff, 0xff, 0xff, 0xff, 0xff, 0xff, 0xff, 0xff, 0xff, 0xff, 0xa2, 0x00, 0x00,  //..+@@@@@@@@@@%.. 
  0x00, 0x00, 0x4c, 0xce, 0xce, 0xce, 0xce, 0xce, 0xce, 0xce, 0xce, 0xce, 0xce, 0x84, 0x00, 0x00,  //..+@@@@@@@@@@%.. 
  0x00, 0x00, 0x00, 0x00, 0x00, 0x00, 0x00, 0x00, 0x00, 0x00, 0x00, 0x00, 0x00, 0x00, 0x00, 0x00,  //................ 
  0x5e, 0x6a, 0x6a, 0x6a, 0x6a, 0x6a, 0x6a, 0x6a, 0x6a, 0x6a, 0x6a, 0x6a, 0x6a, 0x6a, 0x6a, 0x5e,  //++++++++++++++++ 
  0xe2, 0xff, 0xff, 0xff, 0xff, 0xff, 0xff, 0xff, 0xff, 0xff, 0xff, 0xff, 0xff, 0xff, 0xff, 0xe2,  //@@@@@@@@@@@@@@@@ 
  0x68, 0x76, 0x76, 0x76, 0x76, 0x76, 0x76, 0x76, 0x76, 0x76, 0x76, 0x76, 0x76, 0x76, 0x76, 0x68,  //++++++++++++++++ 
  0x00, 0x00, 0x14, 0x32, 0x26, 0x00, 0x00, 0x00, 0x00, 0x00, 0x00, 0x00, 0x00, 0x00, 0x00, 0x00,  //................ 
  0x00, 0x00, 0x6e, 0xff, 0xbe, 0x00, 0x00, 0x00, 0x00, 0x00, 0x00, 0x00, 0x00, 0x00, 0x00, 0x00,  //..+@%........... 
  0x00, 0x00, 0x6e, 0xff, 0xbe, 0x00, 0x00, 0x00, 0x00, 0x00, 0x00, 0x00, 0x00, 0x00, 0x00, 0x00,  //..+@%........... 
  0x00, 0x00, 0x6e, 0xff, 0xbe, 0x00, 0x00, 0x00, 0x00, 0x00, 0x00, 0x00, 0x00, 0x00, 0x00, 0x00,  //..+@%........... 
  0x00, 0x00, 0x6e, 0xff, 0xff, 0xfa, 0xfa, 0xfa, 0xfa, 0xfa, 0xfa, 0xfa, 0xfa, 0xb8, 0x00, 0x00,  //..+@@@@@@@@@@%.. 
  0x00, 0x00, 0x66, 0xea, 0xea, 0xea, 0xea, 0xea, 0xea, 0xea, 0xea, 0xea, 0xea, 0xac, 0x00, 0x00,  //..+@@@@@@@@@@%.. 
  0x00, 0x00, 0x00, 0x00, 0x00, 0x00, 0x00, 0x00, 0x00, 0x00, 0x00, 0x00, 0x00, 0x00, 0x00, 0x00,  //................ 


  /*Unicode: U+b2a5 (능) , Width: 16 */
  0x00, 0x00, 0x00, 0x00, 0x00, 0x00, 0x00, 0x00, 0x00, 0x00, 0x00, 0x00, 0x00, 0x00, 0x00, 0x00,  //................ 
  0x00, 0x00, 0x3e, 0xa6, 0x8e, 0x00, 0x00, 0x00, 0x00, 0x00, 0x00, 0x00, 0x00, 0x00, 0x00, 0x00,  //...%%........... 
  0x00, 0x00, 0x5e, 0xff, 0xda, 0x00, 0x00, 0x00, 0x00, 0x00, 0x00, 0x00, 0x00, 0x00, 0x00, 0x00,  //..+@@........... 
  0x00, 0x00, 0x5e, 0xff, 0xda, 0x00, 0x00, 0x00, 0x00, 0x00, 0x00, 0x00, 0x00, 0x00, 0x00, 0x00,  //..+@@........... 
  0x00, 0x00, 0x5e, 0xff, 0xda, 0x00, 0x00, 0x00, 0x00, 0x00, 0x00, 0x00, 0x00, 0x00, 0x00, 0x00,  //..+@@........... 
  0x00, 0x00, 0x5e, 0xff, 0xf6, 0xc2, 0xc2, 0xc2, 0xc2, 0xc2, 0xc2, 0xc2, 0xc2, 0x7c, 0x00, 0x00,  //..+@@@@@@@@@@+.. 
  0x00, 0x00, 0x5e, 0xff, 0xff, 0xff, 0xff, 0xff, 0xff, 0xff, 0xff, 0xff, 0xff, 0xa2, 0x00, 0x00,  //..+@@@@@@@@@@%.. 
  0x00, 0x00, 0x08, 0x16, 0x16, 0x16, 0x16, 0x16, 0x16, 0x16, 0x16, 0x16, 0x16, 0x0e, 0x00, 0x00,  //................ 
  0x94, 0xa6, 0xa6, 0xa6, 0xa6, 0xa6, 0xa6, 0xa6, 0xa6, 0xa6, 0xa6, 0xa6, 0xa6, 0xa6, 0xa6, 0x94,  //%%%%%%%%%%%%%%%% 
  0xe2, 0xff, 0xff, 0xff, 0xff, 0xff, 0xff, 0xff, 0xff, 0xff, 0xff, 0xff, 0xff, 0xff, 0xff, 0xe2,  //@@@@@@@@@@@@@@@@ 
  0x30, 0x36, 0x36, 0x36, 0x36, 0x36, 0x36, 0x36, 0x36, 0x36, 0x36, 0x36, 0x36, 0x36, 0x36, 0x30,  //................ 
  0x00, 0x00, 0x00, 0x00, 0x24, 0x76, 0xa4, 0xb8, 0xb8, 0xa4, 0x76, 0x24, 0x00, 0x00, 0x00, 0x00,  //.....+%%%%+..... 
  0x00, 0x00, 0x00, 0x92, 0xfc, 0xff, 0xff, 0xff, 0xff, 0xff, 0xff, 0xfc, 0x92, 0x00, 0x00, 0x00,  //...%@@@@@@@@%... 
  0x00, 0x00, 0x6a, 0xff, 0xfc, 0x86, 0x2e, 0x10, 0x10, 0x2c, 0x82, 0xfc, 0xff, 0x6a, 0x00, 0x00,  //..+@@%....%@@+.. 
  0x00, 0x00, 0xac, 0xff, 0xae, 0x00, 0x00, 0x00, 0x00, 0x00, 0x00, 0xae, 0xff, 0xac, 0x00, 0x00,  //..%@%......%@%.. 
  0x00, 0x00, 0x8e, 0xff, 0xe6, 0x2e, 0x00, 0x00, 0x00, 0x00, 0x2c, 0xe6, 0xff, 0x8c, 0x00, 0x00,  //..%@@......@@%.. 
  0x00, 0x00, 0x18, 0xde, 0xff, 0xff, 0xd6, 0xba, 0xba, 0xd6, 0xfc, 0xff, 0xda, 0x16, 0x00, 0x00,  //...@@@@%%@@@@... 
  0x00, 0x00, 0x00, 0x10, 0x80, 0xd4, 0xfa, 0xff, 0xff, 0xfa, 0xd2, 0x7e, 0x0e, 0x00, 0x00, 0x00,  //....%@@@@@@+.... 
  0x00, 0x00, 0x00, 0x00, 0x00, 0x00, 0x04, 0x14, 0x14, 0x04, 0x00, 0x00, 0x00, 0x00, 0x00, 0x00,  //................ 


  /*Unicode: U+b2c8 (니) , Width: 14 */
  0x00, 0x00, 0x00, 0x00, 0x00, 0x00, 0x00, 0x00, 0x00, 0x00, 0x00, 0x00, 0x00, 0x00,  //.............. 
  0x00, 0x00, 0x00, 0x00, 0x00, 0x00, 0x00, 0x00, 0x00, 0x00, 0x0a, 0x9e, 0x9e, 0x18,  //...........%%. 
  0x52, 0x72, 0x3e, 0x00, 0x00, 0x00, 0x00, 0x00, 0x00, 0x00, 0x12, 0xff, 0xff, 0x26,  //++.........@@. 
  0xb6, 0xff, 0x8a, 0x00, 0x00, 0x00, 0x00, 0x00, 0x00, 0x00, 0x12, 0xff, 0xff, 0x26,  //%@%........@@. 
  0xb6, 0xff, 0x8a, 0x00, 0x00, 0x00, 0x00, 0x00, 0x00, 0x00, 0x12, 0xff, 0xff, 0x26,  //%@%........@@. 
  0xb6, 0xff, 0x8a, 0x00, 0x00, 0x00, 0x00, 0x00, 0x00, 0x00, 0x12, 0xff, 0xff, 0x26,  //%@%........@@. 
  0xb6, 0xff, 0x8a, 0x00, 0x00, 0x00, 0x00, 0x00, 0x00, 0x00, 0x12, 0xff, 0xff, 0x26,  //%@%........@@. 
  0xb6, 0xff, 0x8a, 0x00, 0x00, 0x00, 0x00, 0x00, 0x00, 0x00, 0x12, 0xff, 0xff, 0x26,  //%@%........@@. 
  0xb6, 0xff, 0x8a, 0x00, 0x00, 0x00, 0x00, 0x00, 0x00, 0x00, 0x12, 0xff, 0xff, 0x26,  //%@%........@@. 
  0xb6, 0xff, 0x8a, 0x00, 0x00, 0x00, 0x00, 0x00, 0x00, 0x00, 0x12, 0xff, 0xff, 0x26,  //%@%........@@. 
  0xb6, 0xff, 0x8a, 0x00, 0x00, 0x00, 0x00, 0x00, 0x00, 0x00, 0x16, 0xff, 0xff, 0x26,  //%@%........@@. 
  0xb6, 0xff, 0xb2, 0x56, 0x58, 0x66, 0x76, 0x88, 0xb6, 0xea, 0x5a, 0xff, 0xff, 0x26,  //%@%++++%%@+@@. 
  0xb6, 0xff, 0xff, 0xff, 0xff, 0xff, 0xff, 0xff, 0xff, 0xf8, 0x50, 0xff, 0xff, 0x26,  //%@@@@@@@@@+@@. 
  0x68, 0x92, 0x92, 0x92, 0x8e, 0x84, 0x70, 0x54, 0x2e, 0x06, 0x12, 0xff, 0xff, 0x26,  //+%%%%%++...@@. 
  0x00, 0x00, 0x00, 0x00, 0x00, 0x00, 0x00, 0x00, 0x00, 0x00, 0x12, 0xff, 0xff, 0x26,  //...........@@. 
  0x00, 0x00, 0x00, 0x00, 0x00, 0x00, 0x00, 0x00, 0x00, 0x00, 0x12, 0xff, 0xff, 0x26,  //...........@@. 
  0x00, 0x00, 0x00, 0x00, 0x00, 0x00, 0x00, 0x00, 0x00, 0x00, 0x12, 0xff, 0xff, 0x26,  //...........@@. 
  0x00, 0x00, 0x00, 0x00, 0x00, 0x00, 0x00, 0x00, 0x00, 0x00, 0x12, 0xff, 0xff, 0x26,  //...........@@. 
  0x00, 0x00, 0x00, 0x00, 0x00, 0x00, 0x00, 0x00, 0x00, 0x00, 0x00, 0x0e, 0x0e, 0x00,  //.............. 


  /*Unicode: U+b2e4 (다) , Width: 16 */
  0x00, 0x00, 0x00, 0x00, 0x00, 0x00, 0x00, 0x00, 0x00, 0x00, 0x00, 0x00, 0x00, 0x00, 0x00, 0x00,  //................ 
  0x00, 0x00, 0x00, 0x00, 0x00, 0x00, 0x00, 0x00, 0x00, 0x00, 0x7e, 0x9e, 0x44, 0x00, 0x00, 0x00,  //..........+%+... 
  0x2c, 0x3a, 0x3a, 0x3a, 0x3a, 0x3a, 0x3a, 0x36, 0x00, 0x00, 0xca, 0xff, 0x6e, 0x00, 0x00, 0x00,  //..........@@+... 
  0xc6, 0xff, 0xff, 0xff, 0xff, 0xff, 0xff, 0xee, 0x00, 0x00, 0xca, 0xff, 0x6e, 0x00, 0x00, 0x00,  //@@@@@@@@..@@+... 
  0xc6, 0xff, 0xd2, 0xaa, 0xaa, 0xaa, 0xaa, 0xa0, 0x00, 0x00, 0xca, 0xff, 0x6e, 0x00, 0x00, 0x00,  //@@@%%%%%..@@+... 
  0xc6, 0xff, 0x7a, 0x00, 0x00, 0x00, 0x00, 0x00, 0x00, 0x00, 0xca, 0xff, 0x6e, 0x00, 0x00, 0x00,  //@@+.......@@+... 
  0xc6, 0xff, 0x7a, 0x00, 0x00, 0x00, 0x00, 0x00, 0x00, 0x00, 0xca, 0xff, 0x6e, 0x00, 0x00, 0x00,  //@@+.......@@+... 
  0xc6, 0xff, 0x7a, 0x00, 0x00, 0x00, 0x00, 0x00, 0x00, 0x00, 0xca, 0xff, 0xca, 0xa2, 0xa2, 0x06,  //@@+.......@@@%%. 
  0xc6, 0xff, 0x7a, 0x00, 0x00, 0x00, 0x00, 0x00, 0x00, 0x00, 0xca, 0xff, 0xff, 0xff, 0xff, 0x0a,  //@@+.......@@@@@. 
  0xc6, 0xff, 0x7a, 0x00, 0x00, 0x00, 0x00, 0x00, 0x00, 0x00, 0xca, 0xff, 0x94, 0x42, 0x42, 0x02,  //@@+.......@@%++. 
  0xc6, 0xff, 0x7a, 0x00, 0x00, 0x00, 0x00, 0x00, 0x00, 0x00, 0xca, 0xff, 0x6e, 0x00, 0x00, 0x00,  //@@+.......@@+... 
  0xc6, 0xff, 0x7a, 0x00, 0x06, 0x16, 0x26, 0x4c, 0x7e, 0x5a, 0xca, 0xff, 0x6e, 0x00, 0x00, 0x00,  //@@+....+++@@+... 
  0xc6, 0xff, 0xfc, 0xfa, 0xff, 0xff, 0xff, 0xff, 0xff, 0x8a, 0xca, 0xff, 0x6e, 0x00, 0x00, 0x00,  //@@@@@@@@@%@@+... 
  0xb6, 0xea, 0xea, 0xe8, 0xe2, 0xd2, 0xb8, 0x92, 0x64, 0x1c, 0xca, 0xff, 0x6e, 0x00, 0x00, 0x00,  //%@@@@@%%+.@@+... 
  0x00, 0x00, 0x00, 0x00, 0x00, 0x00, 0x00, 0x00, 0x00, 0x00, 0xca, 0xff, 0x6e, 0x00, 0x00, 0x00,  //..........@@+... 
  0x00, 0x00, 0x00, 0x00, 0x00, 0x00, 0x00, 0x00, 0x00, 0x00, 0xca, 0xff, 0x6e, 0x00, 0x00, 0x00,  //..........@@+... 
  0x00, 0x00, 0x00, 0x00, 0x00, 0x00, 0x00, 0x00, 0x00, 0x00, 0xca, 0xff, 0x6e, 0x00, 0x00, 0x00,  //..........@@+... 
  0x00, 0x00, 0x00, 0x00, 0x00, 0x00, 0x00, 0x00, 0x00, 0x00, 0xca, 0xff, 0x6e, 0x00, 0x00, 0x00,  //..........@@+... 
  0x00, 0x00, 0x00, 0x00, 0x00, 0x00, 0x00, 0x00, 0x00, 0x00, 0x0a, 0x0e, 0x06, 0x00, 0x00, 0x00,  //................ 


  /*Unicode: U+b2e8 (단) , Width: 15 */
  0x00, 0x00, 0x00, 0x00, 0x00, 0x00, 0x00, 0x00, 0x00, 0x00, 0x00, 0x00, 0x00, 0x00, 0x00,  //............... 
  0x00, 0x00, 0x00, 0x00, 0x00, 0x00, 0x00, 0x00, 0x00, 0x00, 0x5c, 0x72, 0x2c, 0x00, 0x00,  //..........++... 
  0x92, 0x9a, 0x9a, 0x9a, 0x9a, 0x9a, 0x9a, 0x9a, 0x0c, 0x00, 0xce, 0xff, 0x62, 0x00, 0x00,  //%%%%%%%%..@@+.. 
  0xf2, 0xff, 0xff, 0xff, 0xff, 0xff, 0xff, 0xff, 0x16, 0x00, 0xce, 0xff, 0x62, 0x00, 0x00,  //@@@@@@@@..@@+.. 
  0xf2, 0xff, 0x7a, 0x42, 0x42, 0x42, 0x42, 0x42, 0x04, 0x00, 0xce, 0xff, 0x62, 0x00, 0x00,  //@@++++++..@@+.. 
  0xf2, 0xff, 0x4a, 0x00, 0x00, 0x00, 0x00, 0x00, 0x00, 0x00, 0xce, 0xff, 0x74, 0x1a, 0x18,  //@@+.......@@+.. 
  0xf2, 0xff, 0x4a, 0x00, 0x00, 0x00, 0x00, 0x00, 0x00, 0x00, 0xce, 0xff, 0xff, 0xff, 0xe6,  //@@+.......@@@@@ 
  0xf2, 0xff, 0x4a, 0x00, 0x00, 0x00, 0x00, 0x00, 0x00, 0x00, 0xce, 0xff, 0xde, 0xca, 0xb6,  //@@+.......@@@@% 
  0xf2, 0xff, 0x4a, 0x00, 0x08, 0x18, 0x2a, 0x44, 0x6a, 0x62, 0xce, 0xff, 0x62, 0x00, 0x00,  //@@+....+++@@+.. 
  0xf2, 0xff, 0xff, 0xff, 0xff, 0xff, 0xff, 0xff, 0xff, 0xb6, 0xce, 0xff, 0x62, 0x00, 0x00,  //@@@@@@@@@%@@+.. 
  0xd0, 0xda, 0xda, 0xd8, 0xd2, 0xc6, 0xae, 0x90, 0x6a, 0x2c, 0xce, 0xff, 0x62, 0x00, 0x00,  //@@@@@@%%+.@@+.. 
  0x00, 0x00, 0x00, 0x00, 0x00, 0x00, 0x00, 0x00, 0x00, 0x00, 0xce, 0xff, 0x62, 0x00, 0x00,  //..........@@+.. 
  0x00, 0x00, 0x0a, 0x0a, 0x02, 0x00, 0x00, 0x00, 0x00, 0x00, 0xce, 0xff, 0x62, 0x00, 0x00,  //..........@@+.. 
  0x00, 0x00, 0xee, 0xff, 0x4e, 0x00, 0x00, 0x00, 0x00, 0x00, 0xbe, 0xea, 0x5a, 0x00, 0x00,  //..@@+.....%@+.. 
  0x00, 0x00, 0xee, 0xff, 0x4e, 0x00, 0x00, 0x00, 0x00, 0x00, 0x00, 0x00, 0x00, 0x00, 0x00,  //..@@+.......... 
  0x00, 0x00, 0xee, 0xff, 0x4e, 0x00, 0x00, 0x00, 0x00, 0x00, 0x00, 0x00, 0x00, 0x00, 0x00,  //..@@+.......... 
  0x00, 0x00, 0xee, 0xff, 0xfc, 0xfa, 0xfa, 0xfa, 0xfa, 0xfa, 0xfa, 0xfa, 0xb8, 0x00, 0x00,  //..@@@@@@@@@@%.. 
  0x00, 0x00, 0xd8, 0xe6, 0xe6, 0xe6, 0xe6, 0xe6, 0xe6, 0xe6, 0xe6, 0xe6, 0xa8, 0x00, 0x00,  //..@@@@@@@@@@%.. 
  0x00, 0x00, 0x00, 0x00, 0x00, 0x00, 0x00, 0x00, 0x00, 0x00, 0x00, 0x00, 0x00, 0x00, 0x00,  //............... 


  /*Unicode: U+b300 (대) , Width: 14 */
  0x00, 0x00, 0x00, 0x00, 0x00, 0x00, 0x00, 0x00, 0x00, 0x00, 0x00, 0x00, 0x00, 0x00,  //.............. 
  0x00, 0x00, 0x00, 0x00, 0x00, 0x00, 0x00, 0x2a, 0x6e, 0x56, 0x00, 0x80, 0x9e, 0x3c,  //........++.%%. 
  0x36, 0x36, 0x36, 0x36, 0x36, 0x36, 0x00, 0x62, 0xff, 0xc6, 0x00, 0xce, 0xff, 0x62,  //.......+@@.@@+ 
  0xfa, 0xff, 0xff, 0xff, 0xff, 0xff, 0x06, 0x62, 0xff, 0xc6, 0x00, 0xce, 0xff, 0x62,  //@@@@@@.+@@.@@+ 
  0xfa, 0xff, 0xc2, 0xae, 0xae, 0xae, 0x04, 0x62, 0xff, 0xc6, 0x00, 0xce, 0xff, 0x62,  //@@@%%%.+@@.@@+ 
  0xfa, 0xff, 0x3e, 0x00, 0x00, 0x00, 0x00, 0x62, 0xff, 0xc6, 0x00, 0xce, 0xff, 0x62,  //@@.....+@@.@@+ 
  0xfa, 0xff, 0x3e, 0x00, 0x00, 0x00, 0x00, 0x62, 0xff, 0xc6, 0x00, 0xce, 0xff, 0x62,  //@@.....+@@.@@+ 
  0xfa, 0xff, 0x3e, 0x00, 0x00, 0x00, 0x00, 0x62, 0xff, 0xec, 0xaa, 0xee, 0xff, 0x62,  //@@.....+@@%@@+ 
  0xfa, 0xff, 0x3e, 0x00, 0x00, 0x00, 0x00, 0x62, 0xff, 0xff, 0xff, 0xff, 0xff, 0x62,  //@@.....+@@@@@+ 
  0xfa, 0xff, 0x3e, 0x00, 0x00, 0x00, 0x00, 0x62, 0xff, 0xd4, 0x3e, 0xda, 0xff, 0x62,  //@@.....+@@.@@+ 
  0xfa, 0xff, 0x3e, 0x00, 0x00, 0x00, 0x00, 0x62, 0xff, 0xc6, 0x00, 0xce, 0xff, 0x62,  //@@.....+@@.@@+ 
  0xfa, 0xff, 0x4e, 0x24, 0x38, 0x62, 0x96, 0x6a, 0xff, 0xc6, 0x00, 0xce, 0xff, 0x62,  //@@+..+%+@@.@@+ 
  0xfa, 0xff, 0xff, 0xff, 0xff, 0xff, 0xff, 0x6e, 0xff, 0xc6, 0x00, 0xce, 0xff, 0x62,  //@@@@@@@+@@.@@+ 
  0xd6, 0xda, 0xcc, 0xba, 0xa6, 0x7e, 0x48, 0x64, 0xff, 0xc6, 0x00, 0xce, 0xff, 0x62,  //@@@%%+++@@.@@+ 
  0x00, 0x00, 0x00, 0x00, 0x00, 0x00, 0x00, 0x62, 0xff, 0xc6, 0x00, 0xce, 0xff, 0x62,  //.......+@@.@@+ 
  0x00, 0x00, 0x00, 0x00, 0x00, 0x00, 0x00, 0x62, 0xff, 0xc6, 0x00, 0xce, 0xff, 0x62,  //.......+@@.@@+ 
  0x00, 0x00, 0x00, 0x00, 0x00, 0x00, 0x00, 0x62, 0xff, 0xc6, 0x00, 0xce, 0xff, 0x62,  //.......+@@.@@+ 
  0x00, 0x00, 0x00, 0x00, 0x00, 0x00, 0x00, 0x40, 0xa6, 0x82, 0x00, 0xce, 0xff, 0x62,  //.......+%%.@@+ 
  0x00, 0x00, 0x00, 0x00, 0x00, 0x00, 0x00, 0x00, 0x00, 0x00, 0x00, 0x0c, 0x0e, 0x04,  //.............. 


  /*Unicode: U+b354 (더) , Width: 14 */
  0x00, 0x00, 0x00, 0x00, 0x00, 0x00, 0x00, 0x00, 0x00, 0x00, 0x00, 0x00, 0x00, 0x00,  //.............. 
  0x00, 0x00, 0x00, 0x00, 0x00, 0x00, 0x00, 0x00, 0x00, 0x00, 0x0a, 0x9e, 0x9e, 0x18,  //...........%%. 
  0x2a, 0x3a, 0x3a, 0x3a, 0x3a, 0x3a, 0x3a, 0x3a, 0x26, 0x00, 0x12, 0xff, 0xff, 0x26,  //...........@@. 
  0xb6, 0xff, 0xff, 0xff, 0xff, 0xff, 0xff, 0xff, 0xaa, 0x00, 0x12, 0xff, 0xff, 0x26,  //%@@@@@@@%..@@. 
  0xb6, 0xff, 0xd6, 0xa6, 0xa6, 0xa6, 0xa6, 0xa6, 0x6e, 0x00, 0x12, 0xff, 0xff, 0x26,  //%@@%%%%%+..@@. 
  0xb6, 0xff, 0x8a, 0x00, 0x00, 0x00, 0x00, 0x00, 0x00, 0x00, 0x12, 0xff, 0xff, 0x26,  //%@%........@@. 
  0xb6, 0xff, 0x8a, 0x00, 0x00, 0x00, 0x00, 0x00, 0x00, 0x00, 0x12, 0xff, 0xff, 0x26,  //%@%........@@. 
  0xb6, 0xff, 0x8a, 0x00, 0x00, 0x00, 0x62, 0xd2, 0xd2, 0xd2, 0xd6, 0xff, 0xff, 0x26,  //%@%...+@@@@@@. 
  0xb6, 0xff, 0x8a, 0x00, 0x00, 0x00, 0x76, 0xff, 0xff, 0xff, 0xff, 0xff, 0xff, 0x26,  //%@%...+@@@@@@. 
  0xb6, 0xff, 0x8a, 0x00, 0x00, 0x00, 0x02, 0x06, 0x06, 0x06, 0x1a, 0xff, 0xff, 0x26,  //%@%........@@. 
  0xb6, 0xff, 0x8a, 0x00, 0x00, 0x00, 0x00, 0x00, 0x00, 0x00, 0x12, 0xff, 0xff, 0x26,  //%@%........@@. 
  0xb6, 0xff, 0x8a, 0x00, 0x00, 0x00, 0x12, 0x30, 0x5e, 0x70, 0x12, 0xff, 0xff, 0x26,  //%@%.....++.@@. 
  0xb6, 0xff, 0xf2, 0xe2, 0xea, 0xfc, 0xff, 0xff, 0xff, 0xd2, 0x12, 0xff, 0xff, 0x26,  //%@@@@@@@@@.@@. 
  0xb6, 0xff, 0xff, 0xff, 0xfa, 0xec, 0xd4, 0xb4, 0x88, 0x44, 0x12, 0xff, 0xff, 0x26,  //%@@@@@@%%+.@@. 
  0x00, 0x02, 0x02, 0x02, 0x00, 0x00, 0x00, 0x00, 0x00, 0x00, 0x12, 0xff, 0xff, 0x26,  //...........@@. 
  0x00, 0x00, 0x00, 0x00, 0x00, 0x00, 0x00, 0x00, 0x00, 0x00, 0x12, 0xff, 0xff, 0x26,  //...........@@. 
  0x00, 0x00, 0x00, 0x00, 0x00, 0x00, 0x00, 0x00, 0x00, 0x00, 0x12, 0xff, 0xff, 0x26,  //...........@@. 
  0x00, 0x00, 0x00, 0x00, 0x00, 0x00, 0x00, 0x00, 0x00, 0x00, 0x12, 0xff, 0xff, 0x26,  //...........@@. 
  0x00, 0x00, 0x00, 0x00, 0x00, 0x00, 0x00, 0x00, 0x00, 0x00, 0x00, 0x0e, 0x0e, 0x00,  //.............. 


  /*Unicode: U+b364 (덤) , Width: 14 */
  0x00, 0x00, 0x00, 0x00, 0x00, 0x00, 0x00, 0x00, 0x00, 0x00, 0x00, 0x00, 0x00, 0x00,  //.............. 
  0x00, 0x00, 0x00, 0x00, 0x00, 0x00, 0x00, 0x00, 0x00, 0x00, 0x08, 0x7a, 0x7a, 0x12,  //...........++. 
  0x8e, 0xbe, 0xbe, 0xbe, 0xbe, 0xbe, 0xbe, 0xbe, 0x3a, 0x00, 0x12, 0xff, 0xff, 0x26,  //%%%%%%%%...@@. 
  0xbe, 0xff, 0xff, 0xff, 0xff, 0xff, 0xff, 0xff, 0x4e, 0x00, 0x12, 0xff, 0xff, 0x26,  //%@@@@@@@+..@@. 
  0xbe, 0xff, 0x8a, 0x0e, 0x0e, 0x0e, 0x0e, 0x0e, 0x04, 0x00, 0x12, 0xff, 0xff, 0x26,  //%@%........@@. 
  0xbe, 0xff, 0x82, 0x00, 0x00, 0x00, 0x18, 0xc6, 0xc6, 0xc6, 0xca, 0xff, 0xff, 0x26,  //%@%....@@@@@@. 
  0xbe, 0xff, 0x82, 0x00, 0x00, 0x00, 0x1e, 0xff, 0xff, 0xff, 0xff, 0xff, 0xff, 0x26,  //%@%....@@@@@@. 
  0xbe, 0xff, 0x82, 0x00, 0x00, 0x00, 0x00, 0x00, 0x00, 0x0c, 0x12, 0xff, 0xff, 0x26,  //%@%........@@. 
  0xbe, 0xff, 0xc2, 0x82, 0x86, 0x96, 0xa8, 0xc0, 0xe4, 0xff, 0x12, 0xff, 0xff, 0x26,  //%@@%%%%@@@.@@. 
  0xbe, 0xff, 0xff, 0xff, 0xff, 0xff, 0xff, 0xff, 0xec, 0xbc, 0x12, 0xff, 0xff, 0x26,  //%@@@@@@@@%.@@. 
  0x38, 0x4a, 0x4a, 0x4a, 0x44, 0x3c, 0x2a, 0x10, 0x00, 0x00, 0x10, 0xe6, 0xe6, 0x22,  //.++++......@@. 
  0x00, 0x00, 0x28, 0x62, 0x62, 0x62, 0x62, 0x62, 0x62, 0x62, 0x62, 0x62, 0x62, 0x0e,  //...++++++++++. 
  0x00, 0x00, 0x6a, 0xff, 0xff, 0xff, 0xff, 0xff, 0xff, 0xff, 0xff, 0xff, 0xff, 0x26,  //..+@@@@@@@@@@. 
  0x00, 0x00, 0x6a, 0xff, 0xde, 0x76, 0x76, 0x76, 0x76, 0x76, 0x80, 0xff, 0xff, 0x26,  //..+@@+++++%@@. 
  0x00, 0x00, 0x6a, 0xff, 0xc2, 0x00, 0x00, 0x00, 0x00, 0x00, 0x12, 0xff, 0xff, 0x26,  //..+@@......@@. 
  0x00, 0x00, 0x6a, 0xff, 0xc2, 0x00, 0x00, 0x00, 0x00, 0x00, 0x12, 0xff, 0xff, 0x26,  //..+@@......@@. 
  0x00, 0x00, 0x6a, 0xff, 0xf8, 0xe6, 0xe6, 0xe6, 0xe6, 0xe6, 0xe8, 0xff, 0xff, 0x26,  //..+@@@@@@@@@@. 
  0x00, 0x00, 0x64, 0xee, 0xee, 0xee, 0xee, 0xee, 0xee, 0xee, 0xee, 0xee, 0xee, 0x24,  //..+@@@@@@@@@@. 
  0x00, 0x00, 0x00, 0x00, 0x00, 0x00, 0x00, 0x00, 0x00, 0x00, 0x00, 0x00, 0x00, 0x00,  //.............. 


  /*Unicode: U+b370 (데) , Width: 14 */
  0x00, 0x00, 0x00, 0x00, 0x00, 0x00, 0x00, 0x00, 0x00, 0x00, 0x00, 0x00, 0x00, 0x00,  //.............. 
  0x00, 0x00, 0x00, 0x00, 0x00, 0x00, 0x00, 0x00, 0x68, 0x6e, 0x18, 0x50, 0x9e, 0x6c,  //........++.+%+ 
  0x26, 0x36, 0x36, 0x36, 0x36, 0x36, 0x0c, 0x00, 0xee, 0xff, 0x3a, 0x82, 0xff, 0xae,  //........@@.%@% 
  0xb2, 0xff, 0xff, 0xff, 0xff, 0xff, 0x42, 0x00, 0xee, 0xff, 0x3a, 0x82, 0xff, 0xae,  //%@@@@@+.@@.%@% 
  0xb2, 0xff, 0xd4, 0xa6, 0xa6, 0xa6, 0x2a, 0x00, 0xee, 0xff, 0x3a, 0x82, 0xff, 0xae,  //%@@%%%..@@.%@% 
  0xb2, 0xff, 0x86, 0x00, 0x00, 0x00, 0x00, 0x00, 0xee, 0xff, 0x3a, 0x82, 0xff, 0xae,  //%@%.....@@.%@% 
  0xb2, 0xff, 0x86, 0x00, 0x00, 0x00, 0x00, 0x00, 0xee, 0xff, 0x3a, 0x82, 0xff, 0xae,  //%@%.....@@.%@% 
  0xb2, 0xff, 0x86, 0x00, 0x00, 0xaa, 0xda, 0xda, 0xfc, 0xff, 0x3a, 0x82, 0xff, 0xae,  //%@%..%@@@@.%@% 
  0xb2, 0xff, 0x86, 0x00, 0x00, 0xc6, 0xff, 0xff, 0xff, 0xff, 0x3a, 0x82, 0xff, 0xae,  //%@%..@@@@@.%@% 
  0xb2, 0xff, 0x86, 0x00, 0x00, 0x04, 0x06, 0x06, 0xee, 0xff, 0x3a, 0x82, 0xff, 0xae,  //%@%.....@@.%@% 
  0xb2, 0xff, 0x86, 0x00, 0x00, 0x00, 0x00, 0x00, 0xee, 0xff, 0x3a, 0x82, 0xff, 0xae,  //%@%.....@@.%@% 
  0xb2, 0xff, 0x8a, 0x10, 0x1e, 0x3e, 0x6e, 0x2e, 0xee, 0xff, 0x3a, 0x82, 0xff, 0xae,  //%@%...+.@@.%@% 
  0xb2, 0xff, 0xff, 0xff, 0xff, 0xff, 0xff, 0x52, 0xee, 0xff, 0x3a, 0x82, 0xff, 0xae,  //%@@@@@@+@@.%@% 
  0x98, 0xda, 0xd6, 0xca, 0xb6, 0x94, 0x66, 0x14, 0xee, 0xff, 0x3a, 0x82, 0xff, 0xae,  //%@@@%%+.@@.%@% 
  0x00, 0x00, 0x00, 0x00, 0x00, 0x00, 0x00, 0x00, 0xee, 0xff, 0x3a, 0x82, 0xff, 0xae,  //........@@.%@% 
  0x00, 0x00, 0x00, 0x00, 0x00, 0x00, 0x00, 0x00, 0xee, 0xff, 0x3a, 0x82, 0xff, 0xae,  //........@@.%@% 
  0x00, 0x00, 0x00, 0x00, 0x00, 0x00, 0x00, 0x00, 0xee, 0xff, 0x3a, 0x82, 0xff, 0xae,  //........@@.%@% 
  0x00, 0x00, 0x00, 0x00, 0x00, 0x00, 0x00, 0x00, 0x9c, 0xa6, 0x26, 0x82, 0xff, 0xae,  //........%%.%@% 
  0x00, 0x00, 0x00, 0x00, 0x00, 0x00, 0x00, 0x00, 0x00, 0x00, 0x00, 0x06, 0x0e, 0x0a,  //.............. 


  /*Unicode: U+b3c4 (도) , Width: 16 */
  0x00, 0x00, 0x00, 0x00, 0x00, 0x00, 0x00, 0x00, 0x00, 0x00, 0x00, 0x00, 0x00, 0x00, 0x00, 0x00,  //................ 
  0x00, 0x00, 0x00, 0x00, 0x00, 0x00, 0x00, 0x00, 0x00, 0x00, 0x00, 0x00, 0x00, 0x00, 0x00, 0x00,  //................ 
  0x00, 0x00, 0x00, 0x00, 0x00, 0x00, 0x00, 0x00, 0x00, 0x00, 0x00, 0x00, 0x00, 0x00, 0x00, 0x00,  //................ 
  0x00, 0x00, 0x4e, 0xc2, 0xc2, 0xc2, 0xc2, 0xc2, 0xc2, 0xc2, 0xc2, 0xc2, 0xc2, 0x48, 0x00, 0x00,  //..+@@@@@@@@@@+.. 
  0x00, 0x00, 0x66, 0xff, 0xff, 0xff, 0xff, 0xff, 0xff, 0xff, 0xff, 0xff, 0xff, 0x5e, 0x00, 0x00,  //..+@@@@@@@@@@+.. 
  0x00, 0x00, 0x66, 0xff, 0xdc, 0x22, 0x22, 0x22, 0x22, 0x22, 0x22, 0x22, 0x22, 0x0c, 0x00, 0x00,  //..+@@........... 
  0x00, 0x00, 0x66, 0xff, 0xd6, 0x00, 0x00, 0x00, 0x00, 0x00, 0x00, 0x00, 0x00, 0x00, 0x00, 0x00,  //..+@@........... 
  0x00, 0x00, 0x66, 0xff, 0xd6, 0x00, 0x00, 0x00, 0x00, 0x00, 0x00, 0x00, 0x00, 0x00, 0x00, 0x00,  //..+@@........... 
  0x00, 0x00, 0x66, 0xff, 0xd6, 0x00, 0x00, 0x00, 0x00, 0x00, 0x00, 0x00, 0x00, 0x00, 0x00, 0x00,  //..+@@........... 
  0x00, 0x00, 0x66, 0xff, 0xec, 0x8a, 0x8a, 0x8a, 0x8a, 0x8a, 0x8a, 0x8a, 0x8a, 0x48, 0x00, 0x00,  //..+@@%%%%%%%%+.. 
  0x00, 0x00, 0x66, 0xff, 0xff, 0xff, 0xff, 0xff, 0xff, 0xff, 0xff, 0xff, 0xff, 0x86, 0x00, 0x00,  //..+@@@@@@@@@@%.. 
  0x00, 0x00, 0x24, 0x5a, 0x5a, 0x5a, 0x62, 0xff, 0xff, 0x7e, 0x5a, 0x5a, 0x5a, 0x2e, 0x00, 0x00,  //...++++@@++++... 
  0x00, 0x00, 0x00, 0x00, 0x00, 0x00, 0x0a, 0xff, 0xff, 0x36, 0x00, 0x00, 0x00, 0x00, 0x00, 0x00,  //.......@@....... 
  0x00, 0x00, 0x00, 0x00, 0x00, 0x00, 0x0a, 0xff, 0xff, 0x36, 0x00, 0x00, 0x00, 0x00, 0x00, 0x00,  //.......@@....... 
  0x82, 0x9e, 0x9e, 0x9e, 0x9e, 0x9e, 0xa2, 0xff, 0xff, 0xb4, 0x9e, 0x9e, 0x9e, 0x9e, 0x9e, 0x7e,  //%%%%%%%@@%%%%%%+ 
  0xd2, 0xff, 0xff, 0xff, 0xff, 0xff, 0xff, 0xff, 0xff, 0xff, 0xff, 0xff, 0xff, 0xff, 0xff, 0xca,  //@@@@@@@@@@@@@@@@ 
  0x30, 0x3a, 0x3a, 0x3a, 0x3a, 0x3a, 0x3a, 0x3a, 0x3a, 0x3a, 0x3a, 0x3a, 0x3a, 0x3a, 0x3a, 0x2e,  //................ 
  0x00, 0x00, 0x00, 0x00, 0x00, 0x00, 0x00, 0x00, 0x00, 0x00, 0x00, 0x00, 0x00, 0x00, 0x00, 0x00,  //................ 
  0x00, 0x00, 0x00, 0x00, 0x00, 0x00, 0x00, 0x00, 0x00, 0x00, 0x00, 0x00, 0x00, 0x00, 0x00, 0x00,  //................ 


  /*Unicode: U+b3d9 (동) , Width: 16 */
  0x00, 0x00, 0x00, 0x00, 0x00, 0x00, 0x00, 0x00, 0x00, 0x00, 0x00, 0x00, 0x00, 0x00, 0x00, 0x00,  //................ 
  0x00, 0x00, 0x2c, 0x76, 0x76, 0x76, 0x76, 0x76, 0x76, 0x76, 0x76, 0x76, 0x76, 0x26, 0x00, 0x00,  //...++++++++++... 
  0x00, 0x00, 0x5e, 0xff, 0xff, 0xff, 0xff, 0xff, 0xff, 0xff, 0xff, 0xff, 0xff, 0x52, 0x00, 0x00,  //..+@@@@@@@@@@+.. 
  0x00, 0x00, 0x5e, 0xff, 0xea, 0x5e, 0x5e, 0x5e, 0x5e, 0x5e, 0x5e, 0x5e, 0x5e, 0x1e, 0x00, 0x00,  //..+@@++++++++... 
  0x00, 0x00, 0x5e, 0xff, 0xde, 0x00, 0x00, 0x00, 0x00, 0x00, 0x00, 0x00, 0x00, 0x00, 0x00, 0x00,  //..+@@........... 
  0x00, 0x00, 0x5e, 0xff, 0xe6, 0x42, 0x42, 0x42, 0x42, 0x42, 0x42, 0x42, 0x42, 0x1a, 0x00, 0x00,  //..+@@++++++++... 
  0x00, 0x00, 0x5e, 0xff, 0xff, 0xff, 0xff, 0xff, 0xff, 0xff, 0xff, 0xff, 0xff, 0x6a, 0x00, 0x00,  //..+@@@@@@@@@@+.. 
  0x00, 0x00, 0x30, 0x82, 0x82, 0x82, 0x88, 0xff, 0xff, 0x9e, 0x82, 0x82, 0x82, 0x36, 0x00, 0x00,  //...%%%%@@%%%%... 
  0x00, 0x00, 0x00, 0x00, 0x00, 0x00, 0x0a, 0xff, 0xff, 0x36, 0x00, 0x00, 0x00, 0x00, 0x00, 0x00,  //.......@@....... 
  0xbe, 0xd6, 0xd6, 0xd6, 0xd6, 0xd6, 0xd8, 0xff, 0xff, 0xde, 0xd6, 0xd6, 0xd6, 0xd6, 0xd6, 0xbe,  //%@@@@@@@@@@@@@@% 
  0xe2, 0xff, 0xff, 0xff, 0xff, 0xff, 0xff, 0xff, 0xff, 0xff, 0xff, 0xff, 0xff, 0xff, 0xff, 0xe2,  //@@@@@@@@@@@@@@@@ 
  0x00, 0x00, 0x00, 0x00, 0x00, 0x1a, 0x40, 0x50, 0x50, 0x40, 0x1a, 0x00, 0x00, 0x00, 0x00, 0x00,  //......++++...... 
  0x00, 0x00, 0x00, 0x54, 0xd2, 0xff, 0xff, 0xff, 0xff, 0xff, 0xff, 0xd2, 0x54, 0x00, 0x00, 0x00,  //...+@@@@@@@@+... 
  0x00, 0x00, 0x5a, 0xff, 0xff, 0xc4, 0x7a, 0x5e, 0x5e, 0x7a, 0xc6, 0xff, 0xff, 0x5a, 0x00, 0x00,  //..+@@@++++@@@+.. 
  0x00, 0x00, 0xba, 0xff, 0xb4, 0x00, 0x00, 0x00, 0x00, 0x00, 0x00, 0xb6, 0xff, 0xba, 0x00, 0x00,  //..%@%......%@%.. 
  0x00, 0x00, 0xa2, 0xff, 0xde, 0x30, 0x00, 0x00, 0x00, 0x00, 0x32, 0xe0, 0xff, 0xa0, 0x00, 0x00,  //..%@@......@@%.. 
  0x00, 0x00, 0x20, 0xde, 0xff, 0xff, 0xe6, 0xce, 0xce, 0xe6, 0xff, 0xff, 0xdc, 0x1e, 0x00, 0x00,  //...@@@@@@@@@@... 
  0x00, 0x00, 0x00, 0x0c, 0x6a, 0xb0, 0xd6, 0xe6, 0xe6, 0xd6, 0xae, 0x66, 0x0a, 0x00, 0x00, 0x00,  //....+%@@@@%+.... 
  0x00, 0x00, 0x00, 0x00, 0x00, 0x00, 0x00, 0x00, 0x00, 0x00, 0x00, 0x00, 0x00, 0x00, 0x00, 0x00,  //................ 


  /*Unicode: U+b418 (되) , Width: 15 */
  0x00, 0x00, 0x00, 0x00, 0x00, 0x00, 0x00, 0x00, 0x00, 0x00, 0x00, 0x00, 0x00, 0x00, 0x00,  //............... 
  0x00, 0x00, 0x00, 0x00, 0x00, 0x00, 0x00, 0x00, 0x00, 0x00, 0x00, 0x00, 0x6a, 0x9e, 0x56,  //............+%+ 
  0x00, 0x02, 0x36, 0x36, 0x36, 0x36, 0x36, 0x36, 0x36, 0x36, 0x06, 0x00, 0xaa, 0xff, 0x8a,  //............%@% 
  0x00, 0x0e, 0xff, 0xff, 0xff, 0xff, 0xff, 0xff, 0xff, 0xff, 0x26, 0x00, 0xaa, 0xff, 0x8a,  //..@@@@@@@@..%@% 
  0x00, 0x0e, 0xff, 0xff, 0xac, 0x9e, 0x9e, 0x9e, 0x9e, 0x9e, 0x18, 0x00, 0xaa, 0xff, 0x8a,  //..@@%%%%%%..%@% 
  0x00, 0x0e, 0xff, 0xff, 0x22, 0x00, 0x00, 0x00, 0x00, 0x00, 0x00, 0x00, 0xaa, 0xff, 0x8a,  //..@@........%@% 
  0x00, 0x0e, 0xff, 0xff, 0x22, 0x00, 0x00, 0x00, 0x00, 0x00, 0x00, 0x00, 0xaa, 0xff, 0x8a,  //..@@........%@% 
  0x00, 0x0e, 0xff, 0xff, 0x22, 0x00, 0x00, 0x00, 0x00, 0x00, 0x00, 0x00, 0xaa, 0xff, 0x8a,  //..@@........%@% 
  0x00, 0x0e, 0xff, 0xff, 0xd8, 0xd2, 0xd2, 0xd2, 0xd2, 0xd2, 0x50, 0x00, 0xaa, 0xff, 0x8a,  //..@@@@@@@@+.%@% 
  0x00, 0x0e, 0xff, 0xff, 0xff, 0xff, 0xff, 0xff, 0xff, 0xff, 0x62, 0x00, 0xaa, 0xff, 0x8a,  //..@@@@@@@@+.%@% 
  0x00, 0x00, 0x00, 0x00, 0x00, 0xea, 0xff, 0x52, 0x00, 0x00, 0x00, 0x00, 0xaa, 0xff, 0x8a,  //.....@@+....%@% 
  0x00, 0x00, 0x00, 0x00, 0x00, 0xea, 0xff, 0x52, 0x00, 0x00, 0x00, 0x00, 0xaa, 0xff, 0x8a,  //.....@@+....%@% 
  0x0e, 0x1e, 0x1e, 0x1e, 0x20, 0xec, 0xff, 0x78, 0x44, 0x54, 0x6e, 0x6a, 0xaa, 0xff, 0x8a,  //.....@@+++++%@% 
  0x76, 0xff, 0xff, 0xff, 0xff, 0xff, 0xff, 0xff, 0xff, 0xff, 0xff, 0xc6, 0xaa, 0xff, 0x8a,  //+@@@@@@@@@@@%@% 
  0x58, 0xbe, 0xbe, 0xbe, 0xba, 0xb4, 0xaa, 0x9e, 0x8c, 0x78, 0x5e, 0x36, 0xaa, 0xff, 0x8a,  //+%%%%%%%%++.%@% 
  0x00, 0x00, 0x00, 0x00, 0x00, 0x00, 0x00, 0x00, 0x00, 0x00, 0x00, 0x00, 0xaa, 0xff, 0x8a,  //............%@% 
  0x00, 0x00, 0x00, 0x00, 0x00, 0x00, 0x00, 0x00, 0x00, 0x00, 0x00, 0x00, 0xaa, 0xff, 0x8a,  //............%@% 
  0x00, 0x00, 0x00, 0x00, 0x00, 0x00, 0x00, 0x00, 0x00, 0x00, 0x00, 0x00, 0xaa, 0xff, 0x8a,  //............%@% 
  0x00, 0x00, 0x00, 0x00, 0x00, 0x00, 0x00, 0x00, 0x00, 0x00, 0x00, 0x00, 0x08, 0x0e, 0x06,  //............... 


  /*Unicode: U+b41c (된) , Width: 15 */
  0x00, 0x00, 0x00, 0x00, 0x00, 0x00, 0x00, 0x00, 0x00, 0x00, 0x00, 0x00, 0x00, 0x00, 0x00,  //............... 
  0x00, 0x00, 0x00, 0x00, 0x00, 0x00, 0x00, 0x00, 0x00, 0x00, 0x00, 0x00, 0x4a, 0x72, 0x40,  //............+++ 
  0x00, 0x00, 0x8e, 0xa2, 0xa2, 0xa2, 0xa2, 0xa2, 0xa2, 0xa2, 0x24, 0x00, 0xa6, 0xff, 0x8e,  //..%%%%%%%%..%@% 
  0x00, 0x00, 0xde, 0xff, 0xff, 0xff, 0xff, 0xff, 0xff, 0xff, 0x3a, 0x00, 0xa6, 0xff, 0x8e,  //..@@@@@@@@..%@% 
  0x00, 0x00, 0xde, 0xff, 0x74, 0x26, 0x26, 0x26, 0x26, 0x26, 0x08, 0x00, 0xa6, 0xff, 0x8e,  //..@@+.......%@% 
  0x00, 0x00, 0xde, 0xff, 0x5a, 0x00, 0x00, 0x00, 0x00, 0x00, 0x00, 0x00, 0xa6, 0xff, 0x8e,  //..@@+.......%@% 
  0x00, 0x00, 0xde, 0xff, 0x9a, 0x62, 0x62, 0x62, 0x62, 0x62, 0x2c, 0x00, 0xa6, 0xff, 0x8e,  //..@@%+++++..%@% 
  0x00, 0x00, 0xde, 0xff, 0xff, 0xff, 0xff, 0xff, 0xff, 0xff, 0x72, 0x00, 0xa6, 0xff, 0x8e,  //..@@@@@@@@+.%@% 
  0x00, 0x00, 0x56, 0x62, 0x62, 0xdc, 0xff, 0x9c, 0x62, 0x62, 0x2c, 0x00, 0xa6, 0xff, 0x8e,  //..+++@@%++..%@% 
  0x00, 0x00, 0x00, 0x00, 0x00, 0xc6, 0xff, 0x5e, 0x00, 0x00, 0x02, 0x14, 0xa6, 0xff, 0x8e,  //.....@@+....%@% 
  0x2e, 0xaa, 0xaa, 0xaa, 0xac, 0xec, 0xff, 0xde, 0xd8, 0xe8, 0xfc, 0xde, 0xa6, 0xff, 0x8e,  //.%%%%@@@@@@@%@% 
  0x46, 0xff, 0xff, 0xff, 0xff, 0xff, 0xff, 0xff, 0xf8, 0xe4, 0xcc, 0x9a, 0xa6, 0xff, 0x8e,  //+@@@@@@@@@@%%@% 
  0x0a, 0x2a, 0x2a, 0x2a, 0x26, 0x22, 0x16, 0x08, 0x00, 0x00, 0x00, 0x00, 0xa6, 0xff, 0x8e,  //............%@% 
  0x00, 0x00, 0x00, 0x3e, 0xc2, 0xb0, 0x00, 0x00, 0x00, 0x00, 0x00, 0x00, 0xa6, 0xff, 0x8e,  //....@%......%@% 
  0x00, 0x00, 0x00, 0x52, 0xff, 0xe6, 0x00, 0x00, 0x00, 0x00, 0x00, 0x00, 0x68, 0x9e, 0x58,  //...+@@......+%+ 
  0x00, 0x00, 0x00, 0x52, 0xff, 0xe6, 0x00, 0x00, 0x00, 0x00, 0x00, 0x00, 0x00, 0x00, 0x00,  //...+@@......... 
  0x00, 0x00, 0x00, 0x52, 0xff, 0xff, 0xfa, 0xfa, 0xfa, 0xfa, 0xfa, 0xfa, 0xfa, 0xfa, 0xca,  //...+@@@@@@@@@@@ 
  0x00, 0x00, 0x00, 0x4a, 0xe6, 0xe6, 0xe6, 0xe6, 0xe6, 0xe6, 0xe6, 0xe6, 0xe6, 0xe6, 0xba,  //...+@@@@@@@@@@% 
  0x00, 0x00, 0x00, 0x00, 0x00, 0x00, 0x00, 0x00, 0x00, 0x00, 0x00, 0x00, 0x00, 0x00, 0x00,  //............... 


  /*Unicode: U+b420 (될) , Width: 15 */
  0x00, 0x00, 0x00, 0x00, 0x00, 0x00, 0x00, 0x00, 0x00, 0x00, 0x00, 0x00, 0x00, 0x00, 0x00,  //............... 
  0x00, 0x00, 0x02, 0x02, 0x02, 0x02, 0x02, 0x02, 0x02, 0x02, 0x00, 0x00, 0x5a, 0x86, 0x48,  //............+%+ 
  0x00, 0x00, 0xe2, 0xff, 0xff, 0xff, 0xff, 0xff, 0xff, 0xff, 0x3a, 0x00, 0xaa, 0xff, 0x8a,  //..@@@@@@@@..%@% 
  0x00, 0x00, 0xe2, 0xff, 0xce, 0xb6, 0xb6, 0xb6, 0xb6, 0xb6, 0x2a, 0x00, 0xaa, 0xff, 0x8a,  //..@@@%%%%%..%@% 
  0x00, 0x00, 0xe2, 0xff, 0x56, 0x00, 0x00, 0x00, 0x00, 0x00, 0x00, 0x00, 0xaa, 0xff, 0x8a,  //..@@+.......%@% 
  0x00, 0x00, 0xe2, 0xff, 0xba, 0x96, 0x96, 0x96, 0x96, 0x96, 0x40, 0x00, 0xaa, 0xff, 0x8a,  //..@@%%%%%%+.%@% 
  0x00, 0x00, 0xe2, 0xff, 0xff, 0xff, 0xff, 0xff, 0xff, 0xff, 0x6e, 0x00, 0xaa, 0xff, 0x8a,  //..@@@@@@@@+.%@% 
  0x00, 0x00, 0x1a, 0x1e, 0x1e, 0xd0, 0xff, 0x72, 0x1e, 0x1e, 0x0c, 0x00, 0xaa, 0xff, 0x8a,  //.....@@+....%@% 
  0x38, 0x7a, 0x7a, 0x7a, 0x7c, 0xe4, 0xff, 0xc0, 0xa6, 0xb4, 0xca, 0xc6, 0xaa, 0xff, 0x8a,  //.++++@@@%%@@%@% 
  0x76, 0xff, 0xff, 0xff, 0xff, 0xff, 0xff, 0xff, 0xff, 0xf4, 0xde, 0xac, 0xaa, 0xff, 0x8a,  //+@@@@@@@@@@%%@% 
  0x1a, 0x3a, 0x3a, 0x3a, 0x34, 0x2e, 0x24, 0x18, 0x08, 0x00, 0x00, 0x00, 0x36, 0x52, 0x2c,  //.............+. 
  0x00, 0x00, 0x00, 0x5a, 0xf2, 0xf2, 0xf2, 0xf2, 0xf2, 0xf2, 0xf2, 0xf2, 0xf2, 0xf2, 0x80,  //...+@@@@@@@@@@% 
  0x00, 0x00, 0x00, 0x4c, 0xce, 0xce, 0xce, 0xce, 0xce, 0xce, 0xce, 0xce, 0xee, 0xff, 0x86,  //...+@@@@@@@@@@% 
  0x00, 0x00, 0x00, 0x22, 0x5e, 0x5e, 0x5e, 0x5e, 0x5e, 0x5e, 0x5e, 0x5e, 0xca, 0xff, 0x86,  //....++++++++@@% 
  0x00, 0x00, 0x00, 0x5e, 0xff, 0xff, 0xff, 0xff, 0xff, 0xff, 0xff, 0xff, 0xff, 0xff, 0x86,  //...+@@@@@@@@@@% 
  0x00, 0x00, 0x00, 0x5e, 0xff, 0xe0, 0x52, 0x52, 0x52, 0x52, 0x52, 0x52, 0x52, 0x52, 0x2a,  //...+@@++++++++. 
  0x00, 0x00, 0x00, 0x5e, 0xff, 0xf6, 0xca, 0xca, 0xca, 0xca, 0xca, 0xca, 0xca, 0xca, 0xb4,  //...+@@@@@@@@@@% 
  0x00, 0x00, 0x00, 0x5c, 0xfa, 0xfa, 0xfa, 0xfa, 0xfa, 0xfa, 0xfa, 0xfa, 0xfa, 0xfa, 0xde,  //...+@@@@@@@@@@@ 
  0x00, 0x00, 0x00, 0x00, 0x00, 0x00, 0x00, 0x00, 0x00, 0x00, 0x00, 0x00, 0x00, 0x00, 0x00,  //............... 


  /*Unicode: U+b429 (됩) , Width: 15 */
  0x00, 0x00, 0x00, 0x00, 0x00, 0x00, 0x00, 0x00, 0x00, 0x00, 0x00, 0x00, 0x00, 0x00, 0x00,  //............... 
  0x00, 0x00, 0x00, 0x00, 0x00, 0x00, 0x00, 0x00, 0x00, 0x00, 0x00, 0x00, 0x52, 0x7a, 0x42,  //............+++ 
  0x00, 0x00, 0xe2, 0xff, 0xff, 0xff, 0xff, 0xff, 0xff, 0xff, 0x3a, 0x00, 0xaa, 0xff, 0x8a,  //..@@@@@@@@..%@% 
  0x00, 0x00, 0xe2, 0xff, 0xda, 0xc6, 0xc6, 0xc6, 0xc6, 0xc6, 0x2c, 0x00, 0xaa, 0xff, 0x8a,  //..@@@@@@@@..%@% 
  0x00, 0x00, 0xe2, 0xff, 0x56, 0x00, 0x00, 0x00, 0x00, 0x00, 0x00, 0x00, 0xaa, 0xff, 0x8a,  //..@@+.......%@% 
  0x00, 0x00, 0xe2, 0xff, 0x7a, 0x36, 0x36, 0x36, 0x36, 0x36, 0x16, 0x00, 0xaa, 0xff, 0x8a,  //..@@+.......%@% 
  0x00, 0x00, 0xe2, 0xff, 0xff, 0xff, 0xff, 0xff, 0xff, 0xff, 0x6e, 0x00, 0xaa, 0xff, 0x8a,  //..@@@@@@@@+.%@% 
  0x00, 0x00, 0x78, 0x86, 0x86, 0xe6, 0xff, 0xb4, 0x86, 0x86, 0x3a, 0x00, 0xaa, 0xff, 0x8a,  //..+%%@@%%%..%@% 
  0x00, 0x00, 0x00, 0x00, 0x00, 0xca, 0xff, 0x6a, 0x1e, 0x2c, 0x42, 0x4e, 0xaa, 0xff, 0x8a,  //.....@@+..++%@% 
  0x70, 0xf2, 0xf2, 0xf2, 0xf4, 0xfc, 0xff, 0xff, 0xff, 0xff, 0xff, 0xde, 0xaa, 0xff, 0x8a,  //+@@@@@@@@@@@%@% 
  0x60, 0xce, 0xce, 0xce, 0xca, 0xc6, 0xbc, 0xb0, 0xa0, 0x8c, 0x76, 0x52, 0x9a, 0xe6, 0x7c,  //+@@@@@%%%%++%@+ 
  0x00, 0x00, 0x00, 0x16, 0x42, 0x3a, 0x00, 0x00, 0x00, 0x00, 0x00, 0x00, 0x4c, 0x72, 0x3c,  //....+.......++. 
  0x00, 0x00, 0x00, 0x56, 0xff, 0xde, 0x00, 0x00, 0x00, 0x00, 0x00, 0x00, 0xaa, 0xff, 0x86,  //...+@@......%@% 
  0x00, 0x00, 0x00, 0x56, 0xff, 0xff, 0xff, 0xff, 0xff, 0xff, 0xff, 0xff, 0xff, 0xff, 0x86,  //...+@@@@@@@@@@% 
  0x00, 0x00, 0x00, 0x56, 0xff, 0xf6, 0xc6, 0xc6, 0xc6, 0xc6, 0xc6, 0xc6, 0xec, 0xff, 0x86,  //...+@@@@@@@@@@% 
  0x00, 0x00, 0x00, 0x56, 0xff, 0xda, 0x00, 0x00, 0x00, 0x00, 0x00, 0x00, 0xaa, 0xff, 0x86,  //...+@@......%@% 
  0x00, 0x00, 0x00, 0x56, 0xff, 0xfa, 0xe2, 0xe2, 0xe2, 0xe2, 0xe2, 0xe2, 0xf4, 0xff, 0x86,  //...+@@@@@@@@@@% 
  0x00, 0x00, 0x00, 0x50, 0xee, 0xee, 0xee, 0xee, 0xee, 0xee, 0xee, 0xee, 0xee, 0xee, 0x7e,  //...+@@@@@@@@@@+ 
  0x00, 0x00, 0x00, 0x00, 0x00, 0x00, 0x00, 0x00, 0x00, 0x00, 0x00, 0x00, 0x00, 0x00, 0x00,  //............... 


  /*Unicode: U+b4dc (드) , Width: 16 */
  0x00, 0x00, 0x00, 0x00, 0x00, 0x00, 0x00, 0x00, 0x00, 0x00, 0x00, 0x00, 0x00, 0x00, 0x00, 0x00,  //................ 
  0x00, 0x00, 0x00, 0x00, 0x00, 0x00, 0x00, 0x00, 0x00, 0x00, 0x00, 0x00, 0x00, 0x00, 0x00, 0x00,  //................ 
  0x00, 0x00, 0x00, 0x00, 0x00, 0x00, 0x00, 0x00, 0x00, 0x00, 0x00, 0x00, 0x00, 0x00, 0x00, 0x00,  //................ 
  0x00, 0x00, 0x2c, 0xb2, 0xb2, 0xb2, 0xb2, 0xb2, 0xb2, 0xb2, 0xb2, 0xb2, 0xb2, 0x3a, 0x00, 0x00,  //...%%%%%%%%%%... 
  0x00, 0x00, 0x3e, 0xff, 0xff, 0xff, 0xff, 0xff, 0xff, 0xff, 0xff, 0xff, 0xff, 0x52, 0x00, 0x00,  //...@@@@@@@@@@+.. 
  0x00, 0x00, 0x3e, 0xff, 0xfa, 0x2e, 0x2e, 0x2e, 0x2e, 0x2e, 0x2e, 0x2e, 0x2e, 0x0e, 0x00, 0x00,  //...@@........... 
  0x00, 0x00, 0x3e, 0xff, 0xfa, 0x00, 0x00, 0x00, 0x00, 0x00, 0x00, 0x00, 0x00, 0x00, 0x00, 0x00,  //...@@........... 
  0x00, 0x00, 0x3e, 0xff, 0xfa, 0x00, 0x00, 0x00, 0x00, 0x00, 0x00, 0x00, 0x00, 0x00, 0x00, 0x00,  //...@@........... 
  0x00, 0x00, 0x3e, 0xff, 0xfa, 0x00, 0x00, 0x00, 0x00, 0x00, 0x00, 0x00, 0x00, 0x00, 0x00, 0x00,  //...@@........... 
  0x00, 0x00, 0x3e, 0xff, 0xfc, 0x6a, 0x6a, 0x6a, 0x6a, 0x6a, 0x6a, 0x6a, 0x6a, 0x30, 0x00, 0x00,  //...@@++++++++... 
  0x00, 0x00, 0x3e, 0xff, 0xff, 0xff, 0xff, 0xff, 0xff, 0xff, 0xff, 0xff, 0xff, 0x76, 0x00, 0x00,  //...@@@@@@@@@@+.. 
  0x00, 0x00, 0x20, 0x82, 0x82, 0x82, 0x82, 0x82, 0x82, 0x82, 0x82, 0x82, 0x82, 0x3c, 0x00, 0x00,  //...%%%%%%%%%%... 
  0x00, 0x00, 0x00, 0x00, 0x00, 0x00, 0x00, 0x00, 0x00, 0x00, 0x00, 0x00, 0x00, 0x00, 0x00, 0x00,  //................ 
  0x00, 0x00, 0x00, 0x00, 0x00, 0x00, 0x00, 0x00, 0x00, 0x00, 0x00, 0x00, 0x00, 0x00, 0x00, 0x00,  //................ 
  0x82, 0xae, 0xae, 0xae, 0xae, 0xae, 0xae, 0xae, 0xae, 0xae, 0xae, 0xae, 0xae, 0xae, 0xae, 0x7a,  //%%%%%%%%%%%%%%%+ 
  0xbe, 0xff, 0xff, 0xff, 0xff, 0xff, 0xff, 0xff, 0xff, 0xff, 0xff, 0xff, 0xff, 0xff, 0xff, 0xb2,  //%@@@@@@@@@@@@@@% 
  0x1c, 0x26, 0x26, 0x26, 0x26, 0x26, 0x26, 0x26, 0x26, 0x26, 0x26, 0x26, 0x26, 0x26, 0x26, 0x1a,  //................ 
  0x00, 0x00, 0x00, 0x00, 0x00, 0x00, 0x00, 0x00, 0x00, 0x00, 0x00, 0x00, 0x00, 0x00, 0x00, 0x00,  //................ 
  0x00, 0x00, 0x00, 0x00, 0x00, 0x00, 0x00, 0x00, 0x00, 0x00, 0x00, 0x00, 0x00, 0x00, 0x00, 0x00,  //................ 


  /*Unicode: U+b4e0 (든) , Width: 16 */
  0x00, 0x00, 0x00, 0x00, 0x00, 0x00, 0x00, 0x00, 0x00, 0x00, 0x00, 0x00, 0x00, 0x00, 0x00, 0x00,  //................ 
  0x00, 0x00, 0x1c, 0x42, 0x42, 0x42, 0x42, 0x42, 0x42, 0x42, 0x42, 0x42, 0x42, 0x14, 0x00, 0x00,  //...++++++++++... 
  0x00, 0x00, 0x6e, 0xff, 0xff, 0xff, 0xff, 0xff, 0xff, 0xff, 0xff, 0xff, 0xff, 0x4e, 0x00, 0x00,  //..+@@@@@@@@@@+.. 
  0x00, 0x00, 0x6e, 0xff, 0xea, 0x9e, 0x9e, 0x9e, 0x9e, 0x9e, 0x9e, 0x9e, 0x9e, 0x30, 0x00, 0x00,  //..+@@%%%%%%%%... 
  0x00, 0x00, 0x6e, 0xff, 0xca, 0x00, 0x00, 0x00, 0x00, 0x00, 0x00, 0x00, 0x00, 0x00, 0x00, 0x00,  //..+@@........... 
  0x00, 0x00, 0x6e, 0xff, 0xca, 0x00, 0x00, 0x00, 0x00, 0x00, 0x00, 0x00, 0x00, 0x00, 0x00, 0x00,  //..+@@........... 
  0x00, 0x00, 0x6e, 0xff, 0xf6, 0xd2, 0xd2, 0xd2, 0xd2, 0xd2, 0xd2, 0xd2, 0xd2, 0x50, 0x00, 0x00,  //..+@@@@@@@@@@+.. 
  0x00, 0x00, 0x6e, 0xff, 0xff, 0xff, 0xff, 0xff, 0xff, 0xff, 0xff, 0xff, 0xff, 0x62, 0x00, 0x00,  //..+@@@@@@@@@@+.. 
  0x00, 0x00, 0x00, 0x02, 0x02, 0x02, 0x02, 0x02, 0x02, 0x02, 0x02, 0x02, 0x02, 0x00, 0x00, 0x00,  //................ 
  0x74, 0x82, 0x82, 0x82, 0x82, 0x82, 0x82, 0x82, 0x82, 0x82, 0x82, 0x82, 0x82, 0x82, 0x82, 0x74,  //+%%%%%%%%%%%%%%+ 
  0xe2, 0xff, 0xff, 0xff, 0xff, 0xff, 0xff, 0xff, 0xff, 0xff, 0xff, 0xff, 0xff, 0xff, 0xff, 0xe2,  //@@@@@@@@@@@@@@@@ 
  0x50, 0x5a, 0x5a, 0x5a, 0x5a, 0x5a, 0x5a, 0x5a, 0x5a, 0x5a, 0x5a, 0x5a, 0x5a, 0x5a, 0x5a, 0x50,  //++++++++++++++++ 
  0x00, 0x00, 0x1c, 0x42, 0x32, 0x00, 0x00, 0x00, 0x00, 0x00, 0x00, 0x00, 0x00, 0x00, 0x00, 0x00,  //...+............ 
  0x00, 0x00, 0x6e, 0xff, 0xbe, 0x00, 0x00, 0x00, 0x00, 0x00, 0x00, 0x00, 0x00, 0x00, 0x00, 0x00,  //..+@%........... 
  0x00, 0x00, 0x6e, 0xff, 0xbe, 0x00, 0x00, 0x00, 0x00, 0x00, 0x00, 0x00, 0x00, 0x00, 0x00, 0x00,  //..+@%........... 
  0x00, 0x00, 0x6e, 0xff, 0xca, 0x2a, 0x2a, 0x2a, 0x2a, 0x2a, 0x2a, 0x2a, 0x2a, 0x1e, 0x00, 0x00,  //..+@@........... 
  0x00, 0x00, 0x6e, 0xff, 0xff, 0xff, 0xff, 0xff, 0xff, 0xff, 0xff, 0xff, 0xff, 0xba, 0x00, 0x00,  //..+@@@@@@@@@@%.. 
  0x00, 0x00, 0x4e, 0xb6, 0xb6, 0xb6, 0xb6, 0xb6, 0xb6, 0xb6, 0xb6, 0xb6, 0xb6, 0x86, 0x00, 0x00,  //..+%%%%%%%%%%%.. 
  0x00, 0x00, 0x00, 0x00, 0x00, 0x00, 0x00, 0x00, 0x00, 0x00, 0x00, 0x00, 0x00, 0x00, 0x00, 0x00,  //................ 


  /*Unicode: U+b514 (디) , Width: 14 */
  0x00, 0x00, 0x00, 0x00, 0x00, 0x00, 0x00, 0x00, 0x00, 0x00, 0x00, 0x00, 0x00, 0x00,  //.............. 
  0x00, 0x00, 0x00, 0x00, 0x00, 0x00, 0x00, 0x00, 0x00, 0x00, 0x0a, 0x9e, 0x9e, 0x18,  //...........%%. 
  0x24, 0x3a, 0x3a, 0x3a, 0x3a, 0x3a, 0x3a, 0x3a, 0x10, 0x00, 0x12, 0xff, 0xff, 0x26,  //...........@@. 
  0xa2, 0xff, 0xff, 0xff, 0xff, 0xff, 0xff, 0xff, 0x4e, 0x00, 0x12, 0xff, 0xff, 0x26,  //%@@@@@@@+..@@. 
  0xa2, 0xff, 0xde, 0xaa, 0xaa, 0xaa, 0xaa, 0xaa, 0x34, 0x00, 0x12, 0xff, 0xff, 0x26,  //%@@%%%%%...@@. 
  0xa2, 0xff, 0x9e, 0x00, 0x00, 0x00, 0x00, 0x00, 0x00, 0x00, 0x12, 0xff, 0xff, 0x26,  //%@%........@@. 
  0xa2, 0xff, 0x9e, 0x00, 0x00, 0x00, 0x00, 0x00, 0x00, 0x00, 0x12, 0xff, 0xff, 0x26,  //%@%........@@. 
  0xa2, 0xff, 0x9e, 0x00, 0x00, 0x00, 0x00, 0x00, 0x00, 0x00, 0x12, 0xff, 0xff, 0x26,  //%@%........@@. 
  0xa2, 0xff, 0x9e, 0x00, 0x00, 0x00, 0x00, 0x00, 0x00, 0x00, 0x12, 0xff, 0xff, 0x26,  //%@%........@@. 
  0xa2, 0xff, 0x9e, 0x00, 0x00, 0x00, 0x00, 0x00, 0x00, 0x00, 0x12, 0xff, 0xff, 0x26,  //%@%........@@. 
  0xa2, 0xff, 0x9e, 0x00, 0x00, 0x00, 0x00, 0x00, 0x00, 0x00, 0x12, 0xff, 0xff, 0x26,  //%@%........@@. 
  0xa2, 0xff, 0x9e, 0x00, 0x00, 0x10, 0x24, 0x3a, 0x62, 0x8e, 0x40, 0xff, 0xff, 0x26,  //%@%.....+%+@@. 
  0xa2, 0xff, 0xfc, 0xfa, 0xfc, 0xff, 0xff, 0xff, 0xff, 0xff, 0x56, 0xff, 0xff, 0x26,  //%@@@@@@@@@+@@. 
  0x96, 0xea, 0xea, 0xea, 0xe6, 0xdc, 0xc8, 0xac, 0x86, 0x54, 0x1e, 0xff, 0xff, 0x26,  //%@@@@@@%%+.@@. 
  0x00, 0x00, 0x00, 0x00, 0x00, 0x00, 0x00, 0x00, 0x00, 0x00, 0x12, 0xff, 0xff, 0x26,  //...........@@. 
  0x00, 0x00, 0x00, 0x00, 0x00, 0x00, 0x00, 0x00, 0x00, 0x00, 0x12, 0xff, 0xff, 0x26,  //...........@@. 
  0x00, 0x00, 0x00, 0x00, 0x00, 0x00, 0x00, 0x00, 0x00, 0x00, 0x12, 0xff, 0xff, 0x26,  //...........@@. 
  0x00, 0x00, 0x00, 0x00, 0x00, 0x00, 0x00, 0x00, 0x00, 0x00, 0x12, 0xff, 0xff, 0x26,  //...........@@. 
  0x00, 0x00, 0x00, 0x00, 0x00, 0x00, 0x00, 0x00, 0x00, 0x00, 0x00, 0x0e, 0x0e, 0x00,  //.............. 


  /*Unicode: U+b77d (락) , Width: 16 */
  0x00, 0x00, 0x00, 0x00, 0x00, 0x00, 0x00, 0x00, 0x00, 0x00, 0x00, 0x00, 0x00, 0x00, 0x00, 0x00,  //................ 
  0x00, 0x0a, 0x0a, 0x0a, 0x0a, 0x0a, 0x0a, 0x0a, 0x04, 0x00, 0x00, 0x84, 0xa2, 0x3e, 0x00, 0x00,  //...........%%... 
  0x0e, 0xff, 0xff, 0xff, 0xff, 0xff, 0xff, 0xff, 0x6e, 0x00, 0x00, 0xce, 0xff, 0x62, 0x00, 0x00,  //.@@@@@@@+..@@+.. 
  0x0a, 0xc2, 0xc2, 0xc2, 0xc2, 0xc2, 0xf0, 0xff, 0x6e, 0x00, 0x00, 0xce, 0xff, 0x62, 0x00, 0x00,  //.@@@@@@@+..@@+.. 
  0x00, 0x00, 0x00, 0x00, 0x00, 0x00, 0xc6, 0xff, 0x6e, 0x00, 0x00, 0xce, 0xff, 0x62, 0x00, 0x00,  //......@@+..@@+.. 
  0x04, 0x92, 0x92, 0x92, 0x92, 0x92, 0xe6, 0xff, 0x6e, 0x00, 0x00, 0xce, 0xff, 0xec, 0xe2, 0xcc,  //.%%%%%@@+..@@@@@ 
  0x0a, 0xff, 0xff, 0xff, 0xff, 0xff, 0xff, 0xff, 0x6e, 0x00, 0x00, 0xce, 0xff, 0xf6, 0xf2, 0xdc,  //.@@@@@@@+..@@@@@ 
  0x0a, 0xff, 0xff, 0x52, 0x2e, 0x2e, 0x2e, 0x2e, 0x14, 0x00, 0x00, 0xce, 0xff, 0x62, 0x00, 0x00,  //.@@+.......@@+.. 
  0x0a, 0xff, 0xff, 0x30, 0x08, 0x0e, 0x1a, 0x34, 0x5c, 0x8c, 0x82, 0xce, 0xff, 0x62, 0x00, 0x00,  //.@@.....+%%@@+.. 
  0x0a, 0xff, 0xff, 0xff, 0xff, 0xff, 0xff, 0xff, 0xff, 0xff, 0xb6, 0xce, 0xff, 0x62, 0x00, 0x00,  //.@@@@@@@@@%@@+.. 
  0x08, 0xbe, 0xbe, 0xbe, 0xba, 0xb4, 0xa4, 0x8c, 0x64, 0x38, 0x0c, 0xce, 0xff, 0x62, 0x00, 0x00,  //.%%%%%%%+..@@+.. 
  0x00, 0x00, 0x00, 0x00, 0x00, 0x00, 0x00, 0x00, 0x00, 0x00, 0x00, 0x70, 0x8a, 0x34, 0x00, 0x00,  //...........+%... 
  0x00, 0x00, 0x40, 0xbe, 0xbe, 0xbe, 0xbe, 0xbe, 0xbe, 0xbe, 0xbe, 0xbe, 0xbe, 0x4a, 0x00, 0x00,  //..+%%%%%%%%%%+.. 
  0x00, 0x00, 0x56, 0xff, 0xff, 0xff, 0xff, 0xff, 0xff, 0xff, 0xff, 0xff, 0xff, 0x62, 0x00, 0x00,  //..+@@@@@@@@@@+.. 
  0x00, 0x00, 0x08, 0x1a, 0x1a, 0x1a, 0x1a, 0x1a, 0x1a, 0x1a, 0x1a, 0xd4, 0xff, 0x62, 0x00, 0x00,  //...........@@+.. 
  0x00, 0x00, 0x00, 0x00, 0x00, 0x00, 0x00, 0x00, 0x00, 0x00, 0x00, 0xce, 0xff, 0x62, 0x00, 0x00,  //...........@@+.. 
  0x00, 0x00, 0x00, 0x00, 0x00, 0x00, 0x00, 0x00, 0x00, 0x00, 0x00, 0xce, 0xff, 0x62, 0x00, 0x00,  //...........@@+.. 
  0x00, 0x00, 0x00, 0x00, 0x00, 0x00, 0x00, 0x00, 0x00, 0x00, 0x00, 0xce, 0xff, 0x62, 0x00, 0x00,  //...........@@+.. 
  0x00, 0x00, 0x00, 0x00, 0x00, 0x00, 0x00, 0x00, 0x00, 0x00, 0x00, 0x0e, 0x12, 0x06, 0x00, 0x00,  //................ 


  /*Unicode: U+b78d (랍) , Width: 16 */
  0x00, 0x00, 0x00, 0x00, 0x00, 0x00, 0x00, 0x00, 0x00, 0x00, 0x00, 0x00, 0x00, 0x00, 0x00, 0x00,  //................ 
  0x00, 0x00, 0x00, 0x00, 0x00, 0x00, 0x00, 0x00, 0x00, 0x00, 0x00, 0x62, 0x7a, 0x2e, 0x00, 0x00,  //...........++... 
  0x0c, 0xe2, 0xe2, 0xe2, 0xe2, 0xe2, 0xe2, 0xe2, 0x62, 0x00, 0x00, 0xce, 0xff, 0x62, 0x00, 0x00,  //.@@@@@@@+..@@+.. 
  0x0c, 0xde, 0xde, 0xde, 0xde, 0xde, 0xf8, 0xff, 0x6e, 0x00, 0x00, 0xce, 0xff, 0x62, 0x00, 0x00,  //.@@@@@@@+..@@+.. 
  0x00, 0x00, 0x00, 0x00, 0x00, 0x00, 0xc6, 0xff, 0x6e, 0x00, 0x00, 0xce, 0xff, 0x78, 0x22, 0x1e,  //......@@+..@@+.. 
  0x06, 0x9a, 0x9a, 0x9a, 0x9a, 0x9a, 0xe8, 0xff, 0x6e, 0x00, 0x00, 0xce, 0xff, 0xff, 0xff, 0xe6,  //.%%%%%@@+..@@@@@ 
  0x0a, 0xff, 0xff, 0xff, 0xff, 0xff, 0xff, 0xff, 0x6e, 0x00, 0x00, 0xce, 0xff, 0xd4, 0xba, 0xa8,  //.@@@@@@@+..@@@%% 
  0x0a, 0xff, 0xff, 0x30, 0x06, 0x06, 0x06, 0x06, 0x02, 0x00, 0x00, 0xce, 0xff, 0x62, 0x00, 0x00,  //.@@........@@+.. 
  0x0a, 0xff, 0xff, 0x86, 0x6e, 0x72, 0x7c, 0x8e, 0xac, 0xd2, 0xac, 0xce, 0xff, 0x62, 0x00, 0x00,  //.@@%+++%%@%@@+.. 
  0x0a, 0xff, 0xff, 0xff, 0xff, 0xff, 0xff, 0xff, 0xff, 0xe6, 0x88, 0xce, 0xff, 0x62, 0x00, 0x00,  //.@@@@@@@@@%@@+.. 
  0x02, 0x4a, 0x4a, 0x4a, 0x48, 0x46, 0x3c, 0x2a, 0x0c, 0x00, 0x00, 0x84, 0xa2, 0x3e, 0x00, 0x00,  //.+++++.....%%... 
  0x00, 0x00, 0x08, 0x8e, 0x8e, 0x16, 0x00, 0x00, 0x00, 0x00, 0x00, 0x88, 0xaa, 0x42, 0x00, 0x00,  //...%%......%%+.. 
  0x00, 0x00, 0x0e, 0xff, 0xff, 0x5c, 0x3a, 0x3a, 0x3a, 0x3a, 0x3a, 0xd6, 0xff, 0x62, 0x00, 0x00,  //...@@+.....@@+.. 
  0x00, 0x00, 0x0e, 0xff, 0xff, 0xff, 0xff, 0xff, 0xff, 0xff, 0xff, 0xff, 0xff, 0x62, 0x00, 0x00,  //...@@@@@@@@@@+.. 
  0x00, 0x00, 0x0e, 0xff, 0xff, 0x9c, 0x8a, 0x8a, 0x8a, 0x8a, 0x8a, 0xe6, 0xff, 0x62, 0x00, 0x00,  //...@@%%%%%%@@+.. 
  0x00, 0x00, 0x0e, 0xff, 0xff, 0x26, 0x00, 0x00, 0x00, 0x00, 0x00, 0xca, 0xff, 0x62, 0x00, 0x00,  //...@@......@@+.. 
  0x00, 0x00, 0x0e, 0xff, 0xff, 0xea, 0xe6, 0xe6, 0xe6, 0xe6, 0xe6, 0xfa, 0xff, 0x62, 0x00, 0x00,  //...@@@@@@@@@@+.. 
  0x00, 0x00, 0x0e, 0xee, 0xee, 0xee, 0xee, 0xee, 0xee, 0xee, 0xee, 0xee, 0xee, 0x5c, 0x00, 0x00,  //...@@@@@@@@@@+.. 
  0x00, 0x00, 0x00, 0x00, 0x00, 0x00, 0x00, 0x00, 0x00, 0x00, 0x00, 0x00, 0x00, 0x00, 0x00, 0x00,  //................ 


  /*Unicode: U+b79c (랜) , Width: 14 */
  0x00, 0x00, 0x00, 0x00, 0x00, 0x00, 0x00, 0x00, 0x00, 0x00, 0x00, 0x00, 0x00, 0x00,  //.............. 
  0x00, 0x00, 0x00, 0x00, 0x00, 0x00, 0x00, 0x00, 0x40, 0x42, 0x04, 0x3c, 0x72, 0x3e,  //........++..+. 
  0x64, 0x7e, 0x7e, 0x7e, 0x7e, 0x7e, 0x24, 0x00, 0xf6, 0xff, 0x16, 0x86, 0xff, 0x8a,  //++++++..@@.%@% 
  0xca, 0xff, 0xff, 0xff, 0xff, 0xff, 0x4a, 0x00, 0xf6, 0xff, 0x16, 0x86, 0xff, 0x8a,  //@@@@@@+.@@.%@% 
  0x40, 0x52, 0x52, 0x52, 0xe0, 0xff, 0x4a, 0x00, 0xf6, 0xff, 0x16, 0x86, 0xff, 0x8a,  //++++@@+.@@.%@% 
  0x00, 0x00, 0x00, 0x00, 0xd2, 0xff, 0x4a, 0x00, 0xf6, 0xff, 0x34, 0x96, 0xff, 0x8a,  //....@@+.@@.%@% 
  0xa6, 0xda, 0xda, 0xda, 0xf8, 0xff, 0x4a, 0x00, 0xf6, 0xff, 0xff, 0xff, 0xff, 0x8a,  //%@@@@@+.@@@@@% 
  0xc2, 0xff, 0xe8, 0xd6, 0xd6, 0xd6, 0x3e, 0x00, 0xf6, 0xff, 0xa4, 0xd0, 0xff, 0x8a,  //@@@@@@..@@%@@% 
  0xc2, 0xff, 0x76, 0x00, 0x00, 0x00, 0x00, 0x00, 0xf6, 0xff, 0x16, 0x86, 0xff, 0x8a,  //@@+.....@@.%@% 
  0xc2, 0xff, 0x94, 0x3c, 0x48, 0x5c, 0x88, 0x72, 0xf6, 0xff, 0x16, 0x86, 0xff, 0x8a,  //@@%.++%+@@.%@% 
  0xc2, 0xff, 0xff, 0xff, 0xff, 0xff, 0xff, 0xa6, 0xf6, 0xff, 0x16, 0x86, 0xff, 0x8a,  //@@@@@@@%@@.%@% 
  0x7c, 0xa2, 0x9c, 0x94, 0x8a, 0x70, 0x44, 0x14, 0xf6, 0xff, 0x16, 0x86, 0xff, 0x8a,  //+%%%%++.@@.%@% 
  0x00, 0x00, 0x00, 0x02, 0x02, 0x00, 0x00, 0x00, 0xf6, 0xff, 0x16, 0x86, 0xff, 0x8a,  //........@@.%@% 
  0x00, 0x00, 0x1e, 0xff, 0xff, 0x1e, 0x00, 0x00, 0xb8, 0xbe, 0x10, 0x86, 0xff, 0x8a,  //...@@...%%.%@% 
  0x00, 0x00, 0x1e, 0xff, 0xff, 0x1e, 0x00, 0x00, 0x00, 0x00, 0x00, 0x0a, 0x16, 0x0c,  //...@@......... 
  0x00, 0x00, 0x1e, 0xff, 0xff, 0x1e, 0x00, 0x00, 0x00, 0x00, 0x00, 0x00, 0x00, 0x00,  //...@@......... 
  0x00, 0x00, 0x1e, 0xff, 0xff, 0xfa, 0xfa, 0xfa, 0xfa, 0xfa, 0xfa, 0xfa, 0xfa, 0xc6,  //...@@@@@@@@@@@ 
  0x00, 0x00, 0x1c, 0xe6, 0xe6, 0xe6, 0xe6, 0xe6, 0xe6, 0xe6, 0xe6, 0xe6, 0xe6, 0xb6,  //...@@@@@@@@@@% 
  0x00, 0x00, 0x00, 0x00, 0x00, 0x00, 0x00, 0x00, 0x00, 0x00, 0x00, 0x00, 0x00, 0x00,  //.............. 


  /*Unicode: U+b7c9 (량) , Width: 16 */
  0x00, 0x00, 0x00, 0x00, 0x00, 0x00, 0x00, 0x00, 0x00, 0x00, 0x00, 0x00, 0x00, 0x00, 0x00, 0x00,  //................ 
  0x00, 0x16, 0x16, 0x16, 0x16, 0x16, 0x16, 0x16, 0x08, 0x00, 0x00, 0x8e, 0xae, 0x42, 0x00, 0x00,  //...........%%+.. 
  0x0e, 0xff, 0xff, 0xff, 0xff, 0xff, 0xff, 0xff, 0x6e, 0x00, 0x00, 0xce, 0xff, 0x62, 0x00, 0x00,  //.@@@@@@@+..@@+.. 
  0x08, 0xaa, 0xaa, 0xaa, 0xaa, 0xaa, 0xec, 0xff, 0x6e, 0x00, 0x00, 0xce, 0xff, 0xd2, 0xb6, 0x96,  //.%%%%%@@+..@@@%% 
  0x00, 0x00, 0x00, 0x00, 0x00, 0x00, 0xc6, 0xff, 0x6e, 0x00, 0x00, 0xce, 0xff, 0xff, 0xff, 0xd2,  //......@@+..@@@@@ 
  0x06, 0x9a, 0x9a, 0x9a, 0x9a, 0x9a, 0xe8, 0xff, 0x6e, 0x00, 0x00, 0xce, 0xff, 0x70, 0x1a, 0x16,  //.%%%%%@@+..@@+.. 
  0x0a, 0xff, 0xff, 0xff, 0xff, 0xff, 0xff, 0xff, 0x6e, 0x00, 0x00, 0xce, 0xff, 0x6e, 0x16, 0x12,  //.@@@@@@@+..@@+.. 
  0x0a, 0xff, 0xff, 0x3a, 0x12, 0x12, 0x12, 0x12, 0x06, 0x00, 0x00, 0xce, 0xff, 0xff, 0xff, 0xd2,  //.@@........@@@@@ 
  0x0a, 0xff, 0xff, 0x44, 0x1e, 0x24, 0x32, 0x48, 0x70, 0x9e, 0x8e, 0xce, 0xff, 0xd8, 0xbe, 0x9e,  //.@@+...++%%@@@%% 
  0x0a, 0xff, 0xff, 0xff, 0xff, 0xff, 0xff, 0xff, 0xff, 0xff, 0xb4, 0xce, 0xff, 0x62, 0x00, 0x00,  //.@@@@@@@@@%@@+.. 
  0x06, 0xaa, 0xaa, 0xaa, 0xa8, 0xa0, 0x92, 0x7c, 0x5c, 0x32, 0x04, 0xce, 0xff, 0x62, 0x00, 0x00,  //.%%%%%%++..@@+.. 
  0x00, 0x00, 0x00, 0x00, 0x00, 0x02, 0x26, 0x3e, 0x42, 0x30, 0x0a, 0x7c, 0x9a, 0x3a, 0x00, 0x00,  //........+..+%... 
  0x00, 0x00, 0x00, 0x12, 0x94, 0xee, 0xff, 0xff, 0xff, 0xff, 0xfa, 0xb4, 0x32, 0x00, 0x00, 0x00,  //....%@@@@@@%.... 
  0x00, 0x00, 0x0a, 0xd6, 0xff, 0xee, 0xa4, 0x84, 0x7a, 0x92, 0xdc, 0xff, 0xf6, 0x34, 0x00, 0x00,  //...@@@%%+%@@@... 
  0x00, 0x00, 0x54, 0xff, 0xf2, 0x18, 0x00, 0x00, 0x00, 0x00, 0x04, 0xbe, 0xff, 0xa4, 0x00, 0x00,  //..+@@......%@%.. 
  0x00, 0x00, 0x4c, 0xff, 0xf6, 0x2a, 0x00, 0x00, 0x00, 0x00, 0x0e, 0xcc, 0xff, 0x9c, 0x00, 0x00,  //..+@@......@@%.. 
  0x00, 0x00, 0x04, 0xc4, 0xff, 0xfa, 0xc0, 0x9e, 0x96, 0xae, 0xf0, 0xff, 0xec, 0x28, 0x00, 0x00,  //...@@@@%%%@@@... 
  0x00, 0x00, 0x00, 0x06, 0x72, 0xce, 0xfa, 0xff, 0xff, 0xff, 0xe0, 0x92, 0x1c, 0x00, 0x00, 0x00,  //....+@@@@@@%.... 
  0x00, 0x00, 0x00, 0x00, 0x00, 0x00, 0x04, 0x18, 0x1a, 0x0a, 0x00, 0x00, 0x00, 0x00, 0x00, 0x00,  //................ 


  /*Unicode: U+b7ec (러) , Width: 14 */
  0x00, 0x00, 0x00, 0x00, 0x00, 0x00, 0x00, 0x00, 0x00, 0x00, 0x00, 0x00, 0x00, 0x00,  //.............. 
  0x00, 0x00, 0x00, 0x00, 0x00, 0x00, 0x00, 0x00, 0x00, 0x00, 0x0a, 0x9e, 0x9e, 0x18,  //...........%%. 
  0x42, 0x52, 0x52, 0x52, 0x52, 0x52, 0x52, 0x22, 0x00, 0x00, 0x12, 0xff, 0xff, 0x26,  //+++++++....@@. 
  0xce, 0xff, 0xff, 0xff, 0xff, 0xff, 0xff, 0x6e, 0x00, 0x00, 0x12, 0xff, 0xff, 0x26,  //@@@@@@@+...@@. 
  0x74, 0x8e, 0x8e, 0x8e, 0x8e, 0xec, 0xff, 0x6e, 0x00, 0x00, 0x12, 0xff, 0xff, 0x26,  //+%%%%@@+...@@. 
  0x00, 0x00, 0x00, 0x00, 0x00, 0xd6, 0xff, 0x6e, 0x00, 0x00, 0x12, 0xff, 0xff, 0x26,  //.....@@+...@@. 
  0x00, 0x00, 0x00, 0x00, 0x00, 0xd6, 0xff, 0x6e, 0x00, 0x00, 0x12, 0xff, 0xff, 0x26,  //.....@@+...@@. 
  0x80, 0xa2, 0xa2, 0xa2, 0xa2, 0xf0, 0xff, 0x6e, 0x78, 0xfa, 0xfa, 0xff, 0xff, 0x26,  //%%%%%@@++@@@@. 
  0xca, 0xff, 0xff, 0xff, 0xff, 0xff, 0xff, 0x6e, 0x6e, 0xe6, 0xe8, 0xff, 0xff, 0x26,  //@@@@@@@++@@@@. 
  0xca, 0xff, 0x90, 0x36, 0x36, 0x36, 0x36, 0x16, 0x00, 0x00, 0x12, 0xff, 0xff, 0x26,  //@@%........@@. 
  0xca, 0xff, 0x72, 0x00, 0x00, 0x00, 0x00, 0x00, 0x00, 0x00, 0x12, 0xff, 0xff, 0x26,  //@@+........@@. 
  0xca, 0xff, 0x72, 0x00, 0x00, 0x00, 0x00, 0x00, 0x1e, 0x3a, 0x12, 0xff, 0xff, 0x26,  //@@+........@@. 
  0xca, 0xff, 0xcc, 0xa2, 0xae, 0xc0, 0xd0, 0xf0, 0xff, 0xd2, 0x12, 0xff, 0xff, 0x26,  //@@@%%@@@@@.@@. 
  0xca, 0xff, 0xff, 0xff, 0xff, 0xff, 0xff, 0xe8, 0xc0, 0x78, 0x12, 0xff, 0xff, 0x26,  //@@@@@@@@@+.@@. 
  0x2e, 0x3a, 0x3a, 0x38, 0x2e, 0x20, 0x08, 0x00, 0x00, 0x00, 0x12, 0xff, 0xff, 0x26,  //...........@@. 
  0x00, 0x00, 0x00, 0x00, 0x00, 0x00, 0x00, 0x00, 0x00, 0x00, 0x12, 0xff, 0xff, 0x26,  //...........@@. 
  0x00, 0x00, 0x00, 0x00, 0x00, 0x00, 0x00, 0x00, 0x00, 0x00, 0x12, 0xff, 0xff, 0x26,  //...........@@. 
  0x00, 0x00, 0x00, 0x00, 0x00, 0x00, 0x00, 0x00, 0x00, 0x00, 0x12, 0xff, 0xff, 0x26,  //...........@@. 
  0x00, 0x00, 0x00, 0x00, 0x00, 0x00, 0x00, 0x00, 0x00, 0x00, 0x00, 0x0e, 0x0e, 0x00,  //.............. 


  /*Unicode: U+b825 (력) , Width: 14 */
  0x00, 0x00, 0x00, 0x00, 0x00, 0x00, 0x00, 0x00, 0x00, 0x00, 0x00, 0x00, 0x00, 0x00,  //.............. 
  0x0a, 0x0a, 0x0a, 0x0a, 0x0a, 0x0a, 0x0a, 0x02, 0x00, 0x00, 0x0a, 0xa2, 0xa2, 0x18,  //...........%%. 
  0xea, 0xff, 0xff, 0xff, 0xff, 0xff, 0xff, 0x42, 0x00, 0x00, 0x12, 0xff, 0xff, 0x26,  //@@@@@@@+...@@. 
  0xb2, 0xc2, 0xc2, 0xc2, 0xc2, 0xfc, 0xff, 0x42, 0x26, 0x4a, 0x58, 0xff, 0xff, 0x26,  //%@@@@@@+.++@@. 
  0x00, 0x00, 0x00, 0x00, 0x00, 0xf2, 0xff, 0x42, 0x82, 0xff, 0xff, 0xff, 0xff, 0x26,  //.....@@+%@@@@. 
  0x34, 0x3a, 0x3a, 0x3a, 0x3a, 0xf4, 0xff, 0x42, 0x34, 0x66, 0x6e, 0xff, 0xff, 0x26,  //.....@@+.++@@. 
  0xe2, 0xff, 0xff, 0xff, 0xff, 0xff, 0xff, 0x42, 0x18, 0x32, 0x3c, 0xff, 0xff, 0x26,  //@@@@@@@+...@@. 
  0xe2, 0xff, 0xb2, 0x86, 0x86, 0x86, 0x86, 0x22, 0x82, 0xff, 0xff, 0xff, 0xff, 0x26,  //@@%%%%%.%@@@@. 
  0xe2, 0xff, 0x5a, 0x00, 0x00, 0x00, 0x00, 0x00, 0x4c, 0xbc, 0x8c, 0xff, 0xff, 0x26,  //@@+.....+%%@@. 
  0xe2, 0xff, 0xac, 0x7e, 0x86, 0x92, 0xae, 0xd4, 0xfa, 0xff, 0x12, 0xff, 0xff, 0x26,  //@@%+%%%@@@.@@. 
  0xe2, 0xff, 0xff, 0xff, 0xff, 0xff, 0xff, 0xf6, 0xce, 0xa0, 0x12, 0xff, 0xff, 0x26,  //@@@@@@@@@%.@@. 
  0x42, 0x4a, 0x4a, 0x46, 0x38, 0x2a, 0x1c, 0x02, 0x00, 0x00, 0x0e, 0xce, 0xce, 0x1e,  //++++.......@@. 
  0x00, 0x00, 0x5e, 0x7a, 0x7a, 0x7a, 0x7a, 0x7a, 0x7a, 0x7a, 0x7a, 0x7a, 0x7a, 0x12,  //..+++++++++++. 
  0x00, 0x00, 0xc6, 0xff, 0xff, 0xff, 0xff, 0xff, 0xff, 0xff, 0xff, 0xff, 0xff, 0x26,  //..@@@@@@@@@@@. 
  0x00, 0x00, 0x4a, 0x5e, 0x5e, 0x5e, 0x5e, 0x5e, 0x5e, 0x5e, 0x6a, 0xff, 0xff, 0x26,  //..+++++++++@@. 
  0x00, 0x00, 0x00, 0x00, 0x00, 0x00, 0x00, 0x00, 0x00, 0x00, 0x12, 0xff, 0xff, 0x26,  //...........@@. 
  0x00, 0x00, 0x00, 0x00, 0x00, 0x00, 0x00, 0x00, 0x00, 0x00, 0x12, 0xff, 0xff, 0x26,  //...........@@. 
  0x00, 0x00, 0x00, 0x00, 0x00, 0x00, 0x00, 0x00, 0x00, 0x00, 0x12, 0xff, 0xff, 0x26,  //...........@@. 
  0x00, 0x00, 0x00, 0x00, 0x00, 0x00, 0x00, 0x00, 0x00, 0x00, 0x00, 0x12, 0x12, 0x02,  //.............. 


  /*Unicode: U+b82c (렬) , Width: 14 */
  0x00, 0x00, 0x00, 0x00, 0x00, 0x00, 0x00, 0x00, 0x00, 0x00, 0x00, 0x00, 0x00, 0x00,  //.............. 
  0x00, 0x00, 0x00, 0x00, 0x00, 0x00, 0x00, 0x00, 0x00, 0x00, 0x08, 0x86, 0x86, 0x14,  //...........%%. 
  0xd8, 0xea, 0xea, 0xea, 0xea, 0xea, 0xea, 0x32, 0x00, 0x00, 0x12, 0xff, 0xff, 0x26,  //@@@@@@@....@@. 
  0xc6, 0xd6, 0xd6, 0xd6, 0xd6, 0xff, 0xff, 0x36, 0x64, 0xc2, 0xc6, 0xff, 0xff, 0x26,  //@@@@@@@.+@@@@. 
  0x00, 0x00, 0x00, 0x00, 0x02, 0xff, 0xff, 0x36, 0x78, 0xea, 0xea, 0xff, 0xff, 0x26,  //.....@@.+@@@@. 
  0x94, 0xa6, 0xa6, 0xa6, 0xa8, 0xff, 0xff, 0x36, 0x1c, 0x3a, 0x44, 0xff, 0xff, 0x26,  //%%%%%@@...+@@. 
  0xe2, 0xff, 0xee, 0xe6, 0xe6, 0xe6, 0xe6, 0x30, 0x82, 0xff, 0xff, 0xff, 0xff, 0x26,  //@@@@@@@.%@@@@. 
  0xe2, 0xff, 0x5a, 0x00, 0x00, 0x00, 0x00, 0x00, 0x4a, 0x9e, 0x66, 0xff, 0xff, 0x26,  //@@+.....+%+@@. 
  0xe2, 0xff, 0xd2, 0xba, 0xbe, 0xc6, 0xda, 0xf4, 0xff, 0xff, 0x12, 0xff, 0xff, 0x26,  //@@@%%@@@@@.@@. 
  0xde, 0xfa, 0xfa, 0xf8, 0xf4, 0xec, 0xdc, 0xc4, 0xa4, 0x78, 0x12, 0xff, 0xff, 0x26,  //@@@@@@@@%+.@@. 
  0x00, 0x00, 0x12, 0x26, 0x26, 0x26, 0x26, 0x26, 0x26, 0x26, 0x28, 0x4a, 0x4a, 0x0a,  //...........++. 
  0x00, 0x00, 0x7e, 0xff, 0xff, 0xff, 0xff, 0xff, 0xff, 0xff, 0xff, 0xff, 0xff, 0x26,  //..+@@@@@@@@@@. 
  0x00, 0x00, 0x50, 0xa2, 0xa2, 0xa2, 0xa2, 0xa2, 0xa2, 0xa2, 0xa6, 0xff, 0xff, 0x26,  //..+%%%%%%%%@@. 
  0x00, 0x00, 0x3c, 0x7a, 0x7a, 0x7a, 0x7a, 0x7a, 0x7a, 0x7a, 0x80, 0xff, 0xff, 0x26,  //...+++++++%@@. 
  0x00, 0x00, 0x7e, 0xff, 0xff, 0xff, 0xff, 0xff, 0xff, 0xff, 0xff, 0xff, 0xff, 0x26,  //..+@@@@@@@@@@. 
  0x00, 0x00, 0x7e, 0xff, 0xc4, 0x42, 0x42, 0x42, 0x42, 0x42, 0x42, 0x42, 0x42, 0x08,  //..+@@++++++++. 
  0x00, 0x00, 0x7e, 0xff, 0xf2, 0xd6, 0xd6, 0xd6, 0xd6, 0xd6, 0xd6, 0xd6, 0xd6, 0x66,  //..+@@@@@@@@@@+ 
  0x00, 0x00, 0x7c, 0xfa, 0xfa, 0xfa, 0xfa, 0xfa, 0xfa, 0xfa, 0xfa, 0xfa, 0xfa, 0x78,  //..+@@@@@@@@@@+ 
  0x00, 0x00, 0x00, 0x00, 0x00, 0x00, 0x00, 0x00, 0x00, 0x00, 0x00, 0x00, 0x00, 0x00,  //.............. 


  /*Unicode: U+b85c (로) , Width: 16 */
  0x00, 0x00, 0x00, 0x00, 0x00, 0x00, 0x00, 0x00, 0x00, 0x00, 0x00, 0x00, 0x00, 0x00, 0x00, 0x00,  //................ 
  0x00, 0x00, 0x00, 0x00, 0x00, 0x00, 0x00, 0x00, 0x00, 0x00, 0x00, 0x00, 0x00, 0x00, 0x00, 0x00,  //................ 
  0x00, 0x00, 0x00, 0x00, 0x00, 0x00, 0x00, 0x00, 0x00, 0x00, 0x00, 0x00, 0x00, 0x00, 0x00, 0x00,  //................ 
  0x00, 0x00, 0x4a, 0xee, 0xee, 0xee, 0xee, 0xee, 0xee, 0xee, 0xee, 0xee, 0xee, 0x4a, 0x00, 0x00,  //..+@@@@@@@@@@+.. 
  0x00, 0x00, 0x4a, 0xf2, 0xf2, 0xf2, 0xf2, 0xf2, 0xf2, 0xf2, 0xf2, 0xff, 0xff, 0x4e, 0x00, 0x00,  //..+@@@@@@@@@@+.. 
  0x00, 0x00, 0x00, 0x00, 0x00, 0x00, 0x00, 0x00, 0x00, 0x00, 0x00, 0xea, 0xff, 0x4e, 0x00, 0x00,  //...........@@+.. 
  0x00, 0x00, 0x0c, 0x2e, 0x2e, 0x2e, 0x2e, 0x2e, 0x2e, 0x2e, 0x2e, 0xee, 0xff, 0x4e, 0x00, 0x00,  //...........@@+.. 
  0x00, 0x00, 0x4a, 0xff, 0xff, 0xff, 0xff, 0xff, 0xff, 0xff, 0xff, 0xff, 0xff, 0x4e, 0x00, 0x00,  //..+@@@@@@@@@@+.. 
  0x00, 0x00, 0x4a, 0xff, 0xf4, 0x9e, 0x9e, 0x9e, 0x9e, 0x9e, 0x9e, 0x9e, 0x9e, 0x30, 0x00, 0x00,  //..+@@%%%%%%%%... 
  0x00, 0x00, 0x4a, 0xff, 0xe2, 0x00, 0x00, 0x00, 0x00, 0x00, 0x00, 0x00, 0x00, 0x00, 0x00, 0x00,  //..+@@........... 
  0x00, 0x00, 0x4a, 0xff, 0xf2, 0x96, 0x96, 0x96, 0x96, 0x96, 0x96, 0x96, 0x96, 0x7a, 0x00, 0x00,  //..+@@%%%%%%%%+.. 
  0x00, 0x00, 0x4a, 0xff, 0xff, 0xff, 0xff, 0xff, 0xff, 0xff, 0xff, 0xff, 0xff, 0xce, 0x00, 0x00,  //..+@@@@@@@@@@@.. 
  0x00, 0x00, 0x12, 0x42, 0x42, 0x42, 0x60, 0xff, 0xff, 0x56, 0x42, 0x42, 0x42, 0x36, 0x00, 0x00,  //...++++@@++++... 
  0x00, 0x00, 0x00, 0x00, 0x00, 0x00, 0x26, 0xff, 0xff, 0x1a, 0x00, 0x00, 0x00, 0x00, 0x00, 0x00,  //.......@@....... 
  0x58, 0x76, 0x76, 0x76, 0x76, 0x76, 0x8c, 0xff, 0xff, 0x84, 0x76, 0x76, 0x76, 0x76, 0x76, 0x52,  //++++++%@@%++++++ 
  0xbe, 0xff, 0xff, 0xff, 0xff, 0xff, 0xff, 0xff, 0xff, 0xff, 0xff, 0xff, 0xff, 0xff, 0xff, 0xb2,  //%@@@@@@@@@@@@@@% 
  0x4a, 0x62, 0x62, 0x62, 0x62, 0x62, 0x62, 0x62, 0x62, 0x62, 0x62, 0x62, 0x62, 0x62, 0x62, 0x44,  //++++++++++++++++ 
  0x00, 0x00, 0x00, 0x00, 0x00, 0x00, 0x00, 0x00, 0x00, 0x00, 0x00, 0x00, 0x00, 0x00, 0x00, 0x00,  //................ 
  0x00, 0x00, 0x00, 0x00, 0x00, 0x00, 0x00, 0x00, 0x00, 0x00, 0x00, 0x00, 0x00, 0x00, 0x00, 0x00,  //................ 


  /*Unicode: U+b85d (록) , Width: 16 */
  0x00, 0x00, 0x00, 0x00, 0x00, 0x00, 0x00, 0x00, 0x00, 0x00, 0x00, 0x00, 0x00, 0x00, 0x00, 0x00,  //................ 
  0x00, 0x00, 0x26, 0x66, 0x66, 0x66, 0x66, 0x66, 0x66, 0x66, 0x66, 0x66, 0x66, 0x1c, 0x00, 0x00,  //...++++++++++... 
  0x00, 0x00, 0x62, 0xff, 0xff, 0xff, 0xff, 0xff, 0xff, 0xff, 0xff, 0xff, 0xff, 0x46, 0x00, 0x00,  //..+@@@@@@@@@@+.. 
  0x00, 0x00, 0x26, 0x66, 0x66, 0x66, 0x66, 0x66, 0x66, 0x66, 0x66, 0xf4, 0xff, 0x46, 0x00, 0x00,  //...++++++++@@+.. 
  0x00, 0x00, 0x36, 0x8e, 0x8e, 0x8e, 0x8e, 0x8e, 0x8e, 0x8e, 0x8e, 0xf8, 0xff, 0x46, 0x00, 0x00,  //...%%%%%%%%@@+.. 
  0x00, 0x00, 0x62, 0xff, 0xff, 0xff, 0xff, 0xff, 0xff, 0xff, 0xff, 0xff, 0xff, 0x46, 0x00, 0x00,  //..+@@@@@@@@@@+.. 
  0x00, 0x00, 0x62, 0xff, 0xce, 0x16, 0x16, 0x16, 0x16, 0x16, 0x16, 0x16, 0x16, 0x04, 0x00, 0x00,  //..+@@........... 
  0x00, 0x00, 0x62, 0xff, 0xf6, 0xda, 0xda, 0xda, 0xda, 0xda, 0xda, 0xda, 0xda, 0x8a, 0x00, 0x00,  //..+@@@@@@@@@@%.. 
  0x00, 0x00, 0x54, 0xda, 0xda, 0xda, 0xe0, 0xff, 0xff, 0xdc, 0xda, 0xda, 0xda, 0x8a, 0x00, 0x00,  //..+@@@@@@@@@@%.. 
  0x00, 0x00, 0x00, 0x00, 0x00, 0x00, 0x2a, 0xff, 0xff, 0x12, 0x00, 0x00, 0x00, 0x00, 0x00, 0x00,  //.......@@....... 
  0xb8, 0xce, 0xce, 0xce, 0xce, 0xce, 0xd6, 0xff, 0xff, 0xd2, 0xce, 0xce, 0xce, 0xce, 0xce, 0xb8,  //%@@@@@@@@@@@@@@% 
  0xe2, 0xff, 0xff, 0xff, 0xff, 0xff, 0xff, 0xff, 0xff, 0xff, 0xff, 0xff, 0xff, 0xff, 0xff, 0xe2,  //@@@@@@@@@@@@@@@@ 
  0x06, 0x06, 0x12, 0x16, 0x16, 0x16, 0x16, 0x16, 0x16, 0x16, 0x16, 0x16, 0x16, 0x0e, 0x06, 0x06,  //................ 
  0x00, 0x00, 0xb6, 0xff, 0xff, 0xff, 0xff, 0xff, 0xff, 0xff, 0xff, 0xff, 0xff, 0x6e, 0x00, 0x00,  //..%@@@@@@@@@@+.. 
  0x00, 0x00, 0x88, 0xbe, 0xbe, 0xbe, 0xbe, 0xbe, 0xbe, 0xbe, 0xbe, 0xf0, 0xff, 0x6e, 0x00, 0x00,  //..%%%%%%%%%@@+.. 
  0x00, 0x00, 0x00, 0x00, 0x00, 0x00, 0x00, 0x00, 0x00, 0x00, 0x00, 0xc6, 0xff, 0x6e, 0x00, 0x00,  //...........@@+.. 
  0x00, 0x00, 0x00, 0x00, 0x00, 0x00, 0x00, 0x00, 0x00, 0x00, 0x00, 0xc6, 0xff, 0x6e, 0x00, 0x00,  //...........@@+.. 
  0x00, 0x00, 0x00, 0x00, 0x00, 0x00, 0x00, 0x00, 0x00, 0x00, 0x00, 0xaa, 0xda, 0x5e, 0x00, 0x00,  //...........%@+.. 
  0x00, 0x00, 0x00, 0x00, 0x00, 0x00, 0x00, 0x00, 0x00, 0x00, 0x00, 0x00, 0x00, 0x00, 0x00, 0x00,  //................ 


  /*Unicode: U+b864 (롤) , Width: 16 */
  0x00, 0x00, 0x00, 0x00, 0x00, 0x00, 0x00, 0x00, 0x00, 0x00, 0x00, 0x00, 0x00, 0x00, 0x00, 0x00,  //................ 
  0x00, 0x00, 0x30, 0x6a, 0x6a, 0x6a, 0x6a, 0x6a, 0x6a, 0x6a, 0x6a, 0x6a, 0x6a, 0x22, 0x00, 0x00,  //...++++++++++... 
  0x00, 0x00, 0x76, 0xff, 0xff, 0xff, 0xff, 0xff, 0xff, 0xff, 0xff, 0xff, 0xff, 0x52, 0x00, 0x00,  //..+@@@@@@@@@@+.. 
  0x00, 0x00, 0x18, 0x36, 0x36, 0x36, 0x36, 0x36, 0x36, 0x36, 0x36, 0xe6, 0xff, 0x52, 0x00, 0x00,  //...........@@+.. 
  0x00, 0x00, 0x74, 0xfa, 0xfa, 0xfa, 0xfa, 0xfa, 0xfa, 0xfa, 0xfa, 0xff, 0xff, 0x52, 0x00, 0x00,  //..+@@@@@@@@@@+.. 
  0x00, 0x00, 0x76, 0xff, 0xd8, 0x76, 0x76, 0x76, 0x76, 0x76, 0x76, 0x76, 0x76, 0x26, 0x00, 0x00,  //..+@@++++++++... 
  0x00, 0x00, 0x76, 0xff, 0xea, 0xba, 0xba, 0xba, 0xba, 0xba, 0xba, 0xba, 0xba, 0x82, 0x00, 0x00,  //..+@@%%%%%%%%%.. 
  0x00, 0x00, 0x62, 0xd2, 0xd2, 0xd2, 0xda, 0xff, 0xff, 0xd6, 0xd2, 0xd2, 0xd2, 0x94, 0x00, 0x00,  //..+@@@@@@@@@@%.. 
  0x06, 0x06, 0x06, 0x06, 0x06, 0x06, 0x30, 0xff, 0xff, 0x1a, 0x06, 0x06, 0x06, 0x06, 0x06, 0x06,  //.......@@....... 
  0xe2, 0xff, 0xff, 0xff, 0xff, 0xff, 0xff, 0xff, 0xff, 0xff, 0xff, 0xff, 0xff, 0xff, 0xff, 0xe2,  //@@@@@@@@@@@@@@@@ 
  0x7e, 0x8e, 0x8e, 0x8e, 0x8e, 0x8e, 0x8e, 0x8e, 0x8e, 0x8e, 0x8e, 0x8e, 0x8e, 0x8e, 0x8e, 0x7e,  //+%%%%%%%%%%%%%%+ 
  0x00, 0x00, 0x4a, 0x8a, 0x8a, 0x8a, 0x8a, 0x8a, 0x8a, 0x8a, 0x8a, 0x8a, 0x8a, 0x46, 0x00, 0x00,  //..+%%%%%%%%%%+.. 
  0x00, 0x00, 0x8a, 0xff, 0xff, 0xff, 0xff, 0xff, 0xff, 0xff, 0xff, 0xff, 0xff, 0x82, 0x00, 0x00,  //..%@@@@@@@@@@%.. 
  0x00, 0x00, 0x14, 0x26, 0x26, 0x26, 0x26, 0x26, 0x26, 0x26, 0x26, 0xbe, 0xff, 0x82, 0x00, 0x00,  //...........%@%.. 
  0x00, 0x00, 0x8a, 0xff, 0xff, 0xff, 0xff, 0xff, 0xff, 0xff, 0xff, 0xff, 0xff, 0x82, 0x00, 0x00,  //..%@@@@@@@@@@%.. 
  0x00, 0x00, 0x8a, 0xff, 0xd0, 0x6a, 0x6a, 0x6a, 0x6a, 0x6a, 0x6a, 0x6a, 0x6a, 0x36, 0x00, 0x00,  //..%@@++++++++... 
  0x00, 0x00, 0x8a, 0xff, 0xe6, 0xb2, 0xb2, 0xb2, 0xb2, 0xb2, 0xb2, 0xb2, 0xb2, 0xa6, 0x00, 0x00,  //..%@@%%%%%%%%%.. 
  0x00, 0x00, 0x78, 0xde, 0xde, 0xde, 0xde, 0xde, 0xde, 0xde, 0xde, 0xde, 0xde, 0xd0, 0x00, 0x00,  //..+@@@@@@@@@@@.. 
  0x00, 0x00, 0x00, 0x00, 0x00, 0x00, 0x00, 0x00, 0x00, 0x00, 0x00, 0x00, 0x00, 0x00, 0x00, 0x00,  //................ 


  /*Unicode: U+b86c (롬) , Width: 16 */
  0x00, 0x00, 0x00, 0x00, 0x00, 0x00, 0x00, 0x00, 0x00, 0x00, 0x00, 0x00, 0x00, 0x00, 0x00, 0x00,  //................ 
  0x00, 0x00, 0x18, 0x42, 0x42, 0x42, 0x42, 0x42, 0x42, 0x42, 0x42, 0x42, 0x42, 0x12, 0x00, 0x00,  //...++++++++++... 
  0x00, 0x00, 0x62, 0xff, 0xff, 0xff, 0xff, 0xff, 0xff, 0xff, 0xff, 0xff, 0xff, 0x46, 0x00, 0x00,  //..+@@@@@@@@@@+.. 
  0x00, 0x00, 0x34, 0x8a, 0x8a, 0x8a, 0x8a, 0x8a, 0x8a, 0x8a, 0x8a, 0xf6, 0xff, 0x46, 0x00, 0x00,  //...%%%%%%%%@@+.. 
  0x00, 0x00, 0x34, 0x86, 0x86, 0x86, 0x86, 0x86, 0x86, 0x86, 0x86, 0xf6, 0xff, 0x46, 0x00, 0x00,  //...%%%%%%%%@@+.. 
  0x00, 0x00, 0x62, 0xff, 0xff, 0xff, 0xff, 0xff, 0xff, 0xff, 0xff, 0xff, 0xff, 0x46, 0x00, 0x00,  //..+@@@@@@@@@@+.. 
  0x00, 0x00, 0x62, 0xff, 0xd0, 0x1a, 0x1a, 0x1a, 0x1a, 0x1a, 0x1a, 0x1a, 0x1a, 0x06, 0x00, 0x00,  //..+@@........... 
  0x00, 0x00, 0x62, 0xff, 0xfc, 0xf2, 0xf2, 0xf2, 0xf2, 0xf2, 0xf2, 0xf2, 0xf2, 0x9a, 0x00, 0x00,  //..+@@@@@@@@@@%.. 
  0x00, 0x00, 0x4a, 0xc2, 0xc2, 0xc2, 0xcc, 0xff, 0xff, 0xc6, 0xc2, 0xc2, 0xc2, 0x7c, 0x00, 0x00,  //..+@@@@@@@@@@+.. 
  0x1e, 0x22, 0x22, 0x22, 0x22, 0x22, 0x48, 0xff, 0xff, 0x34, 0x22, 0x22, 0x22, 0x22, 0x22, 0x1e,  //......+@@....... 
  0xe2, 0xff, 0xff, 0xff, 0xff, 0xff, 0xff, 0xff, 0xff, 0xff, 0xff, 0xff, 0xff, 0xff, 0xff, 0xe2,  //@@@@@@@@@@@@@@@@ 
  0x98, 0xaa, 0xaa, 0xaa, 0xaa, 0xaa, 0xaa, 0xaa, 0xaa, 0xaa, 0xaa, 0xaa, 0xaa, 0xaa, 0xaa, 0x98,  //%%%%%%%%%%%%%%%% 
  0x00, 0x00, 0x32, 0x72, 0x72, 0x72, 0x72, 0x72, 0x72, 0x72, 0x72, 0x72, 0x72, 0x30, 0x00, 0x00,  //...++++++++++... 
  0x00, 0x00, 0x72, 0xff, 0xff, 0xff, 0xff, 0xff, 0xff, 0xff, 0xff, 0xff, 0xff, 0x6e, 0x00, 0x00,  //..+@@@@@@@@@@+.. 
  0x00, 0x00, 0x72, 0xff, 0xd0, 0x52, 0x52, 0x52, 0x52, 0x52, 0x52, 0xd8, 0xff, 0x6e, 0x00, 0x00,  //..+@@++++++@@+.. 
  0x00, 0x00, 0x72, 0xff, 0xc0, 0x12, 0x12, 0x12, 0x12, 0x12, 0x12, 0xca, 0xff, 0x6e, 0x00, 0x00,  //..+@@......@@+.. 
  0x00, 0x00, 0x72, 0xff, 0xff, 0xff, 0xff, 0xff, 0xff, 0xff, 0xff, 0xff, 0xff, 0x6e, 0x00, 0x00,  //..+@@@@@@@@@@+.. 
  0x00, 0x00, 0x52, 0xb6, 0xb6, 0xb6, 0xb6, 0xb6, 0xb6, 0xb6, 0xb6, 0xb6, 0xb6, 0x4e, 0x00, 0x00,  //..+%%%%%%%%%%+.. 
  0x00, 0x00, 0x00, 0x00, 0x00, 0x00, 0x00, 0x00, 0x00, 0x00, 0x00, 0x00, 0x00, 0x00, 0x00, 0x00,  //................ 


  /*Unicode: U+b86f (롯) , Width: 16 */
  0x00, 0x00, 0x00, 0x00, 0x00, 0x00, 0x00, 0x00, 0x00, 0x00, 0x00, 0x00, 0x00, 0x00, 0x00, 0x00,  //................ 
  0x00, 0x00, 0x26, 0x62, 0x62, 0x62, 0x62, 0x62, 0x62, 0x62, 0x62, 0x62, 0x62, 0x1a, 0x00, 0x00,  //...++++++++++... 
  0x00, 0x00, 0x62, 0xff, 0xff, 0xff, 0xff, 0xff, 0xff, 0xff, 0xff, 0xff, 0xff, 0x46, 0x00, 0x00,  //..+@@@@@@@@@@+.. 
  0x00, 0x00, 0x28, 0x6a, 0x6a, 0x6a, 0x6a, 0x6a, 0x6a, 0x6a, 0x6a, 0xf4, 0xff, 0x46, 0x00, 0x00,  //...++++++++@@+.. 
  0x00, 0x00, 0x40, 0xa6, 0xa6, 0xa6, 0xa6, 0xa6, 0xa6, 0xa6, 0xa6, 0xf8, 0xff, 0x46, 0x00, 0x00,  //..+%%%%%%%%@@+.. 
  0x00, 0x00, 0x62, 0xff, 0xff, 0xfa, 0xfa, 0xfa, 0xfa, 0xfa, 0xfa, 0xfa, 0xfa, 0x44, 0x00, 0x00,  //..+@@@@@@@@@@+.. 
  0x00, 0x00, 0x62, 0xff, 0xce, 0x12, 0x12, 0x12, 0x12, 0x12, 0x12, 0x12, 0x12, 0x0a, 0x00, 0x00,  //..+@@........... 
  0x00, 0x00, 0x62, 0xff, 0xff, 0xff, 0xff, 0xff, 0xff, 0xff, 0xff, 0xff, 0xff, 0xa2, 0x00, 0x00,  //..+@@@@@@@@@@%.. 
  0x00, 0x00, 0x3e, 0xa2, 0xa2, 0xa2, 0xb2, 0xff, 0xff, 0xaa, 0xa2, 0xa2, 0xa2, 0x68, 0x00, 0x00,  //...%%%%@@%%%%+.. 
  0x38, 0x3e, 0x3e, 0x3e, 0x3e, 0x3e, 0x60, 0xff, 0xff, 0x4e, 0x3e, 0x3e, 0x3e, 0x3e, 0x3e, 0x38,  //......+@@+...... 
  0xe2, 0xff, 0xff, 0xff, 0xff, 0xff, 0xff, 0xff, 0xff, 0xff, 0xff, 0xff, 0xff, 0xff, 0xff, 0xe2,  //@@@@@@@@@@@@@@@@ 
  0x7a, 0x8a, 0x8a, 0x8a, 0x8a, 0x8a, 0x8a, 0x8a, 0x8a, 0x8a, 0x8a, 0x8a, 0x8a, 0x8a, 0x8a, 0x7a,  //+%%%%%%%%%%%%%%+ 
  0x00, 0x00, 0x00, 0x00, 0x00, 0x00, 0x02, 0xee, 0xf6, 0x4c, 0x00, 0x00, 0x00, 0x00, 0x00, 0x00,  //.......@@+...... 
  0x00, 0x00, 0x00, 0x00, 0x00, 0x00, 0x5e, 0xff, 0xff, 0x3e, 0x00, 0x00, 0x00, 0x00, 0x00, 0x00,  //......+@@....... 
  0x00, 0x00, 0x00, 0x00, 0x00, 0x5a, 0xf4, 0xff, 0xff, 0xf0, 0x60, 0x02, 0x00, 0x00, 0x00, 0x00,  //.....+@@@@+..... 
  0x00, 0x06, 0x34, 0x70, 0xce, 0xff, 0xff, 0x88, 0x94, 0xff, 0xff, 0xdc, 0x86, 0x3a, 0x06, 0x00,  //...+@@@%%@@@%... 
  0x00, 0xb0, 0xff, 0xff, 0xff, 0xc8, 0x40, 0x00, 0x00, 0x40, 0xc8, 0xff, 0xff, 0xff, 0xa8, 0x00,  //.%@@@@+..+@@@@%. 
  0x00, 0x1c, 0xba, 0x82, 0x2e, 0x00, 0x00, 0x00, 0x00, 0x00, 0x00, 0x2e, 0x82, 0xba, 0x16, 0x00,  //..%%........%%.. 
  0x00, 0x00, 0x00, 0x00, 0x00, 0x00, 0x00, 0x00, 0x00, 0x00, 0x00, 0x00, 0x00, 0x00, 0x00, 0x00,  //................ 


  /*Unicode: U+b8cc (료) , Width: 16 */
  0x00, 0x00, 0x00, 0x00, 0x00, 0x00, 0x00, 0x00, 0x00, 0x00, 0x00, 0x00, 0x00, 0x00, 0x00, 0x00,  //................ 
  0x00, 0x00, 0x00, 0x00, 0x00, 0x00, 0x00, 0x00, 0x00, 0x00, 0x00, 0x00, 0x00, 0x00, 0x00, 0x00,  //................ 
  0x00, 0x00, 0x00, 0x00, 0x00, 0x00, 0x00, 0x00, 0x00, 0x00, 0x00, 0x00, 0x00, 0x00, 0x00, 0x00,  //................ 
  0x00, 0x00, 0x46, 0xe6, 0xe6, 0xe6, 0xe6, 0xe6, 0xe6, 0xe6, 0xe6, 0xe6, 0xe6, 0x46, 0x00, 0x00,  //..+@@@@@@@@@@+.. 
  0x00, 0x00, 0x4c, 0xfa, 0xfa, 0xfa, 0xfa, 0xfa, 0xfa, 0xfa, 0xfa, 0xff, 0xff, 0x4e, 0x00, 0x00,  //..+@@@@@@@@@@+.. 
  0x00, 0x00, 0x00, 0x00, 0x00, 0x00, 0x00, 0x00, 0x00, 0x00, 0x00, 0xea, 0xff, 0x4e, 0x00, 0x00,  //...........@@+.. 
  0x00, 0x00, 0x12, 0x42, 0x42, 0x42, 0x42, 0x42, 0x42, 0x42, 0x42, 0xf0, 0xff, 0x4e, 0x00, 0x00,  //...++++++++@@+.. 
  0x00, 0x00, 0x4a, 0xff, 0xff, 0xff, 0xff, 0xff, 0xff, 0xff, 0xff, 0xff, 0xff, 0x4e, 0x00, 0x00,  //..+@@@@@@@@@@+.. 
  0x00, 0x00, 0x4a, 0xff, 0xf2, 0x8e, 0x8e, 0x8e, 0x8e, 0x8e, 0x8e, 0x8e, 0x8e, 0x2c, 0x00, 0x00,  //..+@@%%%%%%%%... 
  0x00, 0x00, 0x4a, 0xff, 0xe2, 0x00, 0x00, 0x00, 0x00, 0x00, 0x00, 0x00, 0x00, 0x00, 0x00, 0x00,  //..+@@........... 
  0x00, 0x00, 0x4a, 0xff, 0xf6, 0xb2, 0xb2, 0xb2, 0xb2, 0xb2, 0xb2, 0xb2, 0xb2, 0x90, 0x00, 0x00,  //..+@@%%%%%%%%%.. 
  0x00, 0x00, 0x4a, 0xff, 0xff, 0xff, 0xff, 0xff, 0xff, 0xff, 0xff, 0xff, 0xff, 0xce, 0x00, 0x00,  //..+@@@@@@@@@@@.. 
  0x00, 0x00, 0x0a, 0x26, 0x48, 0xff, 0xff, 0x30, 0x26, 0xae, 0xff, 0xa2, 0x26, 0x1e, 0x00, 0x00,  //....+@@..%@%.... 
  0x00, 0x00, 0x00, 0x00, 0x26, 0xff, 0xff, 0x0a, 0x00, 0x9e, 0xff, 0x92, 0x00, 0x00, 0x00, 0x00,  //.....@@..%@%.... 
  0x62, 0x82, 0x82, 0x82, 0x96, 0xff, 0xff, 0x88, 0x82, 0xd0, 0xff, 0xca, 0x82, 0x82, 0x82, 0x5a,  //+%%%%@@%%@@@%%%+ 
  0xbe, 0xff, 0xff, 0xff, 0xff, 0xff, 0xff, 0xff, 0xff, 0xff, 0xff, 0xff, 0xff, 0xff, 0xff, 0xb2,  //%@@@@@@@@@@@@@@% 
  0x40, 0x56, 0x56, 0x56, 0x56, 0x56, 0x56, 0x56, 0x56, 0x56, 0x56, 0x56, 0x56, 0x56, 0x56, 0x3c,  //+++++++++++++++. 
  0x00, 0x00, 0x00, 0x00, 0x00, 0x00, 0x00, 0x00, 0x00, 0x00, 0x00, 0x00, 0x00, 0x00, 0x00, 0x00,  //................ 
  0x00, 0x00, 0x00, 0x00, 0x00, 0x00, 0x00, 0x00, 0x00, 0x00, 0x00, 0x00, 0x00, 0x00, 0x00, 0x00,  //................ 


  /*Unicode: U+b8e8 (루) , Width: 16 */
  0x00, 0x00, 0x00, 0x00, 0x00, 0x00, 0x00, 0x00, 0x00, 0x00, 0x00, 0x00, 0x00, 0x00, 0x00, 0x00,  //................ 
  0x00, 0x00, 0x12, 0x46, 0x46, 0x46, 0x46, 0x46, 0x46, 0x46, 0x46, 0x46, 0x46, 0x1e, 0x00, 0x00,  //...++++++++++... 
  0x00, 0x00, 0x42, 0xff, 0xff, 0xff, 0xff, 0xff, 0xff, 0xff, 0xff, 0xff, 0xff, 0x6e, 0x00, 0x00,  //..+@@@@@@@@@@+.. 
  0x00, 0x00, 0x26, 0x96, 0x96, 0x96, 0x96, 0x96, 0x96, 0x96, 0x96, 0xe8, 0xff, 0x6e, 0x00, 0x00,  //...%%%%%%%%@@+.. 
  0x00, 0x00, 0x04, 0x12, 0x12, 0x12, 0x12, 0x12, 0x12, 0x12, 0x12, 0xca, 0xff, 0x6e, 0x00, 0x00,  //...........@@+.. 
  0x00, 0x00, 0x3e, 0xff, 0xff, 0xff, 0xff, 0xff, 0xff, 0xff, 0xff, 0xff, 0xff, 0x6e, 0x00, 0x00,  //...@@@@@@@@@@+.. 
  0x00, 0x00, 0x3e, 0xff, 0xfa, 0xaa, 0xaa, 0xaa, 0xaa, 0xaa, 0xaa, 0xaa, 0xaa, 0x4a, 0x00, 0x00,  //...@@%%%%%%%%+.. 
  0x00, 0x00, 0x3e, 0xff, 0xf2, 0x0a, 0x0a, 0x0a, 0x0a, 0x0a, 0x0a, 0x0a, 0x0a, 0x0a, 0x00, 0x00,  //...@@........... 
  0x00, 0x00, 0x3e, 0xff, 0xff, 0xff, 0xff, 0xff, 0xff, 0xff, 0xff, 0xff, 0xff, 0xf2, 0x00, 0x00,  //...@@@@@@@@@@@.. 
  0x00, 0x00, 0x30, 0xc6, 0xc6, 0xc6, 0xc6, 0xc6, 0xc6, 0xc6, 0xc6, 0xc6, 0xc6, 0xbc, 0x00, 0x00,  //...@@@@@@@@@@%.. 
  0x00, 0x00, 0x00, 0x00, 0x00, 0x00, 0x00, 0x00, 0x00, 0x00, 0x00, 0x00, 0x00, 0x00, 0x00, 0x00,  //................ 
  0x98, 0xca, 0xca, 0xca, 0xca, 0xca, 0xca, 0xca, 0xca, 0xca, 0xca, 0xca, 0xca, 0xca, 0xca, 0x8e,  //%@@@@@@@@@@@@@@% 
  0xbe, 0xff, 0xff, 0xff, 0xff, 0xff, 0xff, 0xff, 0xff, 0xff, 0xff, 0xff, 0xff, 0xff, 0xff, 0xb2,  //%@@@@@@@@@@@@@@% 
  0x0a, 0x0e, 0x0e, 0x0e, 0x0e, 0x0e, 0x0e, 0xf6, 0xff, 0x4a, 0x0e, 0x0e, 0x0e, 0x0e, 0x0e, 0x0a,  //.......@@+...... 
  0x00, 0x00, 0x00, 0x00, 0x00, 0x00, 0x00, 0xf6, 0xff, 0x3e, 0x00, 0x00, 0x00, 0x00, 0x00, 0x00,  //.......@@....... 
  0x00, 0x00, 0x00, 0x00, 0x00, 0x00, 0x00, 0xf6, 0xff, 0x3e, 0x00, 0x00, 0x00, 0x00, 0x00, 0x00,  //.......@@....... 
  0x00, 0x00, 0x00, 0x00, 0x00, 0x00, 0x00, 0xf6, 0xff, 0x3e, 0x00, 0x00, 0x00, 0x00, 0x00, 0x00,  //.......@@....... 
  0x00, 0x00, 0x00, 0x00, 0x00, 0x00, 0x00, 0xb8, 0xbe, 0x2e, 0x00, 0x00, 0x00, 0x00, 0x00, 0x00,  //.......%%....... 
  0x00, 0x00, 0x00, 0x00, 0x00, 0x00, 0x00, 0x00, 0x00, 0x00, 0x00, 0x00, 0x00, 0x00, 0x00, 0x00,  //................ 


  /*Unicode: U+b958 (류) , Width: 16 */
  0x00, 0x00, 0x00, 0x00, 0x00, 0x00, 0x00, 0x00, 0x00, 0x00, 0x00, 0x00, 0x00, 0x00, 0x00, 0x00,  //................ 
  0x00, 0x00, 0x12, 0x46, 0x46, 0x46, 0x46, 0x46, 0x46, 0x46, 0x46, 0x46, 0x46, 0x1e, 0x00, 0x00,  //...++++++++++... 
  0x00, 0x00, 0x42, 0xff, 0xff, 0xff, 0xff, 0xff, 0xff, 0xff, 0xff, 0xff, 0xff, 0x6e, 0x00, 0x00,  //..+@@@@@@@@@@+.. 
  0x00, 0x00, 0x26, 0x96, 0x96, 0x96, 0x96, 0x96, 0x96, 0x96, 0x96, 0xe8, 0xff, 0x6e, 0x00, 0x00,  //...%%%%%%%%@@+.. 
  0x00, 0x00, 0x08, 0x22, 0x22, 0x22, 0x22, 0x22, 0x22, 0x22, 0x22, 0xce, 0xff, 0x6e, 0x00, 0x00,  //...........@@+.. 
  0x00, 0x00, 0x3e, 0xff, 0xff, 0xff, 0xff, 0xff, 0xff, 0xff, 0xff, 0xff, 0xff, 0x6e, 0x00, 0x00,  //...@@@@@@@@@@+.. 
  0x00, 0x00, 0x3e, 0xff, 0xfa, 0xa6, 0xa6, 0xa6, 0xa6, 0xa6, 0xa6, 0xa6, 0xa6, 0x48, 0x00, 0x00,  //...@@%%%%%%%%+.. 
  0x00, 0x00, 0x3e, 0xff, 0xf2, 0x0e, 0x0e, 0x0e, 0x0e, 0x0e, 0x0e, 0x0e, 0x0e, 0x0e, 0x00, 0x00,  //...@@........... 
  0x00, 0x00, 0x3e, 0xff, 0xff, 0xff, 0xff, 0xff, 0xff, 0xff, 0xff, 0xff, 0xff, 0xf2, 0x00, 0x00,  //...@@@@@@@@@@@.. 
  0x00, 0x00, 0x30, 0xc6, 0xc6, 0xc6, 0xc6, 0xc6, 0xc6, 0xc6, 0xc6, 0xc6, 0xc6, 0xbc, 0x00, 0x00,  //...@@@@@@@@@@%.. 
  0x00, 0x00, 0x00, 0x00, 0x00, 0x00, 0x00, 0x00, 0x00, 0x00, 0x00, 0x00, 0x00, 0x00, 0x00, 0x00,  //................ 
  0x9e, 0xd2, 0xd2, 0xd2, 0xd2, 0xd2, 0xd2, 0xd2, 0xd2, 0xd2, 0xd2, 0xd2, 0xd2, 0xd2, 0xd2, 0x94,  //%@@@@@@@@@@@@@@% 
  0xbe, 0xff, 0xff, 0xff, 0xff, 0xff, 0xff, 0xff, 0xff, 0xff, 0xff, 0xff, 0xff, 0xff, 0xff, 0xb2,  //%@@@@@@@@@@@@@@% 
  0x02, 0x02, 0x02, 0x02, 0xa0, 0xff, 0x98, 0x02, 0x02, 0x3e, 0xff, 0xfa, 0x02, 0x02, 0x02, 0x00,  //....%@%...@@.... 
  0x00, 0x00, 0x00, 0x00, 0x9e, 0xff, 0x96, 0x00, 0x00, 0x3a, 0xff, 0xfa, 0x00, 0x00, 0x00, 0x00,  //....%@%...@@.... 
  0x00, 0x00, 0x00, 0x00, 0x9e, 0xff, 0x96, 0x00, 0x00, 0x3a, 0xff, 0xfa, 0x00, 0x00, 0x00, 0x00,  //....%@%...@@.... 
  0x00, 0x00, 0x00, 0x00, 0x9e, 0xff, 0x96, 0x00, 0x00, 0x3a, 0xff, 0xfa, 0x00, 0x00, 0x00, 0x00,  //....%@%...@@.... 
  0x00, 0x00, 0x00, 0x00, 0x76, 0xbe, 0x70, 0x00, 0x00, 0x2c, 0xbe, 0xbc, 0x00, 0x00, 0x00, 0x00,  //....+%+...%%.... 
  0x00, 0x00, 0x00, 0x00, 0x00, 0x00, 0x00, 0x00, 0x00, 0x00, 0x00, 0x00, 0x00, 0x00, 0x00, 0x00,  //................ 


  /*Unicode: U+b97c (를) , Width: 16 */
  0x00, 0x00, 0x00, 0x00, 0x00, 0x00, 0x00, 0x00, 0x00, 0x00, 0x00, 0x00, 0x00, 0x00, 0x00, 0x00,  //................ 
  0x00, 0x00, 0x30, 0x6a, 0x6a, 0x6a, 0x6a, 0x6a, 0x6a, 0x6a, 0x6a, 0x6a, 0x6a, 0x22, 0x00, 0x00,  //...++++++++++... 
  0x00, 0x00, 0x76, 0xff, 0xff, 0xff, 0xff, 0xff, 0xff, 0xff, 0xff, 0xff, 0xff, 0x52, 0x00, 0x00,  //..+@@@@@@@@@@+.. 
  0x00, 0x00, 0x18, 0x36, 0x36, 0x36, 0x36, 0x36, 0x36, 0x36, 0x36, 0xe6, 0xff, 0x52, 0x00, 0x00,  //...........@@+.. 
  0x00, 0x00, 0x72, 0xf6, 0xf6, 0xf6, 0xf6, 0xf6, 0xf6, 0xf6, 0xf6, 0xff, 0xff, 0x52, 0x00, 0x00,  //..+@@@@@@@@@@+.. 
  0x00, 0x00, 0x76, 0xff, 0xd8, 0x7a, 0x7a, 0x7a, 0x7a, 0x7a, 0x7a, 0x7a, 0x7a, 0x26, 0x00, 0x00,  //..+@@++++++++... 
  0x00, 0x00, 0x76, 0xff, 0xe8, 0xae, 0xae, 0xae, 0xae, 0xae, 0xae, 0xae, 0xae, 0x7a, 0x00, 0x00,  //..+@@%%%%%%%%+.. 
  0x00, 0x00, 0x68, 0xde, 0xde, 0xde, 0xde, 0xde, 0xde, 0xde, 0xde, 0xde, 0xde, 0x9c, 0x00, 0x00,  //..+@@@@@@@@@@%.. 
  0x3a, 0x42, 0x42, 0x42, 0x42, 0x42, 0x42, 0x42, 0x42, 0x42, 0x42, 0x42, 0x42, 0x42, 0x42, 0x3a,  //.++++++++++++++. 
  0xe2, 0xff, 0xff, 0xff, 0xff, 0xff, 0xff, 0xff, 0xff, 0xff, 0xff, 0xff, 0xff, 0xff, 0xff, 0xe2,  //@@@@@@@@@@@@@@@@ 
  0x54, 0x5e, 0x5e, 0x5e, 0x5e, 0x5e, 0x5e, 0x5e, 0x5e, 0x5e, 0x5e, 0x5e, 0x5e, 0x5e, 0x5e, 0x54,  //++++++++++++++++ 
  0x00, 0x00, 0x5c, 0xaa, 0xaa, 0xaa, 0xaa, 0xaa, 0xaa, 0xaa, 0xaa, 0xaa, 0xaa, 0x56, 0x00, 0x00,  //..+%%%%%%%%%%+.. 
  0x00, 0x00, 0x8a, 0xff, 0xff, 0xff, 0xff, 0xff, 0xff, 0xff, 0xff, 0xff, 0xff, 0x82, 0x00, 0x00,  //..%@@@@@@@@@@%.. 
  0x00, 0x00, 0x0e, 0x1a, 0x1a, 0x1a, 0x1a, 0x1a, 0x1a, 0x1a, 0x1a, 0xba, 0xff, 0x82, 0x00, 0x00,  //...........%@%.. 
  0x00, 0x00, 0x8a, 0xff, 0xff, 0xff, 0xff, 0xff, 0xff, 0xff, 0xff, 0xff, 0xff, 0x82, 0x00, 0x00,  //..%@@@@@@@@@@%.. 
  0x00, 0x00, 0x8a, 0xff, 0xcc, 0x5e, 0x5e, 0x5e, 0x5e, 0x5e, 0x5e, 0x5e, 0x5e, 0x30, 0x00, 0x00,  //..%@@++++++++... 
  0x00, 0x00, 0x8a, 0xff, 0xe6, 0xb2, 0xb2, 0xb2, 0xb2, 0xb2, 0xb2, 0xb2, 0xb2, 0xa6, 0x00, 0x00,  //..%@@%%%%%%%%%.. 
  0x00, 0x00, 0x78, 0xde, 0xde, 0xde, 0xde, 0xde, 0xde, 0xde, 0xde, 0xde, 0xde, 0xd0, 0x00, 0x00,  //..+@@@@@@@@@@@.. 
  0x00, 0x00, 0x00, 0x00, 0x00, 0x00, 0x00, 0x00, 0x00, 0x00, 0x00, 0x00, 0x00, 0x00, 0x00, 0x00,  //................ 


  /*Unicode: U+b984 (름) , Width: 16 */
  0x00, 0x00, 0x00, 0x00, 0x00, 0x00, 0x00, 0x00, 0x00, 0x00, 0x00, 0x00, 0x00, 0x00, 0x00, 0x00,  //................ 
  0x00, 0x00, 0x18, 0x42, 0x42, 0x42, 0x42, 0x42, 0x42, 0x42, 0x42, 0x42, 0x42, 0x12, 0x00, 0x00,  //...++++++++++... 
  0x00, 0x00, 0x62, 0xff, 0xff, 0xff, 0xff, 0xff, 0xff, 0xff, 0xff, 0xff, 0xff, 0x46, 0x00, 0x00,  //..+@@@@@@@@@@+.. 
  0x00, 0x00, 0x34, 0x8a, 0x8a, 0x8a, 0x8a, 0x8a, 0x8a, 0x8a, 0x8a, 0xf6, 0xff, 0x46, 0x00, 0x00,  //...%%%%%%%%@@+.. 
  0x00, 0x00, 0x34, 0x8a, 0x8a, 0x8a, 0x8a, 0x8a, 0x8a, 0x8a, 0x8a, 0xf6, 0xff, 0x46, 0x00, 0x00,  //...%%%%%%%%@@+.. 
  0x00, 0x00, 0x62, 0xff, 0xff, 0xff, 0xff, 0xff, 0xff, 0xff, 0xff, 0xff, 0xff, 0x46, 0x00, 0x00,  //..+@@@@@@@@@@+.. 
  0x00, 0x00, 0x62, 0xff, 0xce, 0x16, 0x16, 0x16, 0x16, 0x16, 0x16, 0x16, 0x16, 0x04, 0x00, 0x00,  //..+@@........... 
  0x00, 0x00, 0x62, 0xff, 0xff, 0xfa, 0xfa, 0xfa, 0xfa, 0xfa, 0xfa, 0xfa, 0xfa, 0xa0, 0x00, 0x00,  //..+@@@@@@@@@@%.. 
  0x00, 0x00, 0x48, 0xba, 0xba, 0xba, 0xba, 0xba, 0xba, 0xba, 0xba, 0xba, 0xba, 0x76, 0x00, 0x00,  //..+%%%%%%%%%%+.. 
  0x3e, 0x46, 0x46, 0x46, 0x46, 0x48, 0x48, 0x48, 0x48, 0x48, 0x48, 0x48, 0x4a, 0x4a, 0x4a, 0x42,  //.+++++++++++++++ 
  0xe2, 0xff, 0xff, 0xff, 0xff, 0xff, 0xff, 0xff, 0xff, 0xff, 0xff, 0xff, 0xff, 0xff, 0xff, 0xe2,  //@@@@@@@@@@@@@@@@ 
  0x78, 0x86, 0x86, 0x86, 0x86, 0x86, 0x86, 0x84, 0x84, 0x84, 0x84, 0x84, 0x84, 0x84, 0x84, 0x74,  //+%%%%%%%%%%%%%%+ 
  0x00, 0x00, 0x2e, 0x66, 0x66, 0x66, 0x66, 0x66, 0x66, 0x66, 0x66, 0x66, 0x66, 0x2c, 0x00, 0x00,  //...++++++++++... 
  0x00, 0x00, 0x72, 0xff, 0xff, 0xff, 0xff, 0xff, 0xff, 0xff, 0xff, 0xff, 0xff, 0x6e, 0x00, 0x00,  //..+@@@@@@@@@@+.. 
  0x00, 0x00, 0x72, 0xff, 0xd4, 0x62, 0x62, 0x62, 0x62, 0x62, 0x62, 0xdc, 0xff, 0x6e, 0x00, 0x00,  //..+@@++++++@@+.. 
  0x00, 0x00, 0x72, 0xff, 0xc0, 0x12, 0x12, 0x12, 0x12, 0x12, 0x12, 0xca, 0xff, 0x6e, 0x00, 0x00,  //..+@@......@@+.. 
  0x00, 0x00, 0x72, 0xff, 0xff, 0xff, 0xff, 0xff, 0xff, 0xff, 0xff, 0xff, 0xff, 0x6e, 0x00, 0x00,  //..+@@@@@@@@@@+.. 
  0x00, 0x00, 0x52, 0xb6, 0xb6, 0xb6, 0xb6, 0xb6, 0xb6, 0xb6, 0xb6, 0xb6, 0xb6, 0x4e, 0x00, 0x00,  //..+%%%%%%%%%%+.. 
  0x00, 0x00, 0x00, 0x00, 0x00, 0x00, 0x00, 0x00, 0x00, 0x00, 0x00, 0x00, 0x00, 0x00, 0x00, 0x00,  //................ 


  /*Unicode: U+b9ac (리) , Width: 14 */
  0x00, 0x00, 0x00, 0x00, 0x00, 0x00, 0x00, 0x00, 0x00, 0x00, 0x00, 0x00, 0x00, 0x00,  //.............. 
  0x00, 0x00, 0x00, 0x00, 0x00, 0x00, 0x00, 0x00, 0x00, 0x00, 0x0a, 0x9e, 0x9e, 0x18,  //...........%%. 
  0x42, 0x52, 0x52, 0x52, 0x52, 0x52, 0x52, 0x3c, 0x00, 0x00, 0x12, 0xff, 0xff, 0x26,  //+++++++....@@. 
  0xce, 0xff, 0xff, 0xff, 0xff, 0xff, 0xff, 0xba, 0x00, 0x00, 0x12, 0xff, 0xff, 0x26,  //@@@@@@@%...@@. 
  0x74, 0x8e, 0x8e, 0x8e, 0x8e, 0xca, 0xff, 0xba, 0x00, 0x00, 0x12, 0xff, 0xff, 0x26,  //+%%%%@@%...@@. 
  0x00, 0x00, 0x00, 0x00, 0x00, 0x86, 0xff, 0xba, 0x00, 0x00, 0x12, 0xff, 0xff, 0x26,  //.....%@%...@@. 
  0x00, 0x00, 0x00, 0x00, 0x00, 0x86, 0xff, 0xba, 0x00, 0x00, 0x12, 0xff, 0xff, 0x26,  //.....%@%...@@. 
  0x80, 0xa2, 0xa2, 0xa2, 0xa2, 0xd2, 0xff, 0xba, 0x00, 0x00, 0x12, 0xff, 0xff, 0x26,  //%%%%%@@%...@@. 
  0xca, 0xff, 0xff, 0xff, 0xff, 0xff, 0xff, 0xba, 0x00, 0x00, 0x12, 0xff, 0xff, 0x26,  //@@@@@@@%...@@. 
  0xca, 0xff, 0x90, 0x36, 0x36, 0x36, 0x36, 0x28, 0x00, 0x00, 0x12, 0xff, 0xff, 0x26,  //@@%........@@. 
  0xca, 0xff, 0x72, 0x00, 0x00, 0x00, 0x00, 0x00, 0x00, 0x00, 0x12, 0xff, 0xff, 0x26,  //@@+........@@. 
  0xca, 0xff, 0x72, 0x00, 0x00, 0x00, 0x00, 0x00, 0x0a, 0x36, 0x2a, 0xff, 0xff, 0x26,  //@@+........@@. 
  0xca, 0xff, 0xcc, 0xa2, 0xa8, 0xb8, 0xc8, 0xde, 0xfc, 0xff, 0x5a, 0xff, 0xff, 0x26,  //@@@%%%@@@@+@@. 
  0xca, 0xff, 0xff, 0xff, 0xff, 0xff, 0xff, 0xf6, 0xd4, 0xa4, 0x38, 0xff, 0xff, 0x26,  //@@@@@@@@@%.@@. 
  0x2e, 0x3a, 0x3a, 0x3a, 0x32, 0x26, 0x12, 0x00, 0x00, 0x00, 0x12, 0xff, 0xff, 0x26,  //...........@@. 
  0x00, 0x00, 0x00, 0x00, 0x00, 0x00, 0x00, 0x00, 0x00, 0x00, 0x12, 0xff, 0xff, 0x26,  //...........@@. 
  0x00, 0x00, 0x00, 0x00, 0x00, 0x00, 0x00, 0x00, 0x00, 0x00, 0x12, 0xff, 0xff, 0x26,  //...........@@. 
  0x00, 0x00, 0x00, 0x00, 0x00, 0x00, 0x00, 0x00, 0x00, 0x00, 0x12, 0xff, 0xff, 0x26,  //...........@@. 
  0x00, 0x00, 0x00, 0x00, 0x00, 0x00, 0x00, 0x00, 0x00, 0x00, 0x00, 0x0e, 0x0e, 0x00,  //.............. 


  /*Unicode: U+b9c8 (마) , Width: 16 */
  0x00, 0x00, 0x00, 0x00, 0x00, 0x00, 0x00, 0x00, 0x00, 0x00, 0x00, 0x00, 0x00, 0x00, 0x00, 0x00,  //................ 
  0x00, 0x00, 0x00, 0x00, 0x00, 0x00, 0x00, 0x00, 0x00, 0x00, 0x7e, 0x9e, 0x44, 0x00, 0x00, 0x00,  //..........+%+... 
  0x30, 0x3a, 0x3a, 0x3a, 0x3a, 0x3a, 0x3a, 0x2e, 0x00, 0x00, 0xca, 0xff, 0x6e, 0x00, 0x00, 0x00,  //..........@@+... 
  0xd6, 0xff, 0xff, 0xff, 0xff, 0xff, 0xff, 0xce, 0x00, 0x00, 0xca, 0xff, 0x6e, 0x00, 0x00, 0x00,  //@@@@@@@@..@@+... 
  0xd6, 0xff, 0xc2, 0x9a, 0x9a, 0xc2, 0xff, 0xce, 0x00, 0x00, 0xca, 0xff, 0x6e, 0x00, 0x00, 0x00,  //@@@%%@@@..@@+... 
  0xd6, 0xff, 0x66, 0x00, 0x00, 0x66, 0xff, 0xce, 0x00, 0x00, 0xca, 0xff, 0x6e, 0x00, 0x00, 0x00,  //@@+..+@@..@@+... 
  0xd6, 0xff, 0x66, 0x00, 0x00, 0x66, 0xff, 0xce, 0x00, 0x00, 0xca, 0xff, 0x6e, 0x00, 0x00, 0x00,  //@@+..+@@..@@+... 
  0xd6, 0xff, 0x66, 0x00, 0x00, 0x66, 0xff, 0xce, 0x00, 0x00, 0xca, 0xff, 0xf2, 0xea, 0xea, 0x0a,  //@@+..+@@..@@@@@. 
  0xd6, 0xff, 0x66, 0x00, 0x00, 0x66, 0xff, 0xce, 0x00, 0x00, 0xca, 0xff, 0xff, 0xff, 0xff, 0x0a,  //@@+..+@@..@@@@@. 
  0xd6, 0xff, 0x66, 0x00, 0x00, 0x66, 0xff, 0xce, 0x00, 0x00, 0xca, 0xff, 0x6e, 0x00, 0x00, 0x00,  //@@+..+@@..@@+... 
  0xd6, 0xff, 0x66, 0x00, 0x00, 0x66, 0xff, 0xce, 0x00, 0x00, 0xca, 0xff, 0x6e, 0x00, 0x00, 0x00,  //@@+..+@@..@@+... 
  0xd6, 0xff, 0x88, 0x36, 0x36, 0x88, 0xff, 0xce, 0x00, 0x00, 0xca, 0xff, 0x6e, 0x00, 0x00, 0x00,  //@@%..%@@..@@+... 
  0xd6, 0xff, 0xff, 0xff, 0xff, 0xff, 0xff, 0xce, 0x00, 0x00, 0xca, 0xff, 0x6e, 0x00, 0x00, 0x00,  //@@@@@@@@..@@+... 
  0x88, 0xa2, 0xa2, 0xa2, 0xa2, 0xa2, 0xa2, 0x84, 0x00, 0x00, 0xca, 0xff, 0x6e, 0x00, 0x00, 0x00,  //%%%%%%%%..@@+... 
  0x00, 0x00, 0x00, 0x00, 0x00, 0x00, 0x00, 0x00, 0x00, 0x00, 0xca, 0xff, 0x6e, 0x00, 0x00, 0x00,  //..........@@+... 
  0x00, 0x00, 0x00, 0x00, 0x00, 0x00, 0x00, 0x00, 0x00, 0x00, 0xca, 0xff, 0x6e, 0x00, 0x00, 0x00,  //..........@@+... 
  0x00, 0x00, 0x00, 0x00, 0x00, 0x00, 0x00, 0x00, 0x00, 0x00, 0xca, 0xff, 0x6e, 0x00, 0x00, 0x00,  //..........@@+... 
  0x00, 0x00, 0x00, 0x00, 0x00, 0x00, 0x00, 0x00, 0x00, 0x00, 0xca, 0xff, 0x6e, 0x00, 0x00, 0x00,  //..........@@+... 
  0x00, 0x00, 0x00, 0x00, 0x00, 0x00, 0x00, 0x00, 0x00, 0x00, 0x0a, 0x0e, 0x06, 0x00, 0x00, 0x00,  //................ 


  /*Unicode: U+b9de (맞) , Width: 16 */
  0x00, 0x00, 0x00, 0x00, 0x00, 0x00, 0x00, 0x00, 0x00, 0x00, 0x00, 0x00, 0x00, 0x00, 0x00, 0x00,  //................ 
  0x00, 0x00, 0x00, 0x00, 0x00, 0x00, 0x00, 0x00, 0x00, 0x00, 0x00, 0x84, 0xa2, 0x3e, 0x00, 0x00,  //...........%%... 
  0x08, 0xe6, 0xe6, 0xe6, 0xe6, 0xe6, 0xe6, 0xe6, 0xb4, 0x00, 0x00, 0xce, 0xff, 0x62, 0x00, 0x00,  //.@@@@@@@%..@@+.. 
  0x0a, 0xff, 0xff, 0xe0, 0xda, 0xda, 0xea, 0xff, 0xc6, 0x00, 0x00, 0xce, 0xff, 0x62, 0x00, 0x00,  //.@@@@@@@@..@@+.. 
  0x0a, 0xff, 0xff, 0x26, 0x00, 0x00, 0x6a, 0xff, 0xc6, 0x00, 0x00, 0xce, 0xff, 0x8e, 0x46, 0x40,  //.@@...+@@..@@%++ 
  0x0a, 0xff, 0xff, 0x26, 0x00, 0x00, 0x6a, 0xff, 0xc6, 0x00, 0x00, 0xce, 0xff, 0xff, 0xff, 0xe6,  //.@@...+@@..@@@@@ 
  0x0a, 0xff, 0xff, 0x26, 0x00, 0x00, 0x6a, 0xff, 0xc6, 0x00, 0x00, 0xce, 0xff, 0xbc, 0x92, 0x84,  //.@@...+@@..@@%%% 
  0x0a, 0xff, 0xff, 0x58, 0x3a, 0x3a, 0x8c, 0xff, 0xc6, 0x00, 0x00, 0xce, 0xff, 0x62, 0x00, 0x00,  //.@@+..%@@..@@+.. 
  0x0a, 0xff, 0xff, 0xff, 0xff, 0xff, 0xff, 0xff, 0xc6, 0x00, 0x00, 0xce, 0xff, 0x62, 0x00, 0x00,  //.@@@@@@@@..@@+.. 
  0x04, 0x86, 0x86, 0x86, 0x86, 0x86, 0x86, 0x86, 0x68, 0x00, 0x00, 0xce, 0xff, 0x62, 0x00, 0x00,  //.%%%%%%%+..@@+.. 
  0x00, 0x00, 0x00, 0x00, 0x00, 0x00, 0x00, 0x00, 0x00, 0x00, 0x00, 0x80, 0x9e, 0x3c, 0x00, 0x00,  //...........%%... 
  0x00, 0x00, 0x00, 0x82, 0xaa, 0xaa, 0xaa, 0xaa, 0xaa, 0xaa, 0xaa, 0xac, 0xb0, 0x2e, 0x00, 0x00,  //...%%%%%%%%%%... 
  0x00, 0x00, 0x00, 0xc2, 0xff, 0xff, 0xff, 0xff, 0xff, 0xff, 0xff, 0xff, 0xee, 0x14, 0x00, 0x00,  //...@@@@@@@@@@... 
  0x00, 0x00, 0x00, 0x1c, 0x26, 0x26, 0x26, 0x26, 0x2c, 0xa4, 0xff, 0xf4, 0x44, 0x00, 0x00, 0x00,  //.........%@@+... 
  0x00, 0x00, 0x00, 0x00, 0x00, 0x00, 0x12, 0x74, 0xe6, 0xff, 0xdc, 0x32, 0x00, 0x00, 0x00, 0x00,  //.......+@@@..... 
  0x00, 0x00, 0x00, 0x10, 0x58, 0xac, 0xf6, 0xff, 0xff, 0xff, 0xfa, 0xba, 0x60, 0x14, 0x00, 0x00,  //....+%@@@@@%+... 
  0x00, 0x1a, 0xcc, 0xfc, 0xff, 0xff, 0xde, 0x76, 0x2a, 0x7e, 0xe4, 0xff, 0xff, 0xfc, 0xc4, 0x08,  //..@@@@@+.+@@@@@. 
  0x00, 0x00, 0x98, 0xdc, 0x92, 0x44, 0x00, 0x00, 0x00, 0x00, 0x02, 0x48, 0x96, 0xe2, 0x64, 0x00,  //..%@%+.....+%@+. 
  0x00, 0x00, 0x02, 0x00, 0x00, 0x00, 0x00, 0x00, 0x00, 0x00, 0x00, 0x00, 0x00, 0x00, 0x00, 0x00,  //................ 


  /*Unicode: U+b9e4 (매) , Width: 14 */
  0x00, 0x00, 0x00, 0x00, 0x00, 0x00, 0x00, 0x00, 0x00, 0x00, 0x00, 0x00, 0x00, 0x00,  //.............. 
  0x00, 0x00, 0x00, 0x00, 0x00, 0x00, 0x00, 0x04, 0x6e, 0x6e, 0x04, 0x74, 0x9e, 0x40,  //........++.+%+ 
  0x32, 0x36, 0x36, 0x36, 0x36, 0x36, 0x24, 0x0a, 0xff, 0xff, 0x0a, 0xba, 0xff, 0x66,  //........@@.%@+ 
  0xea, 0xff, 0xff, 0xff, 0xff, 0xff, 0xaa, 0x0a, 0xff, 0xff, 0x0a, 0xba, 0xff, 0x66,  //@@@@@@%.@@.%@+ 
  0xea, 0xff, 0xac, 0x9a, 0xc4, 0xff, 0xaa, 0x0a, 0xff, 0xff, 0x0a, 0xba, 0xff, 0x66,  //@@%%@@%.@@.%@+ 
  0xea, 0xff, 0x2e, 0x00, 0x6a, 0xff, 0xaa, 0x0a, 0xff, 0xff, 0x0a, 0xba, 0xff, 0x66,  //@@..+@%.@@.%@+ 
  0xea, 0xff, 0x2e, 0x00, 0x6a, 0xff, 0xaa, 0x0a, 0xff, 0xff, 0x0a, 0xba, 0xff, 0x66,  //@@..+@%.@@.%@+ 
  0xea, 0xff, 0x2e, 0x00, 0x6a, 0xff, 0xaa, 0x0a, 0xff, 0xff, 0xee, 0xfa, 0xff, 0x66,  //@@..+@%.@@@@@+ 
  0xea, 0xff, 0x2e, 0x00, 0x6a, 0xff, 0xaa, 0x0a, 0xff, 0xff, 0xee, 0xfa, 0xff, 0x66,  //@@..+@%.@@@@@+ 
  0xea, 0xff, 0x2e, 0x00, 0x6a, 0xff, 0xaa, 0x0a, 0xff, 0xff, 0x0a, 0xba, 0xff, 0x66,  //@@..+@%.@@.%@+ 
  0xea, 0xff, 0x2e, 0x00, 0x6a, 0xff, 0xaa, 0x0a, 0xff, 0xff, 0x0a, 0xba, 0xff, 0x66,  //@@..+@%.@@.%@+ 
  0xea, 0xff, 0x5c, 0x36, 0x8a, 0xff, 0xaa, 0x0a, 0xff, 0xff, 0x0a, 0xba, 0xff, 0x66,  //@@+.%@%.@@.%@+ 
  0xea, 0xff, 0xff, 0xff, 0xff, 0xff, 0xaa, 0x0a, 0xff, 0xff, 0x0a, 0xba, 0xff, 0x66,  //@@@@@@%.@@.%@+ 
  0x92, 0x9e, 0x9e, 0x9e, 0x9e, 0x9e, 0x6a, 0x0a, 0xff, 0xff, 0x0a, 0xba, 0xff, 0x66,  //%%%%%%+.@@.%@+ 
  0x00, 0x00, 0x00, 0x00, 0x00, 0x00, 0x00, 0x0a, 0xff, 0xff, 0x0a, 0xba, 0xff, 0x66,  //........@@.%@+ 
  0x00, 0x00, 0x00, 0x00, 0x00, 0x00, 0x00, 0x0a, 0xff, 0xff, 0x0a, 0xba, 0xff, 0x66,  //........@@.%@+ 
  0x00, 0x00, 0x00, 0x00, 0x00, 0x00, 0x00, 0x0a, 0xff, 0xff, 0x0a, 0xba, 0xff, 0x66,  //........@@.%@+ 
  0x00, 0x00, 0x00, 0x00, 0x00, 0x00, 0x00, 0x06, 0xa6, 0xa6, 0x06, 0xba, 0xff, 0x66,  //........%%.%@+ 
  0x00, 0x00, 0x00, 0x00, 0x00, 0x00, 0x00, 0x00, 0x00, 0x00, 0x00, 0x0a, 0x0e, 0x04,  //.............. 


  /*Unicode: U+b9f7 (맷) , Width: 15 */
  0x00, 0x00, 0x00, 0x00, 0x00, 0x00, 0x00, 0x00, 0x00, 0x00, 0x00, 0x00, 0x00, 0x00, 0x00,  //............... 
  0x00, 0x00, 0x00, 0x00, 0x00, 0x00, 0x00, 0x00, 0x66, 0x6e, 0x0e, 0x58, 0x9e, 0x56, 0x00,  //........++.+%+. 
  0x98, 0xb2, 0xb2, 0xb2, 0xb2, 0xb2, 0x7a, 0x00, 0xea, 0xff, 0x22, 0x8e, 0xff, 0x8a, 0x00,  //%%%%%%+.@@.%@%. 
  0xda, 0xff, 0xff, 0xff, 0xff, 0xff, 0xae, 0x00, 0xea, 0xff, 0x22, 0x8e, 0xff, 0x8a, 0x00,  //@@@@@@%.@@.%@%. 
  0xda, 0xff, 0x4a, 0x0a, 0x5e, 0xff, 0xae, 0x00, 0xea, 0xff, 0x22, 0x8e, 0xff, 0x8a, 0x00,  //@@+.+@%.@@.%@%. 
  0xda, 0xff, 0x42, 0x00, 0x56, 0xff, 0xae, 0x00, 0xea, 0xff, 0xf8, 0xfa, 0xff, 0x8a, 0x00,  //@@+.+@%.@@@@@%. 
  0xda, 0xff, 0x42, 0x00, 0x56, 0xff, 0xae, 0x00, 0xea, 0xff, 0xe2, 0xf0, 0xff, 0x8a, 0x00,  //@@+.+@%.@@@@@%. 
  0xda, 0xff, 0x42, 0x00, 0x56, 0xff, 0xae, 0x00, 0xea, 0xff, 0x22, 0x8e, 0xff, 0x8a, 0x00,  //@@+.+@%.@@.%@%. 
  0xda, 0xff, 0xd4, 0xc6, 0xda, 0xff, 0xae, 0x00, 0xea, 0xff, 0x22, 0x8e, 0xff, 0x8a, 0x00,  //@@@@@@%.@@.%@%. 
  0xd0, 0xf2, 0xf2, 0xf2, 0xf2, 0xf2, 0xa6, 0x00, 0xea, 0xff, 0x22, 0x8e, 0xff, 0x8a, 0x00,  //@@@@@@%.@@.%@%. 
  0x00, 0x00, 0x00, 0x00, 0x00, 0x00, 0x00, 0x00, 0xac, 0xba, 0x18, 0x8e, 0xff, 0x8a, 0x00,  //........%%.%@%. 
  0x00, 0x00, 0x00, 0x00, 0x00, 0x00, 0x18, 0xa2, 0xa2, 0x1c, 0x00, 0x8e, 0xff, 0x8a, 0x00,  //.......%%..%@%. 
  0x00, 0x00, 0x00, 0x00, 0x00, 0x00, 0x50, 0xff, 0xfa, 0x0c, 0x00, 0x32, 0x5a, 0x30, 0x00,  //......+@@...+.. 
  0x00, 0x00, 0x00, 0x00, 0x00, 0x00, 0xc2, 0xff, 0xfa, 0x48, 0x00, 0x00, 0x00, 0x00, 0x00,  //......@@@+..... 
  0x00, 0x00, 0x00, 0x00, 0x08, 0xa0, 0xff, 0xf8, 0xff, 0xf2, 0x52, 0x00, 0x00, 0x00, 0x00,  //.....%@@@@+.... 
  0x00, 0x00, 0x0e, 0x66, 0xdc, 0xff, 0xf4, 0x40, 0x82, 0xff, 0xff, 0xae, 0x3e, 0x00, 0x00,  //...+@@@+%@@%... 
  0x00, 0xa6, 0xf8, 0xff, 0xff, 0xc8, 0x28, 0x00, 0x00, 0x5a, 0xec, 0xff, 0xff, 0xec, 0x54,  //.%@@@@...+@@@@+ 
  0x00, 0x36, 0xec, 0xb2, 0x4c, 0x00, 0x00, 0x00, 0x00, 0x00, 0x0c, 0x72, 0xca, 0xca, 0x04,  //..@%+......+@@. 
  0x00, 0x00, 0x00, 0x00, 0x00, 0x00, 0x00, 0x00, 0x00, 0x00, 0x00, 0x00, 0x00, 0x00, 0x00,  //............... 


  /*Unicode: U+ba74 (면) , Width: 14 */
  0x00, 0x00, 0x00, 0x00, 0x00, 0x00, 0x00, 0x00, 0x00, 0x00, 0x00, 0x00, 0x00, 0x00,  //.............. 
  0x00, 0x00, 0x00, 0x00, 0x00, 0x00, 0x00, 0x00, 0x00, 0x00, 0x08, 0x72, 0x72, 0x10,  //...........++. 
  0x74, 0x9a, 0x9a, 0x9a, 0x9a, 0x9a, 0x9a, 0x96, 0x00, 0x00, 0x12, 0xff, 0xff, 0x26,  //+%%%%%%%...@@. 
  0xbe, 0xff, 0xff, 0xff, 0xff, 0xff, 0xff, 0xf8, 0x26, 0x26, 0x36, 0xff, 0xff, 0x26,  //%@@@@@@@...@@. 
  0xbe, 0xff, 0x9c, 0x3a, 0x3a, 0x50, 0xff, 0xff, 0xff, 0xff, 0xff, 0xff, 0xff, 0x26,  //%@%..+@@@@@@@. 
  0xbe, 0xff, 0x7e, 0x00, 0x00, 0x1a, 0xff, 0xfc, 0x9e, 0x9e, 0xa2, 0xff, 0xff, 0x26,  //%@+...@@%%%@@. 
  0xbe, 0xff, 0x7e, 0x00, 0x00, 0x1a, 0xff, 0xf6, 0x00, 0x00, 0x0a, 0xff, 0xff, 0x26,  //%@+...@@...@@. 
  0xbe, 0xff, 0x7e, 0x00, 0x00, 0x1a, 0xff, 0xf8, 0x56, 0x56, 0x5e, 0xff, 0xff, 0x26,  //%@+...@@+++@@. 
  0xbe, 0xff, 0x7e, 0x00, 0x00, 0x1a, 0xff, 0xff, 0xff, 0xff, 0xff, 0xff, 0xff, 0x26,  //%@+...@@@@@@@. 
  0xbe, 0xff, 0xf8, 0xf2, 0xf2, 0xf4, 0xff, 0xfa, 0x6e, 0x6e, 0x7a, 0xff, 0xff, 0x26,  //%@@@@@@@+++@@. 
  0xb0, 0xea, 0xea, 0xea, 0xea, 0xea, 0xea, 0xe2, 0x00, 0x00, 0x12, 0xff, 0xff, 0x26,  //%@@@@@@@...@@. 
  0x00, 0x00, 0x00, 0x00, 0x00, 0x00, 0x00, 0x00, 0x00, 0x00, 0x12, 0xff, 0xff, 0x26,  //...........@@. 
  0x00, 0x00, 0x08, 0x16, 0x10, 0x00, 0x00, 0x00, 0x00, 0x00, 0x12, 0xff, 0xff, 0x26,  //...........@@. 
  0x00, 0x00, 0x6a, 0xff, 0xc6, 0x00, 0x00, 0x00, 0x00, 0x00, 0x08, 0x8a, 0x8a, 0x14,  //..+@@......%%. 
  0x00, 0x00, 0x6a, 0xff, 0xc6, 0x00, 0x00, 0x00, 0x00, 0x00, 0x00, 0x00, 0x00, 0x00,  //..+@@......... 
  0x00, 0x00, 0x6a, 0xff, 0xc6, 0x00, 0x00, 0x00, 0x00, 0x00, 0x00, 0x00, 0x00, 0x00,  //..+@@......... 
  0x00, 0x00, 0x6a, 0xff, 0xff, 0xfa, 0xfa, 0xfa, 0xfa, 0xfa, 0xfa, 0xfa, 0xfa, 0x78,  //..+@@@@@@@@@@+ 
  0x00, 0x00, 0x60, 0xe6, 0xe6, 0xe6, 0xe6, 0xe6, 0xe6, 0xe6, 0xe6, 0xe6, 0xe6, 0x6e,  //..+@@@@@@@@@@+ 
  0x00, 0x00, 0x00, 0x00, 0x00, 0x00, 0x00, 0x00, 0x00, 0x00, 0x00, 0x00, 0x00, 0x00,  //.............. 


  /*Unicode: U+ba85 (명) , Width: 14 */
  0x00, 0x00, 0x00, 0x00, 0x00, 0x00, 0x00, 0x00, 0x00, 0x00, 0x00, 0x00, 0x00, 0x00,  //.............. 
  0x00, 0x00, 0x00, 0x00, 0x00, 0x00, 0x00, 0x00, 0x00, 0x00, 0x0c, 0xae, 0xae, 0x1a,  //...........%%. 
  0xb6, 0xf2, 0xf2, 0xf2, 0xf2, 0xf2, 0xf2, 0xf2, 0x06, 0x00, 0x12, 0xff, 0xff, 0x26,  //%@@@@@@@...@@. 
  0xbe, 0xff, 0xe6, 0xce, 0xce, 0xd2, 0xff, 0xff, 0x9e, 0x9a, 0xa2, 0xff, 0xff, 0x26,  //%@@@@@@@%%%@@. 
  0xbe, 0xff, 0x7e, 0x00, 0x00, 0x0e, 0xff, 0xff, 0xff, 0xff, 0xff, 0xff, 0xff, 0x26,  //%@+...@@@@@@@. 
  0xbe, 0xff, 0x7e, 0x00, 0x00, 0x0e, 0xff, 0xff, 0x1e, 0x16, 0x20, 0xff, 0xff, 0x26,  //%@+...@@...@@. 
  0xbe, 0xff, 0x7e, 0x00, 0x00, 0x0e, 0xff, 0xff, 0x44, 0x3e, 0x48, 0xff, 0xff, 0x26,  //%@+...@@+.+@@. 
  0xbe, 0xff, 0x7e, 0x00, 0x00, 0x0e, 0xff, 0xff, 0xff, 0xff, 0xff, 0xff, 0xff, 0x26,  //%@+...@@@@@@@. 
  0xbe, 0xff, 0xec, 0xda, 0xda, 0xdc, 0xff, 0xff, 0x7e, 0x7a, 0x84, 0xff, 0xff, 0x26,  //%@@@@@@@++%@@. 
  0xb0, 0xea, 0xea, 0xea, 0xea, 0xea, 0xea, 0xea, 0x06, 0x00, 0x12, 0xff, 0xff, 0x26,  //%@@@@@@@...@@. 
  0x00, 0x00, 0x00, 0x00, 0x00, 0x00, 0x00, 0x00, 0x00, 0x00, 0x12, 0xff, 0xff, 0x26,  //...........@@. 
  0x00, 0x00, 0x00, 0x00, 0x1a, 0x62, 0x88, 0x96, 0x90, 0x72, 0x3e, 0x64, 0x62, 0x0e,  //.....+%%%+.++. 
  0x00, 0x00, 0x06, 0x96, 0xfc, 0xff, 0xff, 0xff, 0xff, 0xff, 0xff, 0xce, 0x2c, 0x00,  //...%@@@@@@@@.. 
  0x00, 0x00, 0x90, 0xff, 0xf4, 0x8a, 0x48, 0x36, 0x46, 0x68, 0xd2, 0xff, 0xe8, 0x0e,  //..%@@%+.++@@@. 
  0x00, 0x00, 0xe6, 0xff, 0x66, 0x00, 0x00, 0x00, 0x00, 0x00, 0x0e, 0xf8, 0xff, 0x4e,  //..@@+......@@+ 
  0x00, 0x00, 0xd0, 0xff, 0xa4, 0x04, 0x00, 0x00, 0x00, 0x00, 0x4e, 0xff, 0xff, 0x36,  //..@@%.....+@@. 
  0x00, 0x00, 0x46, 0xf6, 0xff, 0xee, 0xb6, 0xa6, 0xb2, 0xd4, 0xff, 0xff, 0xa4, 0x00,  //..+@@@%%%@@@%. 
  0x00, 0x00, 0x00, 0x2a, 0xa0, 0xe8, 0xff, 0xff, 0xff, 0xf6, 0xc0, 0x5a, 0x00, 0x00,  //....%@@@@@@+.. 
  0x00, 0x00, 0x00, 0x00, 0x00, 0x00, 0x0e, 0x1a, 0x16, 0x02, 0x00, 0x00, 0x00, 0x00,  //.............. 


  /*Unicode: U+baa8 (모) , Width: 16 */
  0x00, 0x00, 0x00, 0x00, 0x00, 0x00, 0x00, 0x00, 0x00, 0x00, 0x00, 0x00, 0x00, 0x00, 0x00, 0x00,  //................ 
  0x00, 0x00, 0x00, 0x00, 0x00, 0x00, 0x00, 0x00, 0x00, 0x00, 0x00, 0x00, 0x00, 0x00, 0x00, 0x00,  //................ 
  0x00, 0x00, 0x00, 0x00, 0x00, 0x00, 0x00, 0x00, 0x00, 0x00, 0x00, 0x00, 0x00, 0x00, 0x00, 0x00,  //................ 
  0x00, 0x00, 0x46, 0xbe, 0xbe, 0xbe, 0xbe, 0xbe, 0xbe, 0xbe, 0xbe, 0xbe, 0xbe, 0x44, 0x00, 0x00,  //..+%%%%%%%%%%+.. 
  0x00, 0x00, 0x5e, 0xff, 0xff, 0xff, 0xff, 0xff, 0xff, 0xff, 0xff, 0xff, 0xff, 0x5a, 0x00, 0x00,  //..+@@@@@@@@@@+.. 
  0x00, 0x00, 0x5e, 0xff, 0xdc, 0x22, 0x22, 0x22, 0x22, 0x22, 0x22, 0xe2, 0xff, 0x5a, 0x00, 0x00,  //..+@@......@@+.. 
  0x00, 0x00, 0x5e, 0xff, 0xd6, 0x00, 0x00, 0x00, 0x00, 0x00, 0x00, 0xde, 0xff, 0x5a, 0x00, 0x00,  //..+@@......@@+.. 
  0x00, 0x00, 0x5e, 0xff, 0xd6, 0x00, 0x00, 0x00, 0x00, 0x00, 0x00, 0xde, 0xff, 0x5a, 0x00, 0x00,  //..+@@......@@+.. 
  0x00, 0x00, 0x5e, 0xff, 0xd6, 0x00, 0x00, 0x00, 0x00, 0x00, 0x00, 0xde, 0xff, 0x5a, 0x00, 0x00,  //..+@@......@@+.. 
  0x00, 0x00, 0x5e, 0xff, 0xe6, 0x62, 0x62, 0x62, 0x62, 0x62, 0x62, 0xea, 0xff, 0x5a, 0x00, 0x00,  //..+@@++++++@@+.. 
  0x00, 0x00, 0x5e, 0xff, 0xff, 0xff, 0xff, 0xff, 0xff, 0xff, 0xff, 0xff, 0xff, 0x5a, 0x00, 0x00,  //..+@@@@@@@@@@+.. 
  0x00, 0x00, 0x2c, 0x76, 0x76, 0x76, 0x8a, 0xff, 0xff, 0x8a, 0x76, 0x76, 0x76, 0x2a, 0x00, 0x00,  //...+++%@@%+++... 
  0x00, 0x00, 0x00, 0x00, 0x00, 0x00, 0x22, 0xff, 0xff, 0x22, 0x00, 0x00, 0x00, 0x00, 0x00, 0x00,  //.......@@....... 
  0x00, 0x00, 0x00, 0x00, 0x00, 0x00, 0x22, 0xff, 0xff, 0x22, 0x00, 0x00, 0x00, 0x00, 0x00, 0x00,  //.......@@....... 
  0x76, 0xa6, 0xa6, 0xa6, 0xa6, 0xa6, 0xb2, 0xff, 0xff, 0xb2, 0xa6, 0xa6, 0xa6, 0xa6, 0xa6, 0x76,  //+%%%%%%@@%%%%%%+ 
  0xb6, 0xff, 0xff, 0xff, 0xff, 0xff, 0xff, 0xff, 0xff, 0xff, 0xff, 0xff, 0xff, 0xff, 0xff, 0xb6,  //%@@@@@@@@@@@@@@% 
  0x24, 0x32, 0x32, 0x32, 0x32, 0x32, 0x32, 0x32, 0x32, 0x32, 0x32, 0x32, 0x32, 0x32, 0x32, 0x24,  //................ 
  0x00, 0x00, 0x00, 0x00, 0x00, 0x00, 0x00, 0x00, 0x00, 0x00, 0x00, 0x00, 0x00, 0x00, 0x00, 0x00,  //................ 
  0x00, 0x00, 0x00, 0x00, 0x00, 0x00, 0x00, 0x00, 0x00, 0x00, 0x00, 0x00, 0x00, 0x00, 0x00, 0x00,  //................ 


  /*Unicode: U+babb (못) , Width: 16 */
  0x00, 0x00, 0x00, 0x00, 0x00, 0x00, 0x00, 0x00, 0x00, 0x00, 0x00, 0x00, 0x00, 0x00, 0x00, 0x00,  //................ 
  0x00, 0x00, 0x26, 0x66, 0x66, 0x66, 0x66, 0x66, 0x66, 0x66, 0x66, 0x66, 0x66, 0x22, 0x00, 0x00,  //...++++++++++... 
  0x00, 0x00, 0x5e, 0xff, 0xff, 0xff, 0xff, 0xff, 0xff, 0xff, 0xff, 0xff, 0xff, 0x56, 0x00, 0x00,  //..+@@@@@@@@@@+.. 
  0x00, 0x00, 0x5e, 0xff, 0xea, 0x72, 0x72, 0x72, 0x72, 0x72, 0x72, 0xf0, 0xff, 0x56, 0x00, 0x00,  //..+@@++++++@@+.. 
  0x00, 0x00, 0x5e, 0xff, 0xda, 0x00, 0x00, 0x00, 0x00, 0x00, 0x00, 0xe6, 0xff, 0x56, 0x00, 0x00,  //..+@@......@@+.. 
  0x00, 0x00, 0x5e, 0xff, 0xe6, 0x56, 0x56, 0x56, 0x56, 0x56, 0x56, 0xee, 0xff, 0x56, 0x00, 0x00,  //..+@@++++++@@+.. 
  0x00, 0x00, 0x5e, 0xff, 0xff, 0xff, 0xff, 0xff, 0xff, 0xff, 0xff, 0xff, 0xff, 0x56, 0x00, 0x00,  //..+@@@@@@@@@@+.. 
  0x00, 0x00, 0x28, 0x6e, 0x6e, 0x6e, 0x86, 0xff, 0xff, 0x7a, 0x6e, 0x6e, 0x6e, 0x24, 0x00, 0x00,  //...+++%@@++++... 
  0x00, 0x00, 0x00, 0x00, 0x00, 0x00, 0x2a, 0xff, 0xff, 0x12, 0x00, 0x00, 0x00, 0x00, 0x00, 0x00,  //.......@@....... 
  0xaa, 0xbe, 0xbe, 0xbe, 0xbe, 0xbe, 0xca, 0xff, 0xff, 0xc4, 0xbe, 0xbe, 0xbe, 0xbe, 0xbe, 0xaa,  //%%%%%%@@@@%%%%%% 
  0xe2, 0xff, 0xff, 0xff, 0xff, 0xff, 0xff, 0xff, 0xff, 0xff, 0xff, 0xff, 0xff, 0xff, 0xff, 0xe2,  //@@@@@@@@@@@@@@@@ 
  0x14, 0x16, 0x16, 0x16, 0x16, 0x16, 0x16, 0x60, 0x66, 0x32, 0x16, 0x16, 0x16, 0x16, 0x16, 0x14,  //.......++....... 
  0x00, 0x00, 0x00, 0x00, 0x00, 0x00, 0x0c, 0xfc, 0xff, 0x3e, 0x00, 0x00, 0x00, 0x00, 0x00, 0x00,  //.......@@....... 
  0x00, 0x00, 0x00, 0x00, 0x00, 0x00, 0x80, 0xff, 0xff, 0x36, 0x00, 0x00, 0x00, 0x00, 0x00, 0x00,  //......%@@....... 
  0x00, 0x00, 0x00, 0x00, 0x04, 0x7a, 0xfc, 0xff, 0xff, 0xf0, 0x5c, 0x00, 0x00, 0x00, 0x00, 0x00,  //.....+@@@@+..... 
  0x00, 0x08, 0x3e, 0x80, 0xde, 0xff, 0xf8, 0x66, 0x9e, 0xff, 0xff, 0xd6, 0x7e, 0x34, 0x04, 0x00,  //...%@@@+%@@@+... 
  0x00, 0xb2, 0xff, 0xff, 0xff, 0xba, 0x2e, 0x00, 0x00, 0x4c, 0xd4, 0xff, 0xff, 0xff, 0xa8, 0x00,  //.%@@@%...+@@@@%. 
  0x00, 0x20, 0xbe, 0x80, 0x28, 0x00, 0x00, 0x00, 0x00, 0x00, 0x00, 0x3a, 0x8a, 0xc0, 0x1a, 0x00,  //..%%........%@.. 
  0x00, 0x00, 0x00, 0x00, 0x00, 0x00, 0x00, 0x00, 0x00, 0x00, 0x00, 0x00, 0x00, 0x00, 0x00, 0x00,  //................ 


  /*Unicode: U+bb3c (물) , Width: 16 */
  0x00, 0x00, 0x00, 0x00, 0x00, 0x00, 0x00, 0x00, 0x00, 0x00, 0x00, 0x00, 0x00, 0x00, 0x00, 0x00,  //................ 
  0x00, 0x00, 0x28, 0x6a, 0x6a, 0x6a, 0x6a, 0x6a, 0x6a, 0x6a, 0x6a, 0x6a, 0x6a, 0x24, 0x00, 0x00,  //...++++++++++... 
  0x00, 0x00, 0x62, 0xff, 0xff, 0xff, 0xff, 0xff, 0xff, 0xff, 0xff, 0xff, 0xff, 0x5a, 0x00, 0x00,  //..+@@@@@@@@@@+.. 
  0x00, 0x00, 0x62, 0xff, 0xe4, 0x5a, 0x5a, 0x5a, 0x5a, 0x5a, 0x5a, 0xec, 0xff, 0x5a, 0x00, 0x00,  //..+@@++++++@@+.. 
  0x00, 0x00, 0x62, 0xff, 0xd6, 0x00, 0x00, 0x00, 0x00, 0x00, 0x00, 0xe2, 0xff, 0x5a, 0x00, 0x00,  //..+@@......@@+.. 
  0x00, 0x00, 0x62, 0xff, 0xf0, 0x9e, 0x9e, 0x9e, 0x9e, 0x9e, 0x9e, 0xf4, 0xff, 0x5a, 0x00, 0x00,  //..+@@%%%%%%@@+.. 
  0x00, 0x00, 0x62, 0xff, 0xff, 0xff, 0xff, 0xff, 0xff, 0xff, 0xff, 0xff, 0xff, 0x5a, 0x00, 0x00,  //..+@@@@@@@@@@+.. 
  0x0c, 0x0e, 0x12, 0x16, 0x16, 0x16, 0x16, 0x16, 0x16, 0x16, 0x16, 0x16, 0x16, 0x10, 0x0e, 0x0c,  //................ 
  0xe2, 0xff, 0xff, 0xff, 0xff, 0xff, 0xff, 0xff, 0xff, 0xff, 0xff, 0xff, 0xff, 0xff, 0xff, 0xe2,  //@@@@@@@@@@@@@@@@ 
  0x98, 0xaa, 0xaa, 0xaa, 0xaa, 0xaa, 0xb6, 0xff, 0xff, 0xb4, 0xaa, 0xaa, 0xaa, 0xaa, 0xaa, 0x98,  //%%%%%%%@@%%%%%%% 
  0x00, 0x00, 0x10, 0x26, 0x26, 0x26, 0x44, 0xff, 0xff, 0x3e, 0x26, 0x26, 0x26, 0x10, 0x00, 0x00,  //......+@@....... 
  0x00, 0x00, 0x76, 0xff, 0xff, 0xff, 0xff, 0xff, 0xff, 0xff, 0xff, 0xff, 0xff, 0x72, 0x00, 0x00,  //..+@@@@@@@@@@+.. 
  0x00, 0x00, 0x4a, 0xa2, 0xa2, 0xa2, 0xa2, 0xa2, 0xa2, 0xa2, 0xa2, 0xea, 0xff, 0x72, 0x00, 0x00,  //..+%%%%%%%%@@+.. 
  0x00, 0x00, 0x38, 0x7a, 0x7a, 0x7a, 0x7a, 0x7a, 0x7a, 0x7a, 0x7a, 0xe2, 0xff, 0x72, 0x00, 0x00,  //...++++++++@@+.. 
  0x00, 0x00, 0x76, 0xff, 0xff, 0xff, 0xff, 0xff, 0xff, 0xff, 0xff, 0xff, 0xff, 0x72, 0x00, 0x00,  //..+@@@@@@@@@@+.. 
  0x00, 0x00, 0x76, 0xff, 0xc6, 0x2a, 0x2a, 0x2a, 0x2a, 0x2a, 0x2a, 0x2a, 0x2a, 0x12, 0x00, 0x00,  //..+@@........... 
  0x00, 0x00, 0x76, 0xff, 0xf8, 0xe6, 0xe6, 0xe6, 0xe6, 0xe6, 0xe6, 0xe6, 0xe6, 0xca, 0x00, 0x00,  //..+@@@@@@@@@@@.. 
  0x00, 0x00, 0x68, 0xde, 0xde, 0xde, 0xde, 0xde, 0xde, 0xde, 0xde, 0xde, 0xde, 0xc2, 0x00, 0x00,  //..+@@@@@@@@@@@.. 
  0x00, 0x00, 0x00, 0x00, 0x00, 0x00, 0x00, 0x00, 0x00, 0x00, 0x00, 0x00, 0x00, 0x00, 0x00, 0x00,  //................ 


  /*Unicode: U+bc0f (및) , Width: 15 */
  0x00, 0x00, 0x00, 0x00, 0x00, 0x00, 0x00, 0x00, 0x00, 0x00, 0x00, 0x00, 0x00, 0x00, 0x00,  //............... 
  0x00, 0x00, 0x00, 0x00, 0x00, 0x00, 0x00, 0x00, 0x00, 0x00, 0x0a, 0x9e, 0x9e, 0x18, 0x00,  //...........%%.. 
  0xa6, 0xe2, 0xe2, 0xe2, 0xe2, 0xe2, 0xe2, 0xe2, 0x26, 0x00, 0x12, 0xff, 0xff, 0x26, 0x00,  //%@@@@@@@...@@.. 
  0xba, 0xff, 0xf0, 0xe2, 0xe2, 0xe2, 0xff, 0xff, 0x2a, 0x00, 0x12, 0xff, 0xff, 0x26, 0x00,  //%@@@@@@@...@@.. 
  0xba, 0xff, 0x7e, 0x00, 0x00, 0x02, 0xff, 0xff, 0x2a, 0x00, 0x12, 0xff, 0xff, 0x26, 0x00,  //%@+...@@...@@.. 
  0xba, 0xff, 0x7e, 0x00, 0x00, 0x02, 0xff, 0xff, 0x2a, 0x00, 0x12, 0xff, 0xff, 0x26, 0x00,  //%@+...@@...@@.. 
  0xba, 0xff, 0x7e, 0x00, 0x00, 0x02, 0xff, 0xff, 0x2a, 0x00, 0x12, 0xff, 0xff, 0x26, 0x00,  //%@+...@@...@@.. 
  0xba, 0xff, 0xd2, 0xa6, 0xa6, 0xa8, 0xff, 0xff, 0x2a, 0x00, 0x12, 0xff, 0xff, 0x26, 0x00,  //%@@%%%@@...@@.. 
  0xba, 0xff, 0xff, 0xff, 0xff, 0xff, 0xff, 0xff, 0x2a, 0x00, 0x12, 0xff, 0xff, 0x26, 0x00,  //%@@@@@@@...@@.. 
  0x18, 0x22, 0x22, 0x22, 0x22, 0x22, 0x22, 0x22, 0x04, 0x00, 0x12, 0xff, 0xff, 0x26, 0x00,  //...........@@.. 
  0x00, 0x00, 0x00, 0x00, 0x4c, 0xd6, 0xd6, 0xd6, 0xd6, 0xc8, 0x06, 0x6a, 0x6a, 0x0e, 0x00,  //....+@@@@@.++.. 
  0x00, 0x00, 0x00, 0x00, 0x4e, 0xde, 0xde, 0xde, 0xde, 0xd0, 0x00, 0x00, 0x00, 0x00, 0x00,  //....+@@@@@..... 
  0x00, 0x00, 0x28, 0x7a, 0x7a, 0x7a, 0x7a, 0x7a, 0x7a, 0x7a, 0x7c, 0x80, 0x2c, 0x00, 0x00,  //...++++++++%... 
  0x00, 0x00, 0x56, 0xff, 0xff, 0xff, 0xff, 0xff, 0xff, 0xff, 0xff, 0xfa, 0x2e, 0x00, 0x00,  //..+@@@@@@@@@... 
  0x00, 0x00, 0x10, 0x32, 0x32, 0x32, 0x32, 0x4e, 0xb2, 0xff, 0xf6, 0x58, 0x00, 0x00, 0x00,  //.......+%@@+... 
  0x00, 0x00, 0x00, 0x0a, 0x3e, 0x7c, 0xc6, 0xfc, 0xff, 0xff, 0x8c, 0x24, 0x00, 0x00, 0x00,  //.....+@@@@%.... 
  0x00, 0x8a, 0xda, 0xfc, 0xff, 0xff, 0xea, 0x9e, 0xbc, 0xfa, 0xff, 0xff, 0xf0, 0xca, 0x3a,  //.%@@@@@%%@@@@@. 
  0x00, 0x3e, 0xf4, 0xc0, 0x84, 0x40, 0x02, 0x00, 0x00, 0x12, 0x60, 0x9c, 0xd6, 0xd0, 0x02,  //..@@%+....+%@@. 
  0x00, 0x00, 0x02, 0x00, 0x00, 0x00, 0x00, 0x00, 0x00, 0x00, 0x00, 0x00, 0x00, 0x00, 0x00,  //............... 


  /*Unicode: U+bc14 (바) , Width: 16 */
  0x00, 0x00, 0x00, 0x00, 0x00, 0x00, 0x00, 0x00, 0x00, 0x00, 0x00, 0x00, 0x00, 0x00, 0x00, 0x00,  //................ 
  0x00, 0x00, 0x00, 0x00, 0x00, 0x00, 0x00, 0x00, 0x00, 0x00, 0x7e, 0x9e, 0x44, 0x00, 0x00, 0x00,  //..........+%+... 
  0x56, 0x62, 0x24, 0x00, 0x00, 0x20, 0x62, 0x56, 0x00, 0x00, 0xca, 0xff, 0x6e, 0x00, 0x00, 0x00,  //++....++..@@+... 
  0xde, 0xff, 0x5e, 0x00, 0x00, 0x56, 0xff, 0xde, 0x00, 0x00, 0xca, 0xff, 0x6e, 0x00, 0x00, 0x00,  //@@+..+@@..@@+... 
  0xde, 0xff, 0x5e, 0x00, 0x00, 0x56, 0xff, 0xde, 0x00, 0x00, 0xca, 0xff, 0x6e, 0x00, 0x00, 0x00,  //@@+..+@@..@@+... 
  0xde, 0xff, 0x5e, 0x00, 0x00, 0x56, 0xff, 0xde, 0x00, 0x00, 0xca, 0xff, 0x6e, 0x00, 0x00, 0x00,  //@@+..+@@..@@+... 
  0xde, 0xff, 0xac, 0x7a, 0x7a, 0xa8, 0xff, 0xde, 0x00, 0x00, 0xca, 0xff, 0x6e, 0x00, 0x00, 0x00,  //@@%++%@@..@@+... 
  0xde, 0xff, 0xff, 0xff, 0xff, 0xff, 0xff, 0xde, 0x00, 0x00, 0xca, 0xff, 0xd4, 0xb2, 0xb2, 0x06,  //@@@@@@@@..@@@%%. 
  0xde, 0xff, 0x92, 0x56, 0x56, 0x8e, 0xff, 0xde, 0x00, 0x00, 0xca, 0xff, 0xff, 0xff, 0xff, 0x0a,  //@@%++%@@..@@@@@. 
  0xde, 0xff, 0x5a, 0x00, 0x00, 0x52, 0xff, 0xde, 0x00, 0x00, 0xca, 0xff, 0x8a, 0x2e, 0x2e, 0x00,  //@@+..+@@..@@%... 
  0xde, 0xff, 0x5a, 0x00, 0x00, 0x52, 0xff, 0xde, 0x00, 0x00, 0xca, 0xff, 0x6e, 0x00, 0x00, 0x00,  //@@+..+@@..@@+... 
  0xde, 0xff, 0x78, 0x2e, 0x2e, 0x72, 0xff, 0xde, 0x00, 0x00, 0xca, 0xff, 0x6e, 0x00, 0x00, 0x00,  //@@+..+@@..@@+... 
  0xde, 0xff, 0xff, 0xff, 0xff, 0xff, 0xff, 0xde, 0x00, 0x00, 0xca, 0xff, 0x6e, 0x00, 0x00, 0x00,  //@@@@@@@@..@@+... 
  0x92, 0xa6, 0xa6, 0xa6, 0xa6, 0xa6, 0xa6, 0x92, 0x00, 0x00, 0xca, 0xff, 0x6e, 0x00, 0x00, 0x00,  //%%%%%%%%..@@+... 
  0x00, 0x00, 0x00, 0x00, 0x00, 0x00, 0x00, 0x00, 0x00, 0x00, 0xca, 0xff, 0x6e, 0x00, 0x00, 0x00,  //..........@@+... 
  0x00, 0x00, 0x00, 0x00, 0x00, 0x00, 0x00, 0x00, 0x00, 0x00, 0xca, 0xff, 0x6e, 0x00, 0x00, 0x00,  //..........@@+... 
  0x00, 0x00, 0x00, 0x00, 0x00, 0x00, 0x00, 0x00, 0x00, 0x00, 0xca, 0xff, 0x6e, 0x00, 0x00, 0x00,  //..........@@+... 
  0x00, 0x00, 0x00, 0x00, 0x00, 0x00, 0x00, 0x00, 0x00, 0x00, 0xca, 0xff, 0x6e, 0x00, 0x00, 0x00,  //..........@@+... 
  0x00, 0x00, 0x00, 0x00, 0x00, 0x00, 0x00, 0x00, 0x00, 0x00, 0x0a, 0x0e, 0x06, 0x00, 0x00, 0x00,  //................ 


  /*Unicode: U+bc1c (발) , Width: 16 */
  0x00, 0x00, 0x00, 0x00, 0x00, 0x00, 0x00, 0x00, 0x00, 0x00, 0x00, 0x00, 0x00, 0x00, 0x00, 0x00,  //................ 
  0x00, 0x06, 0x06, 0x00, 0x00, 0x00, 0x02, 0x06, 0x04, 0x00, 0x00, 0x6c, 0x86, 0x34, 0x00, 0x00,  //...........+%... 
  0x0e, 0xff, 0xff, 0x22, 0x00, 0x00, 0x6a, 0xff, 0xba, 0x00, 0x00, 0xce, 0xff, 0x62, 0x00, 0x00,  //.@@...+@%..@@+.. 
  0x0e, 0xff, 0xff, 0x22, 0x00, 0x00, 0x6a, 0xff, 0xba, 0x00, 0x00, 0xce, 0xff, 0x62, 0x00, 0x00,  //.@@...+@%..@@+.. 
  0x0e, 0xff, 0xff, 0xe2, 0xde, 0xde, 0xec, 0xff, 0xba, 0x00, 0x00, 0xce, 0xff, 0x98, 0x56, 0x4e,  //.@@@@@@@%..@@%++ 
  0x0e, 0xff, 0xff, 0xd4, 0xce, 0xce, 0xe2, 0xff, 0xba, 0x00, 0x00, 0xce, 0xff, 0xff, 0xff, 0xe6,  //.@@@@@@@%..@@@@@ 
  0x0e, 0xff, 0xff, 0x1e, 0x00, 0x00, 0x66, 0xff, 0xba, 0x00, 0x00, 0xce, 0xff, 0xb2, 0x82, 0x76,  //.@@...+@%..@@%%+ 
  0x0e, 0xff, 0xff, 0x88, 0x76, 0x76, 0xae, 0xff, 0xba, 0x00, 0x00, 0xce, 0xff, 0x62, 0x00, 0x00,  //.@@%++%@%..@@+.. 
  0x0e, 0xff, 0xff, 0xff, 0xff, 0xff, 0xff, 0xff, 0xba, 0x00, 0x00, 0xce, 0xff, 0x62, 0x00, 0x00,  //.@@@@@@@%..@@+.. 
  0x02, 0x42, 0x42, 0x42, 0x42, 0x42, 0x42, 0x42, 0x30, 0x00, 0x00, 0x9a, 0xbe, 0x4a, 0x00, 0x00,  //.+++++++...%%+.. 
  0x00, 0x00, 0x14, 0x8a, 0x8a, 0x8a, 0x8a, 0x8a, 0x8a, 0x8a, 0x8a, 0x8a, 0x8a, 0x34, 0x00, 0x00,  //...%%%%%%%%%%... 
  0x00, 0x00, 0x26, 0xff, 0xff, 0xff, 0xff, 0xff, 0xff, 0xff, 0xff, 0xff, 0xff, 0x62, 0x00, 0x00,  //...@@@@@@@@@@+.. 
  0x00, 0x00, 0x0a, 0x46, 0x46, 0x46, 0x46, 0x46, 0x46, 0x46, 0x46, 0xd8, 0xff, 0x62, 0x00, 0x00,  //...++++++++@@+.. 
  0x00, 0x00, 0x1c, 0xbe, 0xbe, 0xbe, 0xbe, 0xbe, 0xbe, 0xbe, 0xbe, 0xf2, 0xff, 0x62, 0x00, 0x00,  //...%%%%%%%%@@+.. 
  0x00, 0x00, 0x26, 0xff, 0xff, 0xff, 0xff, 0xff, 0xff, 0xff, 0xff, 0xff, 0xff, 0x62, 0x00, 0x00,  //...@@@@@@@@@@+.. 
  0x00, 0x00, 0x26, 0xff, 0xff, 0x16, 0x06, 0x06, 0x06, 0x06, 0x06, 0x06, 0x06, 0x02, 0x00, 0x00,  //...@@........... 
  0x00, 0x00, 0x26, 0xff, 0xff, 0xd8, 0xd6, 0xd6, 0xd6, 0xd6, 0xd6, 0xd6, 0xd6, 0x9c, 0x00, 0x00,  //...@@@@@@@@@@%.. 
  0x00, 0x00, 0x26, 0xfa, 0xfa, 0xfa, 0xfa, 0xfa, 0xfa, 0xfa, 0xfa, 0xfa, 0xfa, 0xb8, 0x00, 0x00,  //...@@@@@@@@@@%.. 
  0x00, 0x00, 0x00, 0x00, 0x00, 0x00, 0x00, 0x00, 0x00, 0x00, 0x00, 0x00, 0x00, 0x00, 0x00, 0x00,  //................ 


  /*Unicode: U+bc30 (배) , Width: 14 */
  0x00, 0x00, 0x00, 0x00, 0x00, 0x00, 0x00, 0x00, 0x00, 0x00, 0x00, 0x00, 0x00, 0x00,  //.............. 
  0x00, 0x00, 0x00, 0x00, 0x00, 0x00, 0x00, 0x0c, 0x6e, 0x68, 0x00, 0x74, 0x9e, 0x3c,  //........++.+%. 
  0x56, 0x5a, 0x10, 0x00, 0x2c, 0x5a, 0x34, 0x1e, 0xff, 0xee, 0x00, 0xba, 0xff, 0x62,  //++...+..@@.%@+ 
  0xf2, 0xff, 0x2e, 0x00, 0x7e, 0xff, 0x96, 0x1e, 0xff, 0xee, 0x00, 0xba, 0xff, 0x62,  //@@..+@%.@@.%@+ 
  0xf2, 0xff, 0x2e, 0x00, 0x7e, 0xff, 0x96, 0x1e, 0xff, 0xee, 0x00, 0xba, 0xff, 0x62,  //@@..+@%.@@.%@+ 
  0xf2, 0xff, 0x2e, 0x00, 0x7e, 0xff, 0x96, 0x1e, 0xff, 0xee, 0x00, 0xba, 0xff, 0x62,  //@@..+@%.@@.%@+ 
  0xf2, 0xff, 0x82, 0x66, 0xb2, 0xff, 0x96, 0x1e, 0xff, 0xee, 0x00, 0xba, 0xff, 0x62,  //@@%+%@%.@@.%@+ 
  0xf2, 0xff, 0xff, 0xff, 0xff, 0xff, 0x96, 0x1e, 0xff, 0xff, 0xee, 0xfa, 0xff, 0x62,  //@@@@@@%.@@@@@+ 
  0xf2, 0xff, 0x82, 0x66, 0xb2, 0xff, 0x96, 0x1e, 0xff, 0xff, 0xee, 0xfa, 0xff, 0x62,  //@@%+%@%.@@@@@+ 
  0xf2, 0xff, 0x2e, 0x00, 0x7e, 0xff, 0x96, 0x1e, 0xff, 0xee, 0x00, 0xba, 0xff, 0x62,  //@@..+@%.@@.%@+ 
  0xf2, 0xff, 0x2e, 0x00, 0x7e, 0xff, 0x96, 0x1e, 0xff, 0xee, 0x00, 0xba, 0xff, 0x62,  //@@..+@%.@@.%@+ 
  0xf2, 0xff, 0x58, 0x32, 0x98, 0xff, 0x96, 0x1e, 0xff, 0xee, 0x00, 0xba, 0xff, 0x62,  //@@+.%@%.@@.%@+ 
  0xf2, 0xff, 0xff, 0xff, 0xff, 0xff, 0x96, 0x1e, 0xff, 0xee, 0x00, 0xba, 0xff, 0x62,  //@@@@@@%.@@.%@+ 
  0x9a, 0xa2, 0xa2, 0xa2, 0xa2, 0xa2, 0x60, 0x1e, 0xff, 0xee, 0x00, 0xba, 0xff, 0x62,  //%%%%%%+.@@.%@+ 
  0x00, 0x00, 0x00, 0x00, 0x00, 0x00, 0x00, 0x1e, 0xff, 0xee, 0x00, 0xba, 0xff, 0x62,  //........@@.%@+ 
  0x00, 0x00, 0x00, 0x00, 0x00, 0x00, 0x00, 0x1e, 0xff, 0xee, 0x00, 0xba, 0xff, 0x62,  //........@@.%@+ 
  0x00, 0x00, 0x00, 0x00, 0x00, 0x00, 0x00, 0x1e, 0xff, 0xee, 0x00, 0xba, 0xff, 0x62,  //........@@.%@+ 
  0x00, 0x00, 0x00, 0x00, 0x00, 0x00, 0x00, 0x14, 0xa6, 0x9c, 0x00, 0xba, 0xff, 0x62,  //........%%.%@+ 
  0x00, 0x00, 0x00, 0x00, 0x00, 0x00, 0x00, 0x00, 0x00, 0x00, 0x00, 0x0a, 0x0e, 0x04,  //.............. 


  /*Unicode: U+bc31 (백) , Width: 14 */
  0x00, 0x00, 0x00, 0x00, 0x00, 0x00, 0x00, 0x00, 0x00, 0x00, 0x00, 0x00, 0x00, 0x00,  //.............. 
  0x00, 0x00, 0x00, 0x00, 0x00, 0x00, 0x00, 0x00, 0x6c, 0x72, 0x08, 0x50, 0xa2, 0x58,  //........++.+%+ 
  0xd4, 0xf6, 0x28, 0x00, 0x4c, 0xf6, 0xb0, 0x00, 0xf2, 0xff, 0x12, 0x7e, 0xff, 0x8a,  //@@..+@%.@@.+@% 
  0xda, 0xff, 0x2a, 0x00, 0x4e, 0xff, 0xb6, 0x00, 0xf2, 0xff, 0x12, 0x7e, 0xff, 0x8a,  //@@..+@%.@@.+@% 
  0xda, 0xff, 0x72, 0x56, 0x8a, 0xff, 0xb6, 0x00, 0xf2, 0xff, 0x12, 0x7e, 0xff, 0x8a,  //@@++%@%.@@.+@% 
  0xda, 0xff, 0xff, 0xff, 0xff, 0xff, 0xb6, 0x00, 0xf2, 0xff, 0x9e, 0xca, 0xff, 0x8a,  //@@@@@@%.@@%@@% 
  0xda, 0xff, 0x72, 0x56, 0x8a, 0xff, 0xb6, 0x00, 0xf2, 0xff, 0xff, 0xff, 0xff, 0x8a,  //@@++%@%.@@@@@% 
  0xda, 0xff, 0x2a, 0x00, 0x4e, 0xff, 0xb6, 0x00, 0xf2, 0xff, 0x3e, 0x96, 0xff, 0x8a,  //@@..+@%.@@.%@% 
  0xda, 0xff, 0x58, 0x36, 0x74, 0xff, 0xb6, 0x00, 0xf2, 0xff, 0x12, 0x7e, 0xff, 0x8a,  //@@+.+@%.@@.+@% 
  0xda, 0xff, 0xff, 0xff, 0xff, 0xff, 0xb6, 0x00, 0xf2, 0xff, 0x12, 0x7e, 0xff, 0x8a,  //@@@@@@%.@@.+@% 
  0x5a, 0x6a, 0x6a, 0x6a, 0x6a, 0x6a, 0x4c, 0x00, 0xf2, 0xff, 0x12, 0x7e, 0xff, 0x8a,  //+++++++.@@.+@% 
  0x00, 0x00, 0x26, 0x36, 0x36, 0x36, 0x36, 0x36, 0x54, 0x56, 0x38, 0x46, 0x56, 0x2e,  //........++.++. 
  0x00, 0x00, 0xb2, 0xff, 0xff, 0xff, 0xff, 0xff, 0xff, 0xff, 0xff, 0xff, 0xff, 0x8a,  //..%@@@@@@@@@@% 
  0x00, 0x00, 0x72, 0xa2, 0xa2, 0xa2, 0xa2, 0xa2, 0xa2, 0xa2, 0xa2, 0xe0, 0xff, 0x8a,  //..+%%%%%%%%@@% 
  0x00, 0x00, 0x00, 0x00, 0x00, 0x00, 0x00, 0x00, 0x00, 0x00, 0x00, 0xaa, 0xff, 0x8a,  //...........%@% 
  0x00, 0x00, 0x00, 0x00, 0x00, 0x00, 0x00, 0x00, 0x00, 0x00, 0x00, 0xaa, 0xff, 0x8a,  //...........%@% 
  0x00, 0x00, 0x00, 0x00, 0x00, 0x00, 0x00, 0x00, 0x00, 0x00, 0x00, 0xaa, 0xff, 0x8a,  //...........%@% 
  0x00, 0x00, 0x00, 0x00, 0x00, 0x00, 0x00, 0x00, 0x00, 0x00, 0x00, 0xaa, 0xff, 0x8a,  //...........%@% 
  0x00, 0x00, 0x00, 0x00, 0x00, 0x00, 0x00, 0x00, 0x00, 0x00, 0x00, 0x0c, 0x12, 0x08,  //.............. 


  /*Unicode: U+bc38 (밸) , Width: 14 */
  0x00, 0x00, 0x00, 0x00, 0x00, 0x00, 0x00, 0x00, 0x00, 0x00, 0x00, 0x00, 0x00, 0x00,  //.............. 
  0x00, 0x00, 0x00, 0x00, 0x00, 0x00, 0x00, 0x00, 0x56, 0x5a, 0x06, 0x42, 0x86, 0x48,  //........++.+%+ 
  0xc2, 0xe2, 0x26, 0x00, 0x46, 0xe2, 0xa2, 0x00, 0xf2, 0xff, 0x12, 0x7e, 0xff, 0x8a,  //@@..+@%.@@.+@% 
  0xda, 0xff, 0x2a, 0x00, 0x4e, 0xff, 0xb6, 0x00, 0xf2, 0xff, 0x12, 0x7e, 0xff, 0x8a,  //@@..+@%.@@.+@% 
  0xda, 0xff, 0xb2, 0xa2, 0xbe, 0xff, 0xb6, 0x00, 0xf2, 0xff, 0x50, 0xa0, 0xff, 0x8a,  //@@%%%@%.@@+%@% 
  0xda, 0xff, 0xff, 0xff, 0xff, 0xff, 0xb6, 0x00, 0xf2, 0xff, 0xff, 0xff, 0xff, 0x8a,  //@@@@@@%.@@@@@% 
  0xda, 0xff, 0x34, 0x0a, 0x56, 0xff, 0xb6, 0x00, 0xf2, 0xff, 0x94, 0xc4, 0xff, 0x8a,  //@@..+@%.@@%@@% 
  0xda, 0xff, 0x76, 0x5a, 0x8e, 0xff, 0xb6, 0x00, 0xf2, 0xff, 0x12, 0x7e, 0xff, 0x8a,  //@@++%@%.@@.+@% 
  0xda, 0xff, 0xff, 0xff, 0xff, 0xff, 0xb6, 0x00, 0xf2, 0xff, 0x12, 0x7e, 0xff, 0x8a,  //@@@@@@%.@@.+@% 
  0x4e, 0x5a, 0x5a, 0x5a, 0x5a, 0x5a, 0x40, 0x00, 0xdc, 0xe6, 0x10, 0x72, 0xe6, 0x7c,  //+++++++.@@.+@+ 
  0x00, 0x00, 0x28, 0x62, 0x62, 0x62, 0x62, 0x62, 0x62, 0x62, 0x62, 0x62, 0x62, 0x34,  //...++++++++++. 
  0x00, 0x00, 0x6a, 0xff, 0xff, 0xff, 0xff, 0xff, 0xff, 0xff, 0xff, 0xff, 0xff, 0x8a,  //..+@@@@@@@@@@% 
  0x00, 0x00, 0x2c, 0x6a, 0x6a, 0x6a, 0x6a, 0x6a, 0x6a, 0x6a, 0x6a, 0xcc, 0xff, 0x8a,  //...++++++++@@% 
  0x00, 0x00, 0x3a, 0x9e, 0x9e, 0x9e, 0x9e, 0x9e, 0x9e, 0x9e, 0x9e, 0xde, 0xff, 0x8a,  //...%%%%%%%%@@% 
  0x00, 0x00, 0x5e, 0xff, 0xff, 0xff, 0xff, 0xff, 0xff, 0xff, 0xff, 0xff, 0xff, 0x8a,  //..+@@@@@@@@@@% 
  0x00, 0x00, 0x5e, 0xff, 0xd8, 0x26, 0x26, 0x26, 0x26, 0x26, 0x26, 0x26, 0x26, 0x14,  //..+@@......... 
  0x00, 0x00, 0x5e, 0xff, 0xf8, 0xd6, 0xd6, 0xd6, 0xd6, 0xd6, 0xd6, 0xd6, 0xd6, 0xc2,  //..+@@@@@@@@@@@ 
  0x00, 0x00, 0x5c, 0xfa, 0xfa, 0xfa, 0xfa, 0xfa, 0xfa, 0xfa, 0xfa, 0xfa, 0xfa, 0xe2,  //..+@@@@@@@@@@@ 
  0x00, 0x00, 0x00, 0x00, 0x00, 0x00, 0x00, 0x00, 0x00, 0x00, 0x00, 0x00, 0x00, 0x00,  //.............. 


  /*Unicode: U+bc84 (버) , Width: 14 */
  0x00, 0x00, 0x00, 0x00, 0x00, 0x00, 0x00, 0x00, 0x00, 0x00, 0x00, 0x00, 0x00, 0x00,  //.............. 
  0x00, 0x00, 0x00, 0x00, 0x00, 0x00, 0x00, 0x00, 0x00, 0x00, 0x0a, 0x9e, 0x9e, 0x18,  //...........%%. 
  0x50, 0x62, 0x2c, 0x00, 0x00, 0x16, 0x62, 0x5e, 0x00, 0x00, 0x12, 0xff, 0xff, 0x26,  //++....++...@@. 
  0xce, 0xff, 0x72, 0x00, 0x00, 0x3a, 0xff, 0xf6, 0x00, 0x00, 0x12, 0xff, 0xff, 0x26,  //@@+...@@...@@. 
  0xce, 0xff, 0x72, 0x00, 0x00, 0x3a, 0xff, 0xf6, 0x00, 0x00, 0x12, 0xff, 0xff, 0x26,  //@@+...@@...@@. 
  0xce, 0xff, 0x72, 0x00, 0x00, 0x3a, 0xff, 0xf6, 0x00, 0x00, 0x12, 0xff, 0xff, 0x26,  //@@+...@@...@@. 
  0xce, 0xff, 0xaa, 0x66, 0x66, 0x8a, 0xff, 0xf6, 0x00, 0x00, 0x12, 0xff, 0xff, 0x26,  //@@%++%@@...@@. 
  0xce, 0xff, 0xff, 0xff, 0xff, 0xff, 0xff, 0xff, 0xf2, 0xf2, 0xf2, 0xff, 0xff, 0x26,  //@@@@@@@@@@@@@. 
  0xce, 0xff, 0xae, 0x6e, 0x6e, 0x8e, 0xff, 0xff, 0xee, 0xee, 0xf0, 0xff, 0xff, 0x26,  //@@%++%@@@@@@@. 
  0xce, 0xff, 0x6e, 0x00, 0x00, 0x36, 0xff, 0xf6, 0x00, 0x00, 0x12, 0xff, 0xff, 0x26,  //@@+...@@...@@. 
  0xce, 0xff, 0x6e, 0x00, 0x00, 0x36, 0xff, 0xf6, 0x00, 0x00, 0x12, 0xff, 0xff, 0x26,  //@@+...@@...@@. 
  0xce, 0xff, 0x8a, 0x2e, 0x2e, 0x5c, 0xff, 0xf6, 0x00, 0x00, 0x12, 0xff, 0xff, 0x26,  //@@%..+@@...@@. 
  0xce, 0xff, 0xff, 0xff, 0xff, 0xff, 0xff, 0xf6, 0x00, 0x00, 0x12, 0xff, 0xff, 0x26,  //@@@@@@@@...@@. 
  0x86, 0xa6, 0xa6, 0xa6, 0xa6, 0xa6, 0xa6, 0xa0, 0x00, 0x00, 0x12, 0xff, 0xff, 0x26,  //%%%%%%%%...@@. 
  0x00, 0x00, 0x00, 0x00, 0x00, 0x00, 0x00, 0x00, 0x00, 0x00, 0x12, 0xff, 0xff, 0x26,  //...........@@. 
  0x00, 0x00, 0x00, 0x00, 0x00, 0x00, 0x00, 0x00, 0x00, 0x00, 0x12, 0xff, 0xff, 0x26,  //...........@@. 
  0x00, 0x00, 0x00, 0x00, 0x00, 0x00, 0x00, 0x00, 0x00, 0x00, 0x12, 0xff, 0xff, 0x26,  //...........@@. 
  0x00, 0x00, 0x00, 0x00, 0x00, 0x00, 0x00, 0x00, 0x00, 0x00, 0x12, 0xff, 0xff, 0x26,  //...........@@. 
  0x00, 0x00, 0x00, 0x00, 0x00, 0x00, 0x00, 0x00, 0x00, 0x00, 0x00, 0x0e, 0x0e, 0x00,  //.............. 


  /*Unicode: U+bc88 (번) , Width: 14 */
  0x00, 0x00, 0x00, 0x00, 0x00, 0x00, 0x00, 0x00, 0x00, 0x00, 0x00, 0x00, 0x00, 0x00,  //.............. 
  0x00, 0x00, 0x00, 0x00, 0x00, 0x00, 0x00, 0x00, 0x00, 0x00, 0x08, 0x72, 0x72, 0x10,  //...........++. 
  0xbc, 0xf6, 0x6a, 0x00, 0x00, 0x12, 0xf6, 0xf6, 0x12, 0x00, 0x12, 0xff, 0xff, 0x26,  //%@+...@@...@@. 
  0xc2, 0xff, 0x6e, 0x00, 0x00, 0x12, 0xff, 0xff, 0x12, 0x00, 0x12, 0xff, 0xff, 0x26,  //@@+...@@...@@. 
  0xc2, 0xff, 0x84, 0x26, 0x26, 0x36, 0xff, 0xff, 0x12, 0x00, 0x12, 0xff, 0xff, 0x26,  //@@%...@@...@@. 
  0xc2, 0xff, 0xff, 0xff, 0xff, 0xff, 0xff, 0xff, 0x2c, 0x1a, 0x2c, 0xff, 0xff, 0x26,  //@@@@@@@@...@@. 
  0xc2, 0xff, 0xce, 0xaa, 0xaa, 0xb0, 0xff, 0xff, 0xff, 0xff, 0xff, 0xff, 0xff, 0x26,  //@@@%%%@@@@@@@. 
  0xc2, 0xff, 0x6e, 0x00, 0x00, 0x12, 0xff, 0xff, 0xc4, 0xbe, 0xc4, 0xff, 0xff, 0x26,  //@@+...@@@%@@@. 
  0xc2, 0xff, 0x6e, 0x00, 0x00, 0x12, 0xff, 0xff, 0x12, 0x00, 0x12, 0xff, 0xff, 0x26,  //@@+...@@...@@. 
  0xc2, 0xff, 0xf8, 0xf2, 0xf2, 0xf2, 0xff, 0xff, 0x12, 0x00, 0x12, 0xff, 0xff, 0x26,  //@@@@@@@@...@@. 
  0xb2, 0xea, 0xea, 0xea, 0xea, 0xea, 0xea, 0xea, 0x10, 0x00, 0x12, 0xff, 0xff, 0x26,  //%@@@@@@@...@@. 
  0x00, 0x00, 0x00, 0x00, 0x00, 0x00, 0x00, 0x00, 0x00, 0x00, 0x12, 0xff, 0xff, 0x26,  //...........@@. 
  0x00, 0x00, 0x18, 0x3a, 0x2c, 0x00, 0x00, 0x00, 0x00, 0x00, 0x12, 0xff, 0xff, 0x26,  //...........@@. 
  0x00, 0x00, 0x6a, 0xff, 0xc6, 0x00, 0x00, 0x00, 0x00, 0x00, 0x0e, 0xc2, 0xc2, 0x1c,  //..+@@......@@. 
  0x00, 0x00, 0x6a, 0xff, 0xc6, 0x00, 0x00, 0x00, 0x00, 0x00, 0x00, 0x00, 0x00, 0x00,  //..+@@......... 
  0x00, 0x00, 0x6a, 0xff, 0xc6, 0x00, 0x00, 0x00, 0x00, 0x00, 0x00, 0x00, 0x00, 0x00,  //..+@@......... 
  0x00, 0x00, 0x6a, 0xff, 0xff, 0xfa, 0xfa, 0xfa, 0xfa, 0xfa, 0xfa, 0xfa, 0xfa, 0x78,  //..+@@@@@@@@@@+ 
  0x00, 0x00, 0x60, 0xe6, 0xe6, 0xe6, 0xe6, 0xe6, 0xe6, 0xe6, 0xe6, 0xe6, 0xe6, 0x6e,  //..+@@@@@@@@@@+ 
  0x00, 0x00, 0x00, 0x00, 0x00, 0x00, 0x00, 0x00, 0x00, 0x00, 0x00, 0x00, 0x00, 0x00,  //.............. 


  /*Unicode: U+bca4 (벤) , Width: 14 */
  0x00, 0x00, 0x00, 0x00, 0x00, 0x00, 0x00, 0x00, 0x00, 0x00, 0x00, 0x00, 0x00, 0x00,  //.............. 
  0x00, 0x00, 0x00, 0x00, 0x00, 0x00, 0x00, 0x00, 0x2a, 0x42, 0x16, 0x38, 0x72, 0x3e,  //.........+..+. 
  0x96, 0xae, 0x1c, 0x00, 0x46, 0xae, 0x6a, 0x00, 0xa2, 0xff, 0x5a, 0x7e, 0xff, 0x8a,  //%%..+%+.%@++@% 
  0xda, 0xff, 0x2a, 0x00, 0x66, 0xff, 0x9a, 0x00, 0xa2, 0xff, 0x5a, 0x7e, 0xff, 0x8a,  //@@..+@%.%@++@% 
  0xda, 0xff, 0x2e, 0x02, 0x68, 0xff, 0x9a, 0x00, 0xa2, 0xff, 0x5a, 0x7e, 0xff, 0x8a,  //@@..+@%.%@++@% 
  0xda, 0xff, 0xff, 0xff, 0xff, 0xff, 0xa2, 0x12, 0xaa, 0xff, 0x5a, 0x7e, 0xff, 0x8a,  //@@@@@@%.%@++@% 
  0xda, 0xff, 0xca, 0xbe, 0xd8, 0xff, 0xff, 0xff, 0xff, 0xff, 0x5a, 0x7e, 0xff, 0x8a,  //@@@%@@@@@@++@% 
  0xda, 0xff, 0x2a, 0x00, 0x66, 0xff, 0xec, 0xce, 0xec, 0xff, 0x5a, 0x7e, 0xff, 0x8a,  //@@..+@@@@@++@% 
  0xda, 0xff, 0x2a, 0x00, 0x66, 0xff, 0x9a, 0x00, 0xa2, 0xff, 0x5a, 0x7e, 0xff, 0x8a,  //@@..+@%.%@++@% 
  0xda, 0xff, 0xee, 0xea, 0xf2, 0xff, 0x9a, 0x00, 0xa2, 0xff, 0x5a, 0x7e, 0xff, 0x8a,  //@@@@@@%.%@++@% 
  0xc2, 0xe2, 0xe2, 0xe2, 0xe2, 0xe2, 0x88, 0x00, 0xa2, 0xff, 0x5a, 0x7e, 0xff, 0x8a,  //@@@@@@%.%@++@% 
  0x00, 0x00, 0x00, 0x00, 0x00, 0x00, 0x00, 0x00, 0xa2, 0xff, 0x5a, 0x7e, 0xff, 0x8a,  //........%@++@% 
  0x00, 0x00, 0x08, 0x4a, 0x4a, 0x08, 0x00, 0x00, 0xa2, 0xff, 0x5a, 0x7e, 0xff, 0x8a,  //...++...%@++@% 
  0x00, 0x00, 0x1e, 0xff, 0xff, 0x1e, 0x00, 0x00, 0x7a, 0xbe, 0x44, 0x7e, 0xff, 0x8a,  //...@@...+%++@% 
  0x00, 0x00, 0x1e, 0xff, 0xff, 0x1e, 0x00, 0x00, 0x00, 0x00, 0x00, 0x0a, 0x16, 0x0c,  //...@@......... 
  0x00, 0x00, 0x1e, 0xff, 0xff, 0x1e, 0x00, 0x00, 0x00, 0x00, 0x00, 0x00, 0x00, 0x00,  //...@@......... 
  0x00, 0x00, 0x1e, 0xff, 0xff, 0xfa, 0xfa, 0xfa, 0xfa, 0xfa, 0xfa, 0xfa, 0xfa, 0xc6,  //...@@@@@@@@@@@ 
  0x00, 0x00, 0x1c, 0xe6, 0xe6, 0xe6, 0xe6, 0xe6, 0xe6, 0xe6, 0xe6, 0xe6, 0xe6, 0xb6,  //...@@@@@@@@@@% 
  0x00, 0x00, 0x00, 0x00, 0x00, 0x00, 0x00, 0x00, 0x00, 0x00, 0x00, 0x00, 0x00, 0x00,  //.............. 


  /*Unicode: U+bcf4 (보) , Width: 16 */
  0x00, 0x00, 0x00, 0x00, 0x00, 0x00, 0x00, 0x00, 0x00, 0x00, 0x00, 0x00, 0x00, 0x00, 0x00, 0x00,  //................ 
  0x00, 0x00, 0x00, 0x00, 0x00, 0x00, 0x00, 0x00, 0x00, 0x00, 0x00, 0x00, 0x00, 0x00, 0x00, 0x00,  //................ 
  0x00, 0x00, 0x00, 0x00, 0x00, 0x00, 0x00, 0x00, 0x00, 0x00, 0x00, 0x00, 0x00, 0x00, 0x00, 0x00,  //................ 
  0x00, 0x00, 0x58, 0xf6, 0xd4, 0x00, 0x00, 0x00, 0x00, 0x00, 0x00, 0xda, 0xf6, 0x54, 0x00, 0x00,  //..+@@......@@+.. 
  0x00, 0x00, 0x5a, 0xff, 0xda, 0x00, 0x00, 0x00, 0x00, 0x00, 0x00, 0xe2, 0xff, 0x56, 0x00, 0x00,  //..+@@......@@+.. 
  0x00, 0x00, 0x5a, 0xff, 0xe4, 0x46, 0x46, 0x46, 0x46, 0x46, 0x46, 0xea, 0xff, 0x56, 0x00, 0x00,  //..+@@++++++@@+.. 
  0x00, 0x00, 0x5a, 0xff, 0xff, 0xff, 0xff, 0xff, 0xff, 0xff, 0xff, 0xff, 0xff, 0x56, 0x00, 0x00,  //..+@@@@@@@@@@+.. 
  0x00, 0x00, 0x5a, 0xff, 0xee, 0x92, 0x92, 0x92, 0x92, 0x92, 0x92, 0xf0, 0xff, 0x56, 0x00, 0x00,  //..+@@%%%%%%@@+.. 
  0x00, 0x00, 0x5a, 0xff, 0xd6, 0x00, 0x00, 0x00, 0x00, 0x00, 0x00, 0xde, 0xff, 0x56, 0x00, 0x00,  //..+@@......@@+.. 
  0x00, 0x00, 0x5a, 0xff, 0xd6, 0x00, 0x00, 0x00, 0x00, 0x00, 0x00, 0xde, 0xff, 0x56, 0x00, 0x00,  //..+@@......@@+.. 
  0x00, 0x00, 0x5a, 0xff, 0xff, 0xff, 0xff, 0xff, 0xff, 0xff, 0xff, 0xff, 0xff, 0x56, 0x00, 0x00,  //..+@@@@@@@@@@+.. 
  0x00, 0x00, 0x48, 0xce, 0xce, 0xce, 0xd4, 0xff, 0xff, 0xd4, 0xce, 0xce, 0xce, 0x46, 0x00, 0x00,  //..+@@@@@@@@@@+.. 
  0x00, 0x00, 0x00, 0x00, 0x00, 0x00, 0x22, 0xff, 0xff, 0x22, 0x00, 0x00, 0x00, 0x00, 0x00, 0x00,  //.......@@....... 
  0x00, 0x00, 0x00, 0x00, 0x00, 0x00, 0x22, 0xff, 0xff, 0x22, 0x00, 0x00, 0x00, 0x00, 0x00, 0x00,  //.......@@....... 
  0x52, 0x72, 0x72, 0x72, 0x72, 0x72, 0x86, 0xff, 0xff, 0x86, 0x72, 0x72, 0x72, 0x72, 0x72, 0x52,  //++++++%@@%++++++ 
  0xb6, 0xff, 0xff, 0xff, 0xff, 0xff, 0xff, 0xff, 0xff, 0xff, 0xff, 0xff, 0xff, 0xff, 0xff, 0xb6,  //%@@@@@@@@@@@@@@% 
  0x48, 0x66, 0x66, 0x66, 0x66, 0x66, 0x66, 0x66, 0x66, 0x66, 0x66, 0x66, 0x66, 0x66, 0x66, 0x48,  //++++++++++++++++ 
  0x00, 0x00, 0x00, 0x00, 0x00, 0x00, 0x00, 0x00, 0x00, 0x00, 0x00, 0x00, 0x00, 0x00, 0x00, 0x00,  //................ 
  0x00, 0x00, 0x00, 0x00, 0x00, 0x00, 0x00, 0x00, 0x00, 0x00, 0x00, 0x00, 0x00, 0x00, 0x00, 0x00,  //................ 


  /*Unicode: U+bcf5 (복) , Width: 16 */
  0x00, 0x00, 0x00, 0x00, 0x00, 0x00, 0x00, 0x00, 0x00, 0x00, 0x00, 0x00, 0x00, 0x00, 0x00, 0x00,  //................ 
  0x00, 0x00, 0x34, 0x86, 0x76, 0x00, 0x00, 0x00, 0x00, 0x00, 0x00, 0x78, 0x86, 0x2e, 0x00, 0x00,  //...%+......+%... 
  0x00, 0x00, 0x62, 0xff, 0xde, 0x00, 0x00, 0x00, 0x00, 0x00, 0x00, 0xe2, 0xff, 0x5a, 0x00, 0x00,  //..+@@......@@+.. 
  0x00, 0x00, 0x62, 0xff, 0xf4, 0xae, 0xae, 0xae, 0xae, 0xae, 0xae, 0xf6, 0xff, 0x5a, 0x00, 0x00,  //..+@@%%%%%%@@+.. 
  0x00, 0x00, 0x62, 0xff, 0xfc, 0xf6, 0xf6, 0xf6, 0xf6, 0xf6, 0xf6, 0xff, 0xff, 0x5a, 0x00, 0x00,  //..+@@@@@@@@@@+.. 
  0x00, 0x00, 0x62, 0xff, 0xce, 0x00, 0x00, 0x00, 0x00, 0x00, 0x00, 0xde, 0xff, 0x5a, 0x00, 0x00,  //..+@@......@@+.. 
  0x00, 0x00, 0x62, 0xff, 0xea, 0x8e, 0x8e, 0x8e, 0x8e, 0x8e, 0x8e, 0xf0, 0xff, 0x5a, 0x00, 0x00,  //..+@@%%%%%%@@+.. 
  0x00, 0x00, 0x62, 0xff, 0xff, 0xff, 0xff, 0xff, 0xff, 0xff, 0xff, 0xff, 0xff, 0x5a, 0x00, 0x00,  //..+@@@@@@@@@@+.. 
  0x00, 0x00, 0x0c, 0x22, 0x22, 0x22, 0x48, 0xff, 0xff, 0x34, 0x22, 0x22, 0x22, 0x0a, 0x00, 0x00,  //......+@@....... 
  0x54, 0x5e, 0x5e, 0x5e, 0x5e, 0x5e, 0x7a, 0xff, 0xff, 0x6a, 0x5e, 0x5e, 0x5e, 0x5e, 0x5e, 0x54,  //+++++++@@+++++++ 
  0xe2, 0xff, 0xff, 0xff, 0xff, 0xff, 0xff, 0xff, 0xff, 0xff, 0xff, 0xff, 0xff, 0xff, 0xff, 0xe2,  //@@@@@@@@@@@@@@@@ 
  0x70, 0x7e, 0x7e, 0x7e, 0x7e, 0x7e, 0x7e, 0x7e, 0x7e, 0x7e, 0x7e, 0x7e, 0x7e, 0x7e, 0x7e, 0x70,  //++++++++++++++++ 
  0x00, 0x00, 0x52, 0x72, 0x72, 0x72, 0x72, 0x72, 0x72, 0x72, 0x72, 0x72, 0x72, 0x30, 0x00, 0x00,  //..+++++++++++... 
  0x00, 0x00, 0xb6, 0xff, 0xff, 0xff, 0xff, 0xff, 0xff, 0xff, 0xff, 0xff, 0xff, 0x6e, 0x00, 0x00,  //..%@@@@@@@@@@+.. 
  0x00, 0x00, 0x4c, 0x6a, 0x6a, 0x6a, 0x6a, 0x6a, 0x6a, 0x6a, 0x6a, 0xde, 0xff, 0x6e, 0x00, 0x00,  //..+++++++++@@+.. 
  0x00, 0x00, 0x00, 0x00, 0x00, 0x00, 0x00, 0x00, 0x00, 0x00, 0x00, 0xc6, 0xff, 0x6e, 0x00, 0x00,  //...........@@+.. 
  0x00, 0x00, 0x00, 0x00, 0x00, 0x00, 0x00, 0x00, 0x00, 0x00, 0x00, 0xc6, 0xff, 0x6e, 0x00, 0x00,  //...........@@+.. 
  0x00, 0x00, 0x00, 0x00, 0x00, 0x00, 0x00, 0x00, 0x00, 0x00, 0x00, 0xc2, 0xfa, 0x6c, 0x00, 0x00,  //...........@@+.. 
  0x00, 0x00, 0x00, 0x00, 0x00, 0x00, 0x00, 0x00, 0x00, 0x00, 0x00, 0x00, 0x00, 0x00, 0x00, 0x00,  //................ 


  /*Unicode: U+bd80 (부) , Width: 16 */
  0x00, 0x00, 0x00, 0x00, 0x00, 0x00, 0x00, 0x00, 0x00, 0x00, 0x00, 0x00, 0x00, 0x00, 0x00, 0x00,  //................ 
  0x00, 0x00, 0x24, 0x62, 0x50, 0x00, 0x00, 0x00, 0x00, 0x00, 0x00, 0x54, 0x62, 0x22, 0x00, 0x00,  //...++......++... 
  0x00, 0x00, 0x5e, 0xff, 0xd2, 0x00, 0x00, 0x00, 0x00, 0x00, 0x00, 0xda, 0xff, 0x5a, 0x00, 0x00,  //..+@@......@@+.. 
  0x00, 0x00, 0x5e, 0xff, 0xd8, 0x22, 0x22, 0x22, 0x22, 0x22, 0x22, 0xe0, 0xff, 0x5a, 0x00, 0x00,  //..+@@......@@+.. 
  0x00, 0x00, 0x5e, 0xff, 0xff, 0xff, 0xff, 0xff, 0xff, 0xff, 0xff, 0xff, 0xff, 0x5a, 0x00, 0x00,  //..+@@@@@@@@@@+.. 
  0x00, 0x00, 0x5e, 0xff, 0xec, 0x9a, 0x9a, 0x9a, 0x9a, 0x9a, 0x9a, 0xea, 0xff, 0x5a, 0x00, 0x00,  //..+@@%%%%%%@@+.. 
  0x00, 0x00, 0x5e, 0xff, 0xce, 0x00, 0x00, 0x00, 0x00, 0x00, 0x00, 0xca, 0xff, 0x5a, 0x00, 0x00,  //..+@@......@@+.. 
  0x00, 0x00, 0x5e, 0xff, 0xf0, 0xb6, 0xb6, 0xb6, 0xb6, 0xb6, 0xb6, 0xf0, 0xff, 0x5a, 0x00, 0x00,  //..+@@%%%%%%@@+.. 
  0x00, 0x00, 0x5e, 0xff, 0xff, 0xff, 0xff, 0xff, 0xff, 0xff, 0xff, 0xff, 0xff, 0x5a, 0x00, 0x00,  //..+@@@@@@@@@@+.. 
  0x00, 0x00, 0x06, 0x12, 0x12, 0x12, 0x12, 0x12, 0x12, 0x12, 0x12, 0x12, 0x12, 0x06, 0x00, 0x00,  //................ 
  0x38, 0x4e, 0x4e, 0x4e, 0x4e, 0x4e, 0x4e, 0x4e, 0x4e, 0x4e, 0x4e, 0x4e, 0x4e, 0x4e, 0x4e, 0x38,  //.++++++++++++++. 
  0xb6, 0xff, 0xff, 0xff, 0xff, 0xff, 0xff, 0xff, 0xff, 0xff, 0xff, 0xff, 0xff, 0xff, 0xff, 0xb6,  //%@@@@@@@@@@@@@@% 
  0x66, 0x8e, 0x8e, 0x8e, 0x8e, 0x8e, 0xa0, 0xff, 0xff, 0x9a, 0x8e, 0x8e, 0x8e, 0x8e, 0x8e, 0x66,  //+%%%%%%@@%%%%%%+ 
  0x00, 0x00, 0x00, 0x00, 0x00, 0x00, 0x26, 0xff, 0xff, 0x1a, 0x00, 0x00, 0x00, 0x00, 0x00, 0x00,  //.......@@....... 
  0x00, 0x00, 0x00, 0x00, 0x00, 0x00, 0x26, 0xff, 0xff, 0x1a, 0x00, 0x00, 0x00, 0x00, 0x00, 0x00,  //.......@@....... 
  0x00, 0x00, 0x00, 0x00, 0x00, 0x00, 0x26, 0xff, 0xff, 0x1a, 0x00, 0x00, 0x00, 0x00, 0x00, 0x00,  //.......@@....... 
  0x00, 0x00, 0x00, 0x00, 0x00, 0x00, 0x26, 0xff, 0xff, 0x1a, 0x00, 0x00, 0x00, 0x00, 0x00, 0x00,  //.......@@....... 
  0x00, 0x00, 0x00, 0x00, 0x00, 0x00, 0x20, 0xd6, 0xd6, 0x16, 0x00, 0x00, 0x00, 0x00, 0x00, 0x00,  //.......@@....... 
  0x00, 0x00, 0x00, 0x00, 0x00, 0x00, 0x00, 0x00, 0x00, 0x00, 0x00, 0x00, 0x00, 0x00, 0x00, 0x00,  //................ 


  /*Unicode: U+bd84 (분) , Width: 16 */
  0x00, 0x00, 0x00, 0x00, 0x00, 0x00, 0x00, 0x00, 0x00, 0x00, 0x00, 0x00, 0x00, 0x00, 0x00, 0x00,  //................ 
  0x00, 0x00, 0x1e, 0x62, 0x5c, 0x00, 0x00, 0x00, 0x00, 0x00, 0x00, 0x50, 0x62, 0x2a, 0x00, 0x00,  //...++......++... 
  0x00, 0x00, 0x52, 0xff, 0xee, 0x00, 0x00, 0x00, 0x00, 0x00, 0x00, 0xce, 0xff, 0x6e, 0x00, 0x00,  //..+@@......@@+.. 
  0x00, 0x00, 0x52, 0xff, 0xf4, 0x66, 0x66, 0x66, 0x66, 0x66, 0x66, 0xe2, 0xff, 0x6e, 0x00, 0x00,  //..+@@++++++@@+.. 
  0x00, 0x00, 0x52, 0xff, 0xff, 0xff, 0xff, 0xff, 0xff, 0xff, 0xff, 0xff, 0xff, 0x6e, 0x00, 0x00,  //..+@@@@@@@@@@+.. 
  0x00, 0x00, 0x52, 0xff, 0xe8, 0x36, 0x36, 0x36, 0x36, 0x36, 0x36, 0xd6, 0xff, 0x6e, 0x00, 0x00,  //..+@@......@@+.. 
  0x00, 0x00, 0x52, 0xff, 0xe6, 0x1e, 0x1e, 0x1e, 0x1e, 0x1e, 0x1e, 0xd0, 0xff, 0x6e, 0x00, 0x00,  //..+@@......@@+.. 
  0x00, 0x00, 0x52, 0xff, 0xff, 0xff, 0xff, 0xff, 0xff, 0xff, 0xff, 0xff, 0xff, 0x6e, 0x00, 0x00,  //..+@@@@@@@@@@+.. 
  0x00, 0x00, 0x34, 0xa2, 0xa2, 0xa2, 0xa2, 0xa2, 0xa2, 0xa2, 0xa2, 0xa2, 0xa2, 0x46, 0x00, 0x00,  //...%%%%%%%%%%+.. 
  0x38, 0x3e, 0x3e, 0x3e, 0x3e, 0x3e, 0x3e, 0x3e, 0x3e, 0x3e, 0x3e, 0x3e, 0x3e, 0x3e, 0x3e, 0x38,  //................ 
  0xe2, 0xff, 0xff, 0xff, 0xff, 0xff, 0xff, 0xff, 0xff, 0xff, 0xff, 0xff, 0xff, 0xff, 0xff, 0xe2,  //@@@@@@@@@@@@@@@@ 
  0x88, 0x9a, 0x9a, 0x9a, 0x9a, 0x9a, 0x9a, 0xea, 0xff, 0xcc, 0x9a, 0x9a, 0x9a, 0x9a, 0x9a, 0x88,  //%%%%%%%@@@%%%%%% 
  0x00, 0x00, 0x00, 0x00, 0x00, 0x00, 0x00, 0xca, 0xff, 0x7e, 0x00, 0x00, 0x00, 0x00, 0x00, 0x00,  //.......@@+...... 
  0x00, 0x00, 0x5e, 0xf2, 0xc0, 0x00, 0x00, 0xca, 0xff, 0x7e, 0x00, 0x00, 0x00, 0x00, 0x00, 0x00,  //..+@@..@@+...... 
  0x00, 0x00, 0x62, 0xff, 0xca, 0x00, 0x00, 0x50, 0x66, 0x32, 0x00, 0x00, 0x00, 0x00, 0x00, 0x00,  //..+@@..++....... 
  0x00, 0x00, 0x62, 0xff, 0xcc, 0x0a, 0x0a, 0x0a, 0x0a, 0x0a, 0x0a, 0x0a, 0x0a, 0x0a, 0x00, 0x00,  //..+@@........... 
  0x00, 0x00, 0x62, 0xff, 0xff, 0xff, 0xff, 0xff, 0xff, 0xff, 0xff, 0xff, 0xff, 0xf2, 0x00, 0x00,  //..+@@@@@@@@@@@.. 
  0x00, 0x00, 0x52, 0xd6, 0xd6, 0xd6, 0xd6, 0xd6, 0xd6, 0xd6, 0xd6, 0xd6, 0xd6, 0xcc, 0x00, 0x00,  //..+@@@@@@@@@@@.. 
  0x00, 0x00, 0x00, 0x00, 0x00, 0x00, 0x00, 0x00, 0x00, 0x00, 0x00, 0x00, 0x00, 0x00, 0x00, 0x00,  //................ 


  /*Unicode: U+bd88 (불) , Width: 16 */
  0x00, 0x00, 0x00, 0x00, 0x00, 0x00, 0x00, 0x00, 0x00, 0x00, 0x00, 0x00, 0x00, 0x00, 0x00, 0x00,  //................ 
  0x00, 0x00, 0x32, 0x82, 0x72, 0x00, 0x00, 0x00, 0x00, 0x00, 0x00, 0x74, 0x82, 0x2e, 0x00, 0x00,  //...%+......+%... 
  0x00, 0x00, 0x62, 0xff, 0xde, 0x00, 0x00, 0x00, 0x00, 0x00, 0x00, 0xe2, 0xff, 0x5a, 0x00, 0x00,  //..+@@......@@+.. 
  0x00, 0x00, 0x62, 0xff, 0xff, 0xff, 0xff, 0xff, 0xff, 0xff, 0xff, 0xff, 0xff, 0x5a, 0x00, 0x00,  //..+@@@@@@@@@@+.. 
  0x00, 0x00, 0x62, 0xff, 0xec, 0x9e, 0x9e, 0x9e, 0x9e, 0x9e, 0x9e, 0xf2, 0xff, 0x5a, 0x00, 0x00,  //..+@@%%%%%%@@+.. 
  0x00, 0x00, 0x62, 0xff, 0xde, 0x52, 0x52, 0x52, 0x52, 0x52, 0x52, 0xe8, 0xff, 0x5a, 0x00, 0x00,  //..+@@++++++@@+.. 
  0x00, 0x00, 0x62, 0xff, 0xff, 0xff, 0xff, 0xff, 0xff, 0xff, 0xff, 0xff, 0xff, 0x5a, 0x00, 0x00,  //..+@@@@@@@@@@+.. 
  0x00, 0x00, 0x1e, 0x52, 0x52, 0x52, 0x52, 0x52, 0x52, 0x52, 0x52, 0x52, 0x52, 0x1c, 0x00, 0x00,  //...++++++++++... 
  0xb0, 0xc6, 0xc6, 0xc6, 0xc6, 0xc6, 0xc6, 0xc6, 0xc6, 0xc6, 0xc6, 0xc6, 0xc6, 0xc6, 0xc6, 0xb0,  //%@@@@@@@@@@@@@@% 
  0xcc, 0xe6, 0xe6, 0xe6, 0xe6, 0xe6, 0xea, 0xff, 0xff, 0xe8, 0xe6, 0xe6, 0xe6, 0xe6, 0xe6, 0xcc,  //@@@@@@@@@@@@@@@@ 
  0x00, 0x00, 0x00, 0x00, 0x00, 0x00, 0x2a, 0xff, 0xff, 0x12, 0x00, 0x00, 0x00, 0x00, 0x00, 0x00,  //.......@@....... 
  0x00, 0x00, 0x6a, 0xe6, 0xe6, 0xe6, 0xea, 0xff, 0xff, 0xe8, 0xe6, 0xe6, 0xe6, 0x68, 0x00, 0x00,  //..+@@@@@@@@@@+.. 
  0x00, 0x00, 0x64, 0xd6, 0xd6, 0xd6, 0xd6, 0xd6, 0xd6, 0xd6, 0xd6, 0xf6, 0xff, 0x72, 0x00, 0x00,  //..+@@@@@@@@@@+.. 
  0x00, 0x00, 0x24, 0x4e, 0x4e, 0x4e, 0x4e, 0x4e, 0x4e, 0x4e, 0x4e, 0xd8, 0xff, 0x72, 0x00, 0x00,  //...++++++++@@+.. 
  0x00, 0x00, 0x76, 0xff, 0xff, 0xff, 0xff, 0xff, 0xff, 0xff, 0xff, 0xff, 0xff, 0x72, 0x00, 0x00,  //..+@@@@@@@@@@+.. 
  0x00, 0x00, 0x76, 0xff, 0xce, 0x52, 0x52, 0x52, 0x52, 0x52, 0x52, 0x52, 0x52, 0x24, 0x00, 0x00,  //..+@@++++++++... 
  0x00, 0x00, 0x76, 0xff, 0xf0, 0xca, 0xca, 0xca, 0xca, 0xca, 0xca, 0xca, 0xca, 0xb0, 0x00, 0x00,  //..+@@@@@@@@@@%.. 
  0x00, 0x00, 0x72, 0xf6, 0xf6, 0xf6, 0xf6, 0xf6, 0xf6, 0xf6, 0xf6, 0xf6, 0xf6, 0xd8, 0x00, 0x00,  //..+@@@@@@@@@@@.. 
  0x00, 0x00, 0x00, 0x00, 0x00, 0x00, 0x00, 0x00, 0x00, 0x00, 0x00, 0x00, 0x00, 0x00, 0x00, 0x00,  //................ 


  /*Unicode: U+be0c (브) , Width: 16 */
  0x00, 0x00, 0x00, 0x00, 0x00, 0x00, 0x00, 0x00, 0x00, 0x00, 0x00, 0x00, 0x00, 0x00, 0x00, 0x00,  //................ 
  0x00, 0x00, 0x00, 0x00, 0x00, 0x00, 0x00, 0x00, 0x00, 0x00, 0x00, 0x00, 0x00, 0x00, 0x00, 0x00,  //................ 
  0x00, 0x00, 0x00, 0x00, 0x00, 0x00, 0x00, 0x00, 0x00, 0x00, 0x00, 0x00, 0x00, 0x00, 0x00, 0x00,  //................ 
  0x00, 0x00, 0x4c, 0xea, 0xcc, 0x00, 0x00, 0x00, 0x00, 0x00, 0x00, 0xd4, 0xea, 0x4c, 0x00, 0x00,  //..+@@......@@+.. 
  0x00, 0x00, 0x52, 0xff, 0xde, 0x00, 0x00, 0x00, 0x00, 0x00, 0x00, 0xe6, 0xff, 0x52, 0x00, 0x00,  //..+@@......@@+.. 
  0x00, 0x00, 0x52, 0xff, 0xe4, 0x2a, 0x2a, 0x2a, 0x2a, 0x2a, 0x2a, 0xea, 0xff, 0x52, 0x00, 0x00,  //..+@@......@@+.. 
  0x00, 0x00, 0x52, 0xff, 0xff, 0xff, 0xff, 0xff, 0xff, 0xff, 0xff, 0xff, 0xff, 0x52, 0x00, 0x00,  //..+@@@@@@@@@@+.. 
  0x00, 0x00, 0x52, 0xff, 0xf2, 0xa2, 0xa2, 0xa2, 0xa2, 0xa2, 0xa2, 0xf4, 0xff, 0x52, 0x00, 0x00,  //..+@@%%%%%%@@+.. 
  0x00, 0x00, 0x52, 0xff, 0xda, 0x00, 0x00, 0x00, 0x00, 0x00, 0x00, 0xe2, 0xff, 0x52, 0x00, 0x00,  //..+@@......@@+.. 
  0x00, 0x00, 0x52, 0xff, 0xda, 0x00, 0x00, 0x00, 0x00, 0x00, 0x00, 0xe2, 0xff, 0x52, 0x00, 0x00,  //..+@@......@@+.. 
  0x00, 0x00, 0x52, 0xff, 0xfa, 0xe6, 0xe6, 0xe6, 0xe6, 0xe6, 0xe6, 0xfc, 0xff, 0x52, 0x00, 0x00,  //..+@@@@@@@@@@+.. 
  0x00, 0x00, 0x4a, 0xe6, 0xe6, 0xe6, 0xe6, 0xe6, 0xe6, 0xe6, 0xe6, 0xe6, 0xe6, 0x4a, 0x00, 0x00,  //..+@@@@@@@@@@+.. 
  0x00, 0x00, 0x00, 0x00, 0x00, 0x00, 0x00, 0x00, 0x00, 0x00, 0x00, 0x00, 0x00, 0x00, 0x00, 0x00,  //................ 
  0x00, 0x00, 0x00, 0x00, 0x00, 0x00, 0x00, 0x00, 0x00, 0x00, 0x00, 0x00, 0x00, 0x00, 0x00, 0x00,  //................ 
  0x5c, 0x7a, 0x7a, 0x7a, 0x7a, 0x7a, 0x7a, 0x7a, 0x7a, 0x7a, 0x7a, 0x7a, 0x7a, 0x7a, 0x7a, 0x56,  //++++++++++++++++ 
  0xbe, 0xff, 0xff, 0xff, 0xff, 0xff, 0xff, 0xff, 0xff, 0xff, 0xff, 0xff, 0xff, 0xff, 0xff, 0xb2,  //%@@@@@@@@@@@@@@% 
  0x46, 0x5e, 0x5e, 0x5e, 0x5e, 0x5e, 0x5e, 0x5e, 0x5e, 0x5e, 0x5e, 0x5e, 0x5e, 0x5e, 0x5e, 0x42,  //++++++++++++++++ 
  0x00, 0x00, 0x00, 0x00, 0x00, 0x00, 0x00, 0x00, 0x00, 0x00, 0x00, 0x00, 0x00, 0x00, 0x00, 0x00,  //................ 
  0x00, 0x00, 0x00, 0x00, 0x00, 0x00, 0x00, 0x00, 0x00, 0x00, 0x00, 0x00, 0x00, 0x00, 0x00, 0x00,  //................ 


  /*Unicode: U+be14 (블) , Width: 16 */
  0x00, 0x00, 0x00, 0x00, 0x00, 0x00, 0x00, 0x00, 0x00, 0x00, 0x00, 0x00, 0x00, 0x00, 0x00, 0x00,  //................ 
  0x00, 0x00, 0x32, 0x82, 0x72, 0x00, 0x00, 0x00, 0x00, 0x00, 0x00, 0x74, 0x82, 0x2e, 0x00, 0x00,  //...%+......+%... 
  0x00, 0x00, 0x62, 0xff, 0xde, 0x00, 0x00, 0x00, 0x00, 0x00, 0x00, 0xe2, 0xff, 0x5a, 0x00, 0x00,  //..+@@......@@+.. 
  0x00, 0x00, 0x62, 0xff, 0xff, 0xff, 0xff, 0xff, 0xff, 0xff, 0xff, 0xff, 0xff, 0x5a, 0x00, 0x00,  //..+@@@@@@@@@@+.. 
  0x00, 0x00, 0x62, 0xff, 0xf0, 0xb2, 0xb2, 0xb2, 0xb2, 0xb2, 0xb2, 0xf4, 0xff, 0x5a, 0x00, 0x00,  //..+@@%%%%%%@@+.. 
  0x00, 0x00, 0x62, 0xff, 0xde, 0x52, 0x52, 0x52, 0x52, 0x52, 0x52, 0xe8, 0xff, 0x5a, 0x00, 0x00,  //..+@@++++++@@+.. 
  0x00, 0x00, 0x62, 0xff, 0xff, 0xff, 0xff, 0xff, 0xff, 0xff, 0xff, 0xff, 0xff, 0x5a, 0x00, 0x00,  //..+@@@@@@@@@@+.. 
  0x00, 0x00, 0x26, 0x62, 0x62, 0x62, 0x62, 0x62, 0x62, 0x62, 0x62, 0x62, 0x62, 0x22, 0x00, 0x00,  //...++++++++++... 
  0xaa, 0xbe, 0xbe, 0xbe, 0xbe, 0xbe, 0xbe, 0xbe, 0xbe, 0xbe, 0xbe, 0xbe, 0xbe, 0xbe, 0xbe, 0xaa,  //%%%%%%%%%%%%%%%% 
  0xda, 0xf6, 0xf6, 0xf6, 0xf6, 0xf6, 0xf6, 0xf6, 0xf6, 0xf6, 0xf6, 0xf6, 0xf6, 0xf6, 0xf6, 0xda,  //@@@@@@@@@@@@@@@@ 
  0x00, 0x00, 0x00, 0x00, 0x00, 0x00, 0x00, 0x00, 0x00, 0x00, 0x00, 0x00, 0x00, 0x00, 0x00, 0x00,  //................ 
  0x00, 0x00, 0x76, 0xff, 0xff, 0xff, 0xff, 0xff, 0xff, 0xff, 0xff, 0xff, 0xff, 0x72, 0x00, 0x00,  //..+@@@@@@@@@@+.. 
  0x00, 0x00, 0x5a, 0xc2, 0xc2, 0xc2, 0xc2, 0xc2, 0xc2, 0xc2, 0xc2, 0xf0, 0xff, 0x72, 0x00, 0x00,  //..+@@@@@@@@@@+.. 
  0x00, 0x00, 0x2a, 0x5a, 0x5a, 0x5a, 0x5a, 0x5a, 0x5a, 0x5a, 0x5a, 0xda, 0xff, 0x72, 0x00, 0x00,  //...++++++++@@+.. 
  0x00, 0x00, 0x76, 0xff, 0xff, 0xff, 0xff, 0xff, 0xff, 0xff, 0xff, 0xff, 0xff, 0x72, 0x00, 0x00,  //..+@@@@@@@@@@+.. 
  0x00, 0x00, 0x76, 0xff, 0xcc, 0x4a, 0x4a, 0x4a, 0x4a, 0x4a, 0x4a, 0x4a, 0x4a, 0x20, 0x00, 0x00,  //..+@@++++++++... 
  0x00, 0x00, 0x76, 0xff, 0xf0, 0xca, 0xca, 0xca, 0xca, 0xca, 0xca, 0xca, 0xca, 0xb0, 0x00, 0x00,  //..+@@@@@@@@@@%.. 
  0x00, 0x00, 0x72, 0xf6, 0xf6, 0xf6, 0xf6, 0xf6, 0xf6, 0xf6, 0xf6, 0xf6, 0xf6, 0xd8, 0x00, 0x00,  //..+@@@@@@@@@@@.. 
  0x00, 0x00, 0x00, 0x00, 0x00, 0x00, 0x00, 0x00, 0x00, 0x00, 0x00, 0x00, 0x00, 0x00, 0x00, 0x00,  //................ 


  /*Unicode: U+be44 (비) , Width: 14 */
  0x00, 0x00, 0x00, 0x00, 0x00, 0x00, 0x00, 0x00, 0x00, 0x00, 0x00, 0x00, 0x00, 0x00,  //.............. 
  0x00, 0x00, 0x00, 0x00, 0x00, 0x00, 0x00, 0x00, 0x00, 0x00, 0x0a, 0x9e, 0x9e, 0x18,  //...........%%. 
  0x4a, 0x62, 0x30, 0x00, 0x00, 0x00, 0x58, 0x62, 0x1a, 0x00, 0x12, 0xff, 0xff, 0x26,  //++....++...@@. 
  0xc2, 0xff, 0x7e, 0x00, 0x00, 0x00, 0xe6, 0xff, 0x46, 0x00, 0x12, 0xff, 0xff, 0x26,  //@@+...@@+..@@. 
  0xc2, 0xff, 0x7e, 0x00, 0x00, 0x00, 0xe6, 0xff, 0x46, 0x00, 0x12, 0xff, 0xff, 0x26,  //@@+...@@+..@@. 
  0xc2, 0xff, 0x7e, 0x00, 0x00, 0x00, 0xe6, 0xff, 0x46, 0x00, 0x12, 0xff, 0xff, 0x26,  //@@+...@@+..@@. 
  0xc2, 0xff, 0xc8, 0x92, 0x92, 0x92, 0xf4, 0xff, 0x46, 0x00, 0x12, 0xff, 0xff, 0x26,  //@@@%%%@@+..@@. 
  0xc2, 0xff, 0xff, 0xff, 0xff, 0xff, 0xff, 0xff, 0x46, 0x00, 0x12, 0xff, 0xff, 0x26,  //@@@@@@@@+..@@. 
  0xc2, 0xff, 0x9e, 0x42, 0x42, 0x42, 0xec, 0xff, 0x46, 0x00, 0x12, 0xff, 0xff, 0x26,  //@@%+++@@+..@@. 
  0xc2, 0xff, 0x7a, 0x00, 0x00, 0x00, 0xe6, 0xff, 0x46, 0x00, 0x12, 0xff, 0xff, 0x26,  //@@+...@@+..@@. 
  0xc2, 0xff, 0x7a, 0x00, 0x00, 0x00, 0xe6, 0xff, 0x46, 0x00, 0x12, 0xff, 0xff, 0x26,  //@@+...@@+..@@. 
  0xc2, 0xff, 0x92, 0x2e, 0x2e, 0x2e, 0xea, 0xff, 0x46, 0x00, 0x12, 0xff, 0xff, 0x26,  //@@%...@@+..@@. 
  0xc2, 0xff, 0xff, 0xff, 0xff, 0xff, 0xff, 0xff, 0x46, 0x00, 0x12, 0xff, 0xff, 0x26,  //@@@@@@@@+..@@. 
  0x7e, 0xa6, 0xa6, 0xa6, 0xa6, 0xa6, 0xa6, 0xa6, 0x2e, 0x00, 0x12, 0xff, 0xff, 0x26,  //+%%%%%%%...@@. 
  0x00, 0x00, 0x00, 0x00, 0x00, 0x00, 0x00, 0x00, 0x00, 0x00, 0x12, 0xff, 0xff, 0x26,  //...........@@. 
  0x00, 0x00, 0x00, 0x00, 0x00, 0x00, 0x00, 0x00, 0x00, 0x00, 0x12, 0xff, 0xff, 0x26,  //...........@@. 
  0x00, 0x00, 0x00, 0x00, 0x00, 0x00, 0x00, 0x00, 0x00, 0x00, 0x12, 0xff, 0xff, 0x26,  //...........@@. 
  0x00, 0x00, 0x00, 0x00, 0x00, 0x00, 0x00, 0x00, 0x00, 0x00, 0x12, 0xff, 0xff, 0x26,  //...........@@. 
  0x00, 0x00, 0x00, 0x00, 0x00, 0x00, 0x00, 0x00, 0x00, 0x00, 0x00, 0x0e, 0x0e, 0x00,  //.............. 


  /*Unicode: U+be4c (빌) , Width: 14 */
  0x00, 0x00, 0x00, 0x00, 0x00, 0x00, 0x00, 0x00, 0x00, 0x00, 0x00, 0x00, 0x00, 0x00,  //.............. 
  0x04, 0x06, 0x02, 0x00, 0x00, 0x00, 0x06, 0x06, 0x00, 0x00, 0x08, 0x86, 0x86, 0x14,  //...........%%. 
  0xc2, 0xff, 0x72, 0x00, 0x00, 0x02, 0xff, 0xff, 0x2a, 0x00, 0x12, 0xff, 0xff, 0x26,  //@@+...@@...@@. 
  0xc2, 0xff, 0x72, 0x00, 0x00, 0x02, 0xff, 0xff, 0x2a, 0x00, 0x12, 0xff, 0xff, 0x26,  //@@+...@@...@@. 
  0xc2, 0xff, 0xf6, 0xee, 0xee, 0xee, 0xff, 0xff, 0x2a, 0x00, 0x12, 0xff, 0xff, 0x26,  //@@@@@@@@...@@. 
  0xc2, 0xff, 0xe6, 0xd2, 0xd2, 0xd2, 0xff, 0xff, 0x2a, 0x00, 0x12, 0xff, 0xff, 0x26,  //@@@@@@@@...@@. 
  0xc2, 0xff, 0x72, 0x00, 0x00, 0x02, 0xff, 0xff, 0x2a, 0x00, 0x12, 0xff, 0xff, 0x26,  //@@+...@@...@@. 
  0xc2, 0xff, 0xb0, 0x6e, 0x6e, 0x70, 0xff, 0xff, 0x2a, 0x00, 0x12, 0xff, 0xff, 0x26,  //@@%+++@@...@@. 
  0xc2, 0xff, 0xff, 0xff, 0xff, 0xff, 0xff, 0xff, 0x2a, 0x00, 0x12, 0xff, 0xff, 0x26,  //@@@@@@@@...@@. 
  0x44, 0x5a, 0x5a, 0x5a, 0x5a, 0x5a, 0x5a, 0x5a, 0x0e, 0x00, 0x12, 0xff, 0xff, 0x26,  //++++++++...@@. 
  0x00, 0x00, 0x24, 0x4a, 0x4a, 0x4a, 0x4a, 0x4a, 0x4a, 0x4a, 0x4a, 0x4a, 0x4a, 0x0a,  //...++++++++++. 
  0x00, 0x00, 0x7e, 0xff, 0xff, 0xff, 0xff, 0xff, 0xff, 0xff, 0xff, 0xff, 0xff, 0x26,  //..+@@@@@@@@@@. 
  0x00, 0x00, 0x44, 0x8a, 0x8a, 0x8a, 0x8a, 0x8a, 0x8a, 0x8a, 0x90, 0xff, 0xff, 0x26,  //..+%%%%%%%%@@. 
  0x00, 0x00, 0x48, 0x92, 0x92, 0x92, 0x92, 0x92, 0x92, 0x92, 0x98, 0xff, 0xff, 0x26,  //..+%%%%%%%%@@. 
  0x00, 0x00, 0x7e, 0xff, 0xff, 0xff, 0xff, 0xff, 0xff, 0xff, 0xff, 0xff, 0xff, 0x26,  //..+@@@@@@@@@@. 
  0x00, 0x00, 0x7e, 0xff, 0xc0, 0x3a, 0x3a, 0x3a, 0x3a, 0x3a, 0x3a, 0x3a, 0x3a, 0x08,  //..+@@......... 
  0x00, 0x00, 0x7e, 0xff, 0xf2, 0xda, 0xda, 0xda, 0xda, 0xda, 0xda, 0xda, 0xda, 0x68,  //..+@@@@@@@@@@+ 
  0x00, 0x00, 0x7c, 0xfa, 0xfa, 0xfa, 0xfa, 0xfa, 0xfa, 0xfa, 0xfa, 0xfa, 0xfa, 0x78,  //..+@@@@@@@@@@+ 
  0x00, 0x00, 0x00, 0x00, 0x00, 0x00, 0x00, 0x00, 0x00, 0x00, 0x00, 0x00, 0x00, 0x00,  //.............. 


  /*Unicode: U+be59 (빙) , Width: 14 */
  0x00, 0x00, 0x00, 0x00, 0x00, 0x00, 0x00, 0x00, 0x00, 0x00, 0x00, 0x00, 0x00, 0x00,  //.............. 
  0x22, 0x2e, 0x14, 0x00, 0x00, 0x00, 0x2e, 0x2e, 0x06, 0x00, 0x0c, 0xae, 0xae, 0x1a,  //...........%%. 
  0xc2, 0xff, 0x72, 0x00, 0x00, 0x02, 0xff, 0xff, 0x2a, 0x00, 0x12, 0xff, 0xff, 0x26,  //@@+...@@...@@. 
  0xc2, 0xff, 0x72, 0x00, 0x00, 0x02, 0xff, 0xff, 0x2a, 0x00, 0x12, 0xff, 0xff, 0x26,  //@@+...@@...@@. 
  0xc2, 0xff, 0xc0, 0x8e, 0x8e, 0x90, 0xff, 0xff, 0x2a, 0x00, 0x12, 0xff, 0xff, 0x26,  //@@@%%%@@...@@. 
  0xc2, 0xff, 0xff, 0xff, 0xff, 0xff, 0xff, 0xff, 0x2a, 0x00, 0x12, 0xff, 0xff, 0x26,  //@@@@@@@@...@@. 
  0xc2, 0xff, 0x92, 0x3a, 0x3a, 0x3e, 0xff, 0xff, 0x2a, 0x00, 0x12, 0xff, 0xff, 0x26,  //@@%...@@...@@. 
  0xc2, 0xff, 0x72, 0x00, 0x00, 0x02, 0xff, 0xff, 0x2a, 0x00, 0x12, 0xff, 0xff, 0x26,  //@@+...@@...@@. 
  0xc2, 0xff, 0xd8, 0xba, 0xba, 0xbc, 0xff, 0xff, 0x2a, 0x00, 0x12, 0xff, 0xff, 0x26,  //@@@%%%@@...@@. 
  0xc2, 0xff, 0xff, 0xff, 0xff, 0xff, 0xff, 0xff, 0x2a, 0x00, 0x12, 0xff, 0xff, 0x26,  //@@@@@@@@...@@. 
  0x0a, 0x0e, 0x0e, 0x0e, 0x0e, 0x0e, 0x0e, 0x0e, 0x00, 0x00, 0x12, 0xff, 0xff, 0x26,  //...........@@. 
  0x00, 0x00, 0x00, 0x00, 0x00, 0x18, 0x3c, 0x4a, 0x44, 0x28, 0x10, 0xa6, 0xa6, 0x18,  //.......++..%%. 
  0x00, 0x00, 0x00, 0x58, 0xd0, 0xff, 0xff, 0xff, 0xff, 0xff, 0xec, 0x8e, 0x0c, 0x00,  //...+@@@@@@@%.. 
  0x00, 0x00, 0x70, 0xff, 0xff, 0xc0, 0x82, 0x70, 0x78, 0xa0, 0xf0, 0xff, 0xcc, 0x04,  //..+@@@%++%@@@. 
  0x00, 0x00, 0xe0, 0xff, 0x7c, 0x00, 0x00, 0x00, 0x00, 0x00, 0x26, 0xfc, 0xff, 0x48,  //..@@+......@@+ 
  0x00, 0x00, 0xd6, 0xff, 0x9a, 0x00, 0x00, 0x00, 0x00, 0x00, 0x44, 0xff, 0xff, 0x3c,  //..@@%.....+@@. 
  0x00, 0x00, 0x52, 0xfa, 0xff, 0xe6, 0xac, 0x9c, 0xa2, 0xc8, 0xff, 0xff, 0xae, 0x00,  //..+@@@%%%@@@%. 
  0x00, 0x00, 0x00, 0x30, 0xa2, 0xe8, 0xff, 0xff, 0xff, 0xf6, 0xc2, 0x62, 0x00, 0x00,  //....%@@@@@@+.. 
  0x00, 0x00, 0x00, 0x00, 0x00, 0x00, 0x0e, 0x1a, 0x14, 0x00, 0x00, 0x00, 0x00, 0x00,  //.............. 


  /*Unicode: U+c0ac (사) , Width: 18 */
  0x00, 0x00, 0x00, 0x00, 0x00, 0x00, 0x00, 0x00, 0x00, 0x00, 0x00, 0x00, 0x00, 0x00, 0x00, 0x00, 0x00, 0x00,  //.................. 
  0x00, 0x00, 0x00, 0x00, 0x00, 0x00, 0x00, 0x00, 0x00, 0x00, 0x00, 0x00, 0x82, 0x9e, 0x40, 0x00, 0x00, 0x00,  //............%%+... 
  0x00, 0x00, 0x00, 0x00, 0x00, 0x64, 0x9e, 0x66, 0x00, 0x00, 0x00, 0x00, 0xd2, 0xff, 0x66, 0x00, 0x00, 0x00,  //.....+%+....@@+... 
  0x00, 0x00, 0x00, 0x00, 0x00, 0xa2, 0xff, 0x9c, 0x00, 0x00, 0x00, 0x00, 0xd2, 0xff, 0x66, 0x00, 0x00, 0x00,  //.....%@%....@@+... 
  0x00, 0x00, 0x00, 0x00, 0x00, 0xa6, 0xff, 0x92, 0x00, 0x00, 0x00, 0x00, 0xd2, 0xff, 0x66, 0x00, 0x00, 0x00,  //.....%@%....@@+... 
  0x00, 0x00, 0x00, 0x00, 0x00, 0xc2, 0xff, 0x74, 0x00, 0x00, 0x00, 0x00, 0xd2, 0xff, 0x66, 0x00, 0x00, 0x00,  //.....@@+....@@+... 
  0x00, 0x00, 0x00, 0x00, 0x00, 0xea, 0xff, 0x58, 0x00, 0x00, 0x00, 0x00, 0xd2, 0xff, 0x66, 0x00, 0x00, 0x00,  //.....@@+....@@+... 
  0x00, 0x00, 0x00, 0x00, 0x28, 0xff, 0xff, 0xa2, 0x00, 0x00, 0x00, 0x00, 0xd2, 0xff, 0xce, 0xae, 0xae, 0x06,  //.....@@%....@@@%%. 
  0x00, 0x00, 0x00, 0x00, 0x82, 0xff, 0xff, 0xf8, 0x1e, 0x00, 0x00, 0x00, 0xd2, 0xff, 0xff, 0xff, 0xff, 0x0a,  //....%@@@....@@@@@. 
  0x00, 0x00, 0x00, 0x0e, 0xea, 0xff, 0xe8, 0xff, 0xb6, 0x00, 0x00, 0x00, 0xd2, 0xff, 0x88, 0x36, 0x36, 0x00,  //....@@@@%...@@%... 
  0x00, 0x00, 0x00, 0x98, 0xff, 0xde, 0x26, 0xf6, 0xff, 0x78, 0x00, 0x00, 0xd2, 0xff, 0x66, 0x00, 0x00, 0x00,  //...%@@.@@+..@@+... 
  0x00, 0x00, 0x6a, 0xff, 0xfc, 0x46, 0x00, 0x64, 0xff, 0xff, 0x6e, 0x00, 0xd2, 0xff, 0x66, 0x00, 0x00, 0x00,  //..+@@+.+@@+.@@+... 
  0x00, 0x7c, 0xff, 0xff, 0x80, 0x00, 0x00, 0x00, 0x8a, 0xff, 0xff, 0x92, 0xd2, 0xff, 0x66, 0x00, 0x00, 0x00,  //.+@@%...%@@%@@+... 
  0x18, 0xde, 0xff, 0x86, 0x00, 0x00, 0x00, 0x00, 0x00, 0x7c, 0xf0, 0x3c, 0xd2, 0xff, 0x66, 0x00, 0x00, 0x00,  //.@@%.....+@.@@+... 
  0x00, 0x12, 0x4e, 0x00, 0x00, 0x00, 0x00, 0x00, 0x00, 0x00, 0x10, 0x00, 0xd2, 0xff, 0x66, 0x00, 0x00, 0x00,  //..+.........@@+... 
  0x00, 0x00, 0x00, 0x00, 0x00, 0x00, 0x00, 0x00, 0x00, 0x00, 0x00, 0x00, 0xd2, 0xff, 0x66, 0x00, 0x00, 0x00,  //............@@+... 
  0x00, 0x00, 0x00, 0x00, 0x00, 0x00, 0x00, 0x00, 0x00, 0x00, 0x00, 0x00, 0xd2, 0xff, 0x66, 0x00, 0x00, 0x00,  //............@@+... 
  0x00, 0x00, 0x00, 0x00, 0x00, 0x00, 0x00, 0x00, 0x00, 0x00, 0x00, 0x00, 0xd2, 0xff, 0x66, 0x00, 0x00, 0x00,  //............@@+... 
  0x00, 0x00, 0x00, 0x00, 0x00, 0x00, 0x00, 0x00, 0x00, 0x00, 0x00, 0x00, 0x0c, 0x0e, 0x04, 0x00, 0x00, 0x00,  //.................. 


  /*Unicode: U+c0ad (삭) , Width: 16 */
  0x00, 0x00, 0x00, 0x00, 0x00, 0x00, 0x00, 0x00, 0x00, 0x00, 0x00, 0x00, 0x00, 0x00, 0x00, 0x00,  //................ 
  0x00, 0x00, 0x00, 0x00, 0x28, 0x3a, 0x20, 0x00, 0x00, 0x00, 0x00, 0x84, 0xa2, 0x3e, 0x00, 0x00,  //...........%%... 
  0x00, 0x00, 0x00, 0x00, 0xb0, 0xff, 0x8a, 0x00, 0x00, 0x00, 0x00, 0xce, 0xff, 0x62, 0x00, 0x00,  //....%@%....@@+.. 
  0x00, 0x00, 0x00, 0x00, 0xc0, 0xff, 0x78, 0x00, 0x00, 0x00, 0x00, 0xce, 0xff, 0x62, 0x00, 0x00,  //....@@+....@@+.. 
  0x00, 0x00, 0x00, 0x00, 0xea, 0xff, 0x4c, 0x00, 0x00, 0x00, 0x00, 0xce, 0xff, 0x62, 0x00, 0x00,  //....@@+....@@+.. 
  0x00, 0x00, 0x00, 0x40, 0xff, 0xff, 0xa8, 0x00, 0x00, 0x00, 0x00, 0xce, 0xff, 0xdc, 0xc6, 0xb4,  //...+@@%....@@@@% 
  0x00, 0x00, 0x00, 0xc2, 0xff, 0xff, 0xff, 0x6a, 0x00, 0x00, 0x00, 0xce, 0xff, 0xff, 0xff, 0xe6,  //...@@@@+...@@@@@ 
  0x00, 0x00, 0x88, 0xff, 0xf0, 0x62, 0xf8, 0xfc, 0x72, 0x00, 0x00, 0xce, 0xff, 0x70, 0x16, 0x14,  //..%@@+@@+..@@+.. 
  0x06, 0x98, 0xff, 0xfc, 0x52, 0x00, 0x58, 0xfc, 0xff, 0xba, 0x28, 0xce, 0xff, 0x62, 0x00, 0x00,  //.%@@+.+@@%.@@+.. 
  0xbe, 0xff, 0xf4, 0x56, 0x00, 0x00, 0x00, 0x3c, 0xd8, 0xec, 0x2a, 0xce, 0xff, 0x62, 0x00, 0x00,  //%@@+....@@.@@+.. 
  0x22, 0xa6, 0x28, 0x00, 0x00, 0x00, 0x00, 0x00, 0x06, 0x26, 0x00, 0xc8, 0xf6, 0x5e, 0x00, 0x00,  //.%.........@@+.. 
  0x00, 0x00, 0x1c, 0x52, 0x52, 0x52, 0x52, 0x52, 0x52, 0x52, 0x52, 0x52, 0x52, 0x1e, 0x00, 0x00,  //...++++++++++... 
  0x00, 0x00, 0x5a, 0xff, 0xff, 0xff, 0xff, 0xff, 0xff, 0xff, 0xff, 0xff, 0xff, 0x62, 0x00, 0x00,  //..+@@@@@@@@@@+.. 
  0x00, 0x00, 0x2e, 0x82, 0x82, 0x82, 0x82, 0x82, 0x82, 0x82, 0x82, 0xe6, 0xff, 0x62, 0x00, 0x00,  //...%%%%%%%%@@+.. 
  0x00, 0x00, 0x00, 0x00, 0x00, 0x00, 0x00, 0x00, 0x00, 0x00, 0x00, 0xce, 0xff, 0x62, 0x00, 0x00,  //...........@@+.. 
  0x00, 0x00, 0x00, 0x00, 0x00, 0x00, 0x00, 0x00, 0x00, 0x00, 0x00, 0xce, 0xff, 0x62, 0x00, 0x00,  //...........@@+.. 
  0x00, 0x00, 0x00, 0x00, 0x00, 0x00, 0x00, 0x00, 0x00, 0x00, 0x00, 0xce, 0xff, 0x62, 0x00, 0x00,  //...........@@+.. 
  0x00, 0x00, 0x00, 0x00, 0x00, 0x00, 0x00, 0x00, 0x00, 0x00, 0x00, 0xce, 0xff, 0x62, 0x00, 0x00,  //...........@@+.. 
  0x00, 0x00, 0x00, 0x00, 0x00, 0x00, 0x00, 0x00, 0x00, 0x00, 0x00, 0x0e, 0x12, 0x06, 0x00, 0x00,  //................ 


  /*Unicode: U+c0c1 (상) , Width: 16 */
  0x00, 0x00, 0x00, 0x00, 0x00, 0x00, 0x00, 0x00, 0x00, 0x00, 0x00, 0x00, 0x00, 0x00, 0x00, 0x00,  //................ 
  0x00, 0x00, 0x00, 0x00, 0x28, 0x42, 0x2a, 0x00, 0x00, 0x00, 0x00, 0x96, 0xae, 0x3e, 0x00, 0x00,  //.....+.....%%... 
  0x00, 0x00, 0x00, 0x00, 0x9e, 0xff, 0x9a, 0x00, 0x00, 0x00, 0x00, 0xda, 0xff, 0x5a, 0x00, 0x00,  //....%@%....@@+.. 
  0x00, 0x00, 0x00, 0x00, 0xae, 0xff, 0x8a, 0x00, 0x00, 0x00, 0x00, 0xda, 0xff, 0x5a, 0x00, 0x00,  //....%@%....@@+.. 
  0x00, 0x00, 0x00, 0x00, 0xdc, 0xff, 0x5e, 0x00, 0x00, 0x00, 0x00, 0xda, 0xff, 0x5a, 0x00, 0x00,  //....@@+....@@+.. 
  0x00, 0x00, 0x00, 0x30, 0xff, 0xff, 0xa0, 0x00, 0x00, 0x00, 0x00, 0xda, 0xff, 0xda, 0xc6, 0xaa,  //....@@%....@@@@% 
  0x00, 0x00, 0x00, 0xb6, 0xff, 0xff, 0xff, 0x50, 0x00, 0x00, 0x00, 0xda, 0xff, 0xff, 0xff, 0xda,  //...%@@@+...@@@@@ 
  0x00, 0x00, 0x7c, 0xff, 0xfc, 0x78, 0xfa, 0xf4, 0x50, 0x00, 0x00, 0xda, 0xff, 0x6a, 0x16, 0x12,  //..+@@+@@+..@@+.. 
  0x04, 0x90, 0xff, 0xff, 0x7a, 0x00, 0x6a, 0xff, 0xfc, 0x98, 0x14, 0xda, 0xff, 0x5a, 0x00, 0x00,  //.%@@+.+@@%.@@+.. 
  0xc0, 0xff, 0xff, 0x86, 0x00, 0x00, 0x00, 0x56, 0xea, 0xe0, 0x1c, 0xda, 0xff, 0x5a, 0x00, 0x00,  //@@@%...+@@.@@+.. 
  0x28, 0xcc, 0x54, 0x00, 0x00, 0x00, 0x00, 0x00, 0x14, 0x20, 0x00, 0xda, 0xff, 0x5a, 0x00, 0x00,  //.@+........@@+.. 
  0x00, 0x00, 0x00, 0x00, 0x00, 0x38, 0x6e, 0x86, 0x88, 0x76, 0x46, 0x3e, 0x3e, 0x16, 0x00, 0x00,  //......+%%++..... 
  0x00, 0x00, 0x00, 0x3a, 0xd8, 0xff, 0xff, 0xff, 0xff, 0xff, 0xff, 0xec, 0x62, 0x00, 0x00, 0x00,  //....@@@@@@@@+... 
  0x00, 0x00, 0x1a, 0xf2, 0xff, 0xc6, 0x64, 0x3e, 0x3a, 0x58, 0xac, 0xff, 0xff, 0x4a, 0x00, 0x00,  //...@@@+..+%@@+.. 
  0x00, 0x00, 0x62, 0xff, 0xe6, 0x04, 0x00, 0x00, 0x00, 0x00, 0x00, 0xb2, 0xff, 0xa2, 0x00, 0x00,  //..+@@......%@%.. 
  0x00, 0x00, 0x4e, 0xff, 0xf6, 0x34, 0x00, 0x00, 0x00, 0x00, 0x1a, 0xda, 0xff, 0x8c, 0x00, 0x00,  //..+@@......@@%.. 
  0x00, 0x00, 0x02, 0xba, 0xff, 0xff, 0xcc, 0xa8, 0xa6, 0xc2, 0xfa, 0xff, 0xe0, 0x1a, 0x00, 0x00,  //...%@@@%%@@@@... 
  0x00, 0x00, 0x00, 0x04, 0x6c, 0xcc, 0xfa, 0xff, 0xff, 0xfc, 0xda, 0x86, 0x12, 0x00, 0x00, 0x00,  //....+@@@@@@%.... 
  0x00, 0x00, 0x00, 0x00, 0x00, 0x00, 0x04, 0x18, 0x1a, 0x08, 0x00, 0x00, 0x00, 0x00, 0x00, 0x00,  //................ 


  /*Unicode: U+c0d8 (샘) , Width: 15 */
  0x00, 0x00, 0x00, 0x00, 0x00, 0x00, 0x00, 0x00, 0x00, 0x00, 0x00, 0x00, 0x00, 0x00, 0x00,  //............... 
  0x00, 0x00, 0x00, 0x02, 0x0a, 0x0a, 0x00, 0x00, 0x04, 0x52, 0x52, 0x04, 0x4c, 0x7a, 0x42,  //.........++.+++ 
  0x00, 0x00, 0x00, 0x42, 0xff, 0xf2, 0x00, 0x00, 0x12, 0xff, 0xff, 0x12, 0x9e, 0xff, 0x8a,  //...+@@...@@.%@% 
  0x00, 0x00, 0x00, 0x40, 0xff, 0xe8, 0x00, 0x00, 0x12, 0xff, 0xff, 0x12, 0x9e, 0xff, 0x8a,  //...+@@...@@.%@% 
  0x00, 0x00, 0x00, 0x48, 0xff, 0xcc, 0x00, 0x00, 0x12, 0xff, 0xff, 0x12, 0x9e, 0xff, 0x8a,  //...+@@...@@.%@% 
  0x00, 0x00, 0x00, 0x78, 0xff, 0xec, 0x14, 0x00, 0x12, 0xff, 0xff, 0xc6, 0xe8, 0xff, 0x8a,  //...+@@...@@@@@% 
  0x00, 0x00, 0x04, 0xd8, 0xff, 0xff, 0x9c, 0x00, 0x12, 0xff, 0xff, 0xff, 0xff, 0xff, 0x8a,  //...@@@%..@@@@@% 
  0x00, 0x00, 0x86, 0xff, 0xde, 0xf2, 0xfc, 0x5c, 0x12, 0xff, 0xff, 0x24, 0xa6, 0xff, 0x8a,  //..%@@@@+.@@.%@% 
  0x00, 0x80, 0xff, 0xfa, 0x3e, 0x54, 0xff, 0xfc, 0x8a, 0xff, 0xff, 0x12, 0x9e, 0xff, 0x8a,  //.%@@.+@@%@@.%@% 
  0xa4, 0xff, 0xfa, 0x5a, 0x00, 0x00, 0x68, 0xfa, 0xd8, 0xff, 0xff, 0x12, 0x9e, 0xff, 0x8a,  //%@@+..+@@@@.%@% 
  0x18, 0xb2, 0x3e, 0x00, 0x00, 0x00, 0x00, 0x34, 0x1e, 0xee, 0xee, 0x10, 0x94, 0xee, 0x82,  //.%.......@@.%@% 
  0x00, 0x00, 0x00, 0x1a, 0x5a, 0x5a, 0x5a, 0x5a, 0x5a, 0x5a, 0x5a, 0x5a, 0x5a, 0x5a, 0x30,  //....++++++++++. 
  0x00, 0x00, 0x00, 0x4e, 0xff, 0xff, 0xff, 0xff, 0xff, 0xff, 0xff, 0xff, 0xff, 0xff, 0x8a,  //...+@@@@@@@@@@% 
  0x00, 0x00, 0x00, 0x4e, 0xff, 0xf4, 0x7e, 0x7e, 0x7e, 0x7e, 0x7e, 0x7e, 0xd4, 0xff, 0x8a,  //...+@@++++++@@% 
  0x00, 0x00, 0x00, 0x4e, 0xff, 0xea, 0x00, 0x00, 0x00, 0x00, 0x00, 0x00, 0xaa, 0xff, 0x8a,  //...+@@......%@% 
  0x00, 0x00, 0x00, 0x4e, 0xff, 0xea, 0x00, 0x00, 0x00, 0x00, 0x00, 0x00, 0xaa, 0xff, 0x8a,  //...+@@......%@% 
  0x00, 0x00, 0x00, 0x4e, 0xff, 0xfc, 0xe2, 0xe2, 0xe2, 0xe2, 0xe2, 0xe2, 0xf4, 0xff, 0x8a,  //...+@@@@@@@@@@% 
  0x00, 0x00, 0x00, 0x4a, 0xee, 0xee, 0xee, 0xee, 0xee, 0xee, 0xee, 0xee, 0xee, 0xee, 0x82,  //...+@@@@@@@@@@% 
  0x00, 0x00, 0x00, 0x00, 0x00, 0x00, 0x00, 0x00, 0x00, 0x00, 0x00, 0x00, 0x00, 0x00, 0x00,  //............... 


  /*Unicode: U+c0dd (생) , Width: 15 */
  0x00, 0x00, 0x00, 0x00, 0x00, 0x00, 0x00, 0x00, 0x00, 0x00, 0x00, 0x00, 0x00, 0x00, 0x00,  //............... 
  0x00, 0x00, 0x00, 0x12, 0x3a, 0x32, 0x00, 0x00, 0x08, 0x7e, 0x7e, 0x08, 0x6c, 0xae, 0x5e,  //.........++.+%+ 
  0x00, 0x00, 0x00, 0x58, 0xff, 0xda, 0x00, 0x00, 0x12, 0xff, 0xff, 0x12, 0x9e, 0xff, 0x8a,  //...+@@...@@.%@% 
  0x00, 0x00, 0x00, 0x5a, 0xff, 0xd2, 0x00, 0x00, 0x12, 0xff, 0xff, 0x12, 0x9e, 0xff, 0x8a,  //...+@@...@@.%@% 
  0x00, 0x00, 0x00, 0x68, 0xff, 0xb0, 0x00, 0x00, 0x12, 0xff, 0xff, 0x12, 0x9e, 0xff, 0x8a,  //...+@%...@@.%@% 
  0x00, 0x00, 0x00, 0x9c, 0xff, 0xd4, 0x00, 0x00, 0x12, 0xff, 0xff, 0xff, 0xff, 0xff, 0x8a,  //...%@@...@@@@@% 
  0x00, 0x00, 0x0e, 0xee, 0xff, 0xff, 0x60, 0x00, 0x12, 0xff, 0xff, 0xda, 0xf0, 0xff, 0x8a,  //...@@@+..@@@@@% 
  0x00, 0x00, 0x9e, 0xff, 0xda, 0xfc, 0xf2, 0x3c, 0x12, 0xff, 0xff, 0x12, 0x9e, 0xff, 0x8a,  //..%@@@@..@@.%@% 
  0x02, 0x8e, 0xff, 0xf6, 0x2c, 0x84, 0xff, 0xf4, 0x74, 0xff, 0xff, 0x12, 0x9e, 0xff, 0x8a,  //.%@@.%@@+@@.%@% 
  0xb2, 0xff, 0xfa, 0x54, 0x00, 0x02, 0x9a, 0xff, 0xbe, 0xff, 0xff, 0x12, 0x9e, 0xff, 0x8a,  //%@@+..%@%@@.%@% 
  0x28, 0xca, 0x42, 0x00, 0x00, 0x00, 0x00, 0x4a, 0x18, 0xf2, 0xf2, 0x12, 0x9e, 0xff, 0x8a,  //.@+....+.@@.%@% 
  0x00, 0x00, 0x00, 0x00, 0x00, 0x04, 0x40, 0x6c, 0x7c, 0x7a, 0x62, 0x30, 0x48, 0x72, 0x3e,  //......+++++.++. 
  0x00, 0x00, 0x00, 0x00, 0x70, 0xec, 0xff, 0xff, 0xff, 0xff, 0xff, 0xff, 0xd6, 0x44, 0x00,  //....+@@@@@@@@+. 
  0x00, 0x00, 0x00, 0x70, 0xff, 0xfc, 0xaa, 0x5e, 0x46, 0x4a, 0x6c, 0xc4, 0xff, 0xfa, 0x34,  //...+@@%++++@@@. 
  0x00, 0x00, 0x00, 0xce, 0xff, 0x86, 0x00, 0x00, 0x00, 0x00, 0x00, 0x00, 0xc8, 0xff, 0x90,  //...@@%......@@% 
  0x00, 0x00, 0x00, 0xba, 0xff, 0xb8, 0x0a, 0x00, 0x00, 0x00, 0x00, 0x22, 0xe4, 0xff, 0x7c,  //...%@%......@@+ 
  0x00, 0x00, 0x00, 0x36, 0xf2, 0xff, 0xf2, 0xb8, 0xa2, 0xa4, 0xc4, 0xfa, 0xff, 0xd6, 0x10,  //....@@@%%%@@@@. 
  0x00, 0x00, 0x00, 0x00, 0x20, 0x96, 0xe0, 0xff, 0xff, 0xff, 0xfa, 0xd0, 0x7a, 0x0c, 0x00,  //.....%@@@@@@+.. 
  0x00, 0x00, 0x00, 0x00, 0x00, 0x00, 0x00, 0x0a, 0x1a, 0x18, 0x04, 0x00, 0x00, 0x00, 0x00,  //............... 


  /*Unicode: U+c11c (서) , Width: 16 */
  0x00, 0x00, 0x00, 0x00, 0x00, 0x00, 0x00, 0x00, 0x00, 0x00, 0x00, 0x00, 0x00, 0x00, 0x00, 0x00,  //................ 
  0x00, 0x00, 0x00, 0x00, 0x00, 0x00, 0x00, 0x00, 0x00, 0x00, 0x00, 0x00, 0x0a, 0x9e, 0x9e, 0x18,  //.............%%. 
  0x00, 0x00, 0x00, 0x00, 0x00, 0x5a, 0x9e, 0x70, 0x00, 0x00, 0x00, 0x00, 0x12, 0xff, 0xff, 0x26,  //.....+%+.....@@. 
  0x00, 0x00, 0x00, 0x00, 0x00, 0x90, 0xff, 0xae, 0x00, 0x00, 0x00, 0x00, 0x12, 0xff, 0xff, 0x26,  //.....%@%.....@@. 
  0x00, 0x00, 0x00, 0x00, 0x00, 0x94, 0xff, 0xa6, 0x00, 0x00, 0x00, 0x00, 0x12, 0xff, 0xff, 0x26,  //.....%@%.....@@. 
  0x00, 0x00, 0x00, 0x00, 0x00, 0xae, 0xff, 0x88, 0x00, 0x00, 0x00, 0x00, 0x12, 0xff, 0xff, 0x26,  //.....%@%.....@@. 
  0x00, 0x00, 0x00, 0x00, 0x00, 0xd6, 0xff, 0x64, 0x00, 0x0a, 0x62, 0x62, 0x6e, 0xff, 0xff, 0x26,  //.....@@+..+++@@. 
  0x00, 0x00, 0x00, 0x00, 0x16, 0xff, 0xff, 0xa4, 0x00, 0x1e, 0xff, 0xff, 0xff, 0xff, 0xff, 0x26,  //.....@@%..@@@@@. 
  0x00, 0x00, 0x00, 0x00, 0x70, 0xff, 0xff, 0xfa, 0x20, 0x10, 0x8a, 0x8a, 0x94, 0xff, 0xff, 0x26,  //....+@@@..%%%@@. 
  0x00, 0x00, 0x00, 0x06, 0xde, 0xff, 0xe8, 0xff, 0xb6, 0x00, 0x00, 0x00, 0x12, 0xff, 0xff, 0x26,  //....@@@@%....@@. 
  0x00, 0x00, 0x00, 0x82, 0xff, 0xe2, 0x22, 0xf0, 0xff, 0x74, 0x00, 0x00, 0x12, 0xff, 0xff, 0x26,  //...%@@.@@+...@@. 
  0x00, 0x00, 0x56, 0xfc, 0xff, 0x4e, 0x00, 0x5a, 0xff, 0xfc, 0x68, 0x00, 0x12, 0xff, 0xff, 0x26,  //..+@@+.+@@+..@@. 
  0x00, 0x6a, 0xfc, 0xff, 0x86, 0x00, 0x00, 0x00, 0x84, 0xff, 0xff, 0x8e, 0x12, 0xff, 0xff, 0x26,  //.+@@%...%@@%.@@. 
  0x0c, 0xd8, 0xff, 0x90, 0x00, 0x00, 0x00, 0x00, 0x00, 0x7c, 0xfc, 0x5a, 0x12, 0xff, 0xff, 0x26,  //.@@%.....+@+.@@. 
  0x00, 0x12, 0x5a, 0x00, 0x00, 0x00, 0x00, 0x00, 0x00, 0x00, 0x22, 0x00, 0x12, 0xff, 0xff, 0x26,  //..+..........@@. 
  0x00, 0x00, 0x00, 0x00, 0x00, 0x00, 0x00, 0x00, 0x00, 0x00, 0x00, 0x00, 0x12, 0xff, 0xff, 0x26,  //.............@@. 
  0x00, 0x00, 0x00, 0x00, 0x00, 0x00, 0x00, 0x00, 0x00, 0x00, 0x00, 0x00, 0x12, 0xff, 0xff, 0x26,  //.............@@. 
  0x00, 0x00, 0x00, 0x00, 0x00, 0x00, 0x00, 0x00, 0x00, 0x00, 0x00, 0x00, 0x12, 0xff, 0xff, 0x26,  //.............@@. 
  0x00, 0x00, 0x00, 0x00, 0x00, 0x00, 0x00, 0x00, 0x00, 0x00, 0x00, 0x00, 0x00, 0x0e, 0x0e, 0x00,  //................ 


  /*Unicode: U+c120 (선) , Width: 15 */
  0x00, 0x00, 0x00, 0x00, 0x00, 0x00, 0x00, 0x00, 0x00, 0x00, 0x00, 0x00, 0x00, 0x00, 0x00,  //............... 
  0x00, 0x00, 0x00, 0x00, 0x04, 0x0e, 0x0c, 0x00, 0x00, 0x00, 0x00, 0x08, 0x72, 0x72, 0x10,  //............++. 
  0x00, 0x00, 0x00, 0x00, 0x6a, 0xff, 0xde, 0x00, 0x00, 0x00, 0x00, 0x12, 0xff, 0xff, 0x26,  //....+@@.....@@. 
  0x00, 0x00, 0x00, 0x00, 0x72, 0xff, 0xd0, 0x00, 0x00, 0x00, 0x00, 0x12, 0xff, 0xff, 0x26,  //....+@@.....@@. 
  0x00, 0x00, 0x00, 0x00, 0x92, 0xff, 0xaa, 0x00, 0x00, 0x00, 0x00, 0x12, 0xff, 0xff, 0x26,  //....%@%.....@@. 
  0x00, 0x00, 0x00, 0x00, 0xd2, 0xff, 0xb0, 0x00, 0x14, 0xea, 0xea, 0xec, 0xff, 0xff, 0x26,  //....@@%..@@@@@. 
  0x00, 0x00, 0x00, 0x38, 0xff, 0xff, 0xff, 0x46, 0x14, 0xee, 0xee, 0xf0, 0xff, 0xff, 0x26,  //....@@@+.@@@@@. 
  0x00, 0x00, 0x04, 0xca, 0xff, 0xe8, 0xff, 0xec, 0x28, 0x00, 0x00, 0x12, 0xff, 0xff, 0x26,  //...@@@@@....@@. 
  0x00, 0x02, 0xa2, 0xff, 0xf0, 0x1e, 0xb6, 0xff, 0xec, 0x42, 0x00, 0x12, 0xff, 0xff, 0x26,  //..%@@.%@@+..@@. 
  0x18, 0xba, 0xff, 0xfa, 0x48, 0x00, 0x0a, 0xbe, 0xff, 0xfc, 0x94, 0x12, 0xff, 0xff, 0x26,  //.%@@+..%@@%.@@. 
  0x8c, 0xff, 0xf0, 0x46, 0x00, 0x00, 0x00, 0x02, 0x88, 0xf8, 0x5a, 0x12, 0xff, 0xff, 0x26,  //%@@+....%@+.@@. 
  0x00, 0x66, 0x1a, 0x00, 0x00, 0x00, 0x00, 0x00, 0x00, 0x14, 0x00, 0x12, 0xff, 0xff, 0x26,  //.+..........@@. 
  0x00, 0x00, 0x00, 0x1a, 0x5e, 0x5c, 0x00, 0x00, 0x00, 0x00, 0x00, 0x12, 0xff, 0xff, 0x26,  //....++......@@. 
  0x00, 0x00, 0x00, 0x46, 0xff, 0xf6, 0x00, 0x00, 0x00, 0x00, 0x00, 0x0e, 0xc2, 0xc2, 0x1c,  //...+@@......@@. 
  0x00, 0x00, 0x00, 0x46, 0xff, 0xf6, 0x00, 0x00, 0x00, 0x00, 0x00, 0x00, 0x00, 0x00, 0x00,  //...+@@......... 
  0x00, 0x00, 0x00, 0x46, 0xff, 0xf6, 0x00, 0x00, 0x00, 0x00, 0x00, 0x00, 0x00, 0x00, 0x00,  //...+@@......... 
  0x00, 0x00, 0x00, 0x46, 0xff, 0xff, 0xfa, 0xfa, 0xfa, 0xfa, 0xfa, 0xfa, 0xfa, 0xfa, 0x78,  //...+@@@@@@@@@@+ 
  0x00, 0x00, 0x00, 0x40, 0xe6, 0xe6, 0xe6, 0xe6, 0xe6, 0xe6, 0xe6, 0xe6, 0xe6, 0xe6, 0x6e,  //...+@@@@@@@@@@+ 
  0x00, 0x00, 0x00, 0x00, 0x00, 0x00, 0x00, 0x00, 0x00, 0x00, 0x00, 0x00, 0x00, 0x00, 0x00,  //............... 


  /*Unicode: U+c124 (설) , Width: 15 */
  0x00, 0x00, 0x00, 0x00, 0x00, 0x00, 0x00, 0x00, 0x00, 0x00, 0x00, 0x00, 0x00, 0x00, 0x00,  //............... 
  0x00, 0x00, 0x00, 0x00, 0x12, 0x36, 0x32, 0x00, 0x00, 0x00, 0x00, 0x08, 0x86, 0x86, 0x14,  //............%%. 
  0x00, 0x00, 0x00, 0x00, 0x58, 0xff, 0xe8, 0x00, 0x00, 0x00, 0x00, 0x12, 0xff, 0xff, 0x26,  //....+@@.....@@. 
  0x00, 0x00, 0x00, 0x00, 0x6a, 0xff, 0xd2, 0x00, 0x00, 0x00, 0x00, 0x12, 0xff, 0xff, 0x26,  //....+@@.....@@. 
  0x00, 0x00, 0x00, 0x00, 0xa6, 0xff, 0xbe, 0x00, 0x08, 0x92, 0x92, 0x9a, 0xff, 0xff, 0x26,  //....%@%..%%%@@. 
  0x00, 0x00, 0x00, 0x20, 0xf6, 0xff, 0xff, 0x58, 0x0e, 0xff, 0xff, 0xff, 0xff, 0xff, 0x26,  //....@@@+.@@@@@. 
  0x00, 0x00, 0x0a, 0xc8, 0xff, 0xe2, 0xff, 0xf8, 0x58, 0x32, 0x32, 0x42, 0xff, 0xff, 0x26,  //...@@@@@+..+@@. 
  0x00, 0x24, 0xcc, 0xff, 0xec, 0x22, 0x6c, 0xff, 0xff, 0x9c, 0x18, 0x12, 0xff, 0xff, 0x26,  //..@@@.+@@%..@@. 
  0x64, 0xf6, 0xff, 0xdc, 0x2c, 0x00, 0x00, 0x60, 0xf2, 0xff, 0xaa, 0x12, 0xff, 0xff, 0x26,  //+@@@...+@@%.@@. 
  0x16, 0xcc, 0x8a, 0x08, 0x00, 0x00, 0x00, 0x00, 0x1a, 0x7e, 0x08, 0x0e, 0xc6, 0xc6, 0x1e,  //.@%......+..@@. 
  0x00, 0x00, 0x00, 0x40, 0x82, 0x82, 0x82, 0x82, 0x82, 0x82, 0x82, 0x82, 0x82, 0x82, 0x12,  //...+%%%%%%%%%%. 
  0x00, 0x00, 0x00, 0x7e, 0xff, 0xff, 0xff, 0xff, 0xff, 0xff, 0xff, 0xff, 0xff, 0xff, 0x26,  //...+@@@@@@@@@@. 
  0x00, 0x00, 0x00, 0x28, 0x52, 0x52, 0x52, 0x52, 0x52, 0x52, 0x52, 0x5c, 0xff, 0xff, 0x26,  //....++++++++@@. 
  0x00, 0x00, 0x00, 0x58, 0xb2, 0xb2, 0xb2, 0xb2, 0xb2, 0xb2, 0xb2, 0xb6, 0xff, 0xff, 0x26,  //...+%%%%%%%%@@. 
  0x00, 0x00, 0x00, 0x7e, 0xff, 0xff, 0xff, 0xff, 0xff, 0xff, 0xff, 0xff, 0xff, 0xff, 0x26,  //...+@@@@@@@@@@. 
  0x00, 0x00, 0x00, 0x7e, 0xff, 0xb8, 0x1e, 0x1e, 0x1e, 0x1e, 0x1e, 0x1e, 0x1e, 0x1e, 0x04,  //...+@%......... 
  0x00, 0x00, 0x00, 0x7e, 0xff, 0xf2, 0xda, 0xda, 0xda, 0xda, 0xda, 0xda, 0xda, 0xda, 0x68,  //...+@@@@@@@@@@+ 
  0x00, 0x00, 0x00, 0x7c, 0xfa, 0xfa, 0xfa, 0xfa, 0xfa, 0xfa, 0xfa, 0xfa, 0xfa, 0xfa, 0x78,  //...+@@@@@@@@@@+ 
  0x00, 0x00, 0x00, 0x00, 0x00, 0x00, 0x00, 0x00, 0x00, 0x00, 0x00, 0x00, 0x00, 0x00, 0x00,  //............... 


  /*Unicode: U+c131 (성) , Width: 15 */
  0x00, 0x00, 0x00, 0x00, 0x00, 0x00, 0x00, 0x00, 0x00, 0x00, 0x00, 0x00, 0x00, 0x00, 0x00,  //............... 
  0x00, 0x00, 0x00, 0x00, 0x1a, 0x42, 0x3c, 0x00, 0x00, 0x00, 0x00, 0x0c, 0xae, 0xae, 0x1a,  //.....+......%%. 
  0x00, 0x00, 0x00, 0x00, 0x66, 0xff, 0xdc, 0x00, 0x00, 0x00, 0x00, 0x12, 0xff, 0xff, 0x26,  //....+@@.....@@. 
  0x00, 0x00, 0x00, 0x00, 0x74, 0xff, 0xcc, 0x00, 0x00, 0x00, 0x00, 0x12, 0xff, 0xff, 0x26,  //....+@@.....@@. 
  0x00, 0x00, 0x00, 0x00, 0x9e, 0xff, 0x9e, 0x00, 0x0c, 0x4a, 0x4a, 0x58, 0xff, 0xff, 0x26,  //....%@%..+++@@. 
  0x00, 0x00, 0x00, 0x06, 0xe8, 0xff, 0xd2, 0x04, 0x2e, 0xff, 0xff, 0xff, 0xff, 0xff, 0x26,  //....@@@..@@@@@. 
  0x00, 0x00, 0x00, 0x70, 0xff, 0xff, 0xff, 0x8e, 0x18, 0x86, 0x86, 0x90, 0xff, 0xff, 0x26,  //...+@@@%.%%%@@. 
  0x00, 0x00, 0x36, 0xf4, 0xff, 0x92, 0xf4, 0xff, 0x84, 0x00, 0x00, 0x12, 0xff, 0xff, 0x26,  //...@@%@@%...@@. 
  0x00, 0x4e, 0xf0, 0xff, 0xa8, 0x00, 0x48, 0xf8, 0xff, 0xbe, 0x2a, 0x12, 0xff, 0xff, 0x26,  //.+@@%.+@@%..@@. 
  0x74, 0xff, 0xff, 0xa8, 0x06, 0x00, 0x00, 0x40, 0xe2, 0xff, 0x70, 0x12, 0xff, 0xff, 0x26,  //+@@%...+@@+.@@. 
  0x08, 0xa2, 0x66, 0x00, 0x00, 0x00, 0x00, 0x00, 0x0a, 0x4e, 0x00, 0x12, 0xff, 0xff, 0x26,  //.%+......+..@@. 
  0x00, 0x00, 0x00, 0x00, 0x00, 0x14, 0x56, 0x7c, 0x8a, 0x82, 0x66, 0x32, 0x4e, 0x4e, 0x0a,  //......++%%+.++. 
  0x00, 0x00, 0x00, 0x04, 0x92, 0xfa, 0xff, 0xff, 0xff, 0xff, 0xff, 0xff, 0xca, 0x2a, 0x00,  //....%@@@@@@@@.. 
  0x00, 0x00, 0x00, 0x8e, 0xff, 0xf4, 0x8e, 0x4c, 0x3a, 0x4a, 0x6c, 0xd6, 0xff, 0xe6, 0x0c,  //...%@@%+.++@@@. 
  0x00, 0x00, 0x00, 0xe6, 0xff, 0x68, 0x00, 0x00, 0x00, 0x00, 0x00, 0x0e, 0xf8, 0xff, 0x4e,  //...@@+......@@+ 
  0x00, 0x00, 0x00, 0xd0, 0xff, 0xa4, 0x04, 0x00, 0x00, 0x00, 0x00, 0x4e, 0xff, 0xff, 0x38,  //...@@%.....+@@. 
  0x00, 0x00, 0x00, 0x46, 0xf6, 0xff, 0xee, 0xb6, 0xa6, 0xb2, 0xd4, 0xff, 0xff, 0xa4, 0x00,  //...+@@@%%%@@@%. 
  0x00, 0x00, 0x00, 0x00, 0x2a, 0xa0, 0xe8, 0xff, 0xff, 0xff, 0xf6, 0xc0, 0x5a, 0x00, 0x00,  //.....%@@@@@@+.. 
  0x00, 0x00, 0x00, 0x00, 0x00, 0x00, 0x00, 0x0e, 0x1a, 0x14, 0x00, 0x00, 0x00, 0x00, 0x00,  //............... 


  /*Unicode: U+c138 (세) , Width: 15 */
  0x00, 0x00, 0x00, 0x00, 0x00, 0x00, 0x00, 0x00, 0x00, 0x00, 0x00, 0x00, 0x00, 0x00, 0x00,  //............... 
  0x00, 0x00, 0x00, 0x00, 0x00, 0x00, 0x00, 0x00, 0x00, 0x5c, 0x6e, 0x16, 0x40, 0x9e, 0x6c,  //.........++.+%+ 
  0x00, 0x00, 0x00, 0x1e, 0x9a, 0x92, 0x00, 0x00, 0x00, 0xd6, 0xff, 0x36, 0x66, 0xff, 0xae,  //....%%...@@.+@% 
  0x00, 0x00, 0x00, 0x3a, 0xff, 0xec, 0x00, 0x00, 0x00, 0xd6, 0xff, 0x36, 0x66, 0xff, 0xae,  //....@@...@@.+@% 
  0x00, 0x00, 0x00, 0x40, 0xff, 0xe4, 0x00, 0x00, 0x00, 0xd6, 0xff, 0x36, 0x66, 0xff, 0xae,  //...+@@...@@.+@% 
  0x00, 0x00, 0x00, 0x46, 0xff, 0xd0, 0x00, 0x00, 0x00, 0xd6, 0xff, 0x36, 0x66, 0xff, 0xae,  //...+@@...@@.+@% 
  0x00, 0x00, 0x00, 0x62, 0xff, 0xc0, 0x00, 0x7a, 0x82, 0xea, 0xff, 0x36, 0x66, 0xff, 0xae,  //...+@@.+%@@.+@% 
  0x00, 0x00, 0x00, 0x90, 0xff, 0xf4, 0x0a, 0xee, 0xff, 0xff, 0xff, 0x36, 0x66, 0xff, 0xae,  //...%@@.@@@@.+@% 
  0x00, 0x00, 0x00, 0xd4, 0xff, 0xff, 0x5e, 0x58, 0x5e, 0xe6, 0xff, 0x36, 0x66, 0xff, 0xae,  //...@@@+++@@.+@% 
  0x00, 0x00, 0x34, 0xff, 0xff, 0xff, 0xd6, 0x02, 0x00, 0xd6, 0xff, 0x36, 0x66, 0xff, 0xae,  //...@@@@..@@.+@% 
  0x00, 0x00, 0xae, 0xff, 0xa2, 0xd2, 0xff, 0x76, 0x00, 0xd6, 0xff, 0x36, 0x66, 0xff, 0xae,  //..%@%@@+.@@.+@% 
  0x00, 0x4a, 0xff, 0xfa, 0x28, 0x4c, 0xff, 0xf8, 0x38, 0xd6, 0xff, 0x36, 0x66, 0xff, 0xae,  //.+@@.+@@.@@.+@% 
  0x28, 0xec, 0xff, 0x84, 0x00, 0x00, 0xb0, 0xff, 0xea, 0xea, 0xff, 0x36, 0x66, 0xff, 0xae,  //.@@%..%@@@@.+@% 
  0xac, 0xff, 0xbe, 0x02, 0x00, 0x00, 0x0c, 0xd2, 0x98, 0xde, 0xff, 0x36, 0x66, 0xff, 0xae,  //%@%....@%@@.+@% 
  0x04, 0x74, 0x0c, 0x00, 0x00, 0x00, 0x00, 0x08, 0x00, 0xd6, 0xff, 0x36, 0x66, 0xff, 0xae,  //.+.......@@.+@% 
  0x00, 0x00, 0x00, 0x00, 0x00, 0x00, 0x00, 0x00, 0x00, 0xd6, 0xff, 0x36, 0x66, 0xff, 0xae,  //.........@@.+@% 
  0x00, 0x00, 0x00, 0x00, 0x00, 0x00, 0x00, 0x00, 0x00, 0xd6, 0xff, 0x36, 0x66, 0xff, 0xae,  //.........@@.+@% 
  0x00, 0x00, 0x00, 0x00, 0x00, 0x00, 0x00, 0x00, 0x00, 0x8c, 0xa6, 0x22, 0x66, 0xff, 0xae,  //.........%%.+@% 
  0x00, 0x00, 0x00, 0x00, 0x00, 0x00, 0x00, 0x00, 0x00, 0x00, 0x00, 0x00, 0x04, 0x0e, 0x0a,  //............... 


  /*Unicode: U+c139 (섹) , Width: 15 */
  0x00, 0x00, 0x00, 0x00, 0x00, 0x00, 0x00, 0x00, 0x00, 0x00, 0x00, 0x00, 0x00, 0x00, 0x00,  //............... 
  0x00, 0x00, 0x00, 0x12, 0x2e, 0x22, 0x00, 0x00, 0x00, 0x5a, 0x72, 0x20, 0x60, 0xa2, 0x58,  //.........++.+%+ 
  0x00, 0x00, 0x00, 0x66, 0xff, 0xbe, 0x00, 0x00, 0x00, 0xca, 0xff, 0x4a, 0x96, 0xff, 0x8a,  //...+@%...@@+%@% 
  0x00, 0x00, 0x00, 0x64, 0xff, 0xb6, 0x00, 0x00, 0x00, 0xca, 0xff, 0x4a, 0x96, 0xff, 0x8a,  //...+@%...@@+%@% 
  0x00, 0x00, 0x00, 0x6e, 0xff, 0x9a, 0x00, 0x2e, 0x2e, 0xd4, 0xff, 0x4a, 0x96, 0xff, 0x8a,  //...+@%...@@+%@% 
  0x00, 0x00, 0x00, 0x9e, 0xff, 0xc6, 0x0a, 0xff, 0xff, 0xff, 0xff, 0x4a, 0x96, 0xff, 0x8a,  //...%@@.@@@@+%@% 
  0x00, 0x00, 0x0c, 0xec, 0xff, 0xff, 0x56, 0x8e, 0x8e, 0xe8, 0xff, 0x4a, 0x96, 0xff, 0x8a,  //...@@@+%%@@+%@% 
  0x00, 0x00, 0x94, 0xff, 0xe0, 0xff, 0xe8, 0x20, 0x00, 0xca, 0xff, 0x4a, 0x96, 0xff, 0x8a,  //..%@@@@..@@+%@% 
  0x00, 0x7c, 0xff, 0xf2, 0x26, 0x9e, 0xff, 0xde, 0x2a, 0xca, 0xff, 0x4a, 0x96, 0xff, 0x8a,  //.+@@.%@@.@@+%@% 
  0xa4, 0xff, 0xf8, 0x4c, 0x00, 0x0a, 0xbe, 0xff, 0xb6, 0xca, 0xff, 0x4a, 0x96, 0xff, 0x8a,  //%@@+..%@%@@+%@% 
  0x2c, 0xce, 0x42, 0x00, 0x00, 0x00, 0x06, 0x72, 0x06, 0xc0, 0xf2, 0x46, 0x8e, 0xf2, 0x84,  //.@+....+.@@+%@% 
  0x00, 0x00, 0x00, 0x44, 0x62, 0x62, 0x62, 0x62, 0x62, 0x62, 0x62, 0x62, 0x62, 0x62, 0x34,  //...+++++++++++. 
  0x00, 0x00, 0x00, 0xb2, 0xff, 0xff, 0xff, 0xff, 0xff, 0xff, 0xff, 0xff, 0xff, 0xff, 0x8a,  //...%@@@@@@@@@@% 
  0x00, 0x00, 0x00, 0x52, 0x76, 0x76, 0x76, 0x76, 0x76, 0x76, 0x76, 0x76, 0xd2, 0xff, 0x8a,  //...+++++++++@@% 
  0x00, 0x00, 0x00, 0x00, 0x00, 0x00, 0x00, 0x00, 0x00, 0x00, 0x00, 0x00, 0xaa, 0xff, 0x8a,  //............%@% 
  0x00, 0x00, 0x00, 0x00, 0x00, 0x00, 0x00, 0x00, 0x00, 0x00, 0x00, 0x00, 0xaa, 0xff, 0x8a,  //............%@% 
  0x00, 0x00, 0x00, 0x00, 0x00, 0x00, 0x00, 0x00, 0x00, 0x00, 0x00, 0x00, 0xaa, 0xff, 0x8a,  //............%@% 
  0x00, 0x00, 0x00, 0x00, 0x00, 0x00, 0x00, 0x00, 0x00, 0x00, 0x00, 0x00, 0xaa, 0xff, 0x8a,  //............%@% 
  0x00, 0x00, 0x00, 0x00, 0x00, 0x00, 0x00, 0x00, 0x00, 0x00, 0x00, 0x00, 0x0c, 0x12, 0x08,  //............... 


  /*Unicode: U+c14b (셋) , Width: 16 */
  0x00, 0x00, 0x00, 0x00, 0x00, 0x00, 0x00, 0x00, 0x00, 0x00, 0x00, 0x00, 0x00, 0x00, 0x00, 0x00,  //................ 
  0x00, 0x00, 0x00, 0x10, 0x2a, 0x20, 0x00, 0x00, 0x00, 0x5a, 0x72, 0x20, 0x5e, 0x9e, 0x56, 0x00,  //.........++.+%+. 
  0x00, 0x00, 0x00, 0x66, 0xff, 0xbe, 0x00, 0x00, 0x00, 0xca, 0xff, 0x4a, 0x96, 0xff, 0x8a, 0x00,  //...+@%...@@+%@%. 
  0x00, 0x00, 0x00, 0x64, 0xff, 0xb6, 0x00, 0x00, 0x00, 0xca, 0xff, 0x4a, 0x96, 0xff, 0x8a, 0x00,  //...+@%...@@+%@%. 
  0x00, 0x00, 0x00, 0x70, 0xff, 0x98, 0x04, 0x6a, 0x6a, 0xe0, 0xff, 0x4a, 0x96, 0xff, 0x8a, 0x00,  //...+@%.++@@+%@%. 
  0x00, 0x00, 0x00, 0xa6, 0xff, 0xd2, 0x0c, 0xff, 0xff, 0xff, 0xff, 0x4a, 0x96, 0xff, 0x8a, 0x00,  //...%@@.@@@@+%@%. 
  0x00, 0x00, 0x18, 0xf4, 0xff, 0xff, 0x6e, 0x4e, 0x4e, 0xda, 0xff, 0x4a, 0x96, 0xff, 0x8a, 0x00,  //...@@@+++@@+%@%. 
  0x00, 0x00, 0xb4, 0xff, 0xc4, 0xfa, 0xf6, 0x40, 0x00, 0xca, 0xff, 0x4a, 0x96, 0xff, 0x8a, 0x00,  //..%@@@@+.@@+%@%. 
  0x0c, 0xae, 0xff, 0xe2, 0x14, 0x76, 0xff, 0xf4, 0x5a, 0xca, 0xff, 0x4a, 0x96, 0xff, 0x8a, 0x00,  //.%@@.+@@+@@+%@%. 
  0xb2, 0xff, 0xe6, 0x2a, 0x00, 0x00, 0x84, 0xff, 0x88, 0xca, 0xff, 0x4a, 0x96, 0xff, 0x8a, 0x00,  //%@@...%@%@@+%@%. 
  0x0e, 0x8e, 0x1a, 0x00, 0x00, 0x00, 0x00, 0x2c, 0x00, 0xa4, 0xce, 0x3c, 0x96, 0xff, 0x8a, 0x00,  //.%.......%@.%@%. 
  0x00, 0x00, 0x00, 0x00, 0x00, 0x00, 0x00, 0x18, 0xa2, 0xa2, 0x1c, 0x00, 0x96, 0xff, 0x8a, 0x00,  //........%%..%@%. 
  0x00, 0x00, 0x00, 0x00, 0x00, 0x00, 0x00, 0x50, 0xff, 0xfa, 0x0e, 0x00, 0x5a, 0x9a, 0x54, 0x00,  //.......+@@..+%+. 
  0x00, 0x00, 0x00, 0x00, 0x00, 0x00, 0x00, 0xc2, 0xff, 0xfa, 0x48, 0x00, 0x00, 0x00, 0x00, 0x00,  //.......@@@+..... 
  0x00, 0x00, 0x00, 0x00, 0x00, 0x08, 0xa0, 0xff, 0xf4, 0xff, 0xf2, 0x52, 0x00, 0x00, 0x00, 0x00,  //......%@@@@+.... 
  0x00, 0x00, 0x00, 0x0e, 0x66, 0xdc, 0xff, 0xf0, 0x36, 0x6e, 0xff, 0xff, 0xae, 0x3e, 0x00, 0x00,  //....+@@@.+@@%... 
  0x00, 0x00, 0xa8, 0xf8, 0xff, 0xff, 0xbe, 0x20, 0x00, 0x00, 0x4e, 0xe8, 0xff, 0xff, 0xec, 0x56,  //..%@@@%...+@@@@+ 
  0x00, 0x00, 0x3e, 0xec, 0xaa, 0x42, 0x00, 0x00, 0x00, 0x00, 0x00, 0x0a, 0x6a, 0xc4, 0xd6, 0x08,  //...@%+......+@@. 
  0x00, 0x00, 0x00, 0x00, 0x00, 0x00, 0x00, 0x00, 0x00, 0x00, 0x00, 0x00, 0x00, 0x00, 0x00, 0x00,  //................ 


  /*Unicode: U+c158 (션) , Width: 15 */
  0x00, 0x00, 0x00, 0x00, 0x00, 0x00, 0x00, 0x00, 0x00, 0x00, 0x00, 0x00, 0x00, 0x00, 0x00,  //............... 
  0x00, 0x00, 0x00, 0x00, 0x04, 0x0a, 0x08, 0x00, 0x00, 0x00, 0x00, 0x08, 0x72, 0x72, 0x10,  //............++. 
  0x00, 0x00, 0x00, 0x00, 0x6a, 0xff, 0xde, 0x00, 0x00, 0x00, 0x00, 0x12, 0xff, 0xff, 0x26,  //....+@@.....@@. 
  0x00, 0x00, 0x00, 0x00, 0x6e, 0xff, 0xd0, 0x00, 0x00, 0x2c, 0x32, 0x42, 0xff, 0xff, 0x26,  //....+@@....+@@. 
  0x00, 0x00, 0x00, 0x00, 0x8a, 0xff, 0xb0, 0x00, 0x00, 0xe2, 0xff, 0xff, 0xff, 0xff, 0x26,  //....%@%..@@@@@. 
  0x00, 0x00, 0x00, 0x00, 0xc0, 0xff, 0x84, 0x00, 0x00, 0x86, 0x96, 0x9a, 0xff, 0xff, 0x26,  //....@@%..%%%@@. 
  0x00, 0x00, 0x00, 0x1a, 0xfa, 0xff, 0xd4, 0x04, 0x00, 0x2c, 0x32, 0x3c, 0xff, 0xff, 0x26,  //....@@@.....@@. 
  0x00, 0x00, 0x00, 0x94, 0xff, 0xff, 0xff, 0x88, 0x00, 0xe2, 0xff, 0xff, 0xff, 0xff, 0x26,  //...%@@@%.@@@@@. 
  0x00, 0x00, 0x4a, 0xfc, 0xff, 0x8c, 0xfc, 0xff, 0x70, 0x8c, 0x9e, 0xa6, 0xff, 0xff, 0x26,  //..+@@%@@+%%%@@. 
  0x00, 0x4a, 0xf4, 0xff, 0x9e, 0x00, 0x74, 0xff, 0xff, 0x96, 0x0a, 0x12, 0xff, 0xff, 0x26,  //.+@@%.+@@%..@@. 
  0x78, 0xfc, 0xff, 0xb6, 0x06, 0x00, 0x00, 0x70, 0xfc, 0xff, 0x92, 0x12, 0xff, 0xff, 0x26,  //+@@%...+@@%.@@. 
  0x2e, 0xe4, 0x8e, 0x02, 0x00, 0x00, 0x00, 0x00, 0x3a, 0xa4, 0x08, 0x12, 0xff, 0xff, 0x26,  //.@%......%..@@. 
  0x00, 0x06, 0x00, 0x0e, 0x3a, 0x38, 0x00, 0x00, 0x00, 0x00, 0x00, 0x12, 0xff, 0xff, 0x26,  //............@@. 
  0x00, 0x00, 0x00, 0x46, 0xff, 0xf6, 0x00, 0x00, 0x00, 0x00, 0x00, 0x0e, 0xc2, 0xc2, 0x1c,  //...+@@......@@. 
  0x00, 0x00, 0x00, 0x46, 0xff, 0xf6, 0x00, 0x00, 0x00, 0x00, 0x00, 0x00, 0x00, 0x00, 0x00,  //...+@@......... 
  0x00, 0x00, 0x00, 0x46, 0xff, 0xf6, 0x00, 0x00, 0x00, 0x00, 0x00, 0x00, 0x00, 0x00, 0x00,  //...+@@......... 
  0x00, 0x00, 0x00, 0x46, 0xff, 0xff, 0xfa, 0xfa, 0xfa, 0xfa, 0xfa, 0xfa, 0xfa, 0xfa, 0x78,  //...+@@@@@@@@@@+ 
  0x00, 0x00, 0x00, 0x40, 0xe6, 0xe6, 0xe6, 0xe6, 0xe6, 0xe6, 0xe6, 0xe6, 0xe6, 0xe6, 0x6e,  //...+@@@@@@@@@@+ 
  0x00, 0x00, 0x00, 0x00, 0x00, 0x00, 0x00, 0x00, 0x00, 0x00, 0x00, 0x00, 0x00, 0x00, 0x00,  //............... 


  /*Unicode: U+c18c (소) , Width: 16 */
  0x00, 0x00, 0x00, 0x00, 0x00, 0x00, 0x00, 0x00, 0x00, 0x00, 0x00, 0x00, 0x00, 0x00, 0x00, 0x00,  //................ 
  0x00, 0x00, 0x00, 0x00, 0x00, 0x00, 0x00, 0x00, 0x00, 0x00, 0x00, 0x00, 0x00, 0x00, 0x00, 0x00,  //................ 
  0x00, 0x00, 0x00, 0x00, 0x00, 0x00, 0x00, 0x0e, 0x0e, 0x02, 0x00, 0x00, 0x00, 0x00, 0x00, 0x00,  //................ 
  0x00, 0x00, 0x00, 0x00, 0x00, 0x00, 0x0e, 0xff, 0xff, 0x2e, 0x00, 0x00, 0x00, 0x00, 0x00, 0x00,  //.......@@....... 
  0x00, 0x00, 0x00, 0x00, 0x00, 0x00, 0x22, 0xff, 0xff, 0x1e, 0x00, 0x00, 0x00, 0x00, 0x00, 0x00,  //.......@@....... 
  0x00, 0x00, 0x00, 0x00, 0x00, 0x00, 0x5c, 0xff, 0xff, 0x18, 0x00, 0x00, 0x00, 0x00, 0x00, 0x00,  //......+@@....... 
  0x00, 0x00, 0x00, 0x00, 0x00, 0x00, 0xc4, 0xff, 0xff, 0xb2, 0x00, 0x00, 0x00, 0x00, 0x00, 0x00,  //......@@@%...... 
  0x00, 0x00, 0x00, 0x00, 0x00, 0x6a, 0xff, 0xf6, 0xe2, 0xff, 0x82, 0x00, 0x00, 0x00, 0x00, 0x00,  //.....+@@@@%..... 
  0x00, 0x00, 0x00, 0x00, 0x6e, 0xfc, 0xff, 0x6a, 0x32, 0xf6, 0xff, 0x8a, 0x04, 0x00, 0x00, 0x00,  //....+@@+.@@%.... 
  0x00, 0x00, 0x3a, 0xbe, 0xff, 0xff, 0x82, 0x00, 0x00, 0x4a, 0xf6, 0xff, 0xd0, 0x46, 0x00, 0x00,  //...%@@%..+@@@+.. 
  0x00, 0x96, 0xff, 0xff, 0xea, 0x5a, 0x00, 0x00, 0x00, 0x00, 0x3a, 0xdc, 0xff, 0xff, 0xb8, 0x00,  //.%@@@+.....@@@%. 
  0x00, 0x16, 0xce, 0x86, 0x14, 0x00, 0x1c, 0xba, 0xba, 0x18, 0x00, 0x0a, 0x7c, 0xe2, 0x36, 0x00,  //..@%...%%...+@.. 
  0x00, 0x00, 0x00, 0x00, 0x00, 0x00, 0x26, 0xff, 0xff, 0x22, 0x00, 0x00, 0x00, 0x00, 0x00, 0x00,  //.......@@....... 
  0x00, 0x00, 0x00, 0x00, 0x00, 0x00, 0x26, 0xff, 0xff, 0x22, 0x00, 0x00, 0x00, 0x00, 0x00, 0x00,  //.......@@....... 
  0x3a, 0x52, 0x52, 0x52, 0x52, 0x52, 0x6c, 0xff, 0xff, 0x6a, 0x52, 0x52, 0x52, 0x52, 0x52, 0x3a,  //.++++++@@++++++. 
  0xb6, 0xff, 0xff, 0xff, 0xff, 0xff, 0xff, 0xff, 0xff, 0xff, 0xff, 0xff, 0xff, 0xff, 0xff, 0xb6,  //%@@@@@@@@@@@@@@% 
  0x5c, 0x82, 0x82, 0x82, 0x82, 0x82, 0x82, 0x82, 0x82, 0x82, 0x82, 0x82, 0x82, 0x82, 0x82, 0x5c,  //+%%%%%%%%%%%%%%+ 
  0x00, 0x00, 0x00, 0x00, 0x00, 0x00, 0x00, 0x00, 0x00, 0x00, 0x00, 0x00, 0x00, 0x00, 0x00, 0x00,  //................ 
  0x00, 0x00, 0x00, 0x00, 0x00, 0x00, 0x00, 0x00, 0x00, 0x00, 0x00, 0x00, 0x00, 0x00, 0x00, 0x00,  //................ 


  /*Unicode: U+c18d (속) , Width: 16 */
  0x00, 0x00, 0x00, 0x00, 0x00, 0x00, 0x00, 0x00, 0x00, 0x00, 0x00, 0x00, 0x00, 0x00, 0x00, 0x00,  //................ 
  0x00, 0x00, 0x00, 0x00, 0x00, 0x00, 0x00, 0xa0, 0xa2, 0x32, 0x00, 0x00, 0x00, 0x00, 0x00, 0x00,  //.......%%....... 
  0x00, 0x00, 0x00, 0x00, 0x00, 0x00, 0x20, 0xff, 0xff, 0x38, 0x00, 0x00, 0x00, 0x00, 0x00, 0x00,  //.......@@....... 
  0x00, 0x00, 0x00, 0x00, 0x00, 0x00, 0x8e, 0xff, 0xfc, 0x18, 0x00, 0x00, 0x00, 0x00, 0x00, 0x00,  //......%@@....... 
  0x00, 0x00, 0x00, 0x00, 0x00, 0x58, 0xfc, 0xff, 0xff, 0xd2, 0x1e, 0x00, 0x00, 0x00, 0x00, 0x00,  //.....+@@@@...... 
  0x00, 0x00, 0x00, 0x0e, 0x8e, 0xfc, 0xff, 0x9e, 0xda, 0xff, 0xf2, 0x78, 0x12, 0x00, 0x00, 0x00,  //....%@@%@@@+.... 
  0x00, 0x54, 0xa8, 0xf2, 0xff, 0xfa, 0x7c, 0x00, 0x12, 0xac, 0xff, 0xff, 0xf6, 0xb4, 0x56, 0x00,  //.+%@@@+..%@@@%+. 
  0x00, 0x84, 0xff, 0xff, 0xb4, 0x30, 0x10, 0x9e, 0x9e, 0x14, 0x44, 0xb8, 0xfc, 0xf8, 0x30, 0x00,  //.%@@%..%%.+%@@.. 
  0x00, 0x04, 0x60, 0x20, 0x00, 0x00, 0x1a, 0xff, 0xff, 0x22, 0x00, 0x00, 0x10, 0x34, 0x00, 0x00,  //..+....@@....... 
  0x8c, 0x9e, 0x9e, 0x9e, 0x9e, 0x9e, 0xa8, 0xff, 0xff, 0xac, 0x9e, 0x9e, 0x9e, 0x9e, 0x9e, 0x8c,  //%%%%%%%@@%%%%%%% 
  0xe2, 0xff, 0xff, 0xff, 0xff, 0xff, 0xff, 0xff, 0xff, 0xff, 0xff, 0xff, 0xff, 0xff, 0xff, 0xe2,  //@@@@@@@@@@@@@@@@ 
  0x38, 0x3e, 0x3e, 0x3e, 0x3e, 0x3e, 0x3e, 0x3e, 0x3e, 0x3e, 0x3e, 0x3e, 0x3e, 0x3e, 0x3e, 0x38,  //................ 
  0x00, 0x00, 0x58, 0x7a, 0x7a, 0x7a, 0x7a, 0x7a, 0x7a, 0x7a, 0x7a, 0x7a, 0x7a, 0x34, 0x00, 0x00,  //..+++++++++++... 
  0x00, 0x00, 0xb6, 0xff, 0xff, 0xff, 0xff, 0xff, 0xff, 0xff, 0xff, 0xff, 0xff, 0x6e, 0x00, 0x00,  //..%@@@@@@@@@@+.. 
  0x00, 0x00, 0x46, 0x62, 0x62, 0x62, 0x62, 0x62, 0x62, 0x62, 0x62, 0xdc, 0xff, 0x6e, 0x00, 0x00,  //..+++++++++@@+.. 
  0x00, 0x00, 0x00, 0x00, 0x00, 0x00, 0x00, 0x00, 0x00, 0x00, 0x00, 0xc6, 0xff, 0x6e, 0x00, 0x00,  //...........@@+.. 
  0x00, 0x00, 0x00, 0x00, 0x00, 0x00, 0x00, 0x00, 0x00, 0x00, 0x00, 0xc6, 0xff, 0x6e, 0x00, 0x00,  //...........@@+.. 
  0x00, 0x00, 0x00, 0x00, 0x00, 0x00, 0x00, 0x00, 0x00, 0x00, 0x00, 0xc6, 0xff, 0x6e, 0x00, 0x00,  //...........@@+.. 
  0x00, 0x00, 0x00, 0x00, 0x00, 0x00, 0x00, 0x00, 0x00, 0x00, 0x00, 0x0e, 0x12, 0x06, 0x00, 0x00,  //................ 


  /*Unicode: U+c190 (손) , Width: 16 */
  0x00, 0x00, 0x00, 0x00, 0x00, 0x00, 0x00, 0x00, 0x00, 0x00, 0x00, 0x00, 0x00, 0x00, 0x00, 0x00,  //................ 
  0x00, 0x00, 0x00, 0x00, 0x00, 0x00, 0x00, 0x78, 0x7a, 0x26, 0x00, 0x00, 0x00, 0x00, 0x00, 0x00,  //.......++....... 
  0x00, 0x00, 0x00, 0x00, 0x00, 0x00, 0x14, 0xff, 0xff, 0x40, 0x00, 0x00, 0x00, 0x00, 0x00, 0x00,  //.......@@+...... 
  0x00, 0x00, 0x00, 0x00, 0x00, 0x00, 0x70, 0xff, 0xfc, 0x0e, 0x00, 0x00, 0x00, 0x00, 0x00, 0x00,  //......+@@....... 
  0x00, 0x00, 0x00, 0x00, 0x00, 0x26, 0xee, 0xff, 0xff, 0xa8, 0x02, 0x00, 0x00, 0x00, 0x00, 0x00,  //......@@@%...... 
  0x00, 0x00, 0x00, 0x00, 0x40, 0xe6, 0xff, 0xd0, 0xf4, 0xff, 0xca, 0x2e, 0x00, 0x00, 0x00, 0x00,  //....+@@@@@@..... 
  0x00, 0x02, 0x40, 0xac, 0xff, 0xff, 0xbe, 0x0c, 0x38, 0xe4, 0xff, 0xff, 0xb8, 0x5e, 0x1e, 0x00,  //..+%@@%..@@@%+.. 
  0x00, 0xb4, 0xff, 0xff, 0xf2, 0x78, 0x08, 0x4e, 0x4e, 0x1c, 0x94, 0xf6, 0xff, 0xff, 0x68, 0x00,  //.%@@@+.++.%@@@+. 
  0x00, 0x20, 0xbc, 0x76, 0x12, 0x00, 0x16, 0xff, 0xff, 0x26, 0x00, 0x16, 0x66, 0x86, 0x00, 0x00,  //..%+...@@...+%.. 
  0x16, 0x1a, 0x1a, 0x1a, 0x1a, 0x1a, 0x30, 0xff, 0xff, 0x3e, 0x1a, 0x1a, 0x1a, 0x1a, 0x1a, 0x16,  //.......@@....... 
  0xe2, 0xff, 0xff, 0xff, 0xff, 0xff, 0xff, 0xff, 0xff, 0xff, 0xff, 0xff, 0xff, 0xff, 0xff, 0xe2,  //@@@@@@@@@@@@@@@@ 
  0xaa, 0xbe, 0xbe, 0xbe, 0xbe, 0xbe, 0xbe, 0xbe, 0xbe, 0xbe, 0xbe, 0xbe, 0xbe, 0xbe, 0xbe, 0xaa,  //%%%%%%%%%%%%%%%% 
  0x00, 0x00, 0x00, 0x00, 0x00, 0x00, 0x00, 0x00, 0x00, 0x00, 0x00, 0x00, 0x00, 0x00, 0x00, 0x00,  //................ 
  0x00, 0x00, 0x6e, 0xff, 0xbe, 0x00, 0x00, 0x00, 0x00, 0x00, 0x00, 0x00, 0x00, 0x00, 0x00, 0x00,  //..+@%........... 
  0x00, 0x00, 0x6e, 0xff, 0xbe, 0x00, 0x00, 0x00, 0x00, 0x00, 0x00, 0x00, 0x00, 0x00, 0x00, 0x00,  //..+@%........... 
  0x00, 0x00, 0x6e, 0xff, 0xbe, 0x00, 0x00, 0x00, 0x00, 0x00, 0x00, 0x00, 0x00, 0x00, 0x00, 0x00,  //..+@%........... 
  0x00, 0x00, 0x6e, 0xff, 0xfa, 0xee, 0xee, 0xee, 0xee, 0xee, 0xee, 0xee, 0xee, 0xae, 0x00, 0x00,  //..+@@@@@@@@@@%.. 
  0x00, 0x00, 0x68, 0xee, 0xee, 0xee, 0xee, 0xee, 0xee, 0xee, 0xee, 0xee, 0xee, 0xae, 0x00, 0x00,  //..+@@@@@@@@@@%.. 
  0x00, 0x00, 0x00, 0x00, 0x00, 0x00, 0x00, 0x00, 0x00, 0x00, 0x00, 0x00, 0x00, 0x00, 0x00, 0x00,  //................ 


  /*Unicode: U+c1a1 (송) , Width: 16 */
  0x00, 0x00, 0x00, 0x00, 0x00, 0x00, 0x00, 0x00, 0x00, 0x00, 0x00, 0x00, 0x00, 0x00, 0x00, 0x00,  //................ 
  0x00, 0x00, 0x00, 0x00, 0x00, 0x00, 0x00, 0xac, 0xae, 0x36, 0x00, 0x00, 0x00, 0x00, 0x00, 0x00,  //.......%%....... 
  0x00, 0x00, 0x00, 0x00, 0x00, 0x00, 0x28, 0xff, 0xff, 0x32, 0x00, 0x00, 0x00, 0x00, 0x00, 0x00,  //.......@@....... 
  0x00, 0x00, 0x00, 0x00, 0x00, 0x00, 0xaa, 0xff, 0xfc, 0x2c, 0x00, 0x00, 0x00, 0x00, 0x00, 0x00,  //......%@@....... 
  0x00, 0x00, 0x00, 0x00, 0x04, 0x94, 0xff, 0xff, 0xff, 0xec, 0x52, 0x00, 0x00, 0x00, 0x00, 0x00,  //.....%@@@@+..... 
  0x00, 0x00, 0x10, 0x5e, 0xd6, 0xff, 0xf6, 0x58, 0xa0, 0xff, 0xff, 0xc6, 0x64, 0x16, 0x00, 0x00,  //...+@@@+%@@@+... 
  0x00, 0xa0, 0xfa, 0xff, 0xff, 0xcc, 0x32, 0x0a, 0x0a, 0x58, 0xe2, 0xff, 0xff, 0xff, 0x7c, 0x00,  //.%@@@@...+@@@@+. 
  0x00, 0x3e, 0xf0, 0xb0, 0x4c, 0x00, 0x16, 0xff, 0xff, 0x26, 0x04, 0x56, 0xa6, 0xc6, 0x0a, 0x00,  //..@%+..@@..+%@.. 
  0x00, 0x00, 0x00, 0x00, 0x00, 0x00, 0x16, 0xff, 0xff, 0x26, 0x00, 0x00, 0x00, 0x00, 0x00, 0x00,  //.......@@....... 
  0xde, 0xfa, 0xfa, 0xfa, 0xfa, 0xfa, 0xfa, 0xff, 0xff, 0xfa, 0xfa, 0xfa, 0xfa, 0xfa, 0xfa, 0xde,  //@@@@@@@@@@@@@@@@ 
  0xca, 0xe2, 0xe2, 0xe2, 0xe2, 0xe2, 0xe2, 0xe2, 0xe2, 0xe2, 0xe2, 0xe2, 0xe2, 0xe2, 0xe2, 0xca,  //@@@@@@@@@@@@@@@@ 
  0x00, 0x00, 0x00, 0x00, 0x00, 0x0a, 0x30, 0x40, 0x40, 0x30, 0x0a, 0x00, 0x00, 0x00, 0x00, 0x00,  //.......++....... 
  0x00, 0x00, 0x00, 0x38, 0xbc, 0xfa, 0xff, 0xff, 0xff, 0xff, 0xfa, 0xbc, 0x38, 0x00, 0x00, 0x00,  //....%@@@@@@%.... 
  0x00, 0x00, 0x3c, 0xfa, 0xff, 0xe0, 0x9a, 0x7e, 0x7e, 0x9a, 0xdc, 0xff, 0xfa, 0x3c, 0x00, 0x00,  //...@@@%++%@@@... 
  0x00, 0x00, 0xa6, 0xff, 0xc6, 0x04, 0x00, 0x00, 0x00, 0x00, 0x04, 0xc6, 0xff, 0xa6, 0x00, 0x00,  //..%@@......@@%.. 
  0x00, 0x00, 0x9c, 0xff, 0xd8, 0x14, 0x00, 0x00, 0x00, 0x00, 0x14, 0xd8, 0xff, 0x9a, 0x00, 0x00,  //..%@@......@@%.. 
  0x00, 0x00, 0x26, 0xec, 0xff, 0xf8, 0xc2, 0xa6, 0xa6, 0xc0, 0xf6, 0xff, 0xec, 0x24, 0x00, 0x00,  //...@@@@%%@@@@... 
  0x00, 0x00, 0x00, 0x1c, 0x90, 0xdc, 0xfc, 0xff, 0xff, 0xfc, 0xdc, 0x8e, 0x1a, 0x00, 0x00, 0x00,  //....%@@@@@@%.... 
  0x00, 0x00, 0x00, 0x00, 0x00, 0x00, 0x08, 0x18, 0x18, 0x08, 0x00, 0x00, 0x00, 0x00, 0x00, 0x00,  //................ 


  /*Unicode: U+c218 (수) , Width: 16 */
  0x00, 0x00, 0x00, 0x00, 0x00, 0x00, 0x00, 0x00, 0x00, 0x00, 0x00, 0x00, 0x00, 0x00, 0x00, 0x00,  //................ 
  0x00, 0x00, 0x00, 0x00, 0x00, 0x00, 0x00, 0x60, 0x6e, 0x32, 0x00, 0x00, 0x00, 0x00, 0x00, 0x00,  //.......++....... 
  0x00, 0x00, 0x00, 0x00, 0x00, 0x00, 0x02, 0xf2, 0xff, 0x6a, 0x00, 0x00, 0x00, 0x00, 0x00, 0x00,  //.......@@+...... 
  0x00, 0x00, 0x00, 0x00, 0x00, 0x00, 0x4a, 0xff, 0xff, 0x2c, 0x00, 0x00, 0x00, 0x00, 0x00, 0x00,  //......+@@....... 
  0x00, 0x00, 0x00, 0x00, 0x00, 0x12, 0xda, 0xff, 0xff, 0x8c, 0x00, 0x00, 0x00, 0x00, 0x00, 0x00,  //......@@@%...... 
  0x00, 0x00, 0x00, 0x00, 0x28, 0xd2, 0xff, 0xf0, 0xfc, 0xff, 0xaa, 0x18, 0x00, 0x00, 0x00, 0x00,  //.....@@@@@%..... 
  0x00, 0x00, 0x24, 0x92, 0xf8, 0xff, 0xe4, 0x2c, 0x4e, 0xf2, 0xff, 0xf4, 0x9a, 0x3c, 0x02, 0x00,  //...%@@@.+@@@%... 
  0x00, 0xa2, 0xff, 0xff, 0xfc, 0xa4, 0x12, 0x00, 0x00, 0x1c, 0xaa, 0xfc, 0xff, 0xff, 0xbc, 0x00,  //.%@@@%....%@@@%. 
  0x00, 0x30, 0xe8, 0x9c, 0x2c, 0x00, 0x00, 0x00, 0x00, 0x00, 0x00, 0x24, 0x86, 0xce, 0x2c, 0x00,  //..@%........%@.. 
  0x00, 0x00, 0x00, 0x00, 0x00, 0x00, 0x00, 0x00, 0x00, 0x00, 0x00, 0x00, 0x00, 0x00, 0x00, 0x00,  //................ 
  0x9e, 0xd2, 0xd2, 0xd2, 0xd2, 0xd2, 0xd2, 0xd2, 0xd2, 0xd2, 0xd2, 0xd2, 0xd2, 0xd2, 0xd2, 0x94,  //%@@@@@@@@@@@@@@% 
  0xbe, 0xff, 0xff, 0xff, 0xff, 0xff, 0xff, 0xff, 0xff, 0xff, 0xff, 0xff, 0xff, 0xff, 0xff, 0xb2,  //%@@@@@@@@@@@@@@% 
  0x04, 0x06, 0x06, 0x06, 0x06, 0x06, 0x06, 0xff, 0xff, 0x4c, 0x06, 0x06, 0x06, 0x06, 0x06, 0x04,  //.......@@+...... 
  0x00, 0x00, 0x00, 0x00, 0x00, 0x00, 0x00, 0xff, 0xff, 0x46, 0x00, 0x00, 0x00, 0x00, 0x00, 0x00,  //.......@@+...... 
  0x00, 0x00, 0x00, 0x00, 0x00, 0x00, 0x00, 0xff, 0xff, 0x46, 0x00, 0x00, 0x00, 0x00, 0x00, 0x00,  //.......@@+...... 
  0x00, 0x00, 0x00, 0x00, 0x00, 0x00, 0x00, 0xff, 0xff, 0x46, 0x00, 0x00, 0x00, 0x00, 0x00, 0x00,  //.......@@+...... 
  0x00, 0x00, 0x00, 0x00, 0x00, 0x00, 0x00, 0xff, 0xff, 0x46, 0x00, 0x00, 0x00, 0x00, 0x00, 0x00,  //.......@@+...... 
  0x00, 0x00, 0x00, 0x00, 0x00, 0x00, 0x00, 0xe2, 0xe2, 0x3e, 0x00, 0x00, 0x00, 0x00, 0x00, 0x00,  //.......@@....... 
  0x00, 0x00, 0x00, 0x00, 0x00, 0x00, 0x00, 0x00, 0x00, 0x00, 0x00, 0x00, 0x00, 0x00, 0x00, 0x00,  //................ 


  /*Unicode: U+c2a4 (스) , Width: 16 */
  0x00, 0x00, 0x00, 0x00, 0x00, 0x00, 0x00, 0x00, 0x00, 0x00, 0x00, 0x00, 0x00, 0x00, 0x00, 0x00,  //................ 
  0x00, 0x00, 0x00, 0x00, 0x00, 0x00, 0x00, 0x00, 0x00, 0x00, 0x00, 0x00, 0x00, 0x00, 0x00, 0x00,  //................ 
  0x00, 0x00, 0x00, 0x00, 0x00, 0x00, 0x00, 0x0e, 0x0e, 0x02, 0x00, 0x00, 0x00, 0x00, 0x00, 0x00,  //................ 
  0x00, 0x00, 0x00, 0x00, 0x00, 0x00, 0x04, 0xff, 0xff, 0x38, 0x00, 0x00, 0x00, 0x00, 0x00, 0x00,  //.......@@....... 
  0x00, 0x00, 0x00, 0x00, 0x00, 0x00, 0x16, 0xff, 0xff, 0x2a, 0x00, 0x00, 0x00, 0x00, 0x00, 0x00,  //.......@@....... 
  0x00, 0x00, 0x00, 0x00, 0x00, 0x00, 0x4e, 0xff, 0xff, 0x18, 0x00, 0x00, 0x00, 0x00, 0x00, 0x00,  //......+@@....... 
  0x00, 0x00, 0x00, 0x00, 0x00, 0x00, 0xac, 0xff, 0xff, 0xa6, 0x00, 0x00, 0x00, 0x00, 0x00, 0x00,  //......%@@%...... 
  0x00, 0x00, 0x00, 0x00, 0x00, 0x46, 0xff, 0xfc, 0xf4, 0xff, 0x6c, 0x00, 0x00, 0x00, 0x00, 0x00,  //.....+@@@@+..... 
  0x00, 0x00, 0x00, 0x00, 0x3e, 0xf0, 0xff, 0x8a, 0x58, 0xff, 0xff, 0x72, 0x00, 0x00, 0x00, 0x00,  //.....@@%+@@+.... 
  0x00, 0x00, 0x12, 0x8c, 0xfa, 0xff, 0xb0, 0x04, 0x00, 0x80, 0xff, 0xff, 0xba, 0x28, 0x00, 0x00,  //...%@@%..%@@%... 
  0x00, 0x7e, 0xf4, 0xff, 0xfc, 0x92, 0x02, 0x00, 0x00, 0x00, 0x6e, 0xf6, 0xff, 0xfc, 0xa2, 0x00,  //.+@@@%....+@@@%. 
  0x00, 0x30, 0xf4, 0xc4, 0x3e, 0x00, 0x00, 0x00, 0x00, 0x00, 0x00, 0x2a, 0xb0, 0xfa, 0x4a, 0x00,  //..@@........%@+. 
  0x00, 0x00, 0x16, 0x00, 0x00, 0x00, 0x00, 0x00, 0x00, 0x00, 0x00, 0x00, 0x00, 0x14, 0x00, 0x00,  //................ 
  0x00, 0x00, 0x00, 0x00, 0x00, 0x00, 0x00, 0x00, 0x00, 0x00, 0x00, 0x00, 0x00, 0x00, 0x00, 0x00,  //................ 
  0x3e, 0x52, 0x52, 0x52, 0x52, 0x52, 0x52, 0x52, 0x52, 0x52, 0x52, 0x52, 0x52, 0x52, 0x52, 0x3a,  //.++++++++++++++. 
  0xbe, 0xff, 0xff, 0xff, 0xff, 0xff, 0xff, 0xff, 0xff, 0xff, 0xff, 0xff, 0xff, 0xff, 0xff, 0xb2,  //%@@@@@@@@@@@@@@% 
  0x62, 0x82, 0x82, 0x82, 0x82, 0x82, 0x82, 0x82, 0x82, 0x82, 0x82, 0x82, 0x82, 0x82, 0x82, 0x5a,  //+%%%%%%%%%%%%%%+ 
  0x00, 0x00, 0x00, 0x00, 0x00, 0x00, 0x00, 0x00, 0x00, 0x00, 0x00, 0x00, 0x00, 0x00, 0x00, 0x00,  //................ 
  0x00, 0x00, 0x00, 0x00, 0x00, 0x00, 0x00, 0x00, 0x00, 0x00, 0x00, 0x00, 0x00, 0x00, 0x00, 0x00,  //................ 


  /*Unicode: U+c2ac (슬) , Width: 16 */
  0x00, 0x00, 0x00, 0x00, 0x00, 0x00, 0x00, 0x00, 0x00, 0x00, 0x00, 0x00, 0x00, 0x00, 0x00, 0x00,  //................ 
  0x00, 0x00, 0x00, 0x00, 0x00, 0x00, 0x00, 0x94, 0x9e, 0x38, 0x00, 0x00, 0x00, 0x00, 0x00, 0x00,  //.......%%....... 
  0x00, 0x00, 0x00, 0x00, 0x00, 0x00, 0x22, 0xff, 0xff, 0x3c, 0x00, 0x00, 0x00, 0x00, 0x00, 0x00,  //.......@@....... 
  0x00, 0x00, 0x00, 0x00, 0x00, 0x06, 0xbc, 0xff, 0xff, 0x58, 0x00, 0x00, 0x00, 0x00, 0x00, 0x00,  //......%@@+...... 
  0x00, 0x00, 0x00, 0x00, 0x36, 0xca, 0xff, 0xf0, 0xfc, 0xff, 0xa4, 0x2a, 0x00, 0x00, 0x00, 0x00,  //.....@@@@@%..... 
  0x00, 0x3a, 0x76, 0xc8, 0xff, 0xff, 0xce, 0x22, 0x44, 0xe2, 0xff, 0xff, 0xd2, 0x8e, 0x4a, 0x00,  //..+@@@@.+@@@@%+. 
  0x00, 0x82, 0xff, 0xff, 0xd6, 0x66, 0x02, 0x00, 0x00, 0x08, 0x70, 0xd4, 0xff, 0xff, 0x50, 0x00,  //.%@@@+....+@@@+. 
  0x06, 0x0c, 0x74, 0x3a, 0x06, 0x06, 0x06, 0x06, 0x06, 0x06, 0x06, 0x06, 0x2c, 0x52, 0x06, 0x06,  //..+..........+.. 
  0xe2, 0xff, 0xff, 0xff, 0xff, 0xff, 0xff, 0xff, 0xff, 0xff, 0xff, 0xff, 0xff, 0xff, 0xff, 0xe2,  //@@@@@@@@@@@@@@@@ 
  0xa6, 0xba, 0xba, 0xba, 0xba, 0xba, 0xba, 0xba, 0xba, 0xba, 0xba, 0xba, 0xba, 0xba, 0xba, 0xa6,  //%%%%%%%%%%%%%%%% 
  0x00, 0x00, 0x14, 0x2e, 0x2e, 0x2e, 0x2e, 0x2e, 0x2e, 0x2e, 0x2e, 0x2e, 0x2e, 0x14, 0x00, 0x00,  //................ 
  0x00, 0x00, 0x76, 0xff, 0xff, 0xff, 0xff, 0xff, 0xff, 0xff, 0xff, 0xff, 0xff, 0x72, 0x00, 0x00,  //..+@@@@@@@@@@+.. 
  0x00, 0x00, 0x48, 0x9a, 0x9a, 0x9a, 0x9a, 0x9a, 0x9a, 0x9a, 0x9a, 0xe8, 0xff, 0x72, 0x00, 0x00,  //..+%%%%%%%%@@+.. 
  0x00, 0x00, 0x30, 0x6a, 0x6a, 0x6a, 0x6a, 0x6a, 0x6a, 0x6a, 0x6a, 0xde, 0xff, 0x72, 0x00, 0x00,  //...++++++++@@+.. 
  0x00, 0x00, 0x76, 0xff, 0xff, 0xff, 0xff, 0xff, 0xff, 0xff, 0xff, 0xff, 0xff, 0x72, 0x00, 0x00,  //..+@@@@@@@@@@+.. 
  0x00, 0x00, 0x76, 0xff, 0xc8, 0x3e, 0x3e, 0x3e, 0x3e, 0x3e, 0x3e, 0x3e, 0x3e, 0x1c, 0x00, 0x00,  //..+@@........... 
  0x00, 0x00, 0x76, 0xff, 0xea, 0xba, 0xba, 0xba, 0xba, 0xba, 0xba, 0xba, 0xba, 0xa2, 0x00, 0x00,  //..+@@%%%%%%%%%.. 
  0x00, 0x00, 0x76, 0xff, 0xff, 0xff, 0xff, 0xff, 0xff, 0xff, 0xff, 0xff, 0xff, 0xde, 0x00, 0x00,  //..+@@@@@@@@@@@.. 
  0x00, 0x00, 0x06, 0x0e, 0x0e, 0x0e, 0x0e, 0x0e, 0x0e, 0x0e, 0x0e, 0x0e, 0x0e, 0x0c, 0x00, 0x00,  //................ 


  /*Unicode: U+c2b5 (습) , Width: 16 */
  0x00, 0x00, 0x00, 0x00, 0x00, 0x00, 0x00, 0x00, 0x00, 0x00, 0x00, 0x00, 0x00, 0x00, 0x00, 0x00,  //................ 
  0x00, 0x00, 0x00, 0x00, 0x00, 0x00, 0x00, 0x6c, 0x7a, 0x30, 0x00, 0x00, 0x00, 0x00, 0x00, 0x00,  //.......++....... 
  0x00, 0x00, 0x00, 0x00, 0x00, 0x00, 0x0e, 0xf8, 0xff, 0x50, 0x00, 0x00, 0x00, 0x00, 0x00, 0x00,  //.......@@+...... 
  0x00, 0x00, 0x00, 0x00, 0x00, 0x00, 0x8a, 0xff, 0xff, 0x38, 0x00, 0x00, 0x00, 0x00, 0x00, 0x00,  //......%@@....... 
  0x00, 0x00, 0x00, 0x00, 0x00, 0x7c, 0xff, 0xff, 0xff, 0xee, 0x5a, 0x00, 0x00, 0x00, 0x00, 0x00,  //.....+@@@@+..... 
  0x00, 0x00, 0x14, 0x5c, 0xce, 0xff, 0xfa, 0x66, 0x80, 0xfc, 0xff, 0xce, 0x6c, 0x1e, 0x00, 0x00,  //...+@@@+%@@@+... 
  0x00, 0x8e, 0xfc, 0xff, 0xff, 0xcc, 0x34, 0x00, 0x00, 0x36, 0xc8, 0xff, 0xff, 0xff, 0x90, 0x00,  //.%@@@@....@@@@%. 
  0x00, 0x26, 0xe0, 0xa6, 0x46, 0x00, 0x00, 0x00, 0x00, 0x00, 0x00, 0x3a, 0x90, 0xc0, 0x12, 0x00,  //..@%+.......%@.. 
  0x5a, 0x66, 0x66, 0x66, 0x66, 0x66, 0x66, 0x66, 0x66, 0x66, 0x66, 0x66, 0x66, 0x66, 0x66, 0x5a,  //++++++++++++++++ 
  0xe2, 0xff, 0xff, 0xff, 0xff, 0xff, 0xff, 0xff, 0xff, 0xff, 0xff, 0xff, 0xff, 0xff, 0xff, 0xe2,  //@@@@@@@@@@@@@@@@ 
  0x66, 0x72, 0x72, 0x72, 0x72, 0x72, 0x72, 0x72, 0x72, 0x72, 0x72, 0x72, 0x72, 0x72, 0x72, 0x66,  //++++++++++++++++ 
  0x00, 0x00, 0x38, 0xa2, 0x88, 0x00, 0x00, 0x00, 0x00, 0x00, 0x00, 0x6e, 0xa2, 0x52, 0x00, 0x00,  //...%%......+%+.. 
  0x00, 0x00, 0x5a, 0xff, 0xe0, 0x42, 0x42, 0x42, 0x42, 0x42, 0x42, 0xc4, 0xff, 0x82, 0x00, 0x00,  //..+@@++++++@@%.. 
  0x00, 0x00, 0x5a, 0xff, 0xff, 0xff, 0xff, 0xff, 0xff, 0xff, 0xff, 0xff, 0xff, 0x82, 0x00, 0x00,  //..+@@@@@@@@@@%.. 
  0x00, 0x00, 0x5a, 0xff, 0xe4, 0x72, 0x72, 0x72, 0x72, 0x72, 0x72, 0xd0, 0xff, 0x82, 0x00, 0x00,  //..+@@++++++@@%.. 
  0x00, 0x00, 0x5a, 0xff, 0xce, 0x00, 0x00, 0x00, 0x00, 0x00, 0x00, 0xaa, 0xff, 0x82, 0x00, 0x00,  //..+@@......%@%.. 
  0x00, 0x00, 0x5a, 0xff, 0xf8, 0xde, 0xde, 0xde, 0xde, 0xde, 0xde, 0xf4, 0xff, 0x82, 0x00, 0x00,  //..+@@@@@@@@@@%.. 
  0x00, 0x00, 0x54, 0xee, 0xee, 0xee, 0xee, 0xee, 0xee, 0xee, 0xee, 0xee, 0xee, 0x7a, 0x00, 0x00,  //..+@@@@@@@@@@+.. 
  0x00, 0x00, 0x00, 0x00, 0x00, 0x00, 0x00, 0x00, 0x00, 0x00, 0x00, 0x00, 0x00, 0x00, 0x00, 0x00,  //................ 


  /*Unicode: U+c2dc (시) , Width: 16 */
  0x00, 0x00, 0x00, 0x00, 0x00, 0x00, 0x00, 0x00, 0x00, 0x00, 0x00, 0x00, 0x00, 0x00, 0x00, 0x00,  //................ 
  0x00, 0x00, 0x00, 0x00, 0x00, 0x00, 0x00, 0x00, 0x00, 0x00, 0x00, 0x00, 0x0a, 0x9e, 0x9e, 0x18,  //.............%%. 
  0x00, 0x00, 0x00, 0x00, 0x00, 0x52, 0x9e, 0x7a, 0x00, 0x00, 0x00, 0x00, 0x12, 0xff, 0xff, 0x26,  //.....+%+.....@@. 
  0x00, 0x00, 0x00, 0x00, 0x00, 0x84, 0xff, 0xbc, 0x00, 0x00, 0x00, 0x00, 0x12, 0xff, 0xff, 0x26,  //.....%@%.....@@. 
  0x00, 0x00, 0x00, 0x00, 0x00, 0x88, 0xff, 0xb2, 0x00, 0x00, 0x00, 0x00, 0x12, 0xff, 0xff, 0x26,  //.....%@%.....@@. 
  0x00, 0x00, 0x00, 0x00, 0x00, 0xa2, 0xff, 0x94, 0x00, 0x00, 0x00, 0x00, 0x12, 0xff, 0xff, 0x26,  //.....%@%.....@@. 
  0x00, 0x00, 0x00, 0x00, 0x00, 0xca, 0xff, 0x78, 0x00, 0x00, 0x00, 0x00, 0x12, 0xff, 0xff, 0x26,  //.....@@+.....@@. 
  0x00, 0x00, 0x00, 0x00, 0x0c, 0xfa, 0xff, 0xc2, 0x00, 0x00, 0x00, 0x00, 0x12, 0xff, 0xff, 0x26,  //.....@@@.....@@. 
  0x00, 0x00, 0x00, 0x00, 0x62, 0xff, 0xff, 0xff, 0x38, 0x00, 0x00, 0x00, 0x12, 0xff, 0xff, 0x26,  //....+@@@.....@@. 
  0x00, 0x00, 0x00, 0x02, 0xd4, 0xff, 0xe8, 0xff, 0xd0, 0x04, 0x00, 0x00, 0x12, 0xff, 0xff, 0x26,  //....@@@@@....@@. 
  0x00, 0x00, 0x00, 0x78, 0xff, 0xf0, 0x22, 0xe6, 0xff, 0x96, 0x00, 0x00, 0x12, 0xff, 0xff, 0x26,  //...+@@.@@%...@@. 
  0x00, 0x00, 0x4e, 0xfa, 0xff, 0x66, 0x00, 0x46, 0xfc, 0xff, 0x8c, 0x00, 0x12, 0xff, 0xff, 0x26,  //..+@@+.+@@%..@@. 
  0x00, 0x60, 0xfa, 0xff, 0x9e, 0x00, 0x00, 0x00, 0x6c, 0xff, 0xff, 0xb0, 0x14, 0xff, 0xff, 0x26,  //.+@@%...+@@%.@@. 
  0x08, 0xce, 0xff, 0xa2, 0x02, 0x00, 0x00, 0x00, 0x00, 0x62, 0xf4, 0x54, 0x12, 0xff, 0xff, 0x26,  //.@@%.....+@+.@@. 
  0x00, 0x08, 0x58, 0x00, 0x00, 0x00, 0x00, 0x00, 0x00, 0x00, 0x10, 0x00, 0x12, 0xff, 0xff, 0x26,  //..+..........@@. 
  0x00, 0x00, 0x00, 0x00, 0x00, 0x00, 0x00, 0x00, 0x00, 0x00, 0x00, 0x00, 0x12, 0xff, 0xff, 0x26,  //.............@@. 
  0x00, 0x00, 0x00, 0x00, 0x00, 0x00, 0x00, 0x00, 0x00, 0x00, 0x00, 0x00, 0x12, 0xff, 0xff, 0x26,  //.............@@. 
  0x00, 0x00, 0x00, 0x00, 0x00, 0x00, 0x00, 0x00, 0x00, 0x00, 0x00, 0x00, 0x12, 0xff, 0xff, 0x26,  //.............@@. 
  0x00, 0x00, 0x00, 0x00, 0x00, 0x00, 0x00, 0x00, 0x00, 0x00, 0x00, 0x00, 0x00, 0x0e, 0x0e, 0x00,  //................ 


  /*Unicode: U+c2e0 (신) , Width: 15 */
  0x00, 0x00, 0x00, 0x00, 0x00, 0x00, 0x00, 0x00, 0x00, 0x00, 0x00, 0x00, 0x00, 0x00, 0x00,  //............... 
  0x00, 0x00, 0x00, 0x00, 0x04, 0x0e, 0x0c, 0x00, 0x00, 0x00, 0x00, 0x08, 0x72, 0x72, 0x10,  //............++. 
  0x00, 0x00, 0x00, 0x00, 0x6a, 0xff, 0xde, 0x00, 0x00, 0x00, 0x00, 0x12, 0xff, 0xff, 0x26,  //....+@@.....@@. 
  0x00, 0x00, 0x00, 0x00, 0x70, 0xff, 0xd0, 0x00, 0x00, 0x00, 0x00, 0x12, 0xff, 0xff, 0x26,  //....+@@.....@@. 
  0x00, 0x00, 0x00, 0x00, 0x90, 0xff, 0xaa, 0x00, 0x00, 0x00, 0x00, 0x12, 0xff, 0xff, 0x26,  //....%@%.....@@. 
  0x00, 0x00, 0x00, 0x00, 0xd0, 0xff, 0xbe, 0x00, 0x00, 0x00, 0x00, 0x12, 0xff, 0xff, 0x26,  //....@@%.....@@. 
  0x00, 0x00, 0x00, 0x38, 0xff, 0xff, 0xff, 0x60, 0x00, 0x00, 0x00, 0x12, 0xff, 0xff, 0x26,  //....@@@+....@@. 
  0x00, 0x00, 0x04, 0xcc, 0xff, 0xda, 0xff, 0xf6, 0x3e, 0x00, 0x00, 0x12, 0xff, 0xff, 0x26,  //...@@@@@....@@. 
  0x00, 0x04, 0xa8, 0xff, 0xee, 0x18, 0x8a, 0xff, 0xf6, 0x64, 0x00, 0x12, 0xff, 0xff, 0x26,  //..%@@.%@@+..@@. 
  0x1e, 0xc0, 0xff, 0xf8, 0x42, 0x00, 0x00, 0x9c, 0xff, 0xff, 0xae, 0x12, 0xff, 0xff, 0x26,  //.@@@+..%@@%.@@. 
  0x86, 0xff, 0xea, 0x3e, 0x00, 0x00, 0x00, 0x00, 0x64, 0xe6, 0x40, 0x12, 0xff, 0xff, 0x26,  //%@@.....+@+.@@. 
  0x00, 0x5a, 0x14, 0x00, 0x00, 0x00, 0x00, 0x00, 0x00, 0x04, 0x00, 0x12, 0xff, 0xff, 0x26,  //.+..........@@. 
  0x00, 0x00, 0x00, 0x1c, 0x6a, 0x66, 0x00, 0x00, 0x00, 0x00, 0x00, 0x12, 0xff, 0xff, 0x26,  //....++......@@. 
  0x00, 0x00, 0x00, 0x46, 0xff, 0xf6, 0x00, 0x00, 0x00, 0x00, 0x00, 0x0e, 0xc2, 0xc2, 0x1c,  //...+@@......@@. 
  0x00, 0x00, 0x00, 0x46, 0xff, 0xf6, 0x00, 0x00, 0x00, 0x00, 0x00, 0x00, 0x00, 0x00, 0x00,  //...+@@......... 
  0x00, 0x00, 0x00, 0x46, 0xff, 0xf6, 0x00, 0x00, 0x00, 0x00, 0x00, 0x00, 0x00, 0x00, 0x00,  //...+@@......... 
  0x00, 0x00, 0x00, 0x46, 0xff, 0xff, 0xfa, 0xfa, 0xfa, 0xfa, 0xfa, 0xfa, 0xfa, 0xfa, 0x78,  //...+@@@@@@@@@@+ 
  0x00, 0x00, 0x00, 0x40, 0xe6, 0xe6, 0xe6, 0xe6, 0xe6, 0xe6, 0xe6, 0xe6, 0xe6, 0xe6, 0x6e,  //...+@@@@@@@@@@+ 
  0x00, 0x00, 0x00, 0x00, 0x00, 0x00, 0x00, 0x00, 0x00, 0x00, 0x00, 0x00, 0x00, 0x00, 0x00,  //............... 


  /*Unicode: U+c2e4 (실) , Width: 15 */
  0x00, 0x00, 0x00, 0x00, 0x00, 0x00, 0x00, 0x00, 0x00, 0x00, 0x00, 0x00, 0x00, 0x00, 0x00,  //............... 
  0x00, 0x00, 0x00, 0x00, 0x14, 0x36, 0x30, 0x00, 0x00, 0x00, 0x00, 0x08, 0x86, 0x86, 0x14,  //............%%. 
  0x00, 0x00, 0x00, 0x00, 0x62, 0xff, 0xe0, 0x00, 0x00, 0x00, 0x00, 0x12, 0xff, 0xff, 0x26,  //....+@@.....@@. 
  0x00, 0x00, 0x00, 0x00, 0x74, 0xff, 0xcc, 0x00, 0x00, 0x00, 0x00, 0x12, 0xff, 0xff, 0x26,  //....+@@.....@@. 
  0x00, 0x00, 0x00, 0x00, 0xae, 0xff, 0xc0, 0x00, 0x00, 0x00, 0x00, 0x12, 0xff, 0xff, 0x26,  //....%@@.....@@. 
  0x00, 0x00, 0x00, 0x28, 0xfa, 0xff, 0xff, 0x66, 0x00, 0x00, 0x00, 0x12, 0xff, 0xff, 0x26,  //....@@@+....@@. 
  0x00, 0x00, 0x10, 0xd0, 0xff, 0xda, 0xfc, 0xfc, 0x64, 0x00, 0x00, 0x12, 0xff, 0xff, 0x26,  //...@@@@@+...@@. 
  0x00, 0x2e, 0xd6, 0xff, 0xe4, 0x1a, 0x62, 0xfc, 0xff, 0xae, 0x26, 0x12, 0xff, 0xff, 0x26,  //..@@@.+@@%..@@. 
  0x78, 0xfa, 0xff, 0xd0, 0x20, 0x00, 0x00, 0x54, 0xec, 0xff, 0xb4, 0x14, 0xff, 0xff, 0x26,  //+@@@...+@@%.@@. 
  0x22, 0xd6, 0x7a, 0x04, 0x00, 0x00, 0x00, 0x00, 0x10, 0x6e, 0x0a, 0x0e, 0xbe, 0xbe, 0x1c,  //.@+......+..%%. 
  0x00, 0x00, 0x00, 0x44, 0x8a, 0x8a, 0x8a, 0x8a, 0x8a, 0x8a, 0x8a, 0x8a, 0x8a, 0x8a, 0x14,  //...+%%%%%%%%%%. 
  0x00, 0x00, 0x00, 0x7e, 0xff, 0xff, 0xff, 0xff, 0xff, 0xff, 0xff, 0xff, 0xff, 0xff, 0x26,  //...+@@@@@@@@@@. 
  0x00, 0x00, 0x00, 0x24, 0x4a, 0x4a, 0x4a, 0x4a, 0x4a, 0x4a, 0x4a, 0x52, 0xff, 0xff, 0x26,  //....++++++++@@. 
  0x00, 0x00, 0x00, 0x58, 0xb2, 0xb2, 0xb2, 0xb2, 0xb2, 0xb2, 0xb2, 0xb6, 0xff, 0xff, 0x26,  //...+%%%%%%%%@@. 
  0x00, 0x00, 0x00, 0x7e, 0xff, 0xff, 0xff, 0xff, 0xff, 0xff, 0xff, 0xff, 0xff, 0xff, 0x26,  //...+@@@@@@@@@@. 
  0x00, 0x00, 0x00, 0x7e, 0xff, 0xb6, 0x1a, 0x1a, 0x1a, 0x1a, 0x1a, 0x1a, 0x1a, 0x1a, 0x02,  //...+@%......... 
  0x00, 0x00, 0x00, 0x7e, 0xff, 0xf2, 0xda, 0xda, 0xda, 0xda, 0xda, 0xda, 0xda, 0xda, 0x68,  //...+@@@@@@@@@@+ 
  0x00, 0x00, 0x00, 0x7c, 0xfa, 0xfa, 0xfa, 0xfa, 0xfa, 0xfa, 0xfa, 0xfa, 0xfa, 0xfa, 0x78,  //...+@@@@@@@@@@+ 
  0x00, 0x00, 0x00, 0x00, 0x00, 0x00, 0x00, 0x00, 0x00, 0x00, 0x00, 0x00, 0x00, 0x00, 0x00,  //............... 


  /*Unicode: U+c4f0 (쓰) , Width: 16 */
  0x00, 0x00, 0x00, 0x00, 0x00, 0x00, 0x00, 0x00, 0x00, 0x00, 0x00, 0x00, 0x00, 0x00, 0x00, 0x00,  //................ 
  0x00, 0x00, 0x00, 0x00, 0x00, 0x00, 0x00, 0x00, 0x00, 0x00, 0x00, 0x00, 0x00, 0x00, 0x00, 0x00,  //................ 
  0x00, 0x00, 0x00, 0x00, 0x06, 0x0a, 0x04, 0x00, 0x00, 0x02, 0x0a, 0x08, 0x00, 0x00, 0x00, 0x00,  //................ 
  0x00, 0x00, 0x00, 0x00, 0xb8, 0xff, 0x6a, 0x00, 0x00, 0x46, 0xff, 0xdc, 0x00, 0x00, 0x00, 0x00,  //....%@+..+@@.... 
  0x00, 0x00, 0x00, 0x00, 0xce, 0xff, 0x58, 0x00, 0x00, 0x4a, 0xff, 0xd6, 0x00, 0x00, 0x00, 0x00,  //....@@+..+@@.... 
  0x00, 0x00, 0x00, 0x00, 0xec, 0xff, 0x36, 0x00, 0x00, 0x68, 0xff, 0xba, 0x00, 0x00, 0x00, 0x00,  //....@@...+@%.... 
  0x00, 0x00, 0x00, 0x36, 0xff, 0xff, 0x90, 0x00, 0x00, 0xa2, 0xff, 0xea, 0x06, 0x00, 0x00, 0x00,  //....@@%..%@@.... 
  0x00, 0x00, 0x00, 0xac, 0xff, 0xff, 0xf8, 0x42, 0x0a, 0xf0, 0xff, 0xff, 0x68, 0x00, 0x00, 0x00,  //...%@@@+.@@@+... 
  0x00, 0x00, 0x5e, 0xff, 0xea, 0x7a, 0xff, 0xcc, 0x78, 0xff, 0xe4, 0xfc, 0xf2, 0x2c, 0x00, 0x00,  //..+@@+@@+@@@@... 
  0x00, 0x6e, 0xfa, 0xfc, 0x4a, 0x00, 0x96, 0x56, 0xf4, 0xff, 0x4e, 0x8c, 0xff, 0xec, 0x44, 0x00,  //.+@@+.%+@@+%@@+. 
  0x6c, 0xff, 0xfc, 0x60, 0x00, 0x00, 0x1e, 0xde, 0xff, 0xa2, 0x00, 0x02, 0xac, 0xff, 0xff, 0x44,  //+@@+...@@%..%@@+ 
  0x00, 0x7e, 0x42, 0x00, 0x00, 0x2e, 0xe6, 0xff, 0xc4, 0x0a, 0x00, 0x00, 0x00, 0x7a, 0x8a, 0x00,  //.++...@@@....+%. 
  0x00, 0x00, 0x00, 0x00, 0x00, 0x08, 0xae, 0xb4, 0x0c, 0x00, 0x00, 0x00, 0x00, 0x00, 0x00, 0x00,  //......%%........ 
  0x00, 0x00, 0x00, 0x00, 0x00, 0x00, 0x02, 0x00, 0x00, 0x00, 0x00, 0x00, 0x00, 0x00, 0x00, 0x00,  //................ 
  0x44, 0x5a, 0x5a, 0x5a, 0x5a, 0x5a, 0x5a, 0x5a, 0x5a, 0x5a, 0x5a, 0x5a, 0x5a, 0x5a, 0x5a, 0x3e,  //+++++++++++++++. 
  0xbe, 0xff, 0xff, 0xff, 0xff, 0xff, 0xff, 0xff, 0xff, 0xff, 0xff, 0xff, 0xff, 0xff, 0xff, 0xb2,  //%@@@@@@@@@@@@@@% 
  0x5e, 0x7e, 0x7e, 0x7e, 0x7e, 0x7e, 0x7e, 0x7e, 0x7e, 0x7e, 0x7e, 0x7e, 0x7e, 0x7e, 0x7e, 0x58,  //++++++++++++++++ 
  0x00, 0x00, 0x00, 0x00, 0x00, 0x00, 0x00, 0x00, 0x00, 0x00, 0x00, 0x00, 0x00, 0x00, 0x00, 0x00,  //................ 
  0x00, 0x00, 0x00, 0x00, 0x00, 0x00, 0x00, 0x00, 0x00, 0x00, 0x00, 0x00, 0x00, 0x00, 0x00, 0x00,  //................ 


  /*Unicode: U+c4f8 (쓸) , Width: 16 */
  0x00, 0x00, 0x00, 0x00, 0x00, 0x00, 0x00, 0x00, 0x00, 0x00, 0x00, 0x00, 0x00, 0x00, 0x00, 0x00,  //................ 
  0x00, 0x00, 0x00, 0x00, 0x60, 0x92, 0x4c, 0x00, 0x00, 0x5c, 0x9a, 0x5c, 0x00, 0x00, 0x00, 0x00,  //....+%+..+%+.... 
  0x00, 0x00, 0x00, 0x00, 0xb6, 0xff, 0x7a, 0x00, 0x00, 0xa0, 0xff, 0x8c, 0x00, 0x00, 0x00, 0x00,  //....%@+..%@%.... 
  0x00, 0x00, 0x00, 0x08, 0xe8, 0xff, 0x82, 0x00, 0x00, 0xd2, 0xff, 0x8a, 0x00, 0x00, 0x00, 0x00,  //....@@%..@@%.... 
  0x00, 0x00, 0x04, 0xa4, 0xff, 0xff, 0xfa, 0x64, 0x4c, 0xff, 0xff, 0xf8, 0x52, 0x00, 0x00, 0x00,  //...%@@@++@@@+... 
  0x00, 0x48, 0xd0, 0xff, 0xdc, 0x5e, 0xba, 0x6c, 0xee, 0xfc, 0x76, 0xe2, 0xff, 0xae, 0x32, 0x00,  //.+@@@+%+@@+@@%.. 
  0x0a, 0xc6, 0xf8, 0x96, 0x10, 0x16, 0xa6, 0xff, 0xf8, 0x62, 0x00, 0x1c, 0xba, 0xff, 0xac, 0x00,  //.@@%..%@@+..%@%. 
  0x00, 0x0e, 0x1e, 0x00, 0x00, 0x00, 0x96, 0xb0, 0x24, 0x00, 0x00, 0x00, 0x00, 0x3a, 0x06, 0x00,  //......%%........ 
  0xba, 0xd2, 0xd2, 0xd2, 0xd2, 0xd2, 0xd2, 0xd2, 0xd2, 0xd2, 0xd2, 0xd2, 0xd2, 0xd2, 0xd2, 0xba,  //%@@@@@@@@@@@@@@% 
  0xd0, 0xea, 0xea, 0xea, 0xea, 0xea, 0xea, 0xea, 0xea, 0xea, 0xea, 0xea, 0xea, 0xea, 0xea, 0xd0,  //@@@@@@@@@@@@@@@@ 
  0x00, 0x00, 0x08, 0x12, 0x12, 0x12, 0x12, 0x12, 0x12, 0x12, 0x12, 0x12, 0x12, 0x08, 0x00, 0x00,  //................ 
  0x00, 0x00, 0x76, 0xff, 0xff, 0xff, 0xff, 0xff, 0xff, 0xff, 0xff, 0xff, 0xff, 0x72, 0x00, 0x00,  //..+@@@@@@@@@@+.. 
  0x00, 0x00, 0x52, 0xb2, 0xb2, 0xb2, 0xb2, 0xb2, 0xb2, 0xb2, 0xb2, 0xee, 0xff, 0x72, 0x00, 0x00,  //..+%%%%%%%%@@+.. 
  0x00, 0x00, 0x2a, 0x5a, 0x5a, 0x5a, 0x5a, 0x5a, 0x5a, 0x5a, 0x5a, 0xda, 0xff, 0x72, 0x00, 0x00,  //...++++++++@@+.. 
  0x00, 0x00, 0x76, 0xff, 0xff, 0xff, 0xff, 0xff, 0xff, 0xff, 0xff, 0xff, 0xff, 0x72, 0x00, 0x00,  //..+@@@@@@@@@@+.. 
  0x00, 0x00, 0x76, 0xff, 0xce, 0x4a, 0x4a, 0x4a, 0x4a, 0x4a, 0x4a, 0x4a, 0x4a, 0x20, 0x00, 0x00,  //..+@@++++++++... 
  0x00, 0x00, 0x76, 0xff, 0xec, 0xba, 0xba, 0xba, 0xba, 0xba, 0xba, 0xba, 0xba, 0xa2, 0x00, 0x00,  //..+@@%%%%%%%%%.. 
  0x00, 0x00, 0x76, 0xff, 0xff, 0xff, 0xff, 0xff, 0xff, 0xff, 0xff, 0xff, 0xff, 0xde, 0x00, 0x00,  //..+@@@@@@@@@@@.. 
  0x00, 0x00, 0x04, 0x0a, 0x0a, 0x0a, 0x0a, 0x0a, 0x0a, 0x0a, 0x0a, 0x0a, 0x0a, 0x08, 0x00, 0x00,  //................ 


  /*Unicode: U+c548 (안) , Width: 16 */
  0x00, 0x00, 0x00, 0x00, 0x00, 0x00, 0x00, 0x00, 0x00, 0x00, 0x00, 0x00, 0x00, 0x00, 0x00, 0x00,  //................ 
  0x00, 0x00, 0x00, 0x00, 0x00, 0x00, 0x00, 0x00, 0x00, 0x00, 0x00, 0x5c, 0x72, 0x2c, 0x00, 0x00,  //...........++... 
  0x00, 0x00, 0x24, 0x94, 0xc8, 0xc6, 0x96, 0x2c, 0x00, 0x00, 0x00, 0xce, 0xff, 0x62, 0x00, 0x00,  //...%@@%....@@+.. 
  0x00, 0x38, 0xf4, 0xff, 0xff, 0xff, 0xff, 0xf8, 0x52, 0x00, 0x00, 0xce, 0xff, 0x62, 0x00, 0x00,  //..@@@@@@+..@@+.. 
  0x02, 0xd4, 0xff, 0xb0, 0x24, 0x2e, 0xbe, 0xff, 0xee, 0x0e, 0x00, 0xce, 0xff, 0x62, 0x00, 0x00,  //.@@%..%@@..@@+.. 
  0x3c, 0xff, 0xff, 0x16, 0x00, 0x00, 0x12, 0xf8, 0xff, 0x58, 0x00, 0xce, 0xff, 0x6e, 0x12, 0x10,  //.@@....@@+.@@+.. 
  0x58, 0xff, 0xee, 0x00, 0x00, 0x00, 0x00, 0xd8, 0xff, 0x74, 0x00, 0xce, 0xff, 0xff, 0xff, 0xe6,  //+@@....@@+.@@@@@ 
  0x40, 0xff, 0xfc, 0x10, 0x00, 0x00, 0x0a, 0xf4, 0xff, 0x5c, 0x00, 0xce, 0xff, 0xe6, 0xd6, 0xc2,  //+@@....@@+.@@@@@ 
  0x06, 0xdc, 0xff, 0xa6, 0x18, 0x1e, 0xae, 0xff, 0xf2, 0x12, 0x00, 0xce, 0xff, 0x62, 0x00, 0x00,  //.@@%..%@@..@@+.. 
  0x00, 0x3e, 0xf2, 0xff, 0xff, 0xff, 0xff, 0xfa, 0x5c, 0x00, 0x00, 0xce, 0xff, 0x62, 0x00, 0x00,  //..@@@@@@+..@@+.. 
  0x00, 0x00, 0x20, 0xa0, 0xd4, 0xd2, 0xa2, 0x34, 0x00, 0x00, 0x00, 0xce, 0xff, 0x62, 0x00, 0x00,  //...%@@%....@@+.. 
  0x00, 0x00, 0x00, 0x00, 0x00, 0x00, 0x00, 0x00, 0x00, 0x00, 0x00, 0xce, 0xff, 0x62, 0x00, 0x00,  //...........@@+.. 
  0x00, 0x00, 0x00, 0x34, 0x3e, 0x18, 0x00, 0x00, 0x00, 0x00, 0x00, 0xce, 0xff, 0x62, 0x00, 0x00,  //...........@@+.. 
  0x00, 0x00, 0x00, 0xd6, 0xff, 0x66, 0x00, 0x00, 0x00, 0x00, 0x00, 0x52, 0x66, 0x26, 0x00, 0x00,  //...@@+.....++... 
  0x00, 0x00, 0x00, 0xd6, 0xff, 0x66, 0x00, 0x00, 0x00, 0x00, 0x00, 0x00, 0x00, 0x00, 0x00, 0x00,  //...@@+.......... 
  0x00, 0x00, 0x00, 0xd6, 0xff, 0x66, 0x00, 0x00, 0x00, 0x00, 0x00, 0x00, 0x00, 0x00, 0x00, 0x00,  //...@@+.......... 
  0x00, 0x00, 0x00, 0xd6, 0xff, 0xfc, 0xfa, 0xfa, 0xfa, 0xfa, 0xfa, 0xfa, 0xfa, 0xb8, 0x00, 0x00,  //...@@@@@@@@@@%.. 
  0x00, 0x00, 0x00, 0xc2, 0xe6, 0xe6, 0xe6, 0xe6, 0xe6, 0xe6, 0xe6, 0xe6, 0xe6, 0xa8, 0x00, 0x00,  //...@@@@@@@@@@%.. 
  0x00, 0x00, 0x00, 0x00, 0x00, 0x00, 0x00, 0x00, 0x00, 0x00, 0x00, 0x00, 0x00, 0x00, 0x00, 0x00,  //................ 


  /*Unicode: U+c54a (않) , Width: 16 */
  0x00, 0x00, 0x00, 0x00, 0x00, 0x00, 0x00, 0x00, 0x00, 0x00, 0x00, 0x00, 0x00, 0x00, 0x00, 0x00,  //................ 
  0x00, 0x00, 0x00, 0x0a, 0x34, 0x32, 0x06, 0x00, 0x00, 0x00, 0x00, 0x8e, 0xae, 0x42, 0x00, 0x00,  //...........%%+.. 
  0x00, 0x08, 0x84, 0xf6, 0xff, 0xff, 0xf2, 0x76, 0x02, 0x00, 0x00, 0xce, 0xff, 0x62, 0x00, 0x00,  //..%@@@@+...@@+.. 
  0x00, 0x9e, 0xff, 0xf6, 0xa6, 0xac, 0xfa, 0xff, 0x94, 0x00, 0x00, 0xce, 0xff, 0x62, 0x00, 0x00,  //.%@@%%@@%..@@+.. 
  0x30, 0xff, 0xff, 0x3e, 0x00, 0x00, 0x52, 0xff, 0xfc, 0x16, 0x00, 0xce, 0xff, 0x92, 0x4e, 0x46,  //.@@...+@@..@@%++ 
  0x5e, 0xff, 0xea, 0x00, 0x00, 0x00, 0x02, 0xf8, 0xff, 0x42, 0x00, 0xce, 0xff, 0xff, 0xff, 0xe6,  //+@@....@@+.@@@@@ 
  0x52, 0xff, 0xf6, 0x04, 0x00, 0x00, 0x10, 0xff, 0xff, 0x36, 0x00, 0xce, 0xff, 0xb8, 0x8a, 0x7c,  //+@@....@@..@@%%+ 
  0x10, 0xec, 0xff, 0x96, 0x12, 0x18, 0xa8, 0xff, 0xe4, 0x04, 0x00, 0xce, 0xff, 0x62, 0x00, 0x00,  //.@@%..%@@..@@+.. 
  0x00, 0x4e, 0xf6, 0xff, 0xff, 0xff, 0xff, 0xf0, 0x44, 0x00, 0x00, 0xce, 0xff, 0x62, 0x00, 0x00,  //.+@@@@@@+..@@+.. 
  0x00, 0x00, 0x22, 0x98, 0xc4, 0xc2, 0x8c, 0x16, 0x00, 0x00, 0x00, 0x84, 0xa2, 0x3e, 0x00, 0x00,  //...%@@%....%%... 
  0x00, 0x00, 0x00, 0x00, 0x00, 0x00, 0x00, 0x00, 0x1e, 0xc6, 0xc6, 0xc6, 0xae, 0x00, 0x00, 0x00,  //.........@@@%... 
  0x00, 0x00, 0x8e, 0xde, 0x78, 0x00, 0x00, 0x00, 0x18, 0xaa, 0xaa, 0xaa, 0x94, 0x00, 0x00, 0x00,  //..%@+....%%%%... 
  0x00, 0x00, 0xa2, 0xff, 0x8a, 0x00, 0x00, 0x80, 0xae, 0xae, 0xae, 0xae, 0xae, 0xae, 0x3a, 0x00,  //..%@%..%%%%%%%.. 
  0x00, 0x00, 0xa2, 0xff, 0x8a, 0x00, 0x00, 0x86, 0xb6, 0xb6, 0xb6, 0xb6, 0xb6, 0xb6, 0x3e, 0x00,  //..%@%..%%%%%%%.. 
  0x00, 0x00, 0xa2, 0xff, 0x8a, 0x00, 0x00, 0x00, 0x24, 0x9c, 0xc8, 0xc0, 0x84, 0x0c, 0x00, 0x00,  //..%@%....%@@%... 
  0x00, 0x00, 0xa2, 0xff, 0x8e, 0x12, 0x32, 0x3c, 0xdc, 0xfa, 0x9e, 0xb0, 0xff, 0xa2, 0x00, 0x00,  //..%@%...@@%%@%.. 
  0x00, 0x00, 0xa2, 0xff, 0xff, 0xff, 0xff, 0xa0, 0xf0, 0xf2, 0x60, 0x80, 0xff, 0xb6, 0x00, 0x00,  //..%@@@@%@@+%@%.. 
  0x00, 0x00, 0x7c, 0xc2, 0xbc, 0xac, 0x8c, 0x3c, 0x54, 0xe6, 0xff, 0xff, 0xcc, 0x28, 0x00, 0x00,  //..+@%%%.+@@@@... 
  0x00, 0x00, 0x00, 0x00, 0x00, 0x00, 0x00, 0x00, 0x00, 0x00, 0x18, 0x0e, 0x00, 0x00, 0x00, 0x00,  //................ 


  /*Unicode: U+c554 (암) , Width: 16 */
  0x00, 0x00, 0x00, 0x00, 0x00, 0x00, 0x00, 0x00, 0x00, 0x00, 0x00, 0x00, 0x00, 0x00, 0x00, 0x00,  //................ 
  0x00, 0x00, 0x00, 0x00, 0x0c, 0x08, 0x00, 0x00, 0x00, 0x00, 0x00, 0x62, 0x7a, 0x2e, 0x00, 0x00,  //...........++... 
  0x00, 0x00, 0x4a, 0xd6, 0xff, 0xff, 0xc8, 0x38, 0x00, 0x00, 0x00, 0xce, 0xff, 0x62, 0x00, 0x00,  //..+@@@@....@@+.. 
  0x00, 0x68, 0xff, 0xff, 0xd8, 0xde, 0xff, 0xfc, 0x54, 0x00, 0x00, 0xce, 0xff, 0x62, 0x00, 0x00,  //.+@@@@@@+..@@+.. 
  0x16, 0xf4, 0xff, 0x68, 0x00, 0x00, 0x84, 0xff, 0xe6, 0x02, 0x00, 0xce, 0xff, 0x62, 0x00, 0x00,  //.@@+..%@@..@@+.. 
  0x56, 0xff, 0xe4, 0x00, 0x00, 0x00, 0x06, 0xfa, 0xff, 0x2e, 0x00, 0xce, 0xff, 0xfa, 0xf6, 0xde,  //+@@....@@..@@@@@ 
  0x5c, 0xff, 0xda, 0x00, 0x00, 0x00, 0x00, 0xf4, 0xff, 0x34, 0x00, 0xce, 0xff, 0xec, 0xe2, 0xcc,  //+@@....@@..@@@@@ 
  0x26, 0xfc, 0xfc, 0x38, 0x00, 0x00, 0x52, 0xff, 0xf4, 0x0a, 0x00, 0xce, 0xff, 0x62, 0x00, 0x00,  //.@@...+@@..@@+.. 
  0x00, 0x92, 0xff, 0xf4, 0xa0, 0xa6, 0xf8, 0xff, 0x80, 0x00, 0x00, 0xce, 0xff, 0x62, 0x00, 0x00,  //.%@@%%@@%..@@+.. 
  0x00, 0x06, 0x86, 0xfa, 0xff, 0xff, 0xf4, 0x70, 0x00, 0x00, 0x00, 0xce, 0xff, 0x62, 0x00, 0x00,  //..%@@@@+...@@+.. 
  0x00, 0x00, 0x00, 0x12, 0x40, 0x3c, 0x0a, 0x00, 0x00, 0x00, 0x00, 0xbe, 0xea, 0x5a, 0x00, 0x00,  //....+......%@+.. 
  0x00, 0x00, 0x06, 0x5a, 0x5a, 0x5a, 0x5a, 0x5a, 0x5a, 0x5a, 0x5a, 0x5a, 0x5a, 0x22, 0x00, 0x00,  //...++++++++++... 
  0x00, 0x00, 0x16, 0xff, 0xff, 0xff, 0xff, 0xff, 0xff, 0xff, 0xff, 0xff, 0xff, 0x62, 0x00, 0x00,  //...@@@@@@@@@@+.. 
  0x00, 0x00, 0x16, 0xff, 0xff, 0x82, 0x6e, 0x6e, 0x6e, 0x6e, 0x6e, 0xe4, 0xff, 0x62, 0x00, 0x00,  //...@@%+++++@@+.. 
  0x00, 0x00, 0x16, 0xff, 0xff, 0x22, 0x00, 0x00, 0x00, 0x00, 0x00, 0xce, 0xff, 0x62, 0x00, 0x00,  //...@@......@@+.. 
  0x00, 0x00, 0x16, 0xff, 0xff, 0x22, 0x00, 0x00, 0x00, 0x00, 0x00, 0xce, 0xff, 0x62, 0x00, 0x00,  //...@@......@@+.. 
  0x00, 0x00, 0x16, 0xff, 0xff, 0xe2, 0xde, 0xde, 0xde, 0xde, 0xde, 0xf8, 0xff, 0x62, 0x00, 0x00,  //...@@@@@@@@@@+.. 
  0x00, 0x00, 0x14, 0xee, 0xee, 0xee, 0xee, 0xee, 0xee, 0xee, 0xee, 0xee, 0xee, 0x5c, 0x00, 0x00,  //...@@@@@@@@@@+.. 
  0x00, 0x00, 0x00, 0x00, 0x00, 0x00, 0x00, 0x00, 0x00, 0x00, 0x00, 0x00, 0x00, 0x00, 0x00, 0x00,  //................ 


  /*Unicode: U+c558 (았) , Width: 16 */
  0x00, 0x00, 0x00, 0x00, 0x00, 0x00, 0x00, 0x00, 0x00, 0x00, 0x00, 0x00, 0x00, 0x00, 0x00, 0x00,  //................ 
  0x00, 0x00, 0x00, 0x08, 0x34, 0x30, 0x04, 0x00, 0x00, 0x00, 0x00, 0x84, 0xa2, 0x3e, 0x00, 0x00,  //...........%%... 
  0x00, 0x00, 0x70, 0xf2, 0xff, 0xff, 0xea, 0x5c, 0x00, 0x00, 0x00, 0xce, 0xff, 0x62, 0x00, 0x00,  //..+@@@@+...@@+.. 
  0x00, 0x82, 0xff, 0xf8, 0xb0, 0xb8, 0xfc, 0xff, 0x6e, 0x00, 0x00, 0xce, 0xff, 0x62, 0x00, 0x00,  //.%@@%%@@+..@@+.. 
  0x1e, 0xfa, 0xff, 0x46, 0x00, 0x00, 0x62, 0xff, 0xf0, 0x06, 0x00, 0xce, 0xff, 0x62, 0x00, 0x00,  //.@@+..+@@..@@+.. 
  0x5a, 0xff, 0xdc, 0x00, 0x00, 0x00, 0x00, 0xf6, 0xff, 0x32, 0x00, 0xce, 0xff, 0xf6, 0xf2, 0xdc,  //+@@....@@..@@@@@ 
  0x58, 0xff, 0xde, 0x00, 0x00, 0x00, 0x02, 0xf8, 0xff, 0x30, 0x00, 0xce, 0xff, 0xf0, 0xe6, 0xd0,  //+@@....@@..@@@@@ 
  0x1a, 0xf8, 0xff, 0x50, 0x00, 0x00, 0x70, 0xff, 0xec, 0x04, 0x00, 0xce, 0xff, 0x62, 0x00, 0x00,  //.@@+..+@@..@@+.. 
  0x00, 0x76, 0xff, 0xfc, 0xc2, 0xca, 0xff, 0xff, 0x64, 0x00, 0x00, 0xce, 0xff, 0x62, 0x00, 0x00,  //.+@@@@@@+..@@+.. 
  0x00, 0x00, 0x60, 0xe6, 0xff, 0xff, 0xda, 0x4a, 0x00, 0x00, 0x00, 0xce, 0xff, 0x62, 0x00, 0x00,  //..+@@@@+...@@+.. 
  0x00, 0x00, 0x00, 0x00, 0x18, 0x16, 0x00, 0x00, 0x00, 0x00, 0x00, 0xb4, 0xde, 0x56, 0x00, 0x00,  //...........%@+.. 
  0x00, 0x00, 0x00, 0x00, 0x44, 0xa2, 0x90, 0x00, 0x00, 0x36, 0xb6, 0xa8, 0x00, 0x00, 0x00, 0x00,  //....+%%...%%.... 
  0x00, 0x00, 0x00, 0x00, 0x78, 0xff, 0xca, 0x00, 0x00, 0x54, 0xff, 0xd2, 0x00, 0x00, 0x00, 0x00,  //....+@@..+@@.... 
  0x00, 0x00, 0x00, 0x00, 0xb4, 0xff, 0xda, 0x00, 0x00, 0x84, 0xff, 0xec, 0x0c, 0x00, 0x00, 0x00,  //....%@@..%@@.... 
  0x00, 0x00, 0x00, 0x42, 0xfc, 0xff, 0xff, 0x68, 0x06, 0xe0, 0xff, 0xff, 0x98, 0x00, 0x00, 0x00,  //...+@@@+.@@@%... 
  0x00, 0x00, 0x4a, 0xf4, 0xff, 0xb8, 0xfa, 0xf4, 0xb6, 0xff, 0xc8, 0xee, 0xff, 0x9e, 0x0a, 0x00,  //..+@@%@@%@@@@%.. 
  0x00, 0x90, 0xff, 0xff, 0xb4, 0x02, 0x74, 0xff, 0xff, 0xe0, 0x14, 0x3c, 0xf6, 0xff, 0xe0, 0x12,  //.%@@%.+@@@..@@@. 
  0x00, 0x22, 0xd8, 0x78, 0x02, 0x00, 0x00, 0x7a, 0xc6, 0x1a, 0x00, 0x00, 0x2e, 0xc8, 0x68, 0x00,  //..@+...+@....@+. 
  0x00, 0x00, 0x00, 0x00, 0x00, 0x00, 0x00, 0x00, 0x00, 0x00, 0x00, 0x00, 0x00, 0x00, 0x00, 0x00,  //................ 


  /*Unicode: U+c57c (야) , Width: 16 */
  0x00, 0x00, 0x00, 0x00, 0x00, 0x00, 0x00, 0x00, 0x00, 0x00, 0x00, 0x00, 0x00, 0x00, 0x00, 0x00,  //................ 
  0x00, 0x00, 0x00, 0x00, 0x00, 0x00, 0x00, 0x00, 0x00, 0x00, 0x00, 0x7e, 0x9e, 0x44, 0x00, 0x00,  //...........+%+.. 
  0x00, 0x00, 0x00, 0x58, 0x9e, 0xa2, 0x64, 0x04, 0x00, 0x00, 0x00, 0xca, 0xff, 0x6e, 0x00, 0x00,  //...+%%+....@@+.. 
  0x00, 0x04, 0xb4, 0xff, 0xff, 0xff, 0xff, 0xc6, 0x0a, 0x00, 0x00, 0xca, 0xff, 0x6e, 0x00, 0x00,  //..%@@@@@...@@+.. 
  0x00, 0x74, 0xff, 0xf0, 0x5c, 0x52, 0xe6, 0xff, 0x8c, 0x00, 0x00, 0xca, 0xff, 0x96, 0x46, 0x44,  //.+@@++@@%..@@%++ 
  0x00, 0xde, 0xff, 0x78, 0x00, 0x00, 0x5e, 0xff, 0xf0, 0x06, 0x00, 0xca, 0xff, 0xff, 0xff, 0xfa,  //.@@+..+@@..@@@@@ 
  0x1c, 0xff, 0xff, 0x2a, 0x00, 0x00, 0x10, 0xff, 0xff, 0x36, 0x00, 0xca, 0xff, 0xc4, 0x96, 0x94,  //.@@....@@..@@@%% 
  0x3c, 0xff, 0xff, 0x0a, 0x00, 0x00, 0x00, 0xf0, 0xff, 0x56, 0x00, 0xca, 0xff, 0x6e, 0x00, 0x00,  //.@@....@@+.@@+.. 
  0x42, 0xff, 0xff, 0x00, 0x00, 0x00, 0x00, 0xe4, 0xff, 0x5e, 0x00, 0xca, 0xff, 0x6e, 0x00, 0x00,  //+@@....@@+.@@+.. 
  0x36, 0xff, 0xff, 0x10, 0x00, 0x00, 0x00, 0xf4, 0xff, 0x50, 0x00, 0xca, 0xff, 0x90, 0x3a, 0x3a,  //.@@....@@+.@@%.. 
  0x10, 0xff, 0xff, 0x3c, 0x00, 0x00, 0x20, 0xff, 0xff, 0x28, 0x00, 0xca, 0xff, 0xff, 0xff, 0xfa,  //.@@....@@..@@@@@ 
  0x00, 0xc8, 0xff, 0x98, 0x00, 0x00, 0x7c, 0xff, 0xde, 0x00, 0x00, 0xca, 0xff, 0xcc, 0xa6, 0xa4,  //.@@%..+@@..@@@%% 
  0x00, 0x4e, 0xff, 0xff, 0xa4, 0x98, 0xfa, 0xff, 0x66, 0x00, 0x00, 0xca, 0xff, 0x6e, 0x00, 0x00,  //.+@@%%@@+..@@+.. 
  0x00, 0x00, 0x74, 0xfa, 0xff, 0xff, 0xfc, 0x8a, 0x00, 0x00, 0x00, 0xca, 0xff, 0x6e, 0x00, 0x00,  //..+@@@@%...@@+.. 
  0x00, 0x00, 0x00, 0x18, 0x58, 0x5a, 0x22, 0x00, 0x00, 0x00, 0x00, 0xca, 0xff, 0x6e, 0x00, 0x00,  //....++.....@@+.. 
  0x00, 0x00, 0x00, 0x00, 0x00, 0x00, 0x00, 0x00, 0x00, 0x00, 0x00, 0xca, 0xff, 0x6e, 0x00, 0x00,  //...........@@+.. 
  0x00, 0x00, 0x00, 0x00, 0x00, 0x00, 0x00, 0x00, 0x00, 0x00, 0x00, 0xca, 0xff, 0x6e, 0x00, 0x00,  //...........@@+.. 
  0x00, 0x00, 0x00, 0x00, 0x00, 0x00, 0x00, 0x00, 0x00, 0x00, 0x00, 0xca, 0xff, 0x6e, 0x00, 0x00,  //...........@@+.. 
  0x00, 0x00, 0x00, 0x00, 0x00, 0x00, 0x00, 0x00, 0x00, 0x00, 0x00, 0x0a, 0x0e, 0x06, 0x00, 0x00,  //................ 


  /*Unicode: U+c5b4 (어) , Width: 15 */
  0x00, 0x00, 0x00, 0x00, 0x00, 0x00, 0x00, 0x00, 0x00, 0x00, 0x00, 0x00, 0x00, 0x00, 0x00,  //............... 
  0x00, 0x00, 0x00, 0x00, 0x00, 0x00, 0x00, 0x00, 0x00, 0x00, 0x00, 0x0a, 0x9e, 0x9e, 0x18,  //............%%. 
  0x00, 0x00, 0x00, 0x4e, 0x9a, 0xa6, 0x70, 0x0a, 0x00, 0x00, 0x00, 0x12, 0xff, 0xff, 0x26,  //...+%%+.....@@. 
  0x00, 0x00, 0xa0, 0xff, 0xff, 0xff, 0xff, 0xd8, 0x18, 0x00, 0x00, 0x12, 0xff, 0xff, 0x26,  //..%@@@@@....@@. 
  0x00, 0x5c, 0xff, 0xf6, 0x68, 0x4a, 0xd8, 0xff, 0xb0, 0x00, 0x00, 0x12, 0xff, 0xff, 0x26,  //.+@@++@@%...@@. 
  0x00, 0xca, 0xff, 0x8c, 0x00, 0x00, 0x40, 0xff, 0xff, 0x1c, 0x00, 0x12, 0xff, 0xff, 0x26,  //.@@%..+@@...@@. 
  0x0c, 0xfc, 0xff, 0x3c, 0x00, 0x00, 0x00, 0xea, 0xff, 0x58, 0x00, 0x12, 0xff, 0xff, 0x26,  //.@@....@@+..@@. 
  0x2a, 0xff, 0xff, 0x1c, 0x00, 0x00, 0x00, 0xcc, 0xff, 0xee, 0xe2, 0xe4, 0xff, 0xff, 0x26,  //.@@....@@@@@@@. 
  0x32, 0xff, 0xff, 0x10, 0x00, 0x00, 0x00, 0xc0, 0xff, 0xff, 0xff, 0xff, 0xff, 0xff, 0x26,  //.@@....@@@@@@@. 
  0x24, 0xff, 0xff, 0x20, 0x00, 0x00, 0x00, 0xd2, 0xff, 0x7e, 0x12, 0x24, 0xff, 0xff, 0x26,  //.@@....@@+..@@. 
  0x04, 0xf8, 0xff, 0x4e, 0x00, 0x00, 0x0a, 0xf4, 0xff, 0x4e, 0x00, 0x12, 0xff, 0xff, 0x26,  //.@@+...@@+..@@. 
  0x00, 0xb2, 0xff, 0xac, 0x00, 0x00, 0x60, 0xff, 0xf6, 0x10, 0x00, 0x12, 0xff, 0xff, 0x26,  //.%@%..+@@...@@. 
  0x00, 0x38, 0xfc, 0xff, 0xae, 0x92, 0xf4, 0xff, 0x8a, 0x00, 0x00, 0x12, 0xff, 0xff, 0x26,  //..@@%%@@%...@@. 
  0x00, 0x00, 0x60, 0xf4, 0xff, 0xff, 0xff, 0xa2, 0x04, 0x00, 0x00, 0x12, 0xff, 0xff, 0x26,  //..+@@@@%....@@. 
  0x00, 0x00, 0x00, 0x12, 0x54, 0x5e, 0x2a, 0x00, 0x00, 0x00, 0x00, 0x12, 0xff, 0xff, 0x26,  //....++......@@. 
  0x00, 0x00, 0x00, 0x00, 0x00, 0x00, 0x00, 0x00, 0x00, 0x00, 0x00, 0x12, 0xff, 0xff, 0x26,  //............@@. 
  0x00, 0x00, 0x00, 0x00, 0x00, 0x00, 0x00, 0x00, 0x00, 0x00, 0x00, 0x12, 0xff, 0xff, 0x26,  //............@@. 
  0x00, 0x00, 0x00, 0x00, 0x00, 0x00, 0x00, 0x00, 0x00, 0x00, 0x00, 0x12, 0xff, 0xff, 0x26,  //............@@. 
  0x00, 0x00, 0x00, 0x00, 0x00, 0x00, 0x00, 0x00, 0x00, 0x00, 0x00, 0x00, 0x0e, 0x0e, 0x00,  //............... 


  /*Unicode: U+c5bc (얼) , Width: 14 */
  0x00, 0x00, 0x00, 0x00, 0x00, 0x00, 0x00, 0x00, 0x00, 0x00, 0x00, 0x00, 0x00, 0x00,  //.............. 
  0x00, 0x00, 0x00, 0x22, 0x30, 0x0e, 0x00, 0x00, 0x00, 0x00, 0x08, 0x86, 0x86, 0x14,  //...........%%. 
  0x00, 0x3a, 0xd2, 0xff, 0xff, 0xff, 0xb0, 0x1e, 0x00, 0x00, 0x12, 0xff, 0xff, 0x26,  //..@@@@%....@@. 
  0x3a, 0xfa, 0xff, 0xd6, 0xae, 0xe6, 0xff, 0xe0, 0x12, 0x00, 0x12, 0xff, 0xff, 0x26,  //.@@@%@@@...@@. 
  0xbc, 0xff, 0xac, 0x00, 0x00, 0x0e, 0xdc, 0xff, 0x94, 0x3a, 0x4a, 0xff, 0xff, 0x26,  //%@%...@@%.+@@. 
  0xee, 0xff, 0x52, 0x00, 0x00, 0x00, 0x90, 0xff, 0xff, 0xff, 0xff, 0xff, 0xff, 0x26,  //@@+...%@@@@@@. 
  0xde, 0xff, 0x6c, 0x00, 0x00, 0x00, 0xaa, 0xff, 0xd6, 0x9e, 0xa6, 0xff, 0xff, 0x26,  //@@+...%@@%%@@. 
  0x88, 0xff, 0xe8, 0x54, 0x2c, 0x72, 0xfc, 0xff, 0x46, 0x00, 0x12, 0xff, 0xff, 0x26,  //%@@+.+@@+..@@. 
  0x08, 0xb4, 0xff, 0xff, 0xff, 0xff, 0xfc, 0x80, 0x00, 0x00, 0x12, 0xff, 0xff, 0x26,  //.%@@@@@%...@@. 
  0x00, 0x00, 0x4c, 0x9a, 0xaa, 0x88, 0x2e, 0x00, 0x00, 0x00, 0x12, 0xff, 0xff, 0x26,  //..+%%%.....@@. 
  0x00, 0x00, 0x24, 0x4a, 0x4a, 0x4a, 0x4a, 0x4a, 0x4a, 0x4a, 0x4a, 0x4a, 0x4a, 0x0a,  //...++++++++++. 
  0x00, 0x00, 0x7e, 0xff, 0xff, 0xff, 0xff, 0xff, 0xff, 0xff, 0xff, 0xff, 0xff, 0x26,  //..+@@@@@@@@@@. 
  0x00, 0x00, 0x40, 0x82, 0x82, 0x82, 0x82, 0x82, 0x82, 0x82, 0x8a, 0xff, 0xff, 0x26,  //..+%%%%%%%%@@. 
  0x00, 0x00, 0x42, 0x86, 0x86, 0x86, 0x86, 0x86, 0x86, 0x86, 0x8e, 0xff, 0xff, 0x26,  //..+%%%%%%%%@@. 
  0x00, 0x00, 0x7e, 0xff, 0xff, 0xff, 0xff, 0xff, 0xff, 0xff, 0xff, 0xff, 0xff, 0x26,  //..+@@@@@@@@@@. 
  0x00, 0x00, 0x7e, 0xff, 0xbe, 0x3a, 0x3a, 0x3a, 0x3a, 0x3a, 0x3a, 0x3a, 0x3a, 0x08,  //..+@%......... 
  0x00, 0x00, 0x7e, 0xff, 0xf0, 0xd6, 0xd6, 0xd6, 0xd6, 0xd6, 0xd6, 0xd6, 0xd6, 0x66,  //..+@@@@@@@@@@+ 
  0x00, 0x00, 0x7c, 0xfa, 0xfa, 0xfa, 0xfa, 0xfa, 0xfa, 0xfa, 0xfa, 0xfa, 0xfa, 0x78,  //..+@@@@@@@@@@+ 
  0x00, 0x00, 0x00, 0x00, 0x00, 0x00, 0x00, 0x00, 0x00, 0x00, 0x00, 0x00, 0x00, 0x00,  //.............. 


  /*Unicode: U+c5c5 (업) , Width: 14 */
  0x00, 0x00, 0x00, 0x00, 0x00, 0x00, 0x00, 0x00, 0x00, 0x00, 0x00, 0x00, 0x00, 0x00,  //.............. 
  0x00, 0x00, 0x00, 0x0a, 0x16, 0x00, 0x00, 0x00, 0x00, 0x00, 0x08, 0x7a, 0x7a, 0x12,  //...........++. 
  0x00, 0x2a, 0xbc, 0xfc, 0xff, 0xf4, 0x98, 0x12, 0x00, 0x00, 0x12, 0xff, 0xff, 0x26,  //..%@@@%....@@. 
  0x24, 0xf4, 0xff, 0xde, 0xba, 0xee, 0xff, 0xce, 0x08, 0x00, 0x12, 0xff, 0xff, 0x26,  //.@@@%@@@...@@. 
  0xb2, 0xff, 0xb2, 0x02, 0x00, 0x18, 0xe8, 0xff, 0x74, 0x1e, 0x30, 0xff, 0xff, 0x26,  //%@%...@@+..@@. 
  0xec, 0xff, 0x4e, 0x00, 0x00, 0x00, 0x98, 0xff, 0xff, 0xff, 0xff, 0xff, 0xff, 0x26,  //@@+...%@@@@@@. 
  0xe8, 0xff, 0x52, 0x00, 0x00, 0x00, 0x9c, 0xff, 0xe2, 0xba, 0xc0, 0xff, 0xff, 0x26,  //@@+...%@@%@@@. 
  0xa4, 0xff, 0xbe, 0x0a, 0x00, 0x24, 0xee, 0xff, 0x5c, 0x00, 0x12, 0xff, 0xff, 0x26,  //%@%...@@+..@@. 
  0x18, 0xea, 0xff, 0xf0, 0xd4, 0xf8, 0xff, 0xbe, 0x04, 0x00, 0x12, 0xff, 0xff, 0x26,  //.@@@@@@%...@@. 
  0x00, 0x18, 0x9c, 0xe8, 0xf6, 0xd6, 0x7e, 0x0a, 0x00, 0x00, 0x12, 0xff, 0xff, 0x26,  //..%@@@+....@@. 
  0x00, 0x00, 0x08, 0x12, 0x0c, 0x00, 0x00, 0x00, 0x00, 0x00, 0x04, 0x4a, 0x4a, 0x0a,  //...........++. 
  0x00, 0x00, 0x76, 0xff, 0xb2, 0x00, 0x00, 0x00, 0x00, 0x00, 0x0e, 0xff, 0xff, 0x26,  //..+@%......@@. 
  0x00, 0x00, 0x76, 0xff, 0xca, 0x52, 0x52, 0x52, 0x52, 0x52, 0x5c, 0xff, 0xff, 0x26,  //..+@@++++++@@. 
  0x00, 0x00, 0x76, 0xff, 0xff, 0xff, 0xff, 0xff, 0xff, 0xff, 0xff, 0xff, 0xff, 0x26,  //..+@@@@@@@@@@. 
  0x00, 0x00, 0x76, 0xff, 0xd4, 0x72, 0x72, 0x72, 0x72, 0x72, 0x7a, 0xff, 0xff, 0x26,  //..+@@++++++@@. 
  0x00, 0x00, 0x76, 0xff, 0xb2, 0x00, 0x00, 0x00, 0x00, 0x00, 0x0e, 0xff, 0xff, 0x26,  //..+@%......@@. 
  0x00, 0x00, 0x76, 0xff, 0xf6, 0xe6, 0xe6, 0xe6, 0xe6, 0xe6, 0xe8, 0xff, 0xff, 0x26,  //..+@@@@@@@@@@. 
  0x00, 0x00, 0x6e, 0xee, 0xee, 0xee, 0xee, 0xee, 0xee, 0xee, 0xee, 0xee, 0xee, 0x24,  //..+@@@@@@@@@@. 
  0x00, 0x00, 0x00, 0x00, 0x00, 0x00, 0x00, 0x00, 0x00, 0x00, 0x00, 0x00, 0x00, 0x00,  //.............. 


  /*Unicode: U+c5c6 (없) , Width: 15 */
  0x00, 0x00, 0x00, 0x00, 0x00, 0x00, 0x00, 0x00, 0x00, 0x00, 0x00, 0x00, 0x00, 0x00, 0x00,  //............... 
  0x00, 0x00, 0x04, 0x38, 0x44, 0x24, 0x00, 0x00, 0x00, 0x00, 0x0e, 0xaa, 0xaa, 0x16, 0x00,  //....+......%%.. 
  0x00, 0x50, 0xe4, 0xff, 0xff, 0xff, 0xc4, 0x26, 0x00, 0x00, 0x16, 0xff, 0xff, 0x22, 0x00,  //.+@@@@@....@@.. 
  0x3c, 0xfc, 0xff, 0xb4, 0x8e, 0xd6, 0xff, 0xe4, 0x10, 0x00, 0x16, 0xff, 0xff, 0x22, 0x00,  //.@@%%@@@...@@.. 
  0xc4, 0xff, 0x92, 0x00, 0x00, 0x08, 0xdc, 0xff, 0x94, 0x4a, 0x5a, 0xff, 0xff, 0x22, 0x00,  //@@%...@@%++@@.. 
  0xf2, 0xff, 0x46, 0x00, 0x00, 0x00, 0x96, 0xff, 0xff, 0xff, 0xff, 0xff, 0xff, 0x22, 0x00,  //@@+...%@@@@@@.. 
  0xe6, 0xff, 0x58, 0x00, 0x00, 0x00, 0xaa, 0xff, 0xc8, 0x8a, 0x94, 0xff, 0xff, 0x22, 0x00,  //@@+...%@@%%@@.. 
  0x92, 0xff, 0xd2, 0x26, 0x02, 0x4e, 0xf8, 0xff, 0x46, 0x00, 0x16, 0xff, 0xff, 0x22, 0x00,  //%@@..+@@+..@@.. 
  0x0c, 0xd4, 0xff, 0xff, 0xfc, 0xff, 0xff, 0x9a, 0x00, 0x00, 0x16, 0xff, 0xff, 0x22, 0x00,  //.@@@@@@%...@@.. 
  0x00, 0x06, 0x72, 0xbc, 0xca, 0xa6, 0x4c, 0x00, 0x00, 0x00, 0x16, 0xff, 0xff, 0x22, 0x00,  //..+%@%+....@@.. 
  0x00, 0x00, 0x00, 0x00, 0x00, 0x00, 0x1e, 0x1e, 0x00, 0x00, 0x4a, 0x6e, 0x28, 0x02, 0x00,  //..........++... 
  0x00, 0x30, 0xf6, 0xd4, 0x00, 0x02, 0xff, 0xfa, 0x00, 0x00, 0xe0, 0xff, 0x26, 0x00, 0x00,  //..@@..@@..@@... 
  0x00, 0x32, 0xff, 0xe0, 0x26, 0x2a, 0xff, 0xfa, 0x00, 0x00, 0xec, 0xff, 0x12, 0x00, 0x00,  //..@@..@@..@@... 
  0x00, 0x32, 0xff, 0xff, 0xff, 0xff, 0xff, 0xfa, 0x00, 0x22, 0xff, 0xff, 0x42, 0x00, 0x00,  //..@@@@@@..@@+.. 
  0x00, 0x32, 0xff, 0xe4, 0x5a, 0x5a, 0xf6, 0xfa, 0x00, 0x94, 0xff, 0xff, 0xc0, 0x00, 0x00,  //..@@++@@.%@@@.. 
  0x00, 0x32, 0xff, 0xd6, 0x00, 0x00, 0xf2, 0xfa, 0x60, 0xfc, 0xf6, 0xe6, 0xff, 0x90, 0x00,  //..@@..@@+@@@@%. 
  0x00, 0x32, 0xff, 0xf6, 0xc6, 0xc6, 0xfc, 0xff, 0xfc, 0xff, 0x5c, 0x3e, 0xfa, 0xff, 0xa0,  //..@@@@@@@@+.@@% 
  0x00, 0x2a, 0xd2, 0xd2, 0xd2, 0xd2, 0xd2, 0xd2, 0xe0, 0x5e, 0x00, 0x00, 0x4a, 0xd0, 0x22,  //..@@@@@@@+..+@. 
  0x00, 0x00, 0x00, 0x00, 0x00, 0x00, 0x00, 0x00, 0x02, 0x00, 0x00, 0x00, 0x00, 0x00, 0x00,  //............... 


  /*Unicode: U+c5c8 (었) , Width: 15 */
  0x00, 0x00, 0x00, 0x00, 0x00, 0x00, 0x00, 0x00, 0x00, 0x00, 0x00, 0x00, 0x00, 0x00, 0x00,  //............... 
  0x00, 0x00, 0x00, 0x28, 0x34, 0x10, 0x00, 0x00, 0x00, 0x00, 0x0a, 0x96, 0x96, 0x16, 0x00,  //...........%%.. 
  0x00, 0x3c, 0xd8, 0xff, 0xff, 0xfc, 0xaa, 0x16, 0x00, 0x00, 0x12, 0xff, 0xff, 0x26, 0x00,  //..@@@@%....@@.. 
  0x2e, 0xf8, 0xff, 0xc4, 0xa0, 0xe4, 0xff, 0xd2, 0x08, 0x00, 0x12, 0xff, 0xff, 0x26, 0x00,  //.@@@%@@@...@@.. 
  0xbc, 0xff, 0x9c, 0x00, 0x00, 0x12, 0xe8, 0xff, 0x66, 0x06, 0x1a, 0xff, 0xff, 0x26, 0x00,  //%@%...@@+..@@.. 
  0xf4, 0xff, 0x42, 0x00, 0x00, 0x00, 0xa0, 0xff, 0xff, 0xff, 0xff, 0xff, 0xff, 0x26, 0x00,  //@@+...%@@@@@@.. 
  0xf2, 0xff, 0x46, 0x00, 0x00, 0x00, 0xa2, 0xff, 0xf4, 0xe6, 0xe8, 0xff, 0xff, 0x26, 0x00,  //@@+...%@@@@@@.. 
  0xb4, 0xff, 0xac, 0x02, 0x00, 0x1e, 0xee, 0xff, 0x58, 0x00, 0x12, 0xff, 0xff, 0x26, 0x00,  //%@%...@@+..@@.. 
  0x24, 0xf4, 0xff, 0xd8, 0xb6, 0xf0, 0xff, 0xc2, 0x04, 0x00, 0x12, 0xff, 0xff, 0x26, 0x00,  //.@@@%@@@...@@.. 
  0x00, 0x2a, 0xbe, 0xfc, 0xff, 0xee, 0x8e, 0x0e, 0x00, 0x00, 0x12, 0xff, 0xff, 0x26, 0x00,  //..%@@@%....@@.. 
  0x00, 0x00, 0x00, 0x0a, 0x14, 0x00, 0x00, 0x00, 0x00, 0x00, 0x0c, 0xb6, 0xb6, 0x1a, 0x00,  //...........%%.. 
  0x00, 0x00, 0x00, 0x00, 0x9a, 0xaa, 0x3a, 0x00, 0x00, 0x76, 0xb6, 0x66, 0x00, 0x00, 0x00,  //....%%...+%+... 
  0x00, 0x00, 0x00, 0x00, 0xf2, 0xff, 0x40, 0x00, 0x00, 0xac, 0xff, 0x74, 0x00, 0x00, 0x00,  //....@@+..%@+... 
  0x00, 0x00, 0x00, 0x3e, 0xff, 0xff, 0x70, 0x00, 0x00, 0xde, 0xff, 0x98, 0x00, 0x00, 0x00,  //....@@+..@@%... 
  0x00, 0x00, 0x04, 0xc0, 0xff, 0xff, 0xe6, 0x10, 0x4c, 0xff, 0xff, 0xfa, 0x42, 0x00, 0x00,  //...@@@@.+@@@+.. 
  0x00, 0x0e, 0xae, 0xff, 0xe2, 0x98, 0xff, 0xc6, 0xea, 0xff, 0xa2, 0xff, 0xf6, 0x68, 0x00,  //..%@@%@@@@%@@+. 
  0x1c, 0xe8, 0xff, 0xec, 0x2c, 0x02, 0xc2, 0xff, 0xff, 0x84, 0x00, 0x82, 0xff, 0xff, 0x90,  //.@@@..@@@%.%@@% 
  0x00, 0x76, 0xb4, 0x18, 0x00, 0x00, 0x0c, 0xbe, 0x70, 0x00, 0x00, 0x00, 0x52, 0xd0, 0x16,  //.+%....%+...+@. 
  0x00, 0x00, 0x00, 0x00, 0x00, 0x00, 0x00, 0x00, 0x00, 0x00, 0x00, 0x00, 0x00, 0x00, 0x00,  //............... 


  /*Unicode: U+c5d0 (에) , Width: 15 */
  0x00, 0x00, 0x00, 0x00, 0x00, 0x00, 0x00, 0x00, 0x00, 0x00, 0x00, 0x00, 0x00, 0x00, 0x00,  //............... 
  0x00, 0x00, 0x00, 0x00, 0x00, 0x00, 0x00, 0x00, 0x00, 0x42, 0x6e, 0x30, 0x42, 0x9e, 0x6c,  //.........++.+%+ 
  0x00, 0x00, 0x0c, 0x6e, 0x94, 0x74, 0x12, 0x00, 0x00, 0x9a, 0xff, 0x6e, 0x6a, 0xff, 0xae,  //...+%+...%@++@% 
  0x00, 0x0c, 0xd4, 0xff, 0xff, 0xff, 0xe0, 0x14, 0x00, 0x9a, 0xff, 0x6e, 0x6a, 0xff, 0xae,  //..@@@@@..%@++@% 
  0x00, 0x78, 0xff, 0xdc, 0x60, 0xd2, 0xff, 0x8e, 0x00, 0x9a, 0xff, 0x6e, 0x6a, 0xff, 0xae,  //.+@@+@@%.%@++@% 
  0x00, 0xc8, 0xff, 0x6a, 0x00, 0x4e, 0xff, 0xde, 0x00, 0x9a, 0xff, 0x6e, 0x6a, 0xff, 0xae,  //.@@+.+@@.%@++@% 
  0x00, 0xf4, 0xff, 0x3c, 0x00, 0x1a, 0xff, 0xff, 0x0a, 0x9a, 0xff, 0x6e, 0x6a, 0xff, 0xae,  //.@@...@@.%@++@% 
  0x0a, 0xff, 0xff, 0x2a, 0x00, 0x06, 0xff, 0xff, 0xfa, 0xfc, 0xff, 0x6e, 0x6a, 0xff, 0xae,  //.@@...@@@@@++@% 
  0x10, 0xff, 0xff, 0x24, 0x00, 0x00, 0xfc, 0xff, 0xfa, 0xfc, 0xff, 0x6e, 0x6a, 0xff, 0xae,  //.@@...@@@@@++@% 
  0x06, 0xff, 0xff, 0x2e, 0x00, 0x08, 0xff, 0xff, 0x18, 0x9a, 0xff, 0x6e, 0x6a, 0xff, 0xae,  //.@@...@@.%@++@% 
  0x00, 0xea, 0xff, 0x46, 0x00, 0x24, 0xff, 0xf8, 0x02, 0x9a, 0xff, 0x6e, 0x6a, 0xff, 0xae,  //.@@+..@@.%@++@% 
  0x00, 0xb4, 0xff, 0x7c, 0x00, 0x62, 0xff, 0xc6, 0x00, 0x9a, 0xff, 0x6e, 0x6a, 0xff, 0xae,  //.%@+.+@@.%@++@% 
  0x00, 0x56, 0xff, 0xf4, 0x9e, 0xee, 0xff, 0x68, 0x00, 0x9a, 0xff, 0x6e, 0x6a, 0xff, 0xae,  //.+@@%@@+.%@++@% 
  0x00, 0x00, 0x9e, 0xff, 0xff, 0xff, 0xac, 0x02, 0x00, 0x9a, 0xff, 0x6e, 0x6a, 0xff, 0xae,  //..%@@@%..%@++@% 
  0x00, 0x00, 0x00, 0x2e, 0x54, 0x32, 0x00, 0x00, 0x00, 0x9a, 0xff, 0x6e, 0x6a, 0xff, 0xae,  //....+....%@++@% 
  0x00, 0x00, 0x00, 0x00, 0x00, 0x00, 0x00, 0x00, 0x00, 0x9a, 0xff, 0x6e, 0x6a, 0xff, 0xae,  //.........%@++@% 
  0x00, 0x00, 0x00, 0x00, 0x00, 0x00, 0x00, 0x00, 0x00, 0x9a, 0xff, 0x6e, 0x6a, 0xff, 0xae,  //.........%@++@% 
  0x00, 0x00, 0x00, 0x00, 0x00, 0x00, 0x00, 0x00, 0x00, 0x64, 0xa6, 0x48, 0x6a, 0xff, 0xae,  //.........+%++@% 
  0x00, 0x00, 0x00, 0x00, 0x00, 0x00, 0x00, 0x00, 0x00, 0x00, 0x00, 0x00, 0x04, 0x0e, 0x0a,  //............... 


  /*Unicode: U+c5ec (여) , Width: 15 */
  0x00, 0x00, 0x00, 0x00, 0x00, 0x00, 0x00, 0x00, 0x00, 0x00, 0x00, 0x00, 0x00, 0x00, 0x00,  //............... 
  0x00, 0x00, 0x00, 0x00, 0x00, 0x00, 0x00, 0x00, 0x00, 0x00, 0x00, 0x0a, 0x9e, 0x9e, 0x18,  //............%%. 
  0x00, 0x00, 0x00, 0x4e, 0x9a, 0xa2, 0x6c, 0x0a, 0x00, 0x00, 0x00, 0x12, 0xff, 0xff, 0x26,  //...+%%+.....@@. 
  0x00, 0x00, 0xa0, 0xff, 0xff, 0xff, 0xff, 0xd4, 0x16, 0x00, 0x00, 0x12, 0xff, 0xff, 0x26,  //..%@@@@@....@@. 
  0x00, 0x5c, 0xff, 0xf6, 0x68, 0x4a, 0xd8, 0xff, 0xb6, 0x5e, 0x5e, 0x6a, 0xff, 0xff, 0x26,  //.+@@++@@%+++@@. 
  0x00, 0xca, 0xff, 0x8c, 0x00, 0x00, 0x40, 0xff, 0xff, 0xff, 0xff, 0xff, 0xff, 0xff, 0x26,  //.@@%..+@@@@@@@. 
  0x0c, 0xfc, 0xff, 0x3c, 0x00, 0x00, 0x00, 0xea, 0xff, 0xa2, 0x6e, 0x74, 0xff, 0xff, 0x26,  //.@@....@@%++@@. 
  0x2a, 0xff, 0xff, 0x1c, 0x00, 0x00, 0x00, 0xcc, 0xff, 0x6c, 0x00, 0x0a, 0xff, 0xff, 0x26,  //.@@....@@+..@@. 
  0x32, 0xff, 0xff, 0x10, 0x00, 0x00, 0x00, 0xc0, 0xff, 0x78, 0x00, 0x0a, 0xff, 0xff, 0x26,  //.@@....@@+..@@. 
  0x24, 0xff, 0xff, 0x20, 0x00, 0x00, 0x00, 0xd2, 0xff, 0x76, 0x12, 0x1e, 0xff, 0xff, 0x26,  //.@@....@@+..@@. 
  0x04, 0xf8, 0xff, 0x4e, 0x00, 0x00, 0x0a, 0xf4, 0xff, 0xff, 0xff, 0xff, 0xff, 0xff, 0x26,  //.@@+...@@@@@@@. 
  0x00, 0xb2, 0xff, 0xac, 0x00, 0x00, 0x60, 0xff, 0xf6, 0xc2, 0xc2, 0xc6, 0xff, 0xff, 0x26,  //.%@%..+@@@@@@@. 
  0x00, 0x38, 0xfc, 0xff, 0xae, 0x92, 0xf4, 0xff, 0x7e, 0x00, 0x00, 0x12, 0xff, 0xff, 0x26,  //..@@%%@@+...@@. 
  0x00, 0x00, 0x60, 0xf4, 0xff, 0xff, 0xfc, 0x9a, 0x02, 0x00, 0x00, 0x12, 0xff, 0xff, 0x26,  //..+@@@@%....@@. 
  0x00, 0x00, 0x00, 0x12, 0x54, 0x5a, 0x26, 0x00, 0x00, 0x00, 0x00, 0x12, 0xff, 0xff, 0x26,  //....++......@@. 
  0x00, 0x00, 0x00, 0x00, 0x00, 0x00, 0x00, 0x00, 0x00, 0x00, 0x00, 0x12, 0xff, 0xff, 0x26,  //............@@. 
  0x00, 0x00, 0x00, 0x00, 0x00, 0x00, 0x00, 0x00, 0x00, 0x00, 0x00, 0x12, 0xff, 0xff, 0x26,  //............@@. 
  0x00, 0x00, 0x00, 0x00, 0x00, 0x00, 0x00, 0x00, 0x00, 0x00, 0x00, 0x12, 0xff, 0xff, 0x26,  //............@@. 
  0x00, 0x00, 0x00, 0x00, 0x00, 0x00, 0x00, 0x00, 0x00, 0x00, 0x00, 0x00, 0x0e, 0x0e, 0x00,  //............... 


  /*Unicode: U+c5f0 (연) , Width: 15 */
  0x00, 0x00, 0x00, 0x00, 0x00, 0x00, 0x00, 0x00, 0x00, 0x00, 0x00, 0x00, 0x00, 0x00, 0x00,  //............... 
  0x00, 0x00, 0x00, 0x00, 0x00, 0x00, 0x00, 0x00, 0x00, 0x00, 0x00, 0x08, 0x72, 0x72, 0x10,  //............++. 
  0x00, 0x00, 0x0c, 0x76, 0xbe, 0xca, 0xa4, 0x32, 0x00, 0x00, 0x00, 0x12, 0xff, 0xff, 0x26,  //...+%@%.....@@. 
  0x00, 0x10, 0xd8, 0xff, 0xff, 0xff, 0xff, 0xfa, 0xae, 0xa2, 0xa2, 0xaa, 0xff, 0xff, 0x26,  //..@@@@@@%%%%@@. 
  0x00, 0xa0, 0xff, 0xdc, 0x3a, 0x18, 0x78, 0xff, 0xff, 0xff, 0xff, 0xff, 0xff, 0xff, 0x26,  //.%@@..+@@@@@@@. 
  0x0a, 0xfa, 0xff, 0x52, 0x00, 0x00, 0x00, 0xbe, 0xff, 0x8c, 0x16, 0x1a, 0xff, 0xff, 0x26,  //.@@+...%@%..@@. 
  0x20, 0xff, 0xff, 0x2a, 0x00, 0x00, 0x00, 0x94, 0xff, 0x9e, 0x00, 0x06, 0xff, 0xff, 0x26,  //.@@....%@%..@@. 
  0x0a, 0xfa, 0xff, 0x52, 0x00, 0x00, 0x00, 0xbe, 0xff, 0x86, 0x00, 0x0a, 0xff, 0xff, 0x26,  //.@@+...%@%..@@. 
  0x00, 0xa4, 0xff, 0xdc, 0x44, 0x24, 0x82, 0xff, 0xff, 0xe8, 0xda, 0xdc, 0xff, 0xff, 0x26,  //.%@@+.%@@@@@@@. 
  0x00, 0x12, 0xd4, 0xff, 0xff, 0xff, 0xff, 0xfc, 0xde, 0xde, 0xde, 0xe0, 0xff, 0xff, 0x26,  //..@@@@@@@@@@@@. 
  0x00, 0x00, 0x06, 0x74, 0xba, 0xc2, 0x9c, 0x32, 0x00, 0x00, 0x00, 0x12, 0xff, 0xff, 0x26,  //...+%@%.....@@. 
  0x00, 0x00, 0x00, 0x00, 0x00, 0x00, 0x00, 0x00, 0x00, 0x00, 0x00, 0x12, 0xff, 0xff, 0x26,  //............@@. 
  0x00, 0x00, 0x00, 0x18, 0x3a, 0x2c, 0x00, 0x00, 0x00, 0x00, 0x00, 0x12, 0xff, 0xff, 0x26,  //............@@. 
  0x00, 0x00, 0x00, 0x6a, 0xff, 0xc6, 0x00, 0x00, 0x00, 0x00, 0x00, 0x06, 0x66, 0x66, 0x0e,  //...+@@......++. 
  0x00, 0x00, 0x00, 0x6a, 0xff, 0xc6, 0x00, 0x00, 0x00, 0x00, 0x00, 0x00, 0x00, 0x00, 0x00,  //...+@@......... 
  0x00, 0x00, 0x00, 0x6a, 0xff, 0xc6, 0x00, 0x00, 0x00, 0x00, 0x00, 0x00, 0x00, 0x00, 0x00,  //...+@@......... 
  0x00, 0x00, 0x00, 0x6a, 0xff, 0xff, 0xfa, 0xfa, 0xfa, 0xfa, 0xfa, 0xfa, 0xfa, 0xfa, 0x78,  //...+@@@@@@@@@@+ 
  0x00, 0x00, 0x00, 0x60, 0xe6, 0xe6, 0xe6, 0xe6, 0xe6, 0xe6, 0xe6, 0xe6, 0xe6, 0xe6, 0x6e,  //...+@@@@@@@@@@+ 
  0x00, 0x00, 0x00, 0x00, 0x00, 0x00, 0x00, 0x00, 0x00, 0x00, 0x00, 0x00, 0x00, 0x00, 0x00,  //............... 


  /*Unicode: U+c5f4 (열) , Width: 14 */
  0x00, 0x00, 0x00, 0x00, 0x00, 0x00, 0x00, 0x00, 0x00, 0x00, 0x00, 0x00, 0x00, 0x00,  //.............. 
  0x00, 0x00, 0x00, 0x22, 0x34, 0x14, 0x00, 0x00, 0x00, 0x00, 0x08, 0x86, 0x86, 0x14,  //...........%%. 
  0x00, 0x3c, 0xd4, 0xff, 0xff, 0xfc, 0xac, 0x1a, 0x00, 0x00, 0x12, 0xff, 0xff, 0x26,  //..@@@@%....@@. 
  0x30, 0xf8, 0xff, 0xd4, 0xae, 0xe6, 0xff, 0xff, 0xff, 0xff, 0xff, 0xff, 0xff, 0x26,  //.@@@%@@@@@@@@. 
  0xbc, 0xff, 0xaa, 0x00, 0x00, 0x0e, 0xde, 0xff, 0xe0, 0xb6, 0xba, 0xff, 0xff, 0x26,  //%@%...@@@%%@@. 
  0xee, 0xff, 0x52, 0x00, 0x00, 0x00, 0x90, 0xff, 0xaa, 0x00, 0x0e, 0xff, 0xff, 0x26,  //@@+...%@%..@@. 
  0xde, 0xff, 0x6c, 0x00, 0x00, 0x00, 0xaa, 0xff, 0xd0, 0x72, 0x7a, 0xff, 0xff, 0x26,  //@@+...%@@++@@. 
  0x80, 0xff, 0xe8, 0x54, 0x2c, 0x74, 0xfc, 0xff, 0xff, 0xff, 0xff, 0xff, 0xff, 0x26,  //%@@+.+@@@@@@@. 
  0x04, 0xb6, 0xff, 0xff, 0xff, 0xff, 0xfc, 0x8a, 0x46, 0x46, 0x54, 0xff, 0xff, 0x26,  //.%@@@@@%+++@@. 
  0x00, 0x00, 0x50, 0x9c, 0xac, 0x8c, 0x32, 0x00, 0x00, 0x00, 0x12, 0xff, 0xff, 0x26,  //..+%%%.....@@. 
  0x00, 0x00, 0x24, 0x4a, 0x4a, 0x4a, 0x4a, 0x4a, 0x4a, 0x4a, 0x4a, 0x4a, 0x4a, 0x0a,  //...++++++++++. 
  0x00, 0x00, 0x7e, 0xff, 0xff, 0xff, 0xff, 0xff, 0xff, 0xff, 0xff, 0xff, 0xff, 0x26,  //..+@@@@@@@@@@. 
  0x00, 0x00, 0x40, 0x82, 0x82, 0x82, 0x82, 0x82, 0x82, 0x82, 0x8a, 0xff, 0xff, 0x26,  //..+%%%%%%%%@@. 
  0x00, 0x00, 0x42, 0x86, 0x86, 0x86, 0x86, 0x86, 0x86, 0x86, 0x8e, 0xff, 0xff, 0x26,  //..+%%%%%%%%@@. 
  0x00, 0x00, 0x7e, 0xff, 0xff, 0xff, 0xff, 0xff, 0xff, 0xff, 0xff, 0xff, 0xff, 0x26,  //..+@@@@@@@@@@. 
  0x00, 0x00, 0x7e, 0xff, 0xbe, 0x3a, 0x3a, 0x3a, 0x3a, 0x3a, 0x3a, 0x3a, 0x3a, 0x08,  //..+@%......... 
  0x00, 0x00, 0x7e, 0xff, 0xf0, 0xd6, 0xd6, 0xd6, 0xd6, 0xd6, 0xd6, 0xd6, 0xd6, 0x66,  //..+@@@@@@@@@@+ 
  0x00, 0x00, 0x7c, 0xfa, 0xfa, 0xfa, 0xfa, 0xfa, 0xfa, 0xfa, 0xfa, 0xfa, 0xfa, 0x78,  //..+@@@@@@@@@@+ 
  0x00, 0x00, 0x00, 0x00, 0x00, 0x00, 0x00, 0x00, 0x00, 0x00, 0x00, 0x00, 0x00, 0x00,  //.............. 


  /*Unicode: U+c624 (오) , Width: 16 */
  0x00, 0x00, 0x00, 0x00, 0x00, 0x00, 0x00, 0x00, 0x00, 0x00, 0x00, 0x00, 0x00, 0x00, 0x00, 0x00,  //................ 
  0x00, 0x00, 0x00, 0x00, 0x00, 0x00, 0x00, 0x00, 0x00, 0x00, 0x00, 0x00, 0x00, 0x00, 0x00, 0x00,  //................ 
  0x00, 0x00, 0x00, 0x00, 0x00, 0x00, 0x00, 0x0c, 0x0c, 0x00, 0x00, 0x00, 0x00, 0x00, 0x00, 0x00,  //................ 
  0x00, 0x00, 0x00, 0x00, 0x2c, 0xa2, 0xec, 0xff, 0xff, 0xec, 0xa2, 0x2a, 0x00, 0x00, 0x00, 0x00,  //.....%@@@@%..... 
  0x00, 0x00, 0x00, 0x56, 0xf8, 0xff, 0xf8, 0xd4, 0xd4, 0xf8, 0xff, 0xf8, 0x52, 0x00, 0x00, 0x00,  //...+@@@@@@@@+... 
  0x00, 0x00, 0x1a, 0xf4, 0xff, 0xa8, 0x12, 0x00, 0x00, 0x12, 0xa8, 0xff, 0xf2, 0x18, 0x00, 0x00,  //...@@%....%@@... 
  0x00, 0x00, 0x70, 0xff, 0xe4, 0x06, 0x00, 0x00, 0x00, 0x00, 0x06, 0xe6, 0xff, 0x6e, 0x00, 0x00,  //..+@@......@@+.. 
  0x00, 0x00, 0x90, 0xff, 0xb6, 0x00, 0x00, 0x00, 0x00, 0x00, 0x00, 0xb8, 0xff, 0x90, 0x00, 0x00,  //..%@%......%@%.. 
  0x00, 0x00, 0x78, 0xff, 0xde, 0x02, 0x00, 0x00, 0x00, 0x00, 0x02, 0xe0, 0xff, 0x76, 0x00, 0x00,  //..+@@......@@+.. 
  0x00, 0x00, 0x24, 0xfa, 0xff, 0x96, 0x08, 0x00, 0x00, 0x0a, 0x98, 0xff, 0xfa, 0x22, 0x00, 0x00,  //...@@%....%@@... 
  0x00, 0x00, 0x00, 0x62, 0xf8, 0xff, 0xec, 0xc0, 0xc0, 0xec, 0xff, 0xf6, 0x5e, 0x00, 0x00, 0x00,  //...+@@@@@@@@+... 
  0x00, 0x00, 0x00, 0x00, 0x2c, 0xa4, 0xea, 0xff, 0xff, 0xea, 0xa2, 0x2a, 0x00, 0x00, 0x00, 0x00,  //.....%@@@@%..... 
  0x00, 0x00, 0x00, 0x00, 0x00, 0x00, 0x26, 0xff, 0xff, 0x26, 0x00, 0x00, 0x00, 0x00, 0x00, 0x00,  //.......@@....... 
  0x00, 0x00, 0x00, 0x00, 0x00, 0x00, 0x26, 0xff, 0xff, 0x26, 0x00, 0x00, 0x00, 0x00, 0x00, 0x00,  //.......@@....... 
  0x34, 0x4a, 0x4a, 0x4a, 0x4a, 0x4a, 0x66, 0xff, 0xff, 0x66, 0x4a, 0x4a, 0x4a, 0x4a, 0x4a, 0x34,  //.++++++@@++++++. 
  0xb6, 0xff, 0xff, 0xff, 0xff, 0xff, 0xff, 0xff, 0xff, 0xff, 0xff, 0xff, 0xff, 0xff, 0xff, 0xb6,  //%@@@@@@@@@@@@@@% 
  0x66, 0x8e, 0x8e, 0x8e, 0x8e, 0x8e, 0x8e, 0x8e, 0x8e, 0x8e, 0x8e, 0x8e, 0x8e, 0x8e, 0x8e, 0x66,  //+%%%%%%%%%%%%%%+ 
  0x00, 0x00, 0x00, 0x00, 0x00, 0x00, 0x00, 0x00, 0x00, 0x00, 0x00, 0x00, 0x00, 0x00, 0x00, 0x00,  //................ 
  0x00, 0x00, 0x00, 0x00, 0x00, 0x00, 0x00, 0x00, 0x00, 0x00, 0x00, 0x00, 0x00, 0x00, 0x00, 0x00,  //................ 


  /*Unicode: U+c628 (온) , Width: 16 */
  0x00, 0x00, 0x00, 0x00, 0x00, 0x00, 0x00, 0x00, 0x00, 0x00, 0x00, 0x00, 0x00, 0x00, 0x00, 0x00,  //................ 
  0x00, 0x00, 0x00, 0x00, 0x00, 0x2c, 0x64, 0x7a, 0x7a, 0x64, 0x2c, 0x00, 0x00, 0x00, 0x00, 0x00,  //......++++...... 
  0x00, 0x00, 0x00, 0x30, 0xcc, 0xff, 0xff, 0xff, 0xff, 0xff, 0xff, 0xca, 0x2c, 0x00, 0x00, 0x00,  //....@@@@@@@@.... 
  0x00, 0x00, 0x1c, 0xee, 0xff, 0xda, 0x78, 0x54, 0x54, 0x7a, 0xde, 0xff, 0xec, 0x18, 0x00, 0x00,  //...@@@++++@@@... 
  0x00, 0x00, 0x76, 0xff, 0xec, 0x10, 0x00, 0x00, 0x00, 0x00, 0x14, 0xf4, 0xff, 0x72, 0x00, 0x00,  //..+@@......@@+.. 
  0x00, 0x00, 0x82, 0xff, 0xde, 0x00, 0x00, 0x00, 0x00, 0x00, 0x00, 0xe6, 0xff, 0x7e, 0x00, 0x00,  //..%@@......@@+.. 
  0x00, 0x00, 0x32, 0xfc, 0xff, 0xac, 0x46, 0x26, 0x26, 0x48, 0xb4, 0xff, 0xfc, 0x2e, 0x00, 0x00,  //...@@%+..+%@@... 
  0x00, 0x00, 0x00, 0x60, 0xf4, 0xff, 0xff, 0xff, 0xff, 0xff, 0xff, 0xf2, 0x5c, 0x00, 0x00, 0x00,  //...+@@@@@@@@+... 
  0x00, 0x00, 0x00, 0x00, 0x12, 0x64, 0xa4, 0xff, 0xff, 0x9a, 0x62, 0x12, 0x00, 0x00, 0x00, 0x00,  //.....+%@@%+..... 
  0x00, 0x00, 0x00, 0x00, 0x00, 0x00, 0x2a, 0xff, 0xff, 0x12, 0x00, 0x00, 0x00, 0x00, 0x00, 0x00,  //.......@@....... 
  0xc6, 0xde, 0xde, 0xde, 0xde, 0xde, 0xe4, 0xff, 0xff, 0xe0, 0xde, 0xde, 0xde, 0xde, 0xde, 0xc6,  //@@@@@@@@@@@@@@@@ 
  0xe2, 0xff, 0xff, 0xff, 0xff, 0xff, 0xff, 0xff, 0xff, 0xff, 0xff, 0xff, 0xff, 0xff, 0xff, 0xe2,  //@@@@@@@@@@@@@@@@ 
  0x00, 0x00, 0x00, 0x00, 0x00, 0x00, 0x00, 0x00, 0x00, 0x00, 0x00, 0x00, 0x00, 0x00, 0x00, 0x00,  //................ 
  0x00, 0x00, 0x66, 0xea, 0xb0, 0x00, 0x00, 0x00, 0x00, 0x00, 0x00, 0x00, 0x00, 0x00, 0x00, 0x00,  //..+@%........... 
  0x00, 0x00, 0x6e, 0xff, 0xbe, 0x00, 0x00, 0x00, 0x00, 0x00, 0x00, 0x00, 0x00, 0x00, 0x00, 0x00,  //..+@%........... 
  0x00, 0x00, 0x6e, 0xff, 0xbe, 0x00, 0x00, 0x00, 0x00, 0x00, 0x00, 0x00, 0x00, 0x00, 0x00, 0x00,  //..+@%........... 
  0x00, 0x00, 0x6e, 0xff, 0xfa, 0xea, 0xea, 0xea, 0xea, 0xea, 0xea, 0xea, 0xea, 0xac, 0x00, 0x00,  //..+@@@@@@@@@@%.. 
  0x00, 0x00, 0x6a, 0xf6, 0xf6, 0xf6, 0xf6, 0xf6, 0xf6, 0xf6, 0xf6, 0xf6, 0xf6, 0xb4, 0x00, 0x00,  //..+@@@@@@@@@@%.. 
  0x00, 0x00, 0x00, 0x00, 0x00, 0x00, 0x00, 0x00, 0x00, 0x00, 0x00, 0x00, 0x00, 0x00, 0x00, 0x00,  //................ 


  /*Unicode: U+c62c (올) , Width: 16 */
  0x00, 0x00, 0x00, 0x00, 0x00, 0x00, 0x00, 0x00, 0x00, 0x00, 0x00, 0x00, 0x00, 0x00, 0x00, 0x00,  //................ 
  0x00, 0x00, 0x00, 0x00, 0x20, 0x64, 0x8c, 0x9c, 0x9c, 0x8c, 0x62, 0x1c, 0x00, 0x00, 0x00, 0x00,  //.....+%%%%+..... 
  0x00, 0x00, 0x02, 0x9c, 0xfc, 0xff, 0xff, 0xff, 0xff, 0xff, 0xff, 0xfa, 0x94, 0x00, 0x00, 0x00,  //...%@@@@@@@@%... 
  0x00, 0x00, 0x68, 0xff, 0xfa, 0x7a, 0x26, 0x08, 0x08, 0x28, 0x80, 0xfc, 0xff, 0x5e, 0x00, 0x00,  //..+@@+....%@@+.. 
  0x00, 0x00, 0x92, 0xff, 0xd0, 0x00, 0x00, 0x00, 0x00, 0x00, 0x00, 0xdc, 0xff, 0x8a, 0x00, 0x00,  //..%@@......@@%.. 
  0x00, 0x00, 0x48, 0xff, 0xff, 0xa6, 0x52, 0x32, 0x34, 0x54, 0xae, 0xff, 0xff, 0x40, 0x00, 0x00,  //..+@@%+..+%@@+.. 
  0x00, 0x00, 0x00, 0x5e, 0xe4, 0xff, 0xff, 0xff, 0xff, 0xff, 0xff, 0xe2, 0x58, 0x00, 0x00, 0x00,  //...+@@@@@@@@+... 
  0x00, 0x00, 0x00, 0x00, 0x00, 0x2c, 0x6e, 0xff, 0xff, 0x5e, 0x2c, 0x00, 0x00, 0x00, 0x00, 0x00,  //......+@@+...... 
  0x9a, 0xae, 0xae, 0xae, 0xae, 0xae, 0xbc, 0xff, 0xff, 0xb4, 0xae, 0xae, 0xae, 0xae, 0xae, 0x9a,  //%%%%%%%@@%%%%%%% 
  0xe2, 0xff, 0xff, 0xff, 0xff, 0xff, 0xff, 0xff, 0xff, 0xff, 0xff, 0xff, 0xff, 0xff, 0xff, 0xe2,  //@@@@@@@@@@@@@@@@ 
  0x08, 0x0a, 0x0a, 0x0a, 0x0a, 0x0a, 0x0a, 0x0a, 0x0a, 0x0a, 0x0a, 0x0a, 0x0a, 0x0a, 0x0a, 0x08,  //................ 
  0x00, 0x00, 0x72, 0xf6, 0xf6, 0xf6, 0xf6, 0xf6, 0xf6, 0xf6, 0xf6, 0xf6, 0xf6, 0x6e, 0x00, 0x00,  //..+@@@@@@@@@@+.. 
  0x00, 0x00, 0x60, 0xce, 0xce, 0xce, 0xce, 0xce, 0xce, 0xce, 0xce, 0xf4, 0xff, 0x72, 0x00, 0x00,  //..+@@@@@@@@@@+.. 
  0x00, 0x00, 0x20, 0x46, 0x46, 0x46, 0x46, 0x46, 0x46, 0x46, 0x46, 0xd6, 0xff, 0x72, 0x00, 0x00,  //...++++++++@@+.. 
  0x00, 0x00, 0x76, 0xff, 0xff, 0xff, 0xff, 0xff, 0xff, 0xff, 0xff, 0xff, 0xff, 0x72, 0x00, 0x00,  //..+@@@@@@@@@@+.. 
  0x00, 0x00, 0x76, 0xff, 0xd4, 0x62, 0x62, 0x62, 0x62, 0x62, 0x62, 0x62, 0x62, 0x2c, 0x00, 0x00,  //..+@@++++++++... 
  0x00, 0x00, 0x76, 0xff, 0xe8, 0xae, 0xae, 0xae, 0xae, 0xae, 0xae, 0xae, 0xae, 0x98, 0x00, 0x00,  //..+@@%%%%%%%%%.. 
  0x00, 0x00, 0x76, 0xff, 0xff, 0xff, 0xff, 0xff, 0xff, 0xff, 0xff, 0xff, 0xff, 0xde, 0x00, 0x00,  //..+@@@@@@@@@@@.. 
  0x00, 0x00, 0x0c, 0x1a, 0x1a, 0x1a, 0x1a, 0x1a, 0x1a, 0x1a, 0x1a, 0x1a, 0x1a, 0x16, 0x00, 0x00,  //................ 


  /*Unicode: U+c640 (와) , Width: 16 */
  0x00, 0x00, 0x00, 0x00, 0x00, 0x00, 0x00, 0x00, 0x00, 0x00, 0x00, 0x00, 0x00, 0x00, 0x00, 0x00,  //................ 
  0x00, 0x00, 0x00, 0x00, 0x00, 0x00, 0x00, 0x00, 0x00, 0x00, 0x00, 0x64, 0x9e, 0x50, 0x00, 0x00,  //...........+%+.. 
  0x00, 0x00, 0x00, 0x26, 0x82, 0x9c, 0x82, 0x28, 0x00, 0x00, 0x00, 0xa2, 0xff, 0x82, 0x00, 0x00,  //....%%%....%@%.. 
  0x00, 0x00, 0x74, 0xf8, 0xff, 0xff, 0xff, 0xf8, 0x7a, 0x00, 0x00, 0xa2, 0xff, 0x82, 0x00, 0x00,  //..+@@@@@+..%@%.. 
  0x00, 0x44, 0xfc, 0xfa, 0x78, 0x3a, 0x72, 0xf6, 0xff, 0x50, 0x00, 0xa2, 0xff, 0x82, 0x00, 0x00,  //.+@@+.+@@+.%@%.. 
  0x00, 0xb2, 0xff, 0x98, 0x00, 0x00, 0x00, 0x88, 0xff, 0xb4, 0x00, 0xa2, 0xff, 0x82, 0x00, 0x00,  //.%@%...%@%.%@%.. 
  0x00, 0xce, 0xff, 0x6c, 0x00, 0x00, 0x00, 0x5c, 0xff, 0xd0, 0x00, 0xa2, 0xff, 0x82, 0x00, 0x00,  //.@@+...+@@.%@%.. 
  0x00, 0xac, 0xff, 0x9a, 0x00, 0x00, 0x00, 0x8c, 0xff, 0xae, 0x00, 0xa2, 0xff, 0xa2, 0x3e, 0x3a,  //.%@%...%@%.%@%.. 
  0x00, 0x42, 0xff, 0xfa, 0x88, 0x50, 0x84, 0xf8, 0xff, 0x40, 0x00, 0xa2, 0xff, 0xff, 0xff, 0xee,  //.+@@%+%@@+.%@@@@ 
  0x00, 0x00, 0x70, 0xfc, 0xff, 0xff, 0xff, 0xfa, 0x6c, 0x00, 0x00, 0xa2, 0xff, 0xd0, 0x9e, 0x94,  //..+@@@@@+..%@@%% 
  0x00, 0x00, 0x00, 0x1c, 0xb6, 0xff, 0xca, 0x1a, 0x00, 0x00, 0x00, 0xa2, 0xff, 0x82, 0x00, 0x00,  //....%@@....%@%.. 
  0x00, 0x00, 0x00, 0x00, 0x8a, 0xff, 0xae, 0x00, 0x00, 0x00, 0x00, 0xa2, 0xff, 0x82, 0x00, 0x00,  //....%@%....%@%.. 
  0x1a, 0x1e, 0x1e, 0x1e, 0x9a, 0xff, 0xc0, 0x44, 0x58, 0x70, 0x72, 0xa2, 0xff, 0x82, 0x00, 0x00,  //....%@@++++%@%.. 
  0xe2, 0xff, 0xff, 0xff, 0xff, 0xff, 0xff, 0xff, 0xff, 0xff, 0xd6, 0xa2, 0xff, 0x82, 0x00, 0x00,  //@@@@@@@@@@@%@%.. 
  0xaa, 0xbe, 0xbe, 0xba, 0xb6, 0xac, 0xa0, 0x8e, 0x7a, 0x60, 0x3a, 0xa2, 0xff, 0x82, 0x00, 0x00,  //%%%%%%%%++.%@%.. 
  0x00, 0x00, 0x00, 0x00, 0x00, 0x00, 0x00, 0x00, 0x00, 0x00, 0x00, 0xa2, 0xff, 0x82, 0x00, 0x00,  //...........%@%.. 
  0x00, 0x00, 0x00, 0x00, 0x00, 0x00, 0x00, 0x00, 0x00, 0x00, 0x00, 0xa2, 0xff, 0x82, 0x00, 0x00,  //...........%@%.. 
  0x00, 0x00, 0x00, 0x00, 0x00, 0x00, 0x00, 0x00, 0x00, 0x00, 0x00, 0xa2, 0xff, 0x82, 0x00, 0x00,  //...........%@%.. 
  0x00, 0x00, 0x00, 0x00, 0x00, 0x00, 0x00, 0x00, 0x00, 0x00, 0x00, 0x08, 0x0e, 0x06, 0x00, 0x00,  //................ 


  /*Unicode: U+c644 (완) , Width: 16 */
  0x00, 0x00, 0x00, 0x00, 0x00, 0x00, 0x00, 0x00, 0x00, 0x00, 0x00, 0x00, 0x00, 0x00, 0x00, 0x00,  //................ 
  0x00, 0x00, 0x00, 0x00, 0x00, 0x0c, 0x00, 0x00, 0x00, 0x00, 0x00, 0x42, 0x72, 0x42, 0x00, 0x00,  //...........+++.. 
  0x00, 0x00, 0x18, 0xa0, 0xf2, 0xff, 0xf6, 0xa6, 0x1c, 0x00, 0x00, 0x96, 0xff, 0x96, 0x00, 0x00,  //...%@@@%...%@%.. 
  0x00, 0x1a, 0xe8, 0xff, 0xea, 0xc0, 0xe4, 0xff, 0xec, 0x22, 0x00, 0x96, 0xff, 0x96, 0x00, 0x00,  //..@@@@@@@..%@%.. 
  0x00, 0x8e, 0xff, 0xc4, 0x0a, 0x00, 0x04, 0xb6, 0xff, 0x9a, 0x00, 0x96, 0xff, 0x96, 0x00, 0x00,  //.%@@...%@%.%@%.. 
  0x00, 0xb6, 0xff, 0x72, 0x00, 0x00, 0x00, 0x5e, 0xff, 0xc6, 0x00, 0x96, 0xff, 0x96, 0x00, 0x00,  //.%@+...+@@.%@%.. 
  0x00, 0x96, 0xff, 0xaa, 0x00, 0x00, 0x00, 0x98, 0xff, 0xa4, 0x00, 0x96, 0xff, 0x96, 0x00, 0x00,  //.%@%...%@%.%@%.. 
  0x00, 0x28, 0xf8, 0xff, 0xc0, 0x90, 0xb8, 0xff, 0xfa, 0x34, 0x00, 0x96, 0xff, 0xe8, 0xc6, 0xb4,  //..@@@%%@@..%@@@% 
  0x00, 0x00, 0x3c, 0xd6, 0xff, 0xff, 0xff, 0xda, 0x46, 0x00, 0x00, 0x96, 0xff, 0xff, 0xff, 0xe6,  //...@@@@@+..%@@@@ 
  0x00, 0x00, 0x00, 0x00, 0x96, 0xff, 0xba, 0x00, 0x00, 0x00, 0x06, 0x96, 0xff, 0xa2, 0x1a, 0x18,  //....%@%....%@%.. 
  0x7c, 0x9a, 0x9a, 0x9c, 0xd4, 0xff, 0xea, 0xc4, 0xd8, 0xee, 0xea, 0x96, 0xff, 0x96, 0x00, 0x00,  //+%%%@@@@@@@%@%.. 
  0xce, 0xff, 0xff, 0xff, 0xff, 0xff, 0xff, 0xff, 0xfc, 0xe8, 0xbc, 0x96, 0xff, 0x96, 0x00, 0x00,  //@@@@@@@@@@%%@%.. 
  0x38, 0x46, 0x46, 0x42, 0x3e, 0x32, 0x24, 0x14, 0x02, 0x00, 0x00, 0x96, 0xff, 0x96, 0x00, 0x00,  //.+++.......%@%.. 
  0x00, 0x00, 0x20, 0xc2, 0xc2, 0x0e, 0x00, 0x00, 0x00, 0x00, 0x00, 0x96, 0xff, 0x96, 0x00, 0x00,  //...@@......%@%.. 
  0x00, 0x00, 0x2a, 0xff, 0xff, 0x12, 0x00, 0x00, 0x00, 0x00, 0x00, 0x42, 0x72, 0x42, 0x00, 0x00,  //...@@......+++.. 
  0x00, 0x00, 0x2a, 0xff, 0xff, 0x12, 0x00, 0x00, 0x00, 0x00, 0x00, 0x00, 0x00, 0x00, 0x00, 0x00,  //...@@........... 
  0x00, 0x00, 0x2a, 0xff, 0xff, 0xfa, 0xfa, 0xfa, 0xfa, 0xfa, 0xfa, 0xfa, 0xfa, 0xd6, 0x00, 0x00,  //...@@@@@@@@@@@.. 
  0x00, 0x00, 0x26, 0xe6, 0xe6, 0xe6, 0xe6, 0xe6, 0xe6, 0xe6, 0xe6, 0xe6, 0xe6, 0xc6, 0x00, 0x00,  //...@@@@@@@@@@@.. 
  0x00, 0x00, 0x00, 0x00, 0x00, 0x00, 0x00, 0x00, 0x00, 0x00, 0x00, 0x00, 0x00, 0x00, 0x00, 0x00,  //................ 


  /*Unicode: U+c694 (요) , Width: 16 */
  0x00, 0x00, 0x00, 0x00, 0x00, 0x00, 0x00, 0x00, 0x00, 0x00, 0x00, 0x00, 0x00, 0x00, 0x00, 0x00,  //................ 
  0x00, 0x00, 0x00, 0x00, 0x00, 0x00, 0x00, 0x00, 0x00, 0x00, 0x00, 0x00, 0x00, 0x00, 0x00, 0x00,  //................ 
  0x00, 0x00, 0x00, 0x00, 0x00, 0x00, 0x00, 0x0c, 0x0c, 0x00, 0x00, 0x00, 0x00, 0x00, 0x00, 0x00,  //................ 
  0x00, 0x00, 0x00, 0x00, 0x34, 0xa8, 0xec, 0xff, 0xff, 0xec, 0xa8, 0x32, 0x00, 0x00, 0x00, 0x00,  //.....%@@@@%..... 
  0x00, 0x00, 0x00, 0x66, 0xfc, 0xff, 0xf6, 0xd0, 0xd0, 0xf6, 0xff, 0xfa, 0x62, 0x00, 0x00, 0x00,  //...+@@@@@@@@+... 
  0x00, 0x00, 0x26, 0xfa, 0xff, 0x98, 0x0e, 0x00, 0x00, 0x0e, 0x9a, 0xff, 0xf8, 0x24, 0x00, 0x00,  //...@@%....%@@... 
  0x00, 0x00, 0x7c, 0xff, 0xda, 0x00, 0x00, 0x00, 0x00, 0x00, 0x00, 0xdc, 0xff, 0x7a, 0x00, 0x00,  //..+@@......@@+.. 
  0x00, 0x00, 0x8e, 0xff, 0xba, 0x00, 0x00, 0x00, 0x00, 0x00, 0x00, 0xbc, 0xff, 0x8e, 0x00, 0x00,  //..%@%......%@%.. 
  0x00, 0x00, 0x60, 0xff, 0xf2, 0x20, 0x00, 0x00, 0x00, 0x00, 0x22, 0xf2, 0xff, 0x5e, 0x00, 0x00,  //..+@@......@@+.. 
  0x00, 0x00, 0x08, 0xd8, 0xff, 0xe4, 0x70, 0x3c, 0x3c, 0x72, 0xe4, 0xff, 0xd6, 0x06, 0x00, 0x00,  //...@@@+..+@@@... 
  0x00, 0x00, 0x00, 0x1c, 0xc0, 0xff, 0xff, 0xff, 0xff, 0xff, 0xff, 0xc0, 0x1a, 0x00, 0x00, 0x00,  //....@@@@@@@@.... 
  0x00, 0x00, 0x00, 0x00, 0x00, 0x34, 0x76, 0x92, 0x92, 0x76, 0x34, 0x00, 0x00, 0x00, 0x00, 0x00,  //......+%%+...... 
  0x00, 0x00, 0x00, 0x46, 0xff, 0xee, 0x00, 0x00, 0x00, 0x00, 0xda, 0xff, 0x5e, 0x00, 0x00, 0x00,  //...+@@....@@+... 
  0x00, 0x00, 0x00, 0x46, 0xff, 0xee, 0x00, 0x00, 0x00, 0x00, 0xda, 0xff, 0x5e, 0x00, 0x00, 0x00,  //...+@@....@@+... 
  0x34, 0x4a, 0x4a, 0x7c, 0xff, 0xf2, 0x4a, 0x4a, 0x4a, 0x4a, 0xe4, 0xff, 0x8e, 0x4a, 0x4a, 0x34,  //.+++@@++++@@%++. 
  0xb6, 0xff, 0xff, 0xff, 0xff, 0xff, 0xff, 0xff, 0xff, 0xff, 0xff, 0xff, 0xff, 0xff, 0xff, 0xb6,  //%@@@@@@@@@@@@@@% 
  0x66, 0x8e, 0x8e, 0x8e, 0x8e, 0x8e, 0x8e, 0x8e, 0x8e, 0x8e, 0x8e, 0x8e, 0x8e, 0x8e, 0x8e, 0x66,  //+%%%%%%%%%%%%%%+ 
  0x00, 0x00, 0x00, 0x00, 0x00, 0x00, 0x00, 0x00, 0x00, 0x00, 0x00, 0x00, 0x00, 0x00, 0x00, 0x00,  //................ 
  0x00, 0x00, 0x00, 0x00, 0x00, 0x00, 0x00, 0x00, 0x00, 0x00, 0x00, 0x00, 0x00, 0x00, 0x00, 0x00,  //................ 


  /*Unicode: U+c6a9 (용) , Width: 16 */
  0x00, 0x00, 0x00, 0x00, 0x00, 0x00, 0x00, 0x00, 0x00, 0x00, 0x00, 0x00, 0x00, 0x00, 0x00, 0x00,  //................ 
  0x00, 0x00, 0x00, 0x00, 0x16, 0x66, 0x9a, 0xb0, 0xb0, 0x9a, 0x66, 0x16, 0x00, 0x00, 0x00, 0x00,  //.....+%%%%+..... 
  0x00, 0x00, 0x00, 0x78, 0xf6, 0xff, 0xff, 0xff, 0xff, 0xff, 0xff, 0xf6, 0x76, 0x00, 0x00, 0x00,  //...+@@@@@@@@+... 
  0x00, 0x00, 0x4e, 0xff, 0xff, 0x98, 0x38, 0x1a, 0x1a, 0x3a, 0x9e, 0xff, 0xff, 0x4a, 0x00, 0x00,  //..+@@%....%@@+.. 
  0x00, 0x00, 0x92, 0xff, 0xc6, 0x00, 0x00, 0x00, 0x00, 0x00, 0x00, 0xce, 0xff, 0x90, 0x00, 0x00,  //..%@@......@@%.. 
  0x00, 0x00, 0x68, 0xff, 0xf2, 0x5a, 0x08, 0x00, 0x00, 0x0a, 0x5e, 0xf6, 0xff, 0x66, 0x00, 0x00,  //..+@@+....+@@+.. 
  0x00, 0x00, 0x02, 0xa2, 0xff, 0xff, 0xff, 0xf0, 0xf0, 0xff, 0xff, 0xff, 0xa2, 0x02, 0x00, 0x00,  //...%@@@@@@@@%... 
  0x00, 0x00, 0x00, 0x0e, 0xff, 0xff, 0xba, 0xc0, 0xc0, 0xc0, 0xff, 0xff, 0x06, 0x00, 0x00, 0x00,  //....@@%@@@@@.... 
  0x00, 0x00, 0x00, 0x0e, 0xff, 0xff, 0x22, 0x00, 0x00, 0x32, 0xff, 0xff, 0x06, 0x00, 0x00, 0x00,  //....@@....@@.... 
  0x9e, 0xb2, 0xb2, 0xb6, 0xff, 0xff, 0xb6, 0xaa, 0xaa, 0xbc, 0xff, 0xff, 0xb4, 0xb2, 0xb2, 0x9e,  //%%%%@@%%%%@@%%%% 
  0xe2, 0xff, 0xff, 0xff, 0xff, 0xff, 0xff, 0xff, 0xff, 0xff, 0xff, 0xff, 0xff, 0xff, 0xff, 0xe2,  //@@@@@@@@@@@@@@@@ 
  0x22, 0x26, 0x26, 0x26, 0x26, 0x2a, 0x48, 0x58, 0x58, 0x48, 0x2a, 0x26, 0x26, 0x26, 0x26, 0x22,  //......++++...... 
  0x00, 0x00, 0x00, 0x2c, 0xac, 0xf4, 0xff, 0xff, 0xff, 0xff, 0xf2, 0xaa, 0x2a, 0x00, 0x00, 0x00,  //....%@@@@@@%.... 
  0x00, 0x00, 0x32, 0xf6, 0xff, 0xec, 0xaa, 0x8e, 0x8e, 0xaa, 0xe8, 0xff, 0xf4, 0x32, 0x00, 0x00,  //...@@@%%%%@@@... 
  0x00, 0x00, 0xa0, 0xff, 0xd2, 0x0a, 0x00, 0x00, 0x00, 0x00, 0x0a, 0xd2, 0xff, 0x9e, 0x00, 0x00,  //..%@@......@@%.. 
  0x00, 0x00, 0x9c, 0xff, 0xd6, 0x0e, 0x00, 0x00, 0x00, 0x00, 0x0e, 0xd6, 0xff, 0x9a, 0x00, 0x00,  //..%@@......@@%.. 
  0x00, 0x00, 0x2c, 0xf0, 0xff, 0xf0, 0xb2, 0x96, 0x96, 0xb0, 0xee, 0xff, 0xee, 0x2a, 0x00, 0x00,  //...@@@%%%%@@@... 
  0x00, 0x00, 0x00, 0x24, 0x9e, 0xe8, 0xff, 0xff, 0xff, 0xff, 0xe6, 0x9a, 0x20, 0x00, 0x00, 0x00,  //....%@@@@@@%.... 
  0x00, 0x00, 0x00, 0x00, 0x00, 0x00, 0x10, 0x22, 0x22, 0x10, 0x00, 0x00, 0x00, 0x00, 0x00, 0x00,  //................ 


  /*Unicode: U+c6b4 (운) , Width: 16 */
  0x00, 0x00, 0x00, 0x00, 0x00, 0x00, 0x00, 0x00, 0x00, 0x00, 0x00, 0x00, 0x00, 0x00, 0x00, 0x00,  //................ 
  0x00, 0x00, 0x00, 0x00, 0x00, 0x2e, 0x64, 0x7a, 0x7a, 0x64, 0x2c, 0x00, 0x00, 0x00, 0x00, 0x00,  //......++++...... 
  0x00, 0x00, 0x00, 0x36, 0xd0, 0xff, 0xff, 0xff, 0xff, 0xff, 0xff, 0xce, 0x32, 0x00, 0x00, 0x00,  //....@@@@@@@@.... 
  0x00, 0x00, 0x1e, 0xf2, 0xff, 0xd8, 0x78, 0x54, 0x54, 0x7a, 0xdc, 0xff, 0xf0, 0x1a, 0x00, 0x00,  //...@@@++++@@@... 
  0x00, 0x00, 0x7a, 0xff, 0xec, 0x0e, 0x00, 0x00, 0x00, 0x00, 0x12, 0xf2, 0xff, 0x74, 0x00, 0x00,  //..+@@......@@+.. 
  0x00, 0x00, 0x80, 0xff, 0xe0, 0x02, 0x00, 0x00, 0x00, 0x00, 0x04, 0xe8, 0xff, 0x7a, 0x00, 0x00,  //..%@@......@@+.. 
  0x00, 0x00, 0x2e, 0xfa, 0xff, 0xba, 0x56, 0x38, 0x32, 0x52, 0xbc, 0xff, 0xf8, 0x28, 0x00, 0x00,  //...@@%+..+%@@... 
  0x00, 0x00, 0x00, 0x52, 0xea, 0xff, 0xff, 0xff, 0xff, 0xff, 0xff, 0xe8, 0x4e, 0x00, 0x00, 0x00,  //...+@@@@@@@@+... 
  0x00, 0x00, 0x00, 0x00, 0x08, 0x52, 0x84, 0x98, 0x98, 0x84, 0x50, 0x08, 0x00, 0x00, 0x00, 0x00,  //.....+%%%%+..... 
  0x7e, 0x8e, 0x8e, 0x8e, 0x8e, 0x8e, 0x8e, 0x8e, 0x8e, 0x8e, 0x8e, 0x8e, 0x8e, 0x8e, 0x8e, 0x7e,  //+%%%%%%%%%%%%%%+ 
  0xe2, 0xff, 0xff, 0xff, 0xff, 0xff, 0xff, 0xff, 0xff, 0xff, 0xff, 0xff, 0xff, 0xff, 0xff, 0xe2,  //@@@@@@@@@@@@@@@@ 
  0x46, 0x4e, 0x4e, 0x4e, 0x4e, 0x4e, 0x4e, 0xe0, 0xff, 0x9e, 0x4e, 0x4e, 0x4e, 0x4e, 0x4e, 0x46,  //+++++++@@%++++++ 
  0x00, 0x00, 0x08, 0x16, 0x10, 0x00, 0x00, 0xd2, 0xff, 0x72, 0x00, 0x00, 0x00, 0x00, 0x00, 0x00,  //.......@@+...... 
  0x00, 0x00, 0x6e, 0xff, 0xbe, 0x00, 0x00, 0xd2, 0xff, 0x72, 0x00, 0x00, 0x00, 0x00, 0x00, 0x00,  //..+@%..@@+...... 
  0x00, 0x00, 0x6e, 0xff, 0xbe, 0x00, 0x00, 0x7c, 0x96, 0x42, 0x00, 0x00, 0x00, 0x00, 0x00, 0x00,  //..+@%..+%+...... 
  0x00, 0x00, 0x6e, 0xff, 0xbe, 0x00, 0x00, 0x00, 0x00, 0x00, 0x00, 0x00, 0x00, 0x00, 0x00, 0x00,  //..+@%........... 
  0x00, 0x00, 0x6e, 0xff, 0xfa, 0xea, 0xea, 0xea, 0xea, 0xea, 0xea, 0xea, 0xea, 0xd8, 0x00, 0x00,  //..+@@@@@@@@@@@.. 
  0x00, 0x00, 0x6a, 0xf6, 0xf6, 0xf6, 0xf6, 0xf6, 0xf6, 0xf6, 0xf6, 0xf6, 0xf6, 0xe2, 0x00, 0x00,  //..+@@@@@@@@@@@.. 
  0x00, 0x00, 0x00, 0x00, 0x00, 0x00, 0x00, 0x00, 0x00, 0x00, 0x00, 0x00, 0x00, 0x00, 0x00, 0x00,  //................ 


  /*Unicode: U+c6d0 (원) , Width: 15 */
  0x00, 0x00, 0x00, 0x00, 0x00, 0x00, 0x00, 0x00, 0x00, 0x00, 0x00, 0x00, 0x00, 0x00, 0x00,  //............... 
  0x00, 0x00, 0x00, 0x00, 0x00, 0x1e, 0x34, 0x14, 0x00, 0x00, 0x00, 0x00, 0x4c, 0x72, 0x3e,  //............++. 
  0x00, 0x00, 0x00, 0x68, 0xe6, 0xff, 0xff, 0xff, 0xca, 0x3c, 0x00, 0x00, 0xaa, 0xff, 0x8a,  //...+@@@@@...%@% 
  0x00, 0x00, 0x60, 0xff, 0xf8, 0x9a, 0x7c, 0xb6, 0xff, 0xf8, 0x28, 0x00, 0xaa, 0xff, 0x8a,  //..+@@%+%@@..%@% 
  0x00, 0x00, 0xce, 0xff, 0x7e, 0x00, 0x00, 0x00, 0xc4, 0xff, 0x88, 0x00, 0xaa, 0xff, 0x8a,  //..@@+...@@%.%@% 
  0x00, 0x00, 0xd6, 0xff, 0x6e, 0x00, 0x00, 0x00, 0xb4, 0xff, 0x90, 0x00, 0xaa, 0xff, 0x8a,  //..@@+...%@%.%@% 
  0x00, 0x00, 0x7e, 0xff, 0xea, 0x6a, 0x4c, 0x86, 0xfc, 0xff, 0x3e, 0x00, 0xaa, 0xff, 0x8a,  //..+@@++%@@..%@% 
  0x00, 0x00, 0x02, 0x9a, 0xfc, 0xff, 0xff, 0xff, 0xee, 0x66, 0x00, 0x00, 0xaa, 0xff, 0x8a,  //...%@@@@@+..%@% 
  0x00, 0x00, 0x00, 0x00, 0x20, 0x52, 0x66, 0x4a, 0x20, 0x22, 0x3a, 0x36, 0xaa, 0xff, 0x8a,  //.....+++....%@% 
  0x4e, 0xde, 0xde, 0xe0, 0xe4, 0xea, 0xf4, 0xff, 0xff, 0xff, 0xff, 0xae, 0xaa, 0xff, 0x8a,  //+@@@@@@@@@@%%@% 
  0x52, 0xea, 0xea, 0xea, 0xe8, 0xf8, 0xff, 0xdc, 0xb8, 0xa4, 0x88, 0x4a, 0xaa, 0xff, 0x8a,  //+@@@@@@@%%%+%@% 
  0x00, 0x00, 0x00, 0x00, 0x00, 0xc2, 0xff, 0x66, 0x02, 0x76, 0x76, 0x76, 0xd2, 0xff, 0x8a,  //.....@@+.+++@@% 
  0x00, 0x00, 0x00, 0x00, 0x00, 0xc2, 0xff, 0x66, 0x06, 0xff, 0xff, 0xff, 0xff, 0xff, 0x8a,  //.....@@+.@@@@@% 
  0x00, 0x00, 0x00, 0x12, 0x16, 0x72, 0x8a, 0x36, 0x00, 0x36, 0x36, 0x36, 0xbc, 0xff, 0x8a,  //.....+%.....%@% 
  0x00, 0x00, 0x00, 0xca, 0xff, 0x5e, 0x00, 0x00, 0x00, 0x00, 0x00, 0x00, 0x7a, 0xb6, 0x62,  //...@@+......+%+ 
  0x00, 0x00, 0x00, 0xca, 0xff, 0x5e, 0x00, 0x00, 0x00, 0x00, 0x00, 0x00, 0x00, 0x00, 0x00,  //...@@+......... 
  0x00, 0x00, 0x00, 0xca, 0xff, 0xfa, 0xf6, 0xf6, 0xf6, 0xf6, 0xf6, 0xf6, 0xf6, 0xf6, 0xcc,  //...@@@@@@@@@@@@ 
  0x00, 0x00, 0x00, 0xb6, 0xe6, 0xe6, 0xe6, 0xe6, 0xe6, 0xe6, 0xe6, 0xe6, 0xe6, 0xe6, 0xbe,  //...%@@@@@@@@@@% 
  0x00, 0x00, 0x00, 0x00, 0x00, 0x00, 0x00, 0x00, 0x00, 0x00, 0x00, 0x00, 0x00, 0x00, 0x00,  //............... 


  /*Unicode: U+c6e8 (웨) , Width: 15 */
  0x00, 0x00, 0x00, 0x00, 0x00, 0x00, 0x00, 0x00, 0x00, 0x00, 0x00, 0x00, 0x00, 0x00, 0x00,  //............... 
  0x00, 0x00, 0x00, 0x00, 0x00, 0x00, 0x00, 0x00, 0x00, 0x4c, 0x6e, 0x22, 0x4e, 0x9e, 0x54,  //.........++.+%+ 
  0x00, 0x00, 0x16, 0x6a, 0x86, 0x5c, 0x06, 0x00, 0x00, 0xae, 0xff, 0x52, 0x7e, 0xff, 0x86,  //...+%+...%@++@% 
  0x00, 0x38, 0xee, 0xff, 0xff, 0xff, 0xda, 0x16, 0x00, 0xae, 0xff, 0x52, 0x7e, 0xff, 0x86,  //..@@@@@..%@++@% 
  0x00, 0xd2, 0xff, 0x74, 0x2e, 0xa0, 0xff, 0xa0, 0x00, 0xae, 0xff, 0x52, 0x7e, 0xff, 0x86,  //.@@+.%@%.%@++@% 
  0x0c, 0xff, 0xf0, 0x00, 0x00, 0x26, 0xff, 0xde, 0x00, 0xae, 0xff, 0x52, 0x7e, 0xff, 0x86,  //.@@...@@.%@++@% 
  0x02, 0xf6, 0xfa, 0x10, 0x00, 0x40, 0xff, 0xce, 0x00, 0xae, 0xff, 0x52, 0x7e, 0xff, 0x86,  //.@@..+@@.%@++@% 
  0x00, 0x9c, 0xff, 0xd4, 0x9c, 0xe8, 0xff, 0x64, 0x00, 0xae, 0xff, 0x52, 0x7e, 0xff, 0x86,  //.%@@%@@+.%@++@% 
  0x00, 0x0a, 0x9c, 0xfa, 0xff, 0xf2, 0x7a, 0x00, 0x00, 0xae, 0xff, 0x52, 0x7e, 0xff, 0x86,  //..%@@@+..%@++@% 
  0x00, 0x00, 0x00, 0x0a, 0x28, 0x16, 0x30, 0x4e, 0x4c, 0xae, 0xff, 0x52, 0x7e, 0xff, 0x86,  //.......++%@++@% 
  0xce, 0xff, 0xff, 0xff, 0xff, 0xff, 0xff, 0xff, 0xba, 0xae, 0xff, 0x52, 0x7e, 0xff, 0x86,  //@@@@@@@@%%@++@% 
  0xa8, 0xce, 0xce, 0xec, 0xff, 0xd2, 0x9e, 0x7e, 0x44, 0xae, 0xff, 0x52, 0x7e, 0xff, 0x86,  //%@@@@@%++%@++@% 
  0x00, 0x00, 0x00, 0x9e, 0xff, 0x6e, 0x06, 0x26, 0x26, 0xba, 0xff, 0x52, 0x7e, 0xff, 0x86,  //...%@+...%@++@% 
  0x00, 0x00, 0x00, 0x9e, 0xff, 0x6e, 0x36, 0xff, 0xff, 0xff, 0xff, 0x52, 0x7e, 0xff, 0x86,  //...%@+.@@@@++@% 
  0x00, 0x00, 0x00, 0x9e, 0xff, 0x6e, 0x24, 0xaa, 0xaa, 0xe4, 0xff, 0x52, 0x7e, 0xff, 0x86,  //...%@+.%%@@++@% 
  0x00, 0x00, 0x00, 0x9e, 0xff, 0x6e, 0x00, 0x00, 0x00, 0xae, 0xff, 0x52, 0x7e, 0xff, 0x86,  //...%@+...%@++@% 
  0x00, 0x00, 0x00, 0x9e, 0xff, 0x6e, 0x00, 0x00, 0x00, 0xae, 0xff, 0x52, 0x7e, 0xff, 0x86,  //...%@+...%@++@% 
  0x00, 0x00, 0x00, 0x44, 0x6e, 0x30, 0x00, 0x00, 0x00, 0x58, 0x82, 0x2a, 0x7e, 0xff, 0x86,  //...++....+%.+@% 
  0x00, 0x00, 0x00, 0x00, 0x00, 0x00, 0x00, 0x00, 0x00, 0x00, 0x00, 0x00, 0x06, 0x0e, 0x06,  //............... 


  /*Unicode: U+c704 (위) , Width: 15 */
  0x00, 0x00, 0x00, 0x00, 0x00, 0x00, 0x00, 0x00, 0x00, 0x00, 0x00, 0x00, 0x00, 0x00, 0x00,  //............... 
  0x00, 0x00, 0x00, 0x00, 0x00, 0x00, 0x00, 0x00, 0x00, 0x00, 0x00, 0x00, 0x6a, 0x9e, 0x56,  //............+%+ 
  0x00, 0x00, 0x00, 0x2c, 0xaa, 0xde, 0xe0, 0xac, 0x2e, 0x00, 0x00, 0x00, 0xaa, 0xff, 0x8a,  //....%@@%....%@% 
  0x00, 0x00, 0x4a, 0xfa, 0xff, 0xfa, 0xf8, 0xff, 0xfc, 0x5e, 0x00, 0x00, 0xaa, 0xff, 0x8a,  //..+@@@@@@+..%@% 
  0x00, 0x04, 0xe8, 0xff, 0x80, 0x04, 0x02, 0x7c, 0xff, 0xee, 0x06, 0x00, 0xaa, 0xff, 0x8a,  //..@@%..+@@..%@% 
  0x00, 0x2a, 0xff, 0xf4, 0x00, 0x00, 0x00, 0x00, 0xee, 0xff, 0x32, 0x00, 0xaa, 0xff, 0x8a,  //..@@....@@..%@% 
  0x00, 0x1c, 0xff, 0xfc, 0x12, 0x00, 0x00, 0x0e, 0xf8, 0xff, 0x24, 0x00, 0xaa, 0xff, 0x8a,  //..@@....@@..%@% 
  0x00, 0x00, 0xba, 0xff, 0xc8, 0x5e, 0x5c, 0xc6, 0xff, 0xcc, 0x00, 0x00, 0xaa, 0xff, 0x8a,  //..%@@++@@@..%@% 
  0x00, 0x00, 0x1a, 0xca, 0xff, 0xff, 0xff, 0xff, 0xce, 0x22, 0x00, 0x00, 0xaa, 0xff, 0x8a,  //...@@@@@@...%@% 
  0x00, 0x00, 0x00, 0x00, 0x4e, 0x80, 0x80, 0x4e, 0x00, 0x00, 0x00, 0x00, 0xaa, 0xff, 0x8a,  //....+%%+....%@% 
  0x2e, 0x66, 0x66, 0x66, 0x68, 0x6c, 0x76, 0x82, 0x94, 0xa6, 0xc0, 0xa8, 0xaa, 0xff, 0x8a,  //.++++++%%%@%%@% 
  0x76, 0xff, 0xff, 0xff, 0xff, 0xff, 0xff, 0xff, 0xff, 0xff, 0xff, 0xc2, 0xaa, 0xff, 0x8a,  //+@@@@@@@@@@@%@% 
  0x38, 0x7a, 0x7a, 0x7a, 0x7e, 0xff, 0xff, 0x76, 0x46, 0x32, 0x16, 0x00, 0xaa, 0xff, 0x8a,  //.++++@@++...%@% 
  0x00, 0x00, 0x00, 0x00, 0x0a, 0xff, 0xff, 0x2e, 0x00, 0x00, 0x00, 0x00, 0xaa, 0xff, 0x8a,  //.....@@.....%@% 
  0x00, 0x00, 0x00, 0x00, 0x0a, 0xff, 0xff, 0x2e, 0x00, 0x00, 0x00, 0x00, 0xaa, 0xff, 0x8a,  //.....@@.....%@% 
  0x00, 0x00, 0x00, 0x00, 0x0a, 0xff, 0xff, 0x2e, 0x00, 0x00, 0x00, 0x00, 0xaa, 0xff, 0x8a,  //.....@@.....%@% 
  0x00, 0x00, 0x00, 0x00, 0x0a, 0xff, 0xff, 0x2e, 0x00, 0x00, 0x00, 0x00, 0xaa, 0xff, 0x8a,  //.....@@.....%@% 
  0x00, 0x00, 0x00, 0x00, 0x06, 0xb2, 0xb2, 0x20, 0x00, 0x00, 0x00, 0x00, 0xaa, 0xff, 0x8a,  //.....%%.....%@% 
  0x00, 0x00, 0x00, 0x00, 0x00, 0x00, 0x00, 0x00, 0x00, 0x00, 0x00, 0x00, 0x08, 0x0e, 0x06,  //............... 


  /*Unicode: U+c720 (유) , Width: 16 */
  0x00, 0x00, 0x00, 0x00, 0x00, 0x00, 0x00, 0x00, 0x00, 0x00, 0x00, 0x00, 0x00, 0x00, 0x00, 0x00,  //................ 
  0x00, 0x00, 0x00, 0x00, 0x00, 0x0a, 0x40, 0x5c, 0x5e, 0x46, 0x10, 0x00, 0x00, 0x00, 0x00, 0x00,  //......++++...... 
  0x00, 0x00, 0x00, 0x0a, 0x90, 0xf2, 0xff, 0xff, 0xff, 0xff, 0xf8, 0xa6, 0x1a, 0x00, 0x00, 0x00,  //....%@@@@@@%.... 
  0x00, 0x00, 0x04, 0xc6, 0xff, 0xf8, 0xaa, 0x7c, 0x78, 0x9e, 0xf2, 0xff, 0xe0, 0x14, 0x00, 0x00,  //...@@@%++%@@@... 
  0x00, 0x00, 0x5a, 0xff, 0xf8, 0x30, 0x00, 0x00, 0x00, 0x00, 0x18, 0xe4, 0xff, 0x84, 0x00, 0x00,  //..+@@......@@%.. 
  0x00, 0x00, 0x7e, 0xff, 0xda, 0x00, 0x00, 0x00, 0x00, 0x00, 0x00, 0xac, 0xff, 0xaa, 0x00, 0x00,  //..+@@......%@%.. 
  0x00, 0x00, 0x4a, 0xff, 0xfc, 0x58, 0x00, 0x00, 0x00, 0x00, 0x3a, 0xf2, 0xff, 0x74, 0x00, 0x00,  //..+@@+.....@@+.. 
  0x00, 0x00, 0x00, 0xa2, 0xff, 0xff, 0xdc, 0xb4, 0xb2, 0xd2, 0xff, 0xff, 0xc4, 0x06, 0x00, 0x00,  //...%@@@%%@@@@... 
  0x00, 0x00, 0x00, 0x00, 0x5e, 0xca, 0xfc, 0xff, 0xff, 0xff, 0xd6, 0x74, 0x06, 0x00, 0x00, 0x00,  //....+@@@@@@+.... 
  0x00, 0x00, 0x00, 0x00, 0x00, 0x00, 0x0a, 0x22, 0x24, 0x0e, 0x00, 0x00, 0x00, 0x00, 0x00, 0x00,  //................ 
  0x88, 0xb6, 0xb6, 0xb6, 0xb6, 0xb6, 0xb6, 0xb6, 0xb6, 0xb6, 0xb6, 0xb6, 0xb6, 0xb6, 0xb6, 0x80,  //%%%%%%%%%%%%%%%% 
  0xbe, 0xff, 0xff, 0xff, 0xff, 0xff, 0xff, 0xff, 0xff, 0xff, 0xff, 0xff, 0xff, 0xff, 0xff, 0xb2,  //%@@@@@@@@@@@@@@% 
  0x1a, 0x22, 0x22, 0x22, 0xac, 0xff, 0xa4, 0x22, 0x22, 0x56, 0xff, 0xfa, 0x22, 0x22, 0x22, 0x18,  //....%@%..+@@.... 
  0x00, 0x00, 0x00, 0x00, 0x9e, 0xff, 0x96, 0x00, 0x00, 0x3a, 0xff, 0xfa, 0x00, 0x00, 0x00, 0x00,  //....%@%...@@.... 
  0x00, 0x00, 0x00, 0x00, 0x9e, 0xff, 0x96, 0x00, 0x00, 0x3a, 0xff, 0xfa, 0x00, 0x00, 0x00, 0x00,  //....%@%...@@.... 
  0x00, 0x00, 0x00, 0x00, 0x9e, 0xff, 0x96, 0x00, 0x00, 0x3a, 0xff, 0xfa, 0x00, 0x00, 0x00, 0x00,  //....%@%...@@.... 
  0x00, 0x00, 0x00, 0x00, 0x9e, 0xff, 0x96, 0x00, 0x00, 0x3a, 0xff, 0xfa, 0x00, 0x00, 0x00, 0x00,  //....%@%...@@.... 
  0x00, 0x00, 0x00, 0x00, 0x88, 0xda, 0x80, 0x00, 0x00, 0x32, 0xda, 0xd6, 0x00, 0x00, 0x00, 0x00,  //....%@%...@@.... 
  0x00, 0x00, 0x00, 0x00, 0x00, 0x00, 0x00, 0x00, 0x00, 0x00, 0x00, 0x00, 0x00, 0x00, 0x00, 0x00,  //................ 


  /*Unicode: U+c740 (은) , Width: 16 */
  0x00, 0x00, 0x00, 0x00, 0x00, 0x00, 0x00, 0x00, 0x00, 0x00, 0x00, 0x00, 0x00, 0x00, 0x00, 0x00,  //................ 
  0x00, 0x00, 0x00, 0x00, 0x00, 0x2e, 0x64, 0x7a, 0x7a, 0x62, 0x2c, 0x00, 0x00, 0x00, 0x00, 0x00,  //......++++...... 
  0x00, 0x00, 0x00, 0x34, 0xce, 0xff, 0xff, 0xff, 0xff, 0xff, 0xff, 0xcc, 0x30, 0x00, 0x00, 0x00,  //....@@@@@@@@.... 
  0x00, 0x00, 0x1a, 0xf0, 0xff, 0xd6, 0x6c, 0x44, 0x44, 0x6c, 0xd8, 0xff, 0xee, 0x18, 0x00, 0x00,  //...@@@++++@@@... 
  0x00, 0x00, 0x72, 0xff, 0xf4, 0x10, 0x00, 0x00, 0x00, 0x00, 0x10, 0xf2, 0xff, 0x6c, 0x00, 0x00,  //..+@@......@@+.. 
  0x00, 0x00, 0x78, 0xff, 0xec, 0x04, 0x00, 0x00, 0x00, 0x00, 0x04, 0xea, 0xff, 0x74, 0x00, 0x00,  //..+@@......@@+.. 
  0x00, 0x00, 0x2a, 0xfa, 0xff, 0xbc, 0x4e, 0x2c, 0x30, 0x50, 0xbc, 0xff, 0xf8, 0x26, 0x00, 0x00,  //...@@%+..+%@@... 
  0x00, 0x00, 0x00, 0x54, 0xec, 0xff, 0xff, 0xff, 0xff, 0xff, 0xff, 0xea, 0x50, 0x00, 0x00, 0x00,  //...+@@@@@@@@+... 
  0x00, 0x00, 0x00, 0x00, 0x0a, 0x50, 0x80, 0x94, 0x94, 0x80, 0x50, 0x0a, 0x00, 0x00, 0x00, 0x00,  //.....+%%%%+..... 
  0x42, 0x4a, 0x4a, 0x4a, 0x4a, 0x4a, 0x4a, 0x4a, 0x4a, 0x4a, 0x4a, 0x4a, 0x4a, 0x4a, 0x4a, 0x42,  //++++++++++++++++ 
  0xe2, 0xff, 0xff, 0xff, 0xff, 0xff, 0xff, 0xff, 0xff, 0xff, 0xff, 0xff, 0xff, 0xff, 0xff, 0xe2,  //@@@@@@@@@@@@@@@@ 
  0x86, 0x96, 0x96, 0x96, 0x96, 0x96, 0x96, 0x96, 0x96, 0x96, 0x96, 0x96, 0x96, 0x96, 0x96, 0x86,  //%%%%%%%%%%%%%%%% 
  0x00, 0x00, 0x10, 0x26, 0x1c, 0x00, 0x00, 0x00, 0x00, 0x00, 0x00, 0x00, 0x00, 0x00, 0x00, 0x00,  //................ 
  0x00, 0x00, 0x6e, 0xff, 0xbe, 0x00, 0x00, 0x00, 0x00, 0x00, 0x00, 0x00, 0x00, 0x00, 0x00, 0x00,  //..+@%........... 
  0x00, 0x00, 0x6e, 0xff, 0xbe, 0x00, 0x00, 0x00, 0x00, 0x00, 0x00, 0x00, 0x00, 0x00, 0x00, 0x00,  //..+@%........... 
  0x00, 0x00, 0x6e, 0xff, 0xbe, 0x00, 0x00, 0x00, 0x00, 0x00, 0x00, 0x00, 0x00, 0x00, 0x00, 0x00,  //..+@%........... 
  0x00, 0x00, 0x6e, 0xff, 0xfa, 0xee, 0xee, 0xee, 0xee, 0xee, 0xee, 0xee, 0xee, 0xae, 0x00, 0x00,  //..+@@@@@@@@@@%.. 
  0x00, 0x00, 0x6a, 0xf6, 0xf6, 0xf6, 0xf6, 0xf6, 0xf6, 0xf6, 0xf6, 0xf6, 0xf6, 0xb4, 0x00, 0x00,  //..+@@@@@@@@@@%.. 
  0x00, 0x00, 0x00, 0x00, 0x00, 0x00, 0x00, 0x00, 0x00, 0x00, 0x00, 0x00, 0x00, 0x00, 0x00, 0x00,  //................ 


  /*Unicode: U+c744 (을) , Width: 16 */
  0x00, 0x00, 0x00, 0x00, 0x00, 0x00, 0x00, 0x00, 0x00, 0x00, 0x00, 0x00, 0x00, 0x00, 0x00, 0x00,  //................ 
  0x00, 0x00, 0x00, 0x00, 0x1c, 0x64, 0x8c, 0x9c, 0x9c, 0x8c, 0x64, 0x1c, 0x00, 0x00, 0x00, 0x00,  //.....+%%%%+..... 
  0x00, 0x00, 0x00, 0x92, 0xfa, 0xff, 0xff, 0xff, 0xff, 0xff, 0xff, 0xfa, 0x90, 0x00, 0x00, 0x00,  //...%@@@@@@@@%... 
  0x00, 0x00, 0x60, 0xff, 0xfa, 0x7e, 0x28, 0x08, 0x08, 0x28, 0x7e, 0xfa, 0xff, 0x5e, 0x00, 0x00,  //..+@@+....+@@+.. 
  0x00, 0x00, 0x8e, 0xff, 0xd4, 0x00, 0x00, 0x00, 0x00, 0x00, 0x00, 0xd4, 0xff, 0x8c, 0x00, 0x00,  //..%@@......@@%.. 
  0x00, 0x00, 0x4a, 0xff, 0xff, 0xa2, 0x4e, 0x32, 0x32, 0x4e, 0xa4, 0xff, 0xff, 0x46, 0x00, 0x00,  //..+@@%+..+%@@+.. 
  0x00, 0x00, 0x00, 0x5e, 0xe0, 0xff, 0xff, 0xff, 0xff, 0xff, 0xff, 0xe0, 0x5e, 0x00, 0x00, 0x00,  //...+@@@@@@@@+... 
  0x00, 0x00, 0x00, 0x00, 0x00, 0x2c, 0x52, 0x62, 0x62, 0x52, 0x2c, 0x00, 0x00, 0x00, 0x00, 0x00,  //......++++...... 
  0xc2, 0xda, 0xda, 0xda, 0xda, 0xda, 0xda, 0xda, 0xda, 0xda, 0xda, 0xda, 0xda, 0xda, 0xda, 0xc2,  //@@@@@@@@@@@@@@@@ 
  0xca, 0xe2, 0xe2, 0xe2, 0xe2, 0xe2, 0xe2, 0xe2, 0xe2, 0xe2, 0xe2, 0xe2, 0xe2, 0xe2, 0xe2, 0xca,  //@@@@@@@@@@@@@@@@ 
  0x00, 0x00, 0x0a, 0x16, 0x16, 0x16, 0x16, 0x16, 0x16, 0x16, 0x16, 0x16, 0x16, 0x08, 0x00, 0x00,  //................ 
  0x00, 0x00, 0x7e, 0xff, 0xff, 0xff, 0xff, 0xff, 0xff, 0xff, 0xff, 0xff, 0xff, 0x6e, 0x00, 0x00,  //..+@@@@@@@@@@+.. 
  0x00, 0x00, 0x54, 0xaa, 0xaa, 0xaa, 0xaa, 0xaa, 0xaa, 0xaa, 0xaa, 0xec, 0xff, 0x6e, 0x00, 0x00,  //..+%%%%%%%%@@+.. 
  0x00, 0x00, 0x2a, 0x56, 0x56, 0x56, 0x56, 0x56, 0x56, 0x56, 0x56, 0xdc, 0xff, 0x6e, 0x00, 0x00,  //...++++++++@@+.. 
  0x00, 0x00, 0x7e, 0xff, 0xff, 0xff, 0xff, 0xff, 0xff, 0xff, 0xff, 0xff, 0xff, 0x6e, 0x00, 0x00,  //..+@@@@@@@@@@+.. 
  0x00, 0x00, 0x7e, 0xff, 0xcc, 0x4e, 0x4e, 0x4e, 0x4e, 0x4e, 0x4e, 0x4e, 0x4e, 0x22, 0x00, 0x00,  //..+@@++++++++... 
  0x00, 0x00, 0x7e, 0xff, 0xe8, 0xae, 0xae, 0xae, 0xae, 0xae, 0xae, 0xae, 0xae, 0x96, 0x00, 0x00,  //..+@@%%%%%%%%%.. 
  0x00, 0x00, 0x7e, 0xff, 0xff, 0xff, 0xff, 0xff, 0xff, 0xff, 0xff, 0xff, 0xff, 0xda, 0x00, 0x00,  //..+@@@@@@@@@@@.. 
  0x00, 0x00, 0x0c, 0x1a, 0x1a, 0x1a, 0x1a, 0x1a, 0x1a, 0x1a, 0x1a, 0x1a, 0x1a, 0x16, 0x00, 0x00,  //................ 


  /*Unicode: U+c74c (음) , Width: 16 */
  0x00, 0x00, 0x00, 0x00, 0x00, 0x00, 0x00, 0x00, 0x00, 0x00, 0x00, 0x00, 0x00, 0x00, 0x00, 0x00,  //................ 
  0x00, 0x00, 0x00, 0x00, 0x00, 0x36, 0x68, 0x7c, 0x7c, 0x66, 0x36, 0x00, 0x00, 0x00, 0x00, 0x00,  //......++++...... 
  0x00, 0x00, 0x00, 0x48, 0xdc, 0xff, 0xff, 0xff, 0xff, 0xff, 0xff, 0xdc, 0x48, 0x00, 0x00, 0x00,  //...+@@@@@@@@+... 
  0x00, 0x00, 0x32, 0xfa, 0xff, 0xc0, 0x64, 0x44, 0x44, 0x6a, 0xc8, 0xff, 0xf8, 0x2e, 0x00, 0x00,  //...@@@++++@@@... 
  0x00, 0x00, 0x86, 0xff, 0xd6, 0x00, 0x00, 0x00, 0x00, 0x00, 0x02, 0xdc, 0xff, 0x86, 0x00, 0x00,  //..%@@......@@%.. 
  0x00, 0x00, 0x70, 0xff, 0xee, 0x34, 0x00, 0x00, 0x00, 0x00, 0x38, 0xf0, 0xff, 0x6e, 0x00, 0x00,  //..+@@......@@+.. 
  0x00, 0x00, 0x0a, 0xca, 0xff, 0xff, 0xe0, 0xc2, 0xc2, 0xe0, 0xff, 0xff, 0xca, 0x0a, 0x00, 0x00,  //...@@@@@@@@@@... 
  0x00, 0x00, 0x00, 0x06, 0x68, 0xba, 0xe6, 0xfa, 0xf8, 0xe6, 0xba, 0x68, 0x06, 0x00, 0x00, 0x00,  //....+%@@@@%+.... 
  0x14, 0x16, 0x16, 0x16, 0x16, 0x16, 0x16, 0x16, 0x16, 0x16, 0x16, 0x16, 0x16, 0x16, 0x16, 0x14,  //................ 
  0xe2, 0xff, 0xff, 0xff, 0xff, 0xff, 0xff, 0xff, 0xff, 0xff, 0xff, 0xff, 0xff, 0xff, 0xff, 0xe2,  //@@@@@@@@@@@@@@@@ 
  0xac, 0xc2, 0xc2, 0xc2, 0xc2, 0xc2, 0xc2, 0xc2, 0xc2, 0xc2, 0xc2, 0xc2, 0xc2, 0xc2, 0xc2, 0xac,  //%@@@@@@@@@@@@@@% 
  0x00, 0x00, 0x00, 0x00, 0x00, 0x00, 0x00, 0x00, 0x00, 0x00, 0x00, 0x00, 0x00, 0x00, 0x00, 0x00,  //................ 
  0x00, 0x00, 0x70, 0xfa, 0xfa, 0xfa, 0xfa, 0xfa, 0xfa, 0xfa, 0xfa, 0xfa, 0xfa, 0x6c, 0x00, 0x00,  //..+@@@@@@@@@@+.. 
  0x00, 0x00, 0x72, 0xff, 0xf6, 0xe2, 0xe2, 0xe2, 0xe2, 0xe2, 0xe2, 0xf8, 0xff, 0x6e, 0x00, 0x00,  //..+@@@@@@@@@@+.. 
  0x00, 0x00, 0x72, 0xff, 0xba, 0x00, 0x00, 0x00, 0x00, 0x00, 0x00, 0xc6, 0xff, 0x6e, 0x00, 0x00,  //..+@%......@@+.. 
  0x00, 0x00, 0x72, 0xff, 0xba, 0x00, 0x00, 0x00, 0x00, 0x00, 0x00, 0xc6, 0xff, 0x6e, 0x00, 0x00,  //..+@%......@@+.. 
  0x00, 0x00, 0x72, 0xff, 0xf8, 0xea, 0xea, 0xea, 0xea, 0xea, 0xea, 0xfa, 0xff, 0x6e, 0x00, 0x00,  //..+@@@@@@@@@@+.. 
  0x00, 0x00, 0x6e, 0xf6, 0xf6, 0xf6, 0xf6, 0xf6, 0xf6, 0xf6, 0xf6, 0xf6, 0xf6, 0x6a, 0x00, 0x00,  //..+@@@@@@@@@@+.. 
  0x00, 0x00, 0x00, 0x00, 0x00, 0x00, 0x00, 0x00, 0x00, 0x00, 0x00, 0x00, 0x00, 0x00, 0x00, 0x00,  //................ 


  /*Unicode: U+c758 (의) , Width: 15 */
  0x00, 0x00, 0x00, 0x00, 0x00, 0x00, 0x00, 0x00, 0x00, 0x00, 0x00, 0x00, 0x00, 0x00, 0x00,  //............... 
  0x00, 0x00, 0x00, 0x00, 0x00, 0x00, 0x00, 0x00, 0x00, 0x00, 0x00, 0x00, 0x6a, 0x9e, 0x56,  //............+%+ 
  0x00, 0x00, 0x00, 0x02, 0x52, 0x80, 0x7c, 0x44, 0x00, 0x00, 0x00, 0x00, 0xaa, 0xff, 0x8a,  //....+%++....%@% 
  0x00, 0x00, 0x24, 0xca, 0xff, 0xff, 0xff, 0xff, 0xc6, 0x16, 0x00, 0x00, 0xaa, 0xff, 0x8a,  //...@@@@@@...%@% 
  0x00, 0x02, 0xd6, 0xff, 0xce, 0x60, 0x6a, 0xe0, 0xff, 0xb6, 0x00, 0x00, 0xaa, 0xff, 0x8a,  //..@@@++@@%..%@% 
  0x00, 0x44, 0xff, 0xf8, 0x14, 0x00, 0x00, 0x38, 0xff, 0xff, 0x1e, 0x00, 0xaa, 0xff, 0x8a,  //.+@@....@@..%@% 
  0x00, 0x68, 0xff, 0xd8, 0x00, 0x00, 0x00, 0x02, 0xfc, 0xff, 0x44, 0x00, 0xaa, 0xff, 0x8a,  //.+@@....@@+.%@% 
  0x00, 0x56, 0xff, 0xec, 0x02, 0x00, 0x00, 0x1a, 0xff, 0xff, 0x30, 0x00, 0xaa, 0xff, 0x8a,  //.+@@....@@..%@% 
  0x00, 0x12, 0xf4, 0xff, 0x88, 0x08, 0x10, 0xaa, 0xff, 0xde, 0x00, 0x00, 0xaa, 0xff, 0x8a,  //..@@%..%@@..%@% 
  0x00, 0x00, 0x5c, 0xf8, 0xff, 0xfc, 0xff, 0xff, 0xf4, 0x40, 0x00, 0x00, 0xaa, 0xff, 0x8a,  //..+@@@@@@+..%@% 
  0x00, 0x00, 0x00, 0x2c, 0xaa, 0xd8, 0xd6, 0x9c, 0x28, 0x00, 0x00, 0x00, 0xaa, 0xff, 0x8a,  //....%@@%....%@% 
  0x00, 0x00, 0x00, 0x00, 0x00, 0x00, 0x00, 0x00, 0x00, 0x00, 0x00, 0x00, 0xaa, 0xff, 0x8a,  //............%@% 
  0x1a, 0x36, 0x36, 0x36, 0x3a, 0x40, 0x48, 0x52, 0x62, 0x74, 0x8c, 0x82, 0xaa, 0xff, 0x8a,  //.....+++++%%%@% 
  0x7e, 0xff, 0xff, 0xff, 0xff, 0xff, 0xff, 0xff, 0xff, 0xff, 0xff, 0xc6, 0xaa, 0xff, 0x8a,  //+@@@@@@@@@@@%@% 
  0x54, 0xaa, 0xaa, 0xaa, 0xa6, 0xa0, 0x96, 0x8a, 0x78, 0x64, 0x4a, 0x24, 0xaa, 0xff, 0x8a,  //+%%%%%%%+++.%@% 
  0x00, 0x00, 0x00, 0x00, 0x00, 0x00, 0x00, 0x00, 0x00, 0x00, 0x00, 0x00, 0xaa, 0xff, 0x8a,  //............%@% 
  0x00, 0x00, 0x00, 0x00, 0x00, 0x00, 0x00, 0x00, 0x00, 0x00, 0x00, 0x00, 0xaa, 0xff, 0x8a,  //............%@% 
  0x00, 0x00, 0x00, 0x00, 0x00, 0x00, 0x00, 0x00, 0x00, 0x00, 0x00, 0x00, 0xaa, 0xff, 0x8a,  //............%@% 
  0x00, 0x00, 0x00, 0x00, 0x00, 0x00, 0x00, 0x00, 0x00, 0x00, 0x00, 0x00, 0x08, 0x0e, 0x06,  //............... 


  /*Unicode: U+c774 (이) , Width: 15 */
  0x00, 0x00, 0x00, 0x00, 0x00, 0x00, 0x00, 0x00, 0x00, 0x00, 0x00, 0x00, 0x00, 0x00, 0x00,  //............... 
  0x00, 0x00, 0x00, 0x00, 0x00, 0x00, 0x00, 0x00, 0x00, 0x00, 0x00, 0x0a, 0x9e, 0x9e, 0x18,  //............%%. 
  0x00, 0x00, 0x00, 0x46, 0x98, 0xa4, 0x74, 0x0e, 0x00, 0x00, 0x00, 0x12, 0xff, 0xff, 0x26,  //...+%%+.....@@. 
  0x00, 0x00, 0x92, 0xff, 0xff, 0xff, 0xff, 0xe0, 0x1e, 0x00, 0x00, 0x12, 0xff, 0xff, 0x26,  //..%@@@@@....@@. 
  0x00, 0x4e, 0xff, 0xfa, 0x70, 0x48, 0xd0, 0xff, 0xba, 0x00, 0x00, 0x12, 0xff, 0xff, 0x26,  //.+@@++@@%...@@. 
  0x00, 0xba, 0xff, 0x9c, 0x00, 0x00, 0x30, 0xff, 0xff, 0x26, 0x00, 0x12, 0xff, 0xff, 0x26,  //.%@%...@@...@@. 
  0x02, 0xf6, 0xff, 0x4c, 0x00, 0x00, 0x00, 0xe0, 0xff, 0x66, 0x00, 0x12, 0xff, 0xff, 0x26,  //.@@+...@@+..@@. 
  0x1a, 0xff, 0xff, 0x2c, 0x00, 0x00, 0x00, 0xc0, 0xff, 0x86, 0x00, 0x12, 0xff, 0xff, 0x26,  //.@@....@@%..@@. 
  0x22, 0xff, 0xff, 0x20, 0x00, 0x00, 0x00, 0xb4, 0xff, 0x8e, 0x00, 0x12, 0xff, 0xff, 0x26,  //.@@....%@%..@@. 
  0x14, 0xff, 0xff, 0x30, 0x00, 0x00, 0x00, 0xc6, 0xff, 0x80, 0x00, 0x12, 0xff, 0xff, 0x26,  //.@@....@@%..@@. 
  0x00, 0xec, 0xff, 0x5e, 0x00, 0x00, 0x02, 0xec, 0xff, 0x58, 0x00, 0x12, 0xff, 0xff, 0x26,  //.@@+...@@+..@@. 
  0x00, 0xa4, 0xff, 0xbc, 0x00, 0x00, 0x50, 0xff, 0xfa, 0x14, 0x00, 0x12, 0xff, 0xff, 0x26,  //.%@%..+@@...@@. 
  0x00, 0x2c, 0xfa, 0xff, 0xb6, 0x8e, 0xf0, 0xff, 0x94, 0x00, 0x00, 0x12, 0xff, 0xff, 0x26,  //..@@%%@@%...@@. 
  0x00, 0x00, 0x54, 0xf0, 0xff, 0xff, 0xff, 0xac, 0x06, 0x00, 0x00, 0x12, 0xff, 0xff, 0x26,  //..+@@@@%....@@. 
  0x00, 0x00, 0x00, 0x10, 0x52, 0x5e, 0x2e, 0x00, 0x00, 0x00, 0x00, 0x12, 0xff, 0xff, 0x26,  //....++......@@. 
  0x00, 0x00, 0x00, 0x00, 0x00, 0x00, 0x00, 0x00, 0x00, 0x00, 0x00, 0x12, 0xff, 0xff, 0x26,  //............@@. 
  0x00, 0x00, 0x00, 0x00, 0x00, 0x00, 0x00, 0x00, 0x00, 0x00, 0x00, 0x12, 0xff, 0xff, 0x26,  //............@@. 
  0x00, 0x00, 0x00, 0x00, 0x00, 0x00, 0x00, 0x00, 0x00, 0x00, 0x00, 0x12, 0xff, 0xff, 0x26,  //............@@. 
  0x00, 0x00, 0x00, 0x00, 0x00, 0x00, 0x00, 0x00, 0x00, 0x00, 0x00, 0x00, 0x0e, 0x0e, 0x00,  //............... 


  /*Unicode: U+c778 (인) , Width: 15 */
  0x00, 0x00, 0x00, 0x00, 0x00, 0x00, 0x00, 0x00, 0x00, 0x00, 0x00, 0x00, 0x00, 0x00, 0x00,  //............... 
  0x00, 0x00, 0x00, 0x00, 0x00, 0x00, 0x00, 0x00, 0x00, 0x00, 0x00, 0x08, 0x72, 0x72, 0x0e,  //............++. 
  0x00, 0x00, 0x0c, 0x76, 0xbe, 0xca, 0xa2, 0x3e, 0x00, 0x00, 0x00, 0x12, 0xff, 0xff, 0x22,  //...+%@%.....@@. 
  0x00, 0x10, 0xd8, 0xff, 0xff, 0xff, 0xff, 0xff, 0x7a, 0x00, 0x00, 0x12, 0xff, 0xff, 0x22,  //..@@@@@@+...@@. 
  0x00, 0xa0, 0xff, 0xdc, 0x3a, 0x18, 0x78, 0xff, 0xff, 0x36, 0x00, 0x12, 0xff, 0xff, 0x22,  //.%@@..+@@...@@. 
  0x0a, 0xfa, 0xff, 0x52, 0x00, 0x00, 0x00, 0xbe, 0xff, 0x96, 0x00, 0x12, 0xff, 0xff, 0x22,  //.@@+...%@%..@@. 
  0x20, 0xff, 0xff, 0x2a, 0x00, 0x00, 0x00, 0x94, 0xff, 0xb4, 0x00, 0x12, 0xff, 0xff, 0x22,  //.@@....%@%..@@. 
  0x0a, 0xfa, 0xff, 0x52, 0x00, 0x00, 0x00, 0xbe, 0xff, 0x98, 0x00, 0x12, 0xff, 0xff, 0x22,  //.@@+...%@%..@@. 
  0x00, 0xa4, 0xff, 0xdc, 0x44, 0x24, 0x82, 0xff, 0xff, 0x3a, 0x00, 0x12, 0xff, 0xff, 0x22,  //.%@@+.%@@...@@. 
  0x00, 0x12, 0xd4, 0xff, 0xff, 0xff, 0xff, 0xfa, 0x7a, 0x00, 0x00, 0x12, 0xff, 0xff, 0x22,  //..@@@@@@+...@@. 
  0x00, 0x00, 0x06, 0x74, 0xba, 0xc8, 0xa2, 0x32, 0x00, 0x00, 0x00, 0x12, 0xff, 0xff, 0x22,  //...+%@%.....@@. 
  0x00, 0x00, 0x00, 0x00, 0x00, 0x00, 0x00, 0x00, 0x00, 0x00, 0x00, 0x12, 0xff, 0xff, 0x22,  //............@@. 
  0x00, 0x00, 0x00, 0x18, 0x3a, 0x2c, 0x00, 0x00, 0x00, 0x00, 0x00, 0x12, 0xff, 0xff, 0x22,  //............@@. 
  0x00, 0x00, 0x00, 0x6a, 0xff, 0xc6, 0x00, 0x00, 0x00, 0x00, 0x00, 0x06, 0x66, 0x66, 0x0c,  //...+@@......++. 
  0x00, 0x00, 0x00, 0x6a, 0xff, 0xc6, 0x00, 0x00, 0x00, 0x00, 0x00, 0x00, 0x00, 0x00, 0x00,  //...+@@......... 
  0x00, 0x00, 0x00, 0x6a, 0xff, 0xc6, 0x00, 0x00, 0x00, 0x00, 0x00, 0x00, 0x00, 0x00, 0x00,  //...+@@......... 
  0x00, 0x00, 0x00, 0x6a, 0xff, 0xff, 0xfa, 0xfa, 0xfa, 0xfa, 0xfa, 0xfa, 0xfa, 0xfa, 0x78,  //...+@@@@@@@@@@+ 
  0x00, 0x00, 0x00, 0x60, 0xe6, 0xe6, 0xe6, 0xe6, 0xe6, 0xe6, 0xe6, 0xe6, 0xe6, 0xe6, 0x6e,  //...+@@@@@@@@@@+ 
  0x00, 0x00, 0x00, 0x00, 0x00, 0x00, 0x00, 0x00, 0x00, 0x00, 0x00, 0x00, 0x00, 0x00, 0x00,  //............... 


  /*Unicode: U+c77c (일) , Width: 14 */
  0x00, 0x00, 0x00, 0x00, 0x00, 0x00, 0x00, 0x00, 0x00, 0x00, 0x00, 0x00, 0x00, 0x00,  //.............. 
  0x00, 0x00, 0x00, 0x24, 0x34, 0x16, 0x00, 0x00, 0x00, 0x00, 0x08, 0x86, 0x86, 0x14,  //...........%%. 
  0x00, 0x48, 0xd8, 0xff, 0xff, 0xff, 0xb0, 0x20, 0x00, 0x00, 0x12, 0xff, 0xff, 0x26,  //.+@@@@%....@@. 
  0x4e, 0xfc, 0xff, 0xd0, 0xac, 0xe6, 0xff, 0xde, 0x0e, 0x00, 0x12, 0xff, 0xff, 0x26,  //+@@@%@@@...@@. 
  0xcc, 0xff, 0x9c, 0x00, 0x00, 0x0c, 0xdc, 0xff, 0x80, 0x00, 0x12, 0xff, 0xff, 0x26,  //@@%...@@%..@@. 
  0xf8, 0xff, 0x4a, 0x00, 0x00, 0x00, 0x96, 0xff, 0xae, 0x00, 0x12, 0xff, 0xff, 0x26,  //@@+...%@%..@@. 
  0xe2, 0xff, 0x6e, 0x00, 0x00, 0x00, 0xbc, 0xff, 0x98, 0x00, 0x12, 0xff, 0xff, 0x26,  //@@+...%@%..@@. 
  0x72, 0xff, 0xf0, 0x7c, 0x58, 0x9e, 0xff, 0xfc, 0x36, 0x00, 0x12, 0xff, 0xff, 0x26,  //+@@++%@@...@@. 
  0x00, 0x8c, 0xfa, 0xff, 0xff, 0xff, 0xec, 0x58, 0x00, 0x00, 0x12, 0xff, 0xff, 0x26,  //.%@@@@@+...@@. 
  0x00, 0x00, 0x26, 0x70, 0x80, 0x62, 0x12, 0x00, 0x00, 0x00, 0x0e, 0xd2, 0xd2, 0x20,  //...+%+.....@@. 
  0x00, 0x00, 0x3a, 0x76, 0x76, 0x76, 0x76, 0x76, 0x76, 0x76, 0x76, 0x76, 0x76, 0x10,  //...++++++++++. 
  0x00, 0x00, 0x7e, 0xff, 0xff, 0xff, 0xff, 0xff, 0xff, 0xff, 0xff, 0xff, 0xff, 0x26,  //..+@@@@@@@@@@. 
  0x00, 0x00, 0x28, 0x52, 0x52, 0x52, 0x52, 0x52, 0x52, 0x52, 0x5c, 0xff, 0xff, 0x26,  //...++++++++@@. 
  0x00, 0x00, 0x50, 0xa2, 0xa2, 0xa2, 0xa2, 0xa2, 0xa2, 0xa2, 0xa8, 0xff, 0xff, 0x26,  //..+%%%%%%%%@@. 
  0x00, 0x00, 0x7e, 0xff, 0xff, 0xff, 0xff, 0xff, 0xff, 0xff, 0xff, 0xff, 0xff, 0x26,  //..+@@@@@@@@@@. 
  0x00, 0x00, 0x7e, 0xff, 0xb4, 0x1e, 0x1e, 0x1e, 0x1e, 0x1e, 0x1e, 0x1e, 0x1e, 0x04,  //..+@%......... 
  0x00, 0x00, 0x7e, 0xff, 0xf0, 0xd6, 0xd6, 0xd6, 0xd6, 0xd6, 0xd6, 0xd6, 0xd6, 0x66,  //..+@@@@@@@@@@+ 
  0x00, 0x00, 0x7c, 0xfa, 0xfa, 0xfa, 0xfa, 0xfa, 0xfa, 0xfa, 0xfa, 0xfa, 0xfa, 0x78,  //..+@@@@@@@@@@+ 
  0x00, 0x00, 0x00, 0x00, 0x00, 0x00, 0x00, 0x00, 0x00, 0x00, 0x00, 0x00, 0x00, 0x00,  //.............. 


  /*Unicode: U+c77d (읽) , Width: 14 */
  0x00, 0x00, 0x00, 0x00, 0x00, 0x00, 0x00, 0x00, 0x00, 0x00, 0x00, 0x00, 0x00, 0x00,  //.............. 
  0x00, 0x00, 0x06, 0x3a, 0x4c, 0x2c, 0x00, 0x00, 0x00, 0x00, 0x0a, 0x9e, 0x9e, 0x18,  //....+......%%. 
  0x00, 0x5a, 0xe6, 0xff, 0xff, 0xff, 0xc4, 0x2e, 0x00, 0x00, 0x12, 0xff, 0xff, 0x26,  //.+@@@@@....@@. 
  0x48, 0xfc, 0xff, 0xb6, 0x92, 0xd2, 0xff, 0xee, 0x1c, 0x00, 0x12, 0xff, 0xff, 0x26,  //+@@%%@@@...@@. 
  0xd0, 0xff, 0x8c, 0x00, 0x00, 0x04, 0xd2, 0xff, 0x88, 0x00, 0x12, 0xff, 0xff, 0x26,  //@@%...@@%..@@. 
  0xf8, 0xff, 0x48, 0x00, 0x00, 0x00, 0x94, 0xff, 0xb0, 0x00, 0x12, 0xff, 0xff, 0x26,  //@@+...%@%..@@. 
  0xda, 0xff, 0x78, 0x00, 0x00, 0x00, 0xc6, 0xff, 0x92, 0x00, 0x12, 0xff, 0xff, 0x26,  //@@+...@@%..@@. 
  0x5e, 0xff, 0xf8, 0x94, 0x70, 0xb6, 0xff, 0xf6, 0x2a, 0x00, 0x12, 0xff, 0xff, 0x26,  //+@@%+%@@...@@. 
  0x00, 0x70, 0xf2, 0xff, 0xff, 0xff, 0xd8, 0x40, 0x00, 0x00, 0x12, 0xff, 0xff, 0x26,  //.+@@@@@+...@@. 
  0x00, 0x00, 0x12, 0x52, 0x64, 0x44, 0x04, 0x00, 0x00, 0x00, 0x0c, 0xae, 0xae, 0x1a,  //...+++.....%%. 
  0x00, 0x10, 0x9a, 0x9a, 0x9a, 0x9a, 0x9a, 0x48, 0x9a, 0x9a, 0x9a, 0x9a, 0x9a, 0x16,  //..%%%%%+%%%%%. 
  0x00, 0x1a, 0xff, 0xff, 0xff, 0xff, 0xff, 0x76, 0xff, 0xff, 0xff, 0xff, 0xff, 0x26,  //..@@@@@+@@@@@. 
  0x00, 0x02, 0x26, 0x26, 0x26, 0xd2, 0xff, 0x68, 0x26, 0x26, 0x2c, 0xff, 0xff, 0x26,  //.....@@+...@@. 
  0x00, 0x12, 0xae, 0xae, 0xae, 0xee, 0xff, 0x66, 0x00, 0x00, 0x06, 0xff, 0xff, 0x26,  //..%%%@@+...@@. 
  0x00, 0x1a, 0xff, 0xff, 0xff, 0xff, 0xff, 0x66, 0x00, 0x00, 0x06, 0xff, 0xff, 0x26,  //..@@@@@+...@@. 
  0x00, 0x1a, 0xff, 0xff, 0x0e, 0x06, 0x06, 0x0c, 0x1a, 0x00, 0x06, 0xff, 0xff, 0x26,  //..@@.......@@. 
  0x00, 0x1a, 0xff, 0xff, 0xdc, 0xda, 0xe6, 0xfc, 0x8a, 0x00, 0x06, 0xff, 0xff, 0x26,  //..@@@@@@%..@@. 
  0x00, 0x16, 0xe2, 0xe2, 0xe2, 0xde, 0xd2, 0xb0, 0x4a, 0x00, 0x06, 0xff, 0xff, 0x26,  //..@@@@@%+..@@. 
  0x00, 0x00, 0x00, 0x00, 0x00, 0x00, 0x00, 0x00, 0x00, 0x00, 0x00, 0x0e, 0x0e, 0x00,  //.............. 


  /*Unicode: U+c785 (입) , Width: 14 */
  0x00, 0x00, 0x00, 0x00, 0x00, 0x00, 0x00, 0x00, 0x00, 0x00, 0x00, 0x00, 0x00, 0x00,  //.............. 
  0x00, 0x00, 0x00, 0x0a, 0x18, 0x04, 0x00, 0x00, 0x00, 0x00, 0x08, 0x7a, 0x7a, 0x12,  //...........++. 
  0x00, 0x2a, 0xba, 0xfc, 0xff, 0xf4, 0x92, 0x0e, 0x00, 0x00, 0x12, 0xff, 0xff, 0x26,  //..%@@@%....@@. 
  0x24, 0xf4, 0xff, 0xdc, 0xba, 0xee, 0xff, 0xd6, 0x0a, 0x00, 0x12, 0xff, 0xff, 0x26,  //.@@@%@@@...@@. 
  0xb6, 0xff, 0xac, 0x02, 0x00, 0x16, 0xe4, 0xff, 0x74, 0x00, 0x12, 0xff, 0xff, 0x26,  //%@%...@@+..@@. 
  0xf4, 0xff, 0x44, 0x00, 0x00, 0x00, 0x8c, 0xff, 0xae, 0x00, 0x12, 0xff, 0xff, 0x26,  //@@+...%@%..@@. 
  0xf0, 0xff, 0x48, 0x00, 0x00, 0x00, 0x90, 0xff, 0xaa, 0x00, 0x12, 0xff, 0xff, 0x26,  //@@+...%@%..@@. 
  0xa8, 0xff, 0xb8, 0x0a, 0x00, 0x24, 0xea, 0xff, 0x66, 0x00, 0x12, 0xff, 0xff, 0x26,  //%@%...@@+..@@. 
  0x18, 0xea, 0xff, 0xf0, 0xd4, 0xf8, 0xff, 0xc4, 0x04, 0x00, 0x12, 0xff, 0xff, 0x26,  //.@@@@@@@...@@. 
  0x00, 0x16, 0x9a, 0xe8, 0xf8, 0xda, 0x74, 0x04, 0x00, 0x00, 0x12, 0xff, 0xff, 0x26,  //..%@@@+....@@. 
  0x00, 0x00, 0x00, 0x00, 0x00, 0x00, 0x00, 0x00, 0x00, 0x00, 0x04, 0x4a, 0x4a, 0x0a,  //...........++. 
  0x00, 0x00, 0x66, 0xda, 0x9c, 0x00, 0x00, 0x00, 0x00, 0x00, 0x0e, 0xff, 0xff, 0x26,  //..+@%......@@. 
  0x00, 0x00, 0x76, 0xff, 0xce, 0x52, 0x52, 0x52, 0x52, 0x52, 0x5c, 0xff, 0xff, 0x26,  //..+@@++++++@@. 
  0x00, 0x00, 0x76, 0xff, 0xff, 0xff, 0xff, 0xff, 0xff, 0xff, 0xff, 0xff, 0xff, 0x26,  //..+@@@@@@@@@@. 
  0x00, 0x00, 0x76, 0xff, 0xd6, 0x72, 0x72, 0x72, 0x72, 0x72, 0x7a, 0xff, 0xff, 0x26,  //..+@@++++++@@. 
  0x00, 0x00, 0x76, 0xff, 0xb6, 0x00, 0x00, 0x00, 0x00, 0x00, 0x0e, 0xff, 0xff, 0x26,  //..+@%......@@. 
  0x00, 0x00, 0x76, 0xff, 0xf8, 0xe6, 0xe6, 0xe6, 0xe6, 0xe6, 0xe8, 0xff, 0xff, 0x26,  //..+@@@@@@@@@@. 
  0x00, 0x00, 0x6e, 0xee, 0xee, 0xee, 0xee, 0xee, 0xee, 0xee, 0xee, 0xee, 0xee, 0x24,  //..+@@@@@@@@@@. 
  0x00, 0x00, 0x00, 0x00, 0x00, 0x00, 0x00, 0x00, 0x00, 0x00, 0x00, 0x00, 0x00, 0x00,  //.............. 


  /*Unicode: U+c788 (있) , Width: 15 */
  0x00, 0x00, 0x00, 0x00, 0x00, 0x00, 0x00, 0x00, 0x00, 0x00, 0x00, 0x00, 0x00, 0x00, 0x00,  //............... 
  0x00, 0x00, 0x00, 0x28, 0x38, 0x16, 0x00, 0x00, 0x00, 0x00, 0x0a, 0x96, 0x96, 0x16, 0x00,  //...........%%.. 
  0x00, 0x3c, 0xd8, 0xff, 0xff, 0xff, 0xa6, 0x16, 0x00, 0x00, 0x12, 0xff, 0xff, 0x26, 0x00,  //..@@@@%....@@.. 
  0x2e, 0xf8, 0xff, 0xc4, 0xa0, 0xe4, 0xff, 0xce, 0x04, 0x00, 0x12, 0xff, 0xff, 0x26, 0x00,  //.@@@%@@@...@@.. 
  0xbc, 0xff, 0x9c, 0x00, 0x00, 0x12, 0xe8, 0xff, 0x6a, 0x00, 0x12, 0xff, 0xff, 0x26, 0x00,  //%@%...@@+..@@.. 
  0xf4, 0xff, 0x42, 0x00, 0x00, 0x00, 0xa0, 0xff, 0xa6, 0x00, 0x12, 0xff, 0xff, 0x26, 0x00,  //@@+...%@%..@@.. 
  0xf2, 0xff, 0x46, 0x00, 0x00, 0x00, 0xa2, 0xff, 0xa4, 0x00, 0x12, 0xff, 0xff, 0x26, 0x00,  //@@+...%@%..@@.. 
  0xb4, 0xff, 0xac, 0x02, 0x00, 0x1e, 0xee, 0xff, 0x60, 0x00, 0x12, 0xff, 0xff, 0x26, 0x00,  //%@%...@@+..@@.. 
  0x24, 0xf4, 0xff, 0xd8, 0xb6, 0xf0, 0xff, 0xc2, 0x00, 0x00, 0x12, 0xff, 0xff, 0x26, 0x00,  //.@@@%@@@...@@.. 
  0x00, 0x2a, 0xbe, 0xfc, 0xff, 0xf2, 0x8c, 0x0a, 0x00, 0x00, 0x12, 0xff, 0xff, 0x26, 0x00,  //..%@@@%....@@.. 
  0x00, 0x00, 0x00, 0x0a, 0x18, 0x02, 0x00, 0x00, 0x00, 0x00, 0x0c, 0xb6, 0xb6, 0x1a, 0x00,  //...........%%.. 
  0x00, 0x00, 0x00, 0x00, 0x9a, 0xaa, 0x3a, 0x00, 0x00, 0x76, 0xb6, 0x66, 0x00, 0x00, 0x00,  //....%%...+%+... 
  0x00, 0x00, 0x00, 0x00, 0xf2, 0xff, 0x40, 0x00, 0x00, 0xac, 0xff, 0x74, 0x00, 0x00, 0x00,  //....@@+..%@+... 
  0x00, 0x00, 0x00, 0x3e, 0xff, 0xff, 0x70, 0x00, 0x00, 0xde, 0xff, 0x98, 0x00, 0x00, 0x00,  //....@@+..@@%... 
  0x00, 0x00, 0x04, 0xc0, 0xff, 0xff, 0xe6, 0x10, 0x4c, 0xff, 0xff, 0xfa, 0x42, 0x00, 0x00,  //...@@@@.+@@@+.. 
  0x00, 0x0e, 0xae, 0xff, 0xe2, 0x98, 0xff, 0xc6, 0xea, 0xff, 0xa2, 0xff, 0xf6, 0x68, 0x00,  //..%@@%@@@@%@@+. 
  0x1c, 0xe8, 0xff, 0xec, 0x2c, 0x02, 0xc2, 0xff, 0xff, 0x84, 0x00, 0x82, 0xff, 0xff, 0x90,  //.@@@..@@@%.%@@% 
  0x00, 0x76, 0xb4, 0x18, 0x00, 0x00, 0x0c, 0xbe, 0x70, 0x00, 0x00, 0x00, 0x52, 0xd0, 0x16,  //.+%....%+...+@. 
  0x00, 0x00, 0x00, 0x00, 0x00, 0x00, 0x00, 0x00, 0x00, 0x00, 0x00, 0x00, 0x00, 0x00, 0x00,  //............... 


  /*Unicode: U+c791 (작) , Width: 16 */
  0x00, 0x00, 0x00, 0x00, 0x00, 0x00, 0x00, 0x00, 0x00, 0x00, 0x00, 0x00, 0x00, 0x00, 0x00, 0x00,  //................ 
  0x00, 0x00, 0x00, 0x00, 0x00, 0x00, 0x00, 0x00, 0x00, 0x00, 0x00, 0x86, 0xa6, 0x42, 0x00, 0x00,  //...........%%+.. 
  0x00, 0xc6, 0xe6, 0xe6, 0xe6, 0xe6, 0xe8, 0xec, 0x96, 0x00, 0x00, 0xce, 0xff, 0x66, 0x00, 0x00,  //.@@@@@@@%..@@+.. 
  0x00, 0xd0, 0xf2, 0xf2, 0xf2, 0xee, 0xfc, 0xff, 0x6a, 0x00, 0x00, 0xce, 0xff, 0x66, 0x00, 0x00,  //.@@@@@@@+..@@+.. 
  0x00, 0x00, 0x00, 0x00, 0x00, 0x14, 0xfa, 0xff, 0x2a, 0x00, 0x00, 0xce, 0xff, 0x66, 0x00, 0x00,  //......@@...@@+.. 
  0x00, 0x00, 0x00, 0x00, 0x00, 0x96, 0xff, 0xb4, 0x00, 0x00, 0x00, 0xce, 0xff, 0xe0, 0xca, 0xb6,  //.....%@%...@@@@% 
  0x00, 0x00, 0x00, 0x00, 0x60, 0xff, 0xff, 0x58, 0x00, 0x00, 0x00, 0xce, 0xff, 0xff, 0xff, 0xe6,  //....+@@+...@@@@@ 
  0x00, 0x00, 0x00, 0x76, 0xfc, 0xff, 0xff, 0xf0, 0x40, 0x00, 0x00, 0xce, 0xff, 0x72, 0x12, 0x10,  //...+@@@@+..@@+.. 
  0x00, 0x26, 0xbc, 0xff, 0xff, 0x7a, 0x7e, 0xff, 0xf8, 0x7a, 0x06, 0xce, 0xff, 0x66, 0x00, 0x00,  //..%@@++@@+.@@+.. 
  0x8c, 0xfa, 0xff, 0xea, 0x52, 0x00, 0x00, 0x70, 0xfa, 0xff, 0x98, 0xce, 0xff, 0x66, 0x00, 0x00,  //%@@@+..+@@%@@+.. 
  0x38, 0xee, 0x8c, 0x0e, 0x00, 0x00, 0x00, 0x00, 0x2c, 0xa4, 0x0c, 0xce, 0xff, 0x66, 0x00, 0x00,  //.@%......%.@@+.. 
  0x00, 0x08, 0x08, 0x1a, 0x1a, 0x1a, 0x1a, 0x1a, 0x1a, 0x1a, 0x1a, 0x3e, 0x46, 0x1c, 0x00, 0x00,  //............+... 
  0x00, 0x00, 0x56, 0xff, 0xff, 0xff, 0xff, 0xff, 0xff, 0xff, 0xff, 0xff, 0xff, 0x66, 0x00, 0x00,  //..+@@@@@@@@@@+.. 
  0x00, 0x00, 0x3e, 0xba, 0xba, 0xba, 0xba, 0xba, 0xba, 0xba, 0xba, 0xf2, 0xff, 0x66, 0x00, 0x00,  //...%%%%%%%%@@+.. 
  0x00, 0x00, 0x00, 0x00, 0x00, 0x00, 0x00, 0x00, 0x00, 0x00, 0x00, 0xce, 0xff, 0x66, 0x00, 0x00,  //...........@@+.. 
  0x00, 0x00, 0x00, 0x00, 0x00, 0x00, 0x00, 0x00, 0x00, 0x00, 0x00, 0xce, 0xff, 0x66, 0x00, 0x00,  //...........@@+.. 
  0x00, 0x00, 0x00, 0x00, 0x00, 0x00, 0x00, 0x00, 0x00, 0x00, 0x00, 0xce, 0xff, 0x66, 0x00, 0x00,  //...........@@+.. 
  0x00, 0x00, 0x00, 0x00, 0x00, 0x00, 0x00, 0x00, 0x00, 0x00, 0x00, 0xce, 0xff, 0x66, 0x00, 0x00,  //...........@@+.. 
  0x00, 0x00, 0x00, 0x00, 0x00, 0x00, 0x00, 0x00, 0x00, 0x00, 0x00, 0x12, 0x16, 0x08, 0x00, 0x00,  //................ 


  /*Unicode: U+c798 (잘) , Width: 16 */
  0x00, 0x00, 0x00, 0x00, 0x00, 0x00, 0x00, 0x00, 0x00, 0x00, 0x00, 0x00, 0x00, 0x00, 0x00, 0x00,  //................ 
  0x00, 0x00, 0x00, 0x00, 0x00, 0x00, 0x00, 0x00, 0x00, 0x00, 0x00, 0x6c, 0x86, 0x36, 0x00, 0x00,  //...........+%... 
  0x00, 0xaa, 0xc6, 0xc6, 0xc6, 0xc6, 0xc6, 0xcc, 0x9c, 0x00, 0x00, 0xce, 0xff, 0x66, 0x00, 0x00,  //.%@@@@@@%..@@+.. 
  0x00, 0xda, 0xff, 0xff, 0xff, 0xff, 0xff, 0xff, 0x92, 0x00, 0x00, 0xce, 0xff, 0x66, 0x00, 0x00,  //.@@@@@@@%..@@+.. 
  0x00, 0x04, 0x06, 0x06, 0x06, 0x16, 0xf2, 0xff, 0x38, 0x00, 0x00, 0xce, 0xff, 0x94, 0x4a, 0x42,  //......@@...@@%++ 
  0x00, 0x00, 0x00, 0x00, 0x04, 0xb2, 0xff, 0xaa, 0x00, 0x00, 0x00, 0xce, 0xff, 0xff, 0xff, 0xe6,  //.....%@%...@@@@@ 
  0x00, 0x00, 0x00, 0x14, 0xbc, 0xff, 0xff, 0x9c, 0x02, 0x00, 0x00, 0xce, 0xff, 0xbe, 0x92, 0x84,  //....%@@%...@@%%% 
  0x00, 0x02, 0x64, 0xea, 0xff, 0xd6, 0xd0, 0xff, 0xc0, 0x28, 0x00, 0xce, 0xff, 0x66, 0x00, 0x00,  //..+@@@@@@..@@+.. 
  0x68, 0xdc, 0xff, 0xff, 0x9a, 0x0a, 0x0e, 0xc0, 0xff, 0xfc, 0x8a, 0xce, 0xff, 0x66, 0x00, 0x00,  //+@@@%..@@@%@@+.. 
  0x5e, 0xff, 0xc0, 0x3c, 0x00, 0x00, 0x00, 0x02, 0x6c, 0xe6, 0x32, 0xbe, 0xea, 0x5e, 0x00, 0x00,  //+@@.....+@.%@+.. 
  0x00, 0x28, 0x0c, 0x5e, 0x5e, 0x5e, 0x5e, 0x5e, 0x5e, 0x62, 0x5e, 0x5e, 0x5e, 0x26, 0x00, 0x00,  //...++++++++++... 
  0x00, 0x00, 0x22, 0xff, 0xff, 0xff, 0xff, 0xff, 0xff, 0xff, 0xff, 0xff, 0xff, 0x66, 0x00, 0x00,  //...@@@@@@@@@@+.. 
  0x00, 0x00, 0x0e, 0x6e, 0x6e, 0x6e, 0x6e, 0x6e, 0x6e, 0x6e, 0x6e, 0xe0, 0xff, 0x66, 0x00, 0x00,  //...++++++++@@+.. 
  0x00, 0x00, 0x16, 0xa2, 0xa2, 0xa2, 0xa2, 0xa2, 0xa2, 0xa2, 0xa2, 0xec, 0xff, 0x66, 0x00, 0x00,  //...%%%%%%%%@@+.. 
  0x00, 0x00, 0x22, 0xff, 0xff, 0xff, 0xff, 0xff, 0xff, 0xff, 0xff, 0xff, 0xff, 0x66, 0x00, 0x00,  //...@@@@@@@@@@+.. 
  0x00, 0x00, 0x22, 0xff, 0xff, 0x28, 0x1a, 0x1a, 0x1a, 0x1a, 0x1a, 0x1a, 0x1a, 0x0a, 0x00, 0x00,  //...@@........... 
  0x00, 0x00, 0x22, 0xff, 0xff, 0xd8, 0xd6, 0xd6, 0xd6, 0xd6, 0xd6, 0xd6, 0xd6, 0xa0, 0x00, 0x00,  //...@@@@@@@@@@%.. 
  0x00, 0x00, 0x22, 0xfa, 0xfa, 0xfa, 0xfa, 0xfa, 0xfa, 0xfa, 0xfa, 0xfa, 0xfa, 0xbc, 0x00, 0x00,  //...@@@@@@@@@@%.. 
  0x00, 0x00, 0x00, 0x00, 0x00, 0x00, 0x00, 0x00, 0x00, 0x00, 0x00, 0x00, 0x00, 0x00, 0x00, 0x00,  //................ 


  /*Unicode: U+c7a0 (잠) , Width: 16 */
  0x00, 0x00, 0x00, 0x00, 0x00, 0x00, 0x00, 0x00, 0x00, 0x00, 0x00, 0x00, 0x00, 0x00, 0x00, 0x00,  //................ 
  0x00, 0x00, 0x00, 0x00, 0x00, 0x00, 0x00, 0x00, 0x00, 0x00, 0x00, 0x62, 0x7a, 0x30, 0x00, 0x00,  //...........++... 
  0x00, 0xa4, 0xbe, 0xbe, 0xbe, 0xbe, 0xbe, 0xc2, 0x88, 0x00, 0x00, 0xce, 0xff, 0x66, 0x00, 0x00,  //.%%%%%%@%..@@+.. 
  0x00, 0xda, 0xff, 0xff, 0xff, 0xff, 0xff, 0xff, 0x88, 0x00, 0x00, 0xce, 0xff, 0x66, 0x00, 0x00,  //.@@@@@@@%..@@+.. 
  0x00, 0x12, 0x16, 0x16, 0x16, 0x1e, 0xf8, 0xff, 0x3e, 0x00, 0x00, 0xce, 0xff, 0x66, 0x00, 0x00,  //......@@...@@+.. 
  0x00, 0x00, 0x00, 0x00, 0x00, 0x88, 0xff, 0xd0, 0x00, 0x00, 0x00, 0xce, 0xff, 0xe0, 0xca, 0xb6,  //.....%@@...@@@@% 
  0x00, 0x00, 0x00, 0x00, 0x5e, 0xfc, 0xff, 0x62, 0x00, 0x00, 0x00, 0xce, 0xff, 0xff, 0xff, 0xe6,  //....+@@+...@@@@@ 
  0x00, 0x00, 0x02, 0x84, 0xfc, 0xff, 0xff, 0xf0, 0x46, 0x00, 0x00, 0xce, 0xff, 0x72, 0x12, 0x10,  //...%@@@@+..@@+.. 
  0x00, 0x3e, 0xce, 0xff, 0xf6, 0x60, 0x70, 0xff, 0xfa, 0x98, 0x18, 0xce, 0xff, 0x66, 0x00, 0x00,  //..@@@++@@%.@@+.. 
  0xa2, 0xff, 0xff, 0xd4, 0x30, 0x00, 0x00, 0x5e, 0xf2, 0xff, 0x94, 0xce, 0xff, 0x66, 0x00, 0x00,  //%@@@...+@@%@@+.. 
  0x24, 0xd6, 0x68, 0x02, 0x00, 0x00, 0x00, 0x00, 0x1a, 0x8a, 0x06, 0xce, 0xff, 0x66, 0x00, 0x00,  //.@+......%.@@+.. 
  0x00, 0x00, 0x00, 0x42, 0x42, 0x42, 0x42, 0x42, 0x42, 0x42, 0x42, 0x48, 0x4a, 0x1c, 0x00, 0x00,  //...++++++++++... 
  0x00, 0x00, 0x02, 0xff, 0xff, 0xff, 0xff, 0xff, 0xff, 0xff, 0xff, 0xff, 0xff, 0x66, 0x00, 0x00,  //...@@@@@@@@@@+.. 
  0x00, 0x00, 0x02, 0xff, 0xff, 0xa6, 0x8e, 0x8e, 0x8e, 0x8e, 0x8e, 0xea, 0xff, 0x66, 0x00, 0x00,  //...@@%%%%%%@@+.. 
  0x00, 0x00, 0x02, 0xff, 0xff, 0x36, 0x00, 0x00, 0x00, 0x00, 0x00, 0xce, 0xff, 0x66, 0x00, 0x00,  //...@@......@@+.. 
  0x00, 0x00, 0x02, 0xff, 0xff, 0x36, 0x00, 0x00, 0x00, 0x00, 0x00, 0xce, 0xff, 0x66, 0x00, 0x00,  //...@@......@@+.. 
  0x00, 0x00, 0x02, 0xff, 0xff, 0xe6, 0xde, 0xde, 0xde, 0xde, 0xde, 0xf8, 0xff, 0x66, 0x00, 0x00,  //...@@@@@@@@@@+.. 
  0x00, 0x00, 0x02, 0xee, 0xee, 0xee, 0xee, 0xee, 0xee, 0xee, 0xee, 0xee, 0xee, 0x60, 0x00, 0x00,  //...@@@@@@@@@@+.. 
  0x00, 0x00, 0x00, 0x00, 0x00, 0x00, 0x00, 0x00, 0x00, 0x00, 0x00, 0x00, 0x00, 0x00, 0x00, 0x00,  //................ 


  /*Unicode: U+c7a5 (장) , Width: 16 */
  0x00, 0x00, 0x00, 0x00, 0x00, 0x00, 0x00, 0x00, 0x00, 0x00, 0x00, 0x00, 0x00, 0x00, 0x00, 0x00,  //................ 
  0x00, 0x00, 0x00, 0x00, 0x00, 0x00, 0x00, 0x00, 0x00, 0x00, 0x00, 0x8e, 0xae, 0x46, 0x00, 0x00,  //...........%%+.. 
  0x00, 0xd0, 0xf2, 0xf2, 0xf2, 0xf2, 0xf2, 0xf6, 0xa4, 0x00, 0x00, 0xce, 0xff, 0x66, 0x00, 0x00,  //.@@@@@@@%..@@+.. 
  0x00, 0xc8, 0xea, 0xea, 0xea, 0xe6, 0xfc, 0xff, 0x78, 0x00, 0x00, 0xce, 0xff, 0x66, 0x00, 0x00,  //.@@@@@@@+..@@+.. 
  0x00, 0x00, 0x00, 0x00, 0x00, 0x18, 0xfc, 0xff, 0x2a, 0x00, 0x00, 0xce, 0xff, 0x66, 0x00, 0x00,  //......@@...@@+.. 
  0x00, 0x00, 0x00, 0x00, 0x00, 0x9c, 0xff, 0xae, 0x00, 0x00, 0x00, 0xce, 0xff, 0xe8, 0xda, 0xc6,  //.....%@%...@@@@@ 
  0x00, 0x00, 0x00, 0x00, 0x6c, 0xff, 0xff, 0x64, 0x00, 0x00, 0x00, 0xce, 0xff, 0xff, 0xff, 0xe6,  //....+@@+...@@@@@ 
  0x00, 0x00, 0x02, 0x86, 0xff, 0xff, 0xfc, 0xf8, 0x5a, 0x00, 0x00, 0xce, 0xff, 0x68, 0x02, 0x02,  //...%@@@@+..@@+.. 
  0x00, 0x32, 0xc8, 0xff, 0xf6, 0x5e, 0x5e, 0xfc, 0xff, 0x9a, 0x16, 0xce, 0xff, 0x66, 0x00, 0x00,  //..@@@++@@%.@@+.. 
  0x96, 0xfc, 0xff, 0xde, 0x38, 0x00, 0x00, 0x56, 0xf0, 0xff, 0x90, 0xce, 0xff, 0x66, 0x00, 0x00,  //%@@@...+@@%@@+.. 
  0x2e, 0xe4, 0x7a, 0x06, 0x00, 0x00, 0x00, 0x00, 0x18, 0x84, 0x04, 0xce, 0xff, 0x66, 0x00, 0x00,  //.@+......%.@@+.. 
  0x00, 0x02, 0x00, 0x00, 0x00, 0x30, 0x68, 0x80, 0x84, 0x72, 0x46, 0x68, 0x76, 0x2e, 0x00, 0x00,  //......+%%++++... 
  0x00, 0x00, 0x00, 0x30, 0xd0, 0xff, 0xff, 0xff, 0xff, 0xff, 0xff, 0xec, 0x68, 0x00, 0x00, 0x00,  //....@@@@@@@@+... 
  0x00, 0x00, 0x12, 0xec, 0xff, 0xce, 0x6c, 0x42, 0x3e, 0x5a, 0xaa, 0xff, 0xff, 0x54, 0x00, 0x00,  //...@@@++.+%@@+.. 
  0x00, 0x00, 0x56, 0xff, 0xf0, 0x08, 0x00, 0x00, 0x00, 0x00, 0x00, 0xa8, 0xff, 0xae, 0x00, 0x00,  //..+@@......%@%.. 
  0x00, 0x00, 0x42, 0xff, 0xfc, 0x3c, 0x00, 0x00, 0x00, 0x00, 0x14, 0xd2, 0xff, 0x98, 0x00, 0x00,  //..+@@......@@%.. 
  0x00, 0x00, 0x00, 0xb2, 0xff, 0xff, 0xd0, 0xaa, 0xa6, 0xbe, 0xf8, 0xff, 0xe6, 0x20, 0x00, 0x00,  //...%@@@%%%@@@... 
  0x00, 0x00, 0x00, 0x02, 0x66, 0xc8, 0xf8, 0xff, 0xff, 0xff, 0xdc, 0x8a, 0x14, 0x00, 0x00, 0x00,  //....+@@@@@@%.... 
  0x00, 0x00, 0x00, 0x00, 0x00, 0x00, 0x04, 0x16, 0x1a, 0x0a, 0x00, 0x00, 0x00, 0x00, 0x00, 0x00,  //................ 


  /*Unicode: U+c7ac (재) , Width: 15 */
  0x00, 0x00, 0x00, 0x00, 0x00, 0x00, 0x00, 0x00, 0x00, 0x00, 0x00, 0x00, 0x00, 0x00, 0x00,  //............... 
  0x00, 0x00, 0x00, 0x00, 0x00, 0x00, 0x00, 0x00, 0x20, 0x6e, 0x5a, 0x00, 0x78, 0x9e, 0x3c,  //.........++.+%. 
  0x00, 0x2e, 0x2e, 0x2e, 0x2e, 0x30, 0x34, 0x00, 0x4a, 0xff, 0xd2, 0x00, 0xc2, 0xff, 0x62,  //........+@@.@@+ 
  0x00, 0xff, 0xff, 0xff, 0xff, 0xff, 0xf0, 0x00, 0x4a, 0xff, 0xd2, 0x00, 0xc2, 0xff, 0x62,  //.@@@@@@.+@@.@@+ 
  0x00, 0xaa, 0xaa, 0xaa, 0xba, 0xff, 0xd0, 0x00, 0x4a, 0xff, 0xd2, 0x00, 0xc2, 0xff, 0x62,  //.%%%%@@.+@@.@@+ 
  0x00, 0x00, 0x00, 0x00, 0x5c, 0xff, 0xb0, 0x00, 0x4a, 0xff, 0xd2, 0x00, 0xc2, 0xff, 0x62,  //....+@%.+@@.@@+ 
  0x00, 0x00, 0x00, 0x00, 0x8e, 0xff, 0x6e, 0x00, 0x4a, 0xff, 0xd2, 0x00, 0xc2, 0xff, 0x62,  //....%@+.+@@.@@+ 
  0x00, 0x00, 0x00, 0x00, 0xda, 0xff, 0x22, 0x00, 0x4a, 0xff, 0xe6, 0x6e, 0xdc, 0xff, 0x62,  //....@@..+@@+@@+ 
  0x00, 0x00, 0x00, 0x44, 0xff, 0xee, 0x02, 0x00, 0x4a, 0xff, 0xff, 0xff, 0xff, 0xff, 0x62,  //...+@@..+@@@@@+ 
  0x00, 0x00, 0x00, 0xc8, 0xff, 0xff, 0x6c, 0x00, 0x4a, 0xff, 0xe4, 0x66, 0xda, 0xff, 0x62,  //...@@@+.+@@+@@+ 
  0x00, 0x00, 0x6a, 0xff, 0xe0, 0xfa, 0xec, 0x1a, 0x4a, 0xff, 0xd2, 0x00, 0xc2, 0xff, 0x62,  //..+@@@@.+@@.@@+ 
  0x00, 0x32, 0xf6, 0xfc, 0x3c, 0x88, 0xff, 0xd8, 0x62, 0xff, 0xd2, 0x00, 0xc2, 0xff, 0x62,  //..@@.%@@+@@.@@+ 
  0x24, 0xe4, 0xff, 0x8a, 0x00, 0x0a, 0xdc, 0xff, 0xf4, 0xff, 0xd2, 0x00, 0xc2, 0xff, 0x62,  //.@@%..@@@@@.@@+ 
  0xb2, 0xff, 0xaa, 0x00, 0x00, 0x00, 0x28, 0xe6, 0xca, 0xff, 0xd2, 0x00, 0xc2, 0xff, 0x62,  //%@%....@@@@.@@+ 
  0x06, 0x70, 0x04, 0x00, 0x00, 0x00, 0x00, 0x10, 0x4a, 0xff, 0xd2, 0x00, 0xc2, 0xff, 0x62,  //.+......+@@.@@+ 
  0x00, 0x00, 0x00, 0x00, 0x00, 0x00, 0x00, 0x00, 0x4a, 0xff, 0xd2, 0x00, 0xc2, 0xff, 0x62,  //........+@@.@@+ 
  0x00, 0x00, 0x00, 0x00, 0x00, 0x00, 0x00, 0x00, 0x4a, 0xff, 0xd2, 0x00, 0xc2, 0xff, 0x62,  //........+@@.@@+ 
  0x00, 0x00, 0x00, 0x00, 0x00, 0x00, 0x00, 0x00, 0x30, 0xa6, 0x8a, 0x00, 0xc2, 0xff, 0x62,  //.........%%.@@+ 
  0x00, 0x00, 0x00, 0x00, 0x00, 0x00, 0x00, 0x00, 0x00, 0x00, 0x00, 0x00, 0x0a, 0x0e, 0x04,  //............... 


  /*Unicode: U+c801 (적) , Width: 15 */
  0x00, 0x00, 0x00, 0x00, 0x00, 0x00, 0x00, 0x00, 0x00, 0x00, 0x00, 0x00, 0x00, 0x00, 0x00,  //............... 
  0x00, 0x00, 0x00, 0x00, 0x00, 0x00, 0x00, 0x00, 0x00, 0x00, 0x00, 0x0a, 0xa2, 0xa2, 0x18,  //............%%. 
  0x00, 0x88, 0xe6, 0xe6, 0xe6, 0xe6, 0xe6, 0xe8, 0xc8, 0x00, 0x00, 0x12, 0xff, 0xff, 0x26,  //.%@@@@@@@...@@. 
  0x00, 0x92, 0xf6, 0xf6, 0xf6, 0xf2, 0xfa, 0xff, 0xaa, 0x00, 0x00, 0x12, 0xff, 0xff, 0x26,  //.%@@@@@@%...@@. 
  0x00, 0x00, 0x00, 0x00, 0x00, 0x00, 0xde, 0xff, 0x60, 0x00, 0x00, 0x12, 0xff, 0xff, 0x26,  //......@@+...@@. 
  0x00, 0x00, 0x00, 0x00, 0x00, 0x52, 0xff, 0xe6, 0x06, 0x58, 0x86, 0x90, 0xff, 0xff, 0x26,  //.....+@@.+%%@@. 
  0x00, 0x00, 0x00, 0x00, 0x22, 0xea, 0xff, 0x74, 0x00, 0xa6, 0xff, 0xff, 0xff, 0xff, 0x26,  //.....@@+.%@@@@. 
  0x00, 0x00, 0x00, 0x28, 0xe0, 0xff, 0xff, 0xd4, 0x1a, 0x30, 0x4a, 0x58, 0xff, 0xff, 0x26,  //....@@@@..++@@. 
  0x00, 0x00, 0x60, 0xf2, 0xff, 0xc8, 0xbc, 0xff, 0xe0, 0x3a, 0x00, 0x12, 0xff, 0xff, 0x26,  //..+@@@%@@...@@. 
  0x38, 0xc4, 0xff, 0xff, 0xac, 0x08, 0x08, 0xb8, 0xff, 0xfc, 0x80, 0x12, 0xff, 0xff, 0x26,  //.@@@%..%@@%.@@. 
  0x30, 0xf0, 0xe8, 0x62, 0x00, 0x00, 0x00, 0x02, 0x7c, 0xea, 0x2a, 0x12, 0xff, 0xff, 0x26,  //.@@+....+@..@@. 
  0x00, 0x2e, 0x0e, 0x00, 0x00, 0x00, 0x00, 0x00, 0x00, 0x08, 0x00, 0x06, 0x62, 0x62, 0x0e,  //............++. 
  0x00, 0x00, 0x00, 0xb6, 0xe6, 0xe6, 0xe6, 0xe6, 0xe6, 0xe6, 0xe6, 0xe6, 0xe6, 0xe6, 0x22,  //...%@@@@@@@@@@. 
  0x00, 0x00, 0x00, 0xb6, 0xe6, 0xe6, 0xe6, 0xe6, 0xe6, 0xe6, 0xe6, 0xe8, 0xff, 0xff, 0x26,  //...%@@@@@@@@@@. 
  0x00, 0x00, 0x00, 0x00, 0x00, 0x00, 0x00, 0x00, 0x00, 0x00, 0x00, 0x12, 0xff, 0xff, 0x26,  //............@@. 
  0x00, 0x00, 0x00, 0x00, 0x00, 0x00, 0x00, 0x00, 0x00, 0x00, 0x00, 0x12, 0xff, 0xff, 0x26,  //............@@. 
  0x00, 0x00, 0x00, 0x00, 0x00, 0x00, 0x00, 0x00, 0x00, 0x00, 0x00, 0x12, 0xff, 0xff, 0x26,  //............@@. 
  0x00, 0x00, 0x00, 0x00, 0x00, 0x00, 0x00, 0x00, 0x00, 0x00, 0x00, 0x12, 0xff, 0xff, 0x26,  //............@@. 
  0x00, 0x00, 0x00, 0x00, 0x00, 0x00, 0x00, 0x00, 0x00, 0x00, 0x00, 0x00, 0x12, 0x12, 0x02,  //............... 


  /*Unicode: U+c804 (전) , Width: 15 */
  0x00, 0x00, 0x00, 0x00, 0x00, 0x00, 0x00, 0x00, 0x00, 0x00, 0x00, 0x00, 0x00, 0x00, 0x00,  //............... 
  0x00, 0x00, 0x00, 0x00, 0x00, 0x00, 0x00, 0x00, 0x00, 0x00, 0x00, 0x08, 0x72, 0x72, 0x10,  //............++. 
  0x00, 0x42, 0x72, 0x72, 0x72, 0x72, 0x72, 0x74, 0x6a, 0x00, 0x00, 0x12, 0xff, 0xff, 0x26,  //.++++++++...@@. 
  0x00, 0x96, 0xff, 0xff, 0xff, 0xff, 0xff, 0xff, 0xc2, 0x00, 0x00, 0x12, 0xff, 0xff, 0x26,  //.%@@@@@@@...@@. 
  0x00, 0x3e, 0x6a, 0x6a, 0x6a, 0x66, 0xde, 0xff, 0x86, 0x00, 0x00, 0x12, 0xff, 0xff, 0x26,  //..++++@@%...@@. 
  0x00, 0x00, 0x00, 0x00, 0x00, 0x14, 0xf6, 0xfc, 0x2c, 0x12, 0x1a, 0x2c, 0xff, 0xff, 0x26,  //......@@....@@. 
  0x00, 0x00, 0x00, 0x00, 0x00, 0x9a, 0xff, 0xb0, 0x00, 0xb6, 0xff, 0xff, 0xff, 0xff, 0x26,  //.....%@%.%@@@@. 
  0x00, 0x00, 0x00, 0x00, 0x6a, 0xff, 0xff, 0x84, 0x00, 0x90, 0xca, 0xce, 0xff, 0xff, 0x26,  //....+@@%.%@@@@. 
  0x00, 0x00, 0x00, 0x80, 0xff, 0xff, 0xfc, 0xff, 0x76, 0x00, 0x00, 0x12, 0xff, 0xff, 0x26,  //...%@@@@+...@@. 
  0x00, 0x2a, 0xc2, 0xff, 0xfc, 0x6e, 0x4e, 0xf8, 0xff, 0xa6, 0x16, 0x12, 0xff, 0xff, 0x26,  //..@@@++@@%..@@. 
  0x60, 0xfc, 0xff, 0xec, 0x4e, 0x00, 0x00, 0x4a, 0xec, 0xff, 0x96, 0x12, 0xff, 0xff, 0x26,  //+@@@+..+@@%.@@. 
  0x06, 0xbe, 0x98, 0x12, 0x00, 0x00, 0x00, 0x00, 0x18, 0x86, 0x04, 0x12, 0xff, 0xff, 0x26,  //.%%......%..@@. 
  0x00, 0x00, 0x00, 0x02, 0x0a, 0x0a, 0x00, 0x00, 0x00, 0x00, 0x00, 0x12, 0xff, 0xff, 0x26,  //............@@. 
  0x00, 0x00, 0x00, 0x46, 0xff, 0xf6, 0x00, 0x00, 0x00, 0x00, 0x00, 0x0e, 0xbe, 0xbe, 0x1c,  //...+@@......%%. 
  0x00, 0x00, 0x00, 0x46, 0xff, 0xf6, 0x00, 0x00, 0x00, 0x00, 0x00, 0x00, 0x00, 0x00, 0x00,  //...+@@......... 
  0x00, 0x00, 0x00, 0x46, 0xff, 0xf6, 0x00, 0x00, 0x00, 0x00, 0x00, 0x00, 0x00, 0x00, 0x00,  //...+@@......... 
  0x00, 0x00, 0x00, 0x46, 0xff, 0xff, 0xfa, 0xfa, 0xfa, 0xfa, 0xfa, 0xfa, 0xfa, 0xfa, 0x78,  //...+@@@@@@@@@@+ 
  0x00, 0x00, 0x00, 0x40, 0xe6, 0xe6, 0xe6, 0xe6, 0xe6, 0xe6, 0xe6, 0xe6, 0xe6, 0xe6, 0x6e,  //...+@@@@@@@@@@+ 
  0x00, 0x00, 0x00, 0x00, 0x00, 0x00, 0x00, 0x00, 0x00, 0x00, 0x00, 0x00, 0x00, 0x00, 0x00,  //............... 


  /*Unicode: U+c815 (정) , Width: 15 */
  0x00, 0x00, 0x00, 0x00, 0x00, 0x00, 0x00, 0x00, 0x00, 0x00, 0x00, 0x00, 0x00, 0x00, 0x00,  //............... 
  0x00, 0x00, 0x00, 0x00, 0x00, 0x00, 0x00, 0x00, 0x00, 0x00, 0x00, 0x0c, 0xae, 0xae, 0x1a,  //............%%. 
  0x00, 0x8e, 0xf2, 0xf2, 0xf2, 0xf2, 0xf2, 0xf4, 0xd4, 0x00, 0x00, 0x12, 0xff, 0xff, 0x26,  //.%@@@@@@@...@@. 
  0x00, 0x8a, 0xea, 0xea, 0xea, 0xe6, 0xf6, 0xff, 0xaa, 0x00, 0x00, 0x12, 0xff, 0xff, 0x26,  //.%@@@@@@%...@@. 
  0x00, 0x00, 0x00, 0x00, 0x00, 0x00, 0xe0, 0xff, 0x5a, 0x00, 0x00, 0x12, 0xff, 0xff, 0x26,  //......@@+...@@. 
  0x00, 0x00, 0x00, 0x00, 0x00, 0x64, 0xff, 0xdc, 0x02, 0x84, 0xc6, 0xca, 0xff, 0xff, 0x26,  //.....+@@.%@@@@. 
  0x00, 0x00, 0x00, 0x00, 0x38, 0xf4, 0xff, 0x7a, 0x00, 0xaa, 0xff, 0xff, 0xff, 0xff, 0x26,  //.....@@+.%@@@@. 
  0x00, 0x00, 0x00, 0x4c, 0xf2, 0xff, 0xff, 0xf6, 0x50, 0x00, 0x00, 0x12, 0xff, 0xff, 0x26,  //...+@@@@+...@@. 
  0x00, 0x10, 0x96, 0xff, 0xff, 0x9a, 0x70, 0xfc, 0xfc, 0x94, 0x12, 0x12, 0xff, 0xff, 0x26,  //..%@@%+@@%..@@. 
  0x5c, 0xee, 0xff, 0xf8, 0x6c, 0x00, 0x00, 0x60, 0xf6, 0xff, 0x96, 0x12, 0xff, 0xff, 0x26,  //+@@@+..+@@%.@@. 
  0x16, 0xdc, 0xb0, 0x22, 0x00, 0x00, 0x00, 0x00, 0x22, 0x94, 0x08, 0x12, 0xff, 0xff, 0x26,  //.@%......%..@@. 
  0x00, 0x0a, 0x00, 0x00, 0x00, 0x1e, 0x64, 0x8c, 0x9a, 0x92, 0x76, 0x40, 0x4c, 0x4a, 0x0a,  //......+%%%++++. 
  0x00, 0x00, 0x00, 0x06, 0x9a, 0xfc, 0xff, 0xff, 0xff, 0xff, 0xff, 0xff, 0xd2, 0x2a, 0x00,  //....%@@@@@@@@.. 
  0x00, 0x00, 0x00, 0x88, 0xff, 0xf6, 0x8a, 0x44, 0x32, 0x3a, 0x66, 0xd6, 0xff, 0xe2, 0x06,  //...%@@%+..+@@@. 
  0x00, 0x00, 0x00, 0xd4, 0xff, 0x78, 0x00, 0x00, 0x00, 0x00, 0x00, 0x18, 0xff, 0xff, 0x3a,  //...@@+......@@. 
  0x00, 0x00, 0x00, 0xbe, 0xff, 0xb8, 0x08, 0x00, 0x00, 0x00, 0x00, 0x62, 0xff, 0xff, 0x22,  //...%@%.....+@@. 
  0x00, 0x00, 0x00, 0x3e, 0xf6, 0xff, 0xf0, 0xb6, 0xa4, 0xac, 0xd6, 0xff, 0xff, 0x94, 0x00,  //....@@@%%%@@@%. 
  0x00, 0x00, 0x00, 0x00, 0x28, 0xa0, 0xe8, 0xff, 0xff, 0xff, 0xf6, 0xbe, 0x56, 0x00, 0x00,  //.....%@@@@@%+.. 
  0x00, 0x00, 0x00, 0x00, 0x00, 0x00, 0x00, 0x0e, 0x1a, 0x14, 0x00, 0x00, 0x00, 0x00, 0x00,  //............... 


  /*Unicode: U+c81c (제) , Width: 15 */
  0x00, 0x00, 0x00, 0x00, 0x00, 0x00, 0x00, 0x00, 0x00, 0x00, 0x00, 0x00, 0x00, 0x00, 0x00,  //............... 
  0x00, 0x00, 0x00, 0x00, 0x00, 0x00, 0x00, 0x00, 0x00, 0x4c, 0x6e, 0x2a, 0x42, 0x9e, 0x6a,  //.........++.+%+ 
  0x00, 0x20, 0x2e, 0x2e, 0x2e, 0x2e, 0x32, 0x0e, 0x00, 0xae, 0xff, 0x62, 0x6a, 0xff, 0xaa,  //.........%@++@% 
  0x00, 0xb6, 0xff, 0xff, 0xff, 0xff, 0xff, 0x44, 0x00, 0xae, 0xff, 0x62, 0x6a, 0xff, 0xaa,  //.%@@@@@+.%@++@% 
  0x00, 0x80, 0xb2, 0xb2, 0xb0, 0xf4, 0xff, 0x30, 0x00, 0xae, 0xff, 0x62, 0x6a, 0xff, 0xaa,  //.%%%%@@..%@++@% 
  0x00, 0x00, 0x00, 0x00, 0x06, 0xfa, 0xfc, 0x0a, 0x00, 0xae, 0xff, 0x62, 0x6a, 0xff, 0xaa,  //.....@@..%@++@% 
  0x00, 0x00, 0x00, 0x00, 0x38, 0xff, 0xcc, 0x00, 0x00, 0xae, 0xff, 0x62, 0x6a, 0xff, 0xaa,  //.....@@..%@++@% 
  0x00, 0x00, 0x00, 0x00, 0x8a, 0xff, 0x82, 0x7a, 0xce, 0xf0, 0xff, 0x62, 0x6a, 0xff, 0xaa,  //....%@%+@@@++@% 
  0x00, 0x00, 0x00, 0x0e, 0xee, 0xff, 0x30, 0x96, 0xff, 0xff, 0xff, 0x62, 0x6a, 0xff, 0xaa,  //....@@.%@@@++@% 
  0x00, 0x00, 0x00, 0x90, 0xff, 0xff, 0x8e, 0x06, 0x0a, 0xb2, 0xff, 0x62, 0x6a, 0xff, 0xaa,  //...%@@%..%@++@% 
  0x00, 0x00, 0x42, 0xfc, 0xf2, 0xe0, 0xfc, 0x4e, 0x00, 0xae, 0xff, 0x62, 0x6a, 0xff, 0xaa,  //..+@@@@+.%@++@% 
  0x00, 0x24, 0xea, 0xff, 0x64, 0x3c, 0xfc, 0xf8, 0x50, 0xae, 0xff, 0x62, 0x6a, 0xff, 0xaa,  //..@@+.@@+%@++@% 
  0x24, 0xe0, 0xff, 0xa6, 0x00, 0x00, 0x7a, 0xff, 0xf8, 0xce, 0xff, 0x62, 0x6a, 0xff, 0xaa,  //.@@%..+@@@@++@% 
  0x56, 0xf4, 0xb4, 0x04, 0x00, 0x00, 0x00, 0x84, 0x5a, 0xae, 0xff, 0x62, 0x6a, 0xff, 0xaa,  //+@%....%+%@++@% 
  0x00, 0x26, 0x08, 0x00, 0x00, 0x00, 0x00, 0x00, 0x00, 0xae, 0xff, 0x62, 0x6a, 0xff, 0xaa,  //.........%@++@% 
  0x00, 0x00, 0x00, 0x00, 0x00, 0x00, 0x00, 0x00, 0x00, 0xae, 0xff, 0x62, 0x6a, 0xff, 0xaa,  //.........%@++@% 
  0x00, 0x00, 0x00, 0x00, 0x00, 0x00, 0x00, 0x00, 0x00, 0xae, 0xff, 0x62, 0x6a, 0xff, 0xaa,  //.........%@++@% 
  0x00, 0x00, 0x00, 0x00, 0x00, 0x00, 0x00, 0x00, 0x00, 0x72, 0xa6, 0x40, 0x6a, 0xff, 0xaa,  //.........+%++@% 
  0x00, 0x00, 0x00, 0x00, 0x00, 0x00, 0x00, 0x00, 0x00, 0x00, 0x00, 0x00, 0x04, 0x0e, 0x08,  //............... 


  /*Unicode: U+c870 (조) , Width: 16 */
  0x00, 0x00, 0x00, 0x00, 0x00, 0x00, 0x00, 0x00, 0x00, 0x00, 0x00, 0x00, 0x00, 0x00, 0x00, 0x00,  //................ 
  0x00, 0x00, 0x00, 0x00, 0x00, 0x00, 0x00, 0x00, 0x00, 0x00, 0x00, 0x00, 0x00, 0x00, 0x00, 0x00,  //................ 
  0x00, 0x00, 0x00, 0x00, 0x00, 0x00, 0x00, 0x00, 0x00, 0x00, 0x00, 0x00, 0x00, 0x00, 0x00, 0x00,  //................ 
  0x00, 0x00, 0x2c, 0xb2, 0xb2, 0xb2, 0xb2, 0xb2, 0xb2, 0xb2, 0xb2, 0xb4, 0x8c, 0x00, 0x00, 0x00,  //...%%%%%%%%%%... 
  0x00, 0x00, 0x3e, 0xff, 0xff, 0xff, 0xff, 0xff, 0xff, 0xff, 0xff, 0xff, 0x6a, 0x00, 0x00, 0x00,  //...@@@@@@@@@+... 
  0x00, 0x00, 0x0a, 0x2e, 0x2e, 0x2e, 0x2e, 0x2e, 0x2e, 0xc4, 0xff, 0xd4, 0x04, 0x00, 0x00, 0x00,  //.........@@@.... 
  0x00, 0x00, 0x00, 0x00, 0x00, 0x00, 0x00, 0x06, 0xa0, 0xff, 0xee, 0x28, 0x00, 0x00, 0x00, 0x00,  //........%@@..... 
  0x00, 0x00, 0x00, 0x00, 0x00, 0x00, 0x30, 0xce, 0xff, 0xfc, 0x40, 0x00, 0x00, 0x00, 0x00, 0x00,  //.......@@@+..... 
  0x00, 0x00, 0x00, 0x00, 0x22, 0x9e, 0xfc, 0xff, 0xff, 0xff, 0xe6, 0x70, 0x08, 0x00, 0x00, 0x00,  //.....%@@@@@+.... 
  0x00, 0x04, 0x52, 0xb2, 0xfa, 0xff, 0xee, 0x70, 0x22, 0xae, 0xff, 0xff, 0xec, 0x8a, 0x2a, 0x00,  //..+%@@@+.%@@@%.. 
  0x00, 0x96, 0xff, 0xff, 0xf2, 0x92, 0x14, 0x00, 0x00, 0x00, 0x48, 0xc6, 0xff, 0xff, 0x94, 0x00,  //.%@@@%....+@@@%. 
  0x00, 0x08, 0xae, 0x6e, 0x0e, 0x00, 0x1a, 0xfa, 0xfa, 0x22, 0x00, 0x00, 0x36, 0x80, 0x02, 0x00,  //..%+...@@....%.. 
  0x00, 0x00, 0x00, 0x00, 0x00, 0x00, 0x1a, 0xff, 0xff, 0x22, 0x00, 0x00, 0x00, 0x00, 0x00, 0x00,  //.......@@....... 
  0x00, 0x00, 0x00, 0x00, 0x00, 0x00, 0x1a, 0xff, 0xff, 0x22, 0x00, 0x00, 0x00, 0x00, 0x00, 0x00,  //.......@@....... 
  0x80, 0xaa, 0xaa, 0xaa, 0xaa, 0xaa, 0xb4, 0xff, 0xff, 0xb6, 0xaa, 0xaa, 0xaa, 0xaa, 0xaa, 0x76,  //%%%%%%%@@%%%%%%+ 
  0xbe, 0xff, 0xff, 0xff, 0xff, 0xff, 0xff, 0xff, 0xff, 0xff, 0xff, 0xff, 0xff, 0xff, 0xff, 0xb2,  //%@@@@@@@@@@@@@@% 
  0x22, 0x2e, 0x2e, 0x2e, 0x2e, 0x2e, 0x2e, 0x2e, 0x2e, 0x2e, 0x2e, 0x2e, 0x2e, 0x2e, 0x2e, 0x20,  //................ 
  0x00, 0x00, 0x00, 0x00, 0x00, 0x00, 0x00, 0x00, 0x00, 0x00, 0x00, 0x00, 0x00, 0x00, 0x00, 0x00,  //................ 
  0x00, 0x00, 0x00, 0x00, 0x00, 0x00, 0x00, 0x00, 0x00, 0x00, 0x00, 0x00, 0x00, 0x00, 0x00, 0x00,  //................ 


  /*Unicode: U+c871 (족) , Width: 16 */
  0x00, 0x00, 0x00, 0x00, 0x00, 0x00, 0x00, 0x00, 0x00, 0x00, 0x00, 0x00, 0x00, 0x00, 0x00, 0x00,  //................ 
  0x00, 0x00, 0x20, 0x5e, 0x5e, 0x5e, 0x5e, 0x5e, 0x5e, 0x5e, 0x60, 0x64, 0x4c, 0x00, 0x00, 0x00,  //...++++++++++... 
  0x00, 0x00, 0x56, 0xff, 0xff, 0xff, 0xff, 0xff, 0xff, 0xff, 0xff, 0xff, 0xa6, 0x00, 0x00, 0x00,  //..+@@@@@@@@@%... 
  0x00, 0x00, 0x1e, 0x5a, 0x5a, 0x5a, 0x5a, 0x56, 0x54, 0xce, 0xff, 0xea, 0x1c, 0x00, 0x00, 0x00,  //...++++++@@@.... 
  0x00, 0x00, 0x00, 0x00, 0x00, 0x00, 0x00, 0x4c, 0xd0, 0xff, 0xdc, 0x2c, 0x00, 0x00, 0x00, 0x00,  //.......+@@@..... 
  0x00, 0x00, 0x00, 0x00, 0x30, 0x80, 0xdc, 0xff, 0xff, 0xff, 0xd2, 0x70, 0x18, 0x00, 0x00, 0x00,  //.....%@@@@@+.... 
  0x00, 0x52, 0xb6, 0xec, 0xff, 0xff, 0xec, 0x90, 0x3a, 0x88, 0xea, 0xff, 0xff, 0xd6, 0x82, 0x00,  //.+%@@@@%.%@@@@%. 
  0x00, 0x2e, 0xf8, 0xca, 0x8c, 0x4a, 0x04, 0x9a, 0xae, 0x30, 0x06, 0x50, 0x9a, 0xe4, 0x6e, 0x00,  //..@@%+.%%..+%@+. 
  0x00, 0x00, 0x08, 0x00, 0x00, 0x00, 0x00, 0xe2, 0xff, 0x46, 0x00, 0x00, 0x00, 0x00, 0x00, 0x00,  //.......@@+...... 
  0xaa, 0xbe, 0xbe, 0xbe, 0xbe, 0xbe, 0xbe, 0xf8, 0xff, 0xd0, 0xbe, 0xbe, 0xbe, 0xbe, 0xbe, 0xaa,  //%%%%%%%@@@%%%%%% 
  0xe2, 0xff, 0xff, 0xff, 0xff, 0xff, 0xff, 0xff, 0xff, 0xff, 0xff, 0xff, 0xff, 0xff, 0xff, 0xe2,  //@@@@@@@@@@@@@@@@ 
  0x10, 0x12, 0x12, 0x12, 0x12, 0x12, 0x12, 0x12, 0x12, 0x12, 0x12, 0x12, 0x12, 0x12, 0x12, 0x10,  //................ 
  0x00, 0x00, 0x74, 0xae, 0xae, 0xae, 0xae, 0xae, 0xae, 0xae, 0xae, 0xae, 0xae, 0x50, 0x00, 0x00,  //..+%%%%%%%%%%+.. 
  0x00, 0x00, 0xaa, 0xff, 0xff, 0xff, 0xff, 0xff, 0xff, 0xff, 0xff, 0xff, 0xff, 0x76, 0x00, 0x00,  //..%@@@@@@@@@@+.. 
  0x00, 0x00, 0x1e, 0x2e, 0x2e, 0x2e, 0x2e, 0x2e, 0x2e, 0x2e, 0x2e, 0xc4, 0xff, 0x76, 0x00, 0x00,  //...........@@+.. 
  0x00, 0x00, 0x00, 0x00, 0x00, 0x00, 0x00, 0x00, 0x00, 0x00, 0x00, 0xb6, 0xff, 0x76, 0x00, 0x00,  //...........%@+.. 
  0x00, 0x00, 0x00, 0x00, 0x00, 0x00, 0x00, 0x00, 0x00, 0x00, 0x00, 0xb6, 0xff, 0x76, 0x00, 0x00,  //...........%@+.. 
  0x00, 0x00, 0x00, 0x00, 0x00, 0x00, 0x00, 0x00, 0x00, 0x00, 0x00, 0xa0, 0xde, 0x68, 0x00, 0x00,  //...........%@+.. 
  0x00, 0x00, 0x00, 0x00, 0x00, 0x00, 0x00, 0x00, 0x00, 0x00, 0x00, 0x00, 0x00, 0x00, 0x00, 0x00,  //................ 


  /*Unicode: U+c885 (종) , Width: 16 */
  0x00, 0x00, 0x00, 0x00, 0x00, 0x00, 0x00, 0x00, 0x00, 0x00, 0x00, 0x00, 0x00, 0x00, 0x00, 0x00,  //................ 
  0x00, 0x00, 0x24, 0x6a, 0x6a, 0x6a, 0x6a, 0x6a, 0x6a, 0x6a, 0x6c, 0x70, 0x5a, 0x00, 0x00, 0x00,  //...++++++++++... 
  0x00, 0x00, 0x56, 0xff, 0xff, 0xff, 0xff, 0xff, 0xff, 0xff, 0xff, 0xff, 0xa6, 0x00, 0x00, 0x00,  //..+@@@@@@@@@%... 
  0x00, 0x00, 0x1a, 0x4e, 0x4e, 0x4e, 0x4e, 0x4a, 0x50, 0xd2, 0xff, 0xe2, 0x18, 0x00, 0x00, 0x00,  //...++++++@@@.... 
  0x00, 0x00, 0x00, 0x00, 0x00, 0x00, 0x0c, 0x6a, 0xe2, 0xff, 0xce, 0x20, 0x00, 0x00, 0x00, 0x00,  //.......+@@@..... 
  0x00, 0x00, 0x00, 0x1e, 0x5e, 0xaa, 0xf4, 0xff, 0xff, 0xff, 0xe8, 0x98, 0x46, 0x0a, 0x00, 0x00,  //....+%@@@@@%+... 
  0x00, 0x66, 0xe8, 0xff, 0xff, 0xff, 0xc6, 0x64, 0x12, 0x5c, 0xc4, 0xff, 0xff, 0xfa, 0xa2, 0x00,  //.+@@@@@+.+@@@@%. 
  0x00, 0x1a, 0xce, 0x96, 0x5a, 0x1a, 0x00, 0xb0, 0xc6, 0x36, 0x00, 0x22, 0x6c, 0xb4, 0x52, 0x00,  //..@%+..%@...+%+. 
  0x02, 0x02, 0x02, 0x02, 0x02, 0x02, 0x02, 0xe2, 0xff, 0x48, 0x02, 0x02, 0x02, 0x02, 0x02, 0x02,  //.......@@+...... 
  0xe2, 0xff, 0xff, 0xff, 0xff, 0xff, 0xff, 0xff, 0xff, 0xff, 0xff, 0xff, 0xff, 0xff, 0xff, 0xe2,  //@@@@@@@@@@@@@@@@ 
  0xb4, 0xca, 0xca, 0xca, 0xca, 0xca, 0xca, 0xca, 0xca, 0xca, 0xca, 0xca, 0xca, 0xca, 0xca, 0xb4,  //%@@@@@@@@@@@@@@% 
  0x00, 0x00, 0x00, 0x00, 0x00, 0x2a, 0x52, 0x64, 0x64, 0x54, 0x2e, 0x00, 0x00, 0x00, 0x00, 0x00,  //......++++...... 
  0x00, 0x00, 0x00, 0x58, 0xde, 0xff, 0xff, 0xff, 0xff, 0xff, 0xff, 0xe2, 0x62, 0x00, 0x00, 0x00,  //...+@@@@@@@@+... 
  0x00, 0x00, 0x4e, 0xff, 0xff, 0xba, 0x6e, 0x54, 0x52, 0x6c, 0xb8, 0xff, 0xff, 0x5e, 0x00, 0x00,  //..+@@%++++%@@+.. 
  0x00, 0x00, 0xa4, 0xff, 0xc4, 0x00, 0x00, 0x00, 0x00, 0x00, 0x00, 0xb0, 0xff, 0xb4, 0x00, 0x00,  //..%@@......%@%.. 
  0x00, 0x00, 0x84, 0xff, 0xee, 0x44, 0x00, 0x00, 0x00, 0x00, 0x3e, 0xe6, 0xff, 0x92, 0x00, 0x00,  //..%@@+.....@@%.. 
  0x00, 0x00, 0x0e, 0xca, 0xff, 0xff, 0xf2, 0xda, 0xda, 0xf0, 0xff, 0xff, 0xd2, 0x14, 0x00, 0x00,  //...@@@@@@@@@@... 
  0x00, 0x00, 0x00, 0x04, 0x58, 0xa6, 0xd2, 0xe4, 0xe4, 0xd4, 0xaa, 0x5e, 0x06, 0x00, 0x00, 0x00,  //....+%@@@@%+.... 
  0x00, 0x00, 0x00, 0x00, 0x00, 0x00, 0x00, 0x00, 0x00, 0x00, 0x00, 0x00, 0x00, 0x00, 0x00, 0x00,  //................ 


  /*Unicode: U+c88c (좌) , Width: 16 */
  0x00, 0x00, 0x00, 0x00, 0x00, 0x00, 0x00, 0x00, 0x00, 0x00, 0x00, 0x00, 0x00, 0x00, 0x00, 0x00,  //................ 
  0x00, 0x00, 0x00, 0x00, 0x00, 0x00, 0x00, 0x00, 0x00, 0x00, 0x00, 0x64, 0x9e, 0x50, 0x00, 0x00,  //...........+%+.. 
  0x00, 0x1c, 0x3a, 0x3a, 0x3a, 0x3a, 0x3a, 0x3c, 0x3e, 0x14, 0x00, 0xa2, 0xff, 0x82, 0x00, 0x00,  //...........%@%.. 
  0x00, 0x7e, 0xff, 0xff, 0xff, 0xff, 0xff, 0xff, 0xff, 0x34, 0x00, 0xa2, 0xff, 0x82, 0x00, 0x00,  //.+@@@@@@@..%@%.. 
  0x00, 0x4e, 0x9e, 0x9e, 0x9e, 0x9c, 0xbe, 0xff, 0xe2, 0x00, 0x00, 0xa2, 0xff, 0x82, 0x00, 0x00,  //.+%%%%%@@..%@%.. 
  0x00, 0x00, 0x00, 0x00, 0x00, 0x0a, 0xce, 0xff, 0x66, 0x00, 0x00, 0xa2, 0xff, 0x82, 0x00, 0x00,  //......@@+..%@%.. 
  0x00, 0x00, 0x00, 0x00, 0x1a, 0xc6, 0xff, 0xbc, 0x00, 0x00, 0x00, 0xa2, 0xff, 0x82, 0x00, 0x00,  //.....@@%...%@%.. 
  0x00, 0x00, 0x00, 0x62, 0xec, 0xff, 0xff, 0xf6, 0x74, 0x02, 0x00, 0xa2, 0xff, 0xa2, 0x3e, 0x3a,  //...+@@@@+..%@%.. 
  0x02, 0x56, 0xd0, 0xff, 0xfc, 0x90, 0x88, 0xff, 0xff, 0xdc, 0x64, 0xa2, 0xff, 0xff, 0xff, 0xee,  //.+@@@%%@@@+%@@@@ 
  0x42, 0xfc, 0xff, 0xd8, 0x4a, 0x12, 0x12, 0x46, 0xd4, 0xfc, 0x46, 0xa2, 0xff, 0xd0, 0x9e, 0x94,  //+@@@+..+@@+%@@%% 
  0x00, 0x68, 0x60, 0x02, 0x42, 0xff, 0xfa, 0x00, 0x00, 0x30, 0x00, 0xa2, 0xff, 0x82, 0x00, 0x00,  //.++.+@@....%@%.. 
  0x00, 0x00, 0x00, 0x00, 0x42, 0xff, 0xfa, 0x00, 0x00, 0x00, 0x00, 0xa2, 0xff, 0x82, 0x00, 0x00,  //....+@@....%@%.. 
  0x1a, 0x1e, 0x1e, 0x1e, 0x5e, 0xff, 0xfa, 0x44, 0x56, 0x6c, 0x78, 0xa2, 0xff, 0x82, 0x00, 0x00,  //....+@@++++%@%.. 
  0xe2, 0xff, 0xff, 0xff, 0xff, 0xff, 0xff, 0xff, 0xff, 0xff, 0xe4, 0xa2, 0xff, 0x82, 0x00, 0x00,  //@@@@@@@@@@@%@%.. 
  0xaa, 0xbe, 0xbe, 0xba, 0xb6, 0xac, 0xa0, 0x8e, 0x7a, 0x62, 0x3e, 0xa2, 0xff, 0x82, 0x00, 0x00,  //%%%%%%%%++.%@%.. 
  0x00, 0x00, 0x00, 0x00, 0x00, 0x00, 0x00, 0x00, 0x00, 0x00, 0x00, 0xa2, 0xff, 0x82, 0x00, 0x00,  //...........%@%.. 
  0x00, 0x00, 0x00, 0x00, 0x00, 0x00, 0x00, 0x00, 0x00, 0x00, 0x00, 0xa2, 0xff, 0x82, 0x00, 0x00,  //...........%@%.. 
  0x00, 0x00, 0x00, 0x00, 0x00, 0x00, 0x00, 0x00, 0x00, 0x00, 0x00, 0xa2, 0xff, 0x82, 0x00, 0x00,  //...........%@%.. 
  0x00, 0x00, 0x00, 0x00, 0x00, 0x00, 0x00, 0x00, 0x00, 0x00, 0x00, 0x08, 0x0e, 0x06, 0x00, 0x00,  //................ 


  /*Unicode: U+c8fc (주) , Width: 16 */
  0x00, 0x00, 0x00, 0x00, 0x00, 0x00, 0x00, 0x00, 0x00, 0x00, 0x00, 0x00, 0x00, 0x00, 0x00, 0x00,  //................ 
  0x00, 0x00, 0x0e, 0x3a, 0x3a, 0x3a, 0x3a, 0x3a, 0x3a, 0x3a, 0x3c, 0x3e, 0x2a, 0x00, 0x00, 0x00,  //................ 
  0x00, 0x00, 0x42, 0xff, 0xff, 0xff, 0xff, 0xff, 0xff, 0xff, 0xff, 0xff, 0xb0, 0x00, 0x00, 0x00,  //..+@@@@@@@@@%... 
  0x00, 0x00, 0x2a, 0xa2, 0xa2, 0xa2, 0xa2, 0xa2, 0x9c, 0xce, 0xff, 0xfa, 0x32, 0x00, 0x00, 0x00,  //...%%%%%%@@@.... 
  0x00, 0x00, 0x00, 0x00, 0x00, 0x00, 0x00, 0x00, 0x64, 0xf6, 0xff, 0x70, 0x00, 0x00, 0x00, 0x00,  //........+@@+.... 
  0x00, 0x00, 0x00, 0x00, 0x00, 0x00, 0x3e, 0xc2, 0xff, 0xff, 0x7e, 0x00, 0x00, 0x00, 0x00, 0x00,  //.......@@@+..... 
  0x00, 0x00, 0x00, 0x18, 0x6a, 0xce, 0xff, 0xff, 0xff, 0xff, 0xf4, 0xa4, 0x48, 0x08, 0x00, 0x00,  //....+@@@@@@%+... 
  0x00, 0x7e, 0xce, 0xfc, 0xff, 0xff, 0xca, 0x56, 0x28, 0x9e, 0xf8, 0xff, 0xff, 0xf8, 0xa6, 0x00,  //.+@@@@@+.%@@@@%. 
  0x00, 0x60, 0xff, 0xdc, 0x8a, 0x30, 0x00, 0x00, 0x00, 0x00, 0x1a, 0x76, 0xc4, 0xfc, 0x5a, 0x00,  //.+@@%......+@@+. 
  0x00, 0x00, 0x26, 0x00, 0x00, 0x00, 0x00, 0x00, 0x00, 0x00, 0x00, 0x00, 0x00, 0x12, 0x00, 0x00,  //................ 
  0xa0, 0xd6, 0xd6, 0xd6, 0xd6, 0xd6, 0xd6, 0xd6, 0xd6, 0xd6, 0xd6, 0xd6, 0xd6, 0xd6, 0xd6, 0x96,  //%@@@@@@@@@@@@@@% 
  0xbe, 0xff, 0xff, 0xff, 0xff, 0xff, 0xff, 0xff, 0xff, 0xff, 0xff, 0xff, 0xff, 0xff, 0xff, 0xb2,  //%@@@@@@@@@@@@@@% 
  0x08, 0x0a, 0x0a, 0x0a, 0x0a, 0x0a, 0x16, 0xff, 0xff, 0x40, 0x0a, 0x0a, 0x0a, 0x0a, 0x0a, 0x06,  //.......@@+...... 
  0x00, 0x00, 0x00, 0x00, 0x00, 0x00, 0x0a, 0xff, 0xff, 0x36, 0x00, 0x00, 0x00, 0x00, 0x00, 0x00,  //.......@@....... 
  0x00, 0x00, 0x00, 0x00, 0x00, 0x00, 0x0a, 0xff, 0xff, 0x36, 0x00, 0x00, 0x00, 0x00, 0x00, 0x00,  //.......@@....... 
  0x00, 0x00, 0x00, 0x00, 0x00, 0x00, 0x0a, 0xff, 0xff, 0x36, 0x00, 0x00, 0x00, 0x00, 0x00, 0x00,  //.......@@....... 
  0x00, 0x00, 0x00, 0x00, 0x00, 0x00, 0x0a, 0xff, 0xff, 0x36, 0x00, 0x00, 0x00, 0x00, 0x00, 0x00,  //.......@@....... 
  0x00, 0x00, 0x00, 0x00, 0x00, 0x00, 0x06, 0xb6, 0xb6, 0x26, 0x00, 0x00, 0x00, 0x00, 0x00, 0x00,  //.......%%....... 
  0x00, 0x00, 0x00, 0x00, 0x00, 0x00, 0x00, 0x00, 0x00, 0x00, 0x00, 0x00, 0x00, 0x00, 0x00, 0x00,  //................ 


  /*Unicode: U+c900 (준) , Width: 16 */
  0x00, 0x00, 0x00, 0x00, 0x00, 0x00, 0x00, 0x00, 0x00, 0x00, 0x00, 0x00, 0x00, 0x00, 0x00, 0x00,  //................ 
  0x00, 0x00, 0x12, 0x3a, 0x3a, 0x3a, 0x3a, 0x3a, 0x3a, 0x3a, 0x3c, 0x40, 0x2e, 0x00, 0x00, 0x00,  //...........+.... 
  0x00, 0x00, 0x56, 0xff, 0xff, 0xff, 0xff, 0xff, 0xff, 0xff, 0xff, 0xff, 0xb2, 0x00, 0x00, 0x00,  //..+@@@@@@@@@%... 
  0x00, 0x00, 0x30, 0x92, 0x92, 0x92, 0x90, 0x8c, 0x84, 0xc4, 0xff, 0xfa, 0x34, 0x00, 0x00, 0x00,  //...%%%%%%@@@.... 
  0x00, 0x00, 0x00, 0x00, 0x00, 0x00, 0x00, 0x06, 0x7a, 0xfa, 0xfa, 0x5c, 0x00, 0x00, 0x00, 0x00,  //........+@@+.... 
  0x00, 0x00, 0x00, 0x00, 0x00, 0x20, 0x7c, 0xe4, 0xff, 0xff, 0x98, 0x0a, 0x00, 0x00, 0x00, 0x00,  //......+@@@%..... 
  0x00, 0x20, 0x58, 0x92, 0xd2, 0xff, 0xff, 0xee, 0xb0, 0xf6, 0xff, 0xf4, 0xae, 0x72, 0x34, 0x00,  //..+%@@@@%@@@%+.. 
  0x00, 0x5e, 0xff, 0xff, 0xfa, 0xbe, 0x66, 0x0c, 0x00, 0x14, 0x7a, 0xd8, 0xff, 0xff, 0x9e, 0x00,  //.+@@@%+...+@@@%. 
  0x00, 0x00, 0x74, 0x48, 0x0c, 0x00, 0x00, 0x00, 0x00, 0x00, 0x00, 0x00, 0x20, 0x68, 0x20, 0x00,  //..++.........+.. 
  0x94, 0xa6, 0xa6, 0xa6, 0xa6, 0xa6, 0xa6, 0xa6, 0xa6, 0xa6, 0xa6, 0xa6, 0xa6, 0xa6, 0xa6, 0x94,  //%%%%%%%%%%%%%%%% 
  0xe2, 0xff, 0xff, 0xff, 0xff, 0xff, 0xff, 0xff, 0xff, 0xff, 0xff, 0xff, 0xff, 0xff, 0xff, 0xe2,  //@@@@@@@@@@@@@@@@ 
  0x26, 0x2a, 0x2a, 0x2a, 0x2a, 0x2a, 0x2a, 0xda, 0xff, 0x8a, 0x2a, 0x2a, 0x2a, 0x2a, 0x2a, 0x26,  //.......@@%...... 
  0x00, 0x00, 0x12, 0x32, 0x28, 0x00, 0x00, 0xd2, 0xff, 0x72, 0x00, 0x00, 0x00, 0x00, 0x00, 0x00,  //.......@@+...... 
  0x00, 0x00, 0x5e, 0xff, 0xce, 0x00, 0x00, 0xce, 0xfa, 0x70, 0x00, 0x00, 0x00, 0x00, 0x00, 0x00,  //..+@@..@@+...... 
  0x00, 0x00, 0x5e, 0xff, 0xce, 0x00, 0x00, 0x00, 0x00, 0x00, 0x00, 0x00, 0x00, 0x00, 0x00, 0x00,  //..+@@........... 
  0x00, 0x00, 0x5e, 0xff, 0xd6, 0x2a, 0x2a, 0x2a, 0x2a, 0x2a, 0x2a, 0x2a, 0x2a, 0x22, 0x00, 0x00,  //..+@@........... 
  0x00, 0x00, 0x5e, 0xff, 0xff, 0xff, 0xff, 0xff, 0xff, 0xff, 0xff, 0xff, 0xff, 0xca, 0x00, 0x00,  //..+@@@@@@@@@@@.. 
  0x00, 0x00, 0x44, 0xb6, 0xb6, 0xb6, 0xb6, 0xb6, 0xb6, 0xb6, 0xb6, 0xb6, 0xb6, 0x90, 0x00, 0x00,  //..+%%%%%%%%%%%.. 
  0x00, 0x00, 0x00, 0x00, 0x00, 0x00, 0x00, 0x00, 0x00, 0x00, 0x00, 0x00, 0x00, 0x00, 0x00, 0x00,  //................ 


  /*Unicode: U+c911 (중) , Width: 16 */
  0x00, 0x00, 0x00, 0x00, 0x00, 0x00, 0x00, 0x00, 0x00, 0x00, 0x00, 0x00, 0x00, 0x00, 0x00, 0x00,  //................ 
  0x00, 0x00, 0x24, 0x6a, 0x6a, 0x6a, 0x6a, 0x6a, 0x6a, 0x6a, 0x6c, 0x70, 0x5c, 0x00, 0x00, 0x00,  //...++++++++++... 
  0x00, 0x00, 0x56, 0xff, 0xff, 0xff, 0xff, 0xff, 0xff, 0xff, 0xff, 0xff, 0xb0, 0x00, 0x00, 0x00,  //..+@@@@@@@@@%... 
  0x00, 0x00, 0x1e, 0x5a, 0x5a, 0x5a, 0x58, 0x52, 0x56, 0xd2, 0xff, 0xe8, 0x1e, 0x00, 0x00, 0x00,  //...++++++@@@.... 
  0x00, 0x00, 0x00, 0x00, 0x00, 0x00, 0x16, 0x72, 0xe2, 0xff, 0xd2, 0x24, 0x00, 0x00, 0x00, 0x00,  //.......+@@@..... 
  0x00, 0x00, 0x1a, 0x48, 0x80, 0xc4, 0xfc, 0xff, 0xff, 0xff, 0xf0, 0xac, 0x64, 0x30, 0x06, 0x00,  //...+%@@@@@@%+... 
  0x00, 0x76, 0xff, 0xff, 0xff, 0xf6, 0xb2, 0x58, 0x10, 0x58, 0xb6, 0xfa, 0xff, 0xff, 0xbe, 0x00,  //.+@@@@%+.+%@@@%. 
  0x00, 0x0c, 0x9e, 0x6e, 0x38, 0x08, 0x00, 0x00, 0x00, 0x00, 0x00, 0x0e, 0x46, 0x82, 0x3c, 0x00,  //..%+........+%.. 
  0x94, 0xa6, 0xa6, 0xa6, 0xa6, 0xa6, 0xa6, 0xa6, 0xa6, 0xa6, 0xa6, 0xa6, 0xa6, 0xa6, 0xa6, 0x94,  //%%%%%%%%%%%%%%%% 
  0xe2, 0xff, 0xff, 0xff, 0xff, 0xff, 0xff, 0xff, 0xff, 0xff, 0xff, 0xff, 0xff, 0xff, 0xff, 0xe2,  //@@@@@@@@@@@@@@@@ 
  0x22, 0x26, 0x26, 0x26, 0x26, 0x26, 0x4e, 0xff, 0xff, 0x36, 0x26, 0x26, 0x26, 0x26, 0x26, 0x22,  //......+@@....... 
  0x00, 0x00, 0x00, 0x00, 0x00, 0x2e, 0x74, 0xff, 0xff, 0x64, 0x30, 0x02, 0x00, 0x00, 0x00, 0x00,  //......+@@+...... 
  0x00, 0x00, 0x00, 0x60, 0xe2, 0xff, 0xff, 0xff, 0xff, 0xff, 0xff, 0xe4, 0x62, 0x00, 0x00, 0x00,  //...+@@@@@@@@+... 
  0x00, 0x00, 0x5a, 0xff, 0xff, 0xb2, 0x64, 0x4a, 0x4a, 0x62, 0xae, 0xff, 0xff, 0x58, 0x00, 0x00,  //..+@@%++++%@@+.. 
  0x00, 0x00, 0xac, 0xff, 0xb6, 0x00, 0x00, 0x00, 0x00, 0x00, 0x00, 0xb6, 0xff, 0xac, 0x00, 0x00,  //..%@%......%@%.. 
  0x00, 0x00, 0x8e, 0xff, 0xe8, 0x3e, 0x00, 0x00, 0x00, 0x00, 0x3a, 0xe8, 0xff, 0x8c, 0x00, 0x00,  //..%@@......@@%.. 
  0x00, 0x00, 0x14, 0xd4, 0xff, 0xff, 0xec, 0xd2, 0xd2, 0xec, 0xff, 0xff, 0xd0, 0x12, 0x00, 0x00,  //...@@@@@@@@@@... 
  0x00, 0x00, 0x00, 0x06, 0x62, 0xae, 0xd4, 0xe6, 0xe6, 0xd4, 0xac, 0x60, 0x06, 0x00, 0x00, 0x00,  //....+%@@@@%+.... 
  0x00, 0x00, 0x00, 0x00, 0x00, 0x00, 0x00, 0x00, 0x00, 0x00, 0x00, 0x00, 0x00, 0x00, 0x00, 0x00,  //................ 


  /*Unicode: U+c988 (즈) , Width: 16 */
  0x00, 0x00, 0x00, 0x00, 0x00, 0x00, 0x00, 0x00, 0x00, 0x00, 0x00, 0x00, 0x00, 0x00, 0x00, 0x00,  //................ 
  0x00, 0x00, 0x00, 0x00, 0x00, 0x00, 0x00, 0x00, 0x00, 0x00, 0x00, 0x00, 0x00, 0x00, 0x00, 0x00,  //................ 
  0x00, 0x00, 0x00, 0x00, 0x00, 0x00, 0x00, 0x00, 0x00, 0x00, 0x00, 0x00, 0x00, 0x00, 0x00, 0x00,  //................ 
  0x00, 0x00, 0x2c, 0xb2, 0xb2, 0xb2, 0xb2, 0xb2, 0xb2, 0xb2, 0xb2, 0xb4, 0x8e, 0x00, 0x00, 0x00,  //...%%%%%%%%%%... 
  0x00, 0x00, 0x3e, 0xff, 0xff, 0xff, 0xff, 0xff, 0xff, 0xff, 0xff, 0xff, 0x70, 0x00, 0x00, 0x00,  //...@@@@@@@@@+... 
  0x00, 0x00, 0x0a, 0x2e, 0x2e, 0x2e, 0x2e, 0x2e, 0x2e, 0xa8, 0xff, 0xe0, 0x08, 0x00, 0x00, 0x00,  //.........%@@.... 
  0x00, 0x00, 0x00, 0x00, 0x00, 0x00, 0x00, 0x00, 0x6e, 0xff, 0xfa, 0x3c, 0x00, 0x00, 0x00, 0x00,  //........+@@..... 
  0x00, 0x00, 0x00, 0x00, 0x00, 0x00, 0x0a, 0x9c, 0xff, 0xfc, 0x5c, 0x00, 0x00, 0x00, 0x00, 0x00,  //.......%@@+..... 
  0x00, 0x00, 0x00, 0x00, 0x00, 0x4c, 0xde, 0xff, 0xff, 0xfa, 0x94, 0x14, 0x00, 0x00, 0x00, 0x00,  //.....+@@@@%..... 
  0x00, 0x00, 0x00, 0x4a, 0xc0, 0xff, 0xff, 0xc4, 0x70, 0xec, 0xff, 0xf2, 0x88, 0x1a, 0x00, 0x00,  //...+@@@@+@@@%... 
  0x00, 0x64, 0xde, 0xff, 0xff, 0xea, 0x62, 0x00, 0x00, 0x16, 0xa8, 0xff, 0xff, 0xfa, 0x94, 0x00,  //.+@@@@+...%@@@%. 
  0x00, 0x3c, 0xfa, 0xde, 0x70, 0x0c, 0x00, 0x00, 0x00, 0x00, 0x00, 0x2e, 0xa4, 0xec, 0x2a, 0x00,  //..@@+.......%@.. 
  0x00, 0x00, 0x2c, 0x02, 0x00, 0x00, 0x00, 0x00, 0x00, 0x00, 0x00, 0x00, 0x00, 0x06, 0x00, 0x00,  //................ 
  0x00, 0x00, 0x00, 0x00, 0x00, 0x00, 0x00, 0x00, 0x00, 0x00, 0x00, 0x00, 0x00, 0x00, 0x00, 0x00,  //................ 
  0x80, 0xaa, 0xaa, 0xaa, 0xaa, 0xaa, 0xaa, 0xaa, 0xaa, 0xaa, 0xaa, 0xaa, 0xaa, 0xaa, 0xaa, 0x76,  //%%%%%%%%%%%%%%%+ 
  0xbe, 0xff, 0xff, 0xff, 0xff, 0xff, 0xff, 0xff, 0xff, 0xff, 0xff, 0xff, 0xff, 0xff, 0xff, 0xb2,  //%@@@@@@@@@@@@@@% 
  0x22, 0x2e, 0x2e, 0x2e, 0x2e, 0x2e, 0x2e, 0x2e, 0x2e, 0x2e, 0x2e, 0x2e, 0x2e, 0x2e, 0x2e, 0x20,  //................ 
  0x00, 0x00, 0x00, 0x00, 0x00, 0x00, 0x00, 0x00, 0x00, 0x00, 0x00, 0x00, 0x00, 0x00, 0x00, 0x00,  //................ 
  0x00, 0x00, 0x00, 0x00, 0x00, 0x00, 0x00, 0x00, 0x00, 0x00, 0x00, 0x00, 0x00, 0x00, 0x00, 0x00,  //................ 


  /*Unicode: U+c989 (즉) , Width: 16 */
  0x00, 0x00, 0x00, 0x00, 0x00, 0x00, 0x00, 0x00, 0x00, 0x00, 0x00, 0x00, 0x00, 0x00, 0x00, 0x00,  //................ 
  0x00, 0x00, 0x20, 0x5e, 0x5e, 0x5e, 0x5e, 0x5e, 0x5e, 0x5e, 0x60, 0x64, 0x4e, 0x00, 0x00, 0x00,  //...++++++++++... 
  0x00, 0x00, 0x56, 0xff, 0xff, 0xff, 0xff, 0xff, 0xff, 0xff, 0xff, 0xff, 0xac, 0x00, 0x00, 0x00,  //..+@@@@@@@@@%... 
  0x00, 0x00, 0x24, 0x6e, 0x6e, 0x6e, 0x6c, 0x68, 0x60, 0xc6, 0xff, 0xf2, 0x24, 0x00, 0x00, 0x00,  //...++++++@@@.... 
  0x00, 0x00, 0x00, 0x00, 0x00, 0x00, 0x00, 0x28, 0xac, 0xff, 0xee, 0x3e, 0x00, 0x00, 0x00, 0x00,  //........%@@..... 
  0x00, 0x00, 0x00, 0x00, 0x14, 0x60, 0xba, 0xfc, 0xff, 0xff, 0xb4, 0x42, 0x02, 0x00, 0x00, 0x00,  //.....+%@@@%+.... 
  0x00, 0x48, 0x9e, 0xd4, 0xff, 0xff, 0xff, 0xbc, 0x6e, 0xc6, 0xff, 0xff, 0xf0, 0xb8, 0x6e, 0x00,  //.+%@@@@%+@@@@%+. 
  0x00, 0x3a, 0xff, 0xf0, 0xb6, 0x78, 0x22, 0x00, 0x00, 0x00, 0x34, 0x92, 0xd8, 0xff, 0x7e, 0x00,  //..@@%+.....%@@+. 
  0x00, 0x00, 0x26, 0x00, 0x00, 0x00, 0x00, 0x00, 0x00, 0x00, 0x00, 0x00, 0x00, 0x1c, 0x0c, 0x00,  //................ 
  0xe2, 0xff, 0xff, 0xff, 0xff, 0xff, 0xff, 0xff, 0xff, 0xff, 0xff, 0xff, 0xff, 0xff, 0xff, 0xe2,  //@@@@@@@@@@@@@@@@ 
  0xb4, 0xca, 0xca, 0xca, 0xca, 0xca, 0xca, 0xca, 0xca, 0xca, 0xca, 0xca, 0xca, 0xca, 0xca, 0xb4,  //%@@@@@@@@@@@@@@% 
  0x00, 0x00, 0x00, 0x00, 0x00, 0x00, 0x00, 0x00, 0x00, 0x00, 0x00, 0x00, 0x00, 0x00, 0x00, 0x00,  //................ 
  0x00, 0x00, 0x88, 0xca, 0xca, 0xca, 0xca, 0xca, 0xca, 0xca, 0xca, 0xca, 0xca, 0x5e, 0x00, 0x00,  //..%@@@@@@@@@@+.. 
  0x00, 0x00, 0xaa, 0xff, 0xff, 0xff, 0xff, 0xff, 0xff, 0xff, 0xff, 0xff, 0xff, 0x76, 0x00, 0x00,  //..%@@@@@@@@@@+.. 
  0x00, 0x00, 0x0c, 0x12, 0x12, 0x12, 0x12, 0x12, 0x12, 0x12, 0x12, 0xbc, 0xff, 0x76, 0x00, 0x00,  //...........%@+.. 
  0x00, 0x00, 0x00, 0x00, 0x00, 0x00, 0x00, 0x00, 0x00, 0x00, 0x00, 0xb6, 0xff, 0x76, 0x00, 0x00,  //...........%@+.. 
  0x00, 0x00, 0x00, 0x00, 0x00, 0x00, 0x00, 0x00, 0x00, 0x00, 0x00, 0xb6, 0xff, 0x76, 0x00, 0x00,  //...........%@+.. 
  0x00, 0x00, 0x00, 0x00, 0x00, 0x00, 0x00, 0x00, 0x00, 0x00, 0x00, 0xa0, 0xde, 0x68, 0x00, 0x00,  //...........%@+.. 
  0x00, 0x00, 0x00, 0x00, 0x00, 0x00, 0x00, 0x00, 0x00, 0x00, 0x00, 0x00, 0x00, 0x00, 0x00, 0x00,  //................ 


  /*Unicode: U+c9c0 (지) , Width: 15 */
  0x00, 0x00, 0x00, 0x00, 0x00, 0x00, 0x00, 0x00, 0x00, 0x00, 0x00, 0x00, 0x00, 0x00, 0x00,  //............... 
  0x00, 0x00, 0x00, 0x00, 0x00, 0x00, 0x00, 0x00, 0x00, 0x00, 0x00, 0x0a, 0x9e, 0x9e, 0x18,  //............%%. 
  0x00, 0x1e, 0x32, 0x32, 0x32, 0x32, 0x32, 0x34, 0x38, 0x0e, 0x00, 0x12, 0xff, 0xff, 0x26,  //............@@. 
  0x00, 0x9e, 0xff, 0xff, 0xff, 0xff, 0xff, 0xff, 0xff, 0x34, 0x00, 0x12, 0xff, 0xff, 0x26,  //.%@@@@@@@...@@. 
  0x00, 0x6e, 0xb2, 0xb2, 0xb2, 0xb0, 0xc4, 0xff, 0xff, 0x14, 0x00, 0x12, 0xff, 0xff, 0x26,  //.+%%%%@@@...@@. 
  0x00, 0x00, 0x00, 0x00, 0x00, 0x00, 0x68, 0xff, 0xda, 0x00, 0x00, 0x12, 0xff, 0xff, 0x26,  //......+@@...@@. 
  0x00, 0x00, 0x00, 0x00, 0x00, 0x00, 0xb6, 0xff, 0x8a, 0x00, 0x00, 0x12, 0xff, 0xff, 0x26,  //......%@%...@@. 
  0x00, 0x00, 0x00, 0x00, 0x00, 0x26, 0xfc, 0xfc, 0x28, 0x00, 0x00, 0x12, 0xff, 0xff, 0x26,  //......@@....@@. 
  0x00, 0x00, 0x00, 0x00, 0x00, 0xb4, 0xff, 0xb6, 0x00, 0x00, 0x00, 0x12, 0xff, 0xff, 0x26,  //.....%@%....@@. 
  0x00, 0x00, 0x00, 0x00, 0x66, 0xff, 0xff, 0xf8, 0x3e, 0x00, 0x00, 0x12, 0xff, 0xff, 0x26,  //....+@@@....@@. 
  0x00, 0x00, 0x00, 0x42, 0xf6, 0xff, 0xce, 0xff, 0xea, 0x22, 0x00, 0x12, 0xff, 0xff, 0x26,  //...+@@@@@...@@. 
  0x00, 0x00, 0x4a, 0xf4, 0xff, 0x7e, 0x06, 0xc8, 0xff, 0xe6, 0x38, 0x12, 0xff, 0xff, 0x26,  //..+@@+.@@@..@@. 
  0x04, 0x7c, 0xfc, 0xff, 0x98, 0x00, 0x00, 0x18, 0xda, 0xff, 0xf8, 0x5e, 0xff, 0xff, 0x26,  //.+@@%...@@@+@@. 
  0x76, 0xff, 0xff, 0x86, 0x00, 0x00, 0x00, 0x00, 0x14, 0xc6, 0xcc, 0x22, 0xff, 0xff, 0x26,  //+@@%.....@@.@@. 
  0x00, 0x86, 0x48, 0x00, 0x00, 0x00, 0x00, 0x00, 0x00, 0x08, 0x12, 0x12, 0xff, 0xff, 0x26,  //.%+.........@@. 
  0x00, 0x00, 0x00, 0x00, 0x00, 0x00, 0x00, 0x00, 0x00, 0x00, 0x00, 0x12, 0xff, 0xff, 0x26,  //............@@. 
  0x00, 0x00, 0x00, 0x00, 0x00, 0x00, 0x00, 0x00, 0x00, 0x00, 0x00, 0x12, 0xff, 0xff, 0x26,  //............@@. 
  0x00, 0x00, 0x00, 0x00, 0x00, 0x00, 0x00, 0x00, 0x00, 0x00, 0x00, 0x12, 0xff, 0xff, 0x26,  //............@@. 
  0x00, 0x00, 0x00, 0x00, 0x00, 0x00, 0x00, 0x00, 0x00, 0x00, 0x00, 0x00, 0x0e, 0x0e, 0x00,  //............... 


  /*Unicode: U+c9c4 (진) , Width: 15 */
  0x00, 0x00, 0x00, 0x00, 0x00, 0x00, 0x00, 0x00, 0x00, 0x00, 0x00, 0x00, 0x00, 0x00, 0x00,  //............... 
  0x00, 0x00, 0x00, 0x00, 0x00, 0x00, 0x00, 0x00, 0x00, 0x00, 0x00, 0x08, 0x72, 0x72, 0x10,  //............++. 
  0x00, 0x42, 0x72, 0x72, 0x72, 0x72, 0x72, 0x74, 0x78, 0x08, 0x00, 0x12, 0xff, 0xff, 0x26,  //.++++++++...@@. 
  0x00, 0x92, 0xff, 0xff, 0xff, 0xff, 0xff, 0xff, 0xe6, 0x00, 0x00, 0x12, 0xff, 0xff, 0x26,  //.%@@@@@@@...@@. 
  0x00, 0x3c, 0x6a, 0x6a, 0x6a, 0x68, 0xcc, 0xff, 0xa8, 0x00, 0x00, 0x12, 0xff, 0xff, 0x26,  //..++++@@%...@@. 
  0x00, 0x00, 0x00, 0x00, 0x00, 0x0c, 0xec, 0xff, 0x4c, 0x00, 0x00, 0x12, 0xff, 0xff, 0x26,  //......@@+...@@. 
  0x00, 0x00, 0x00, 0x00, 0x00, 0x94, 0xff, 0xcc, 0x00, 0x00, 0x00, 0x12, 0xff, 0xff, 0x26,  //.....%@@....@@. 
  0x00, 0x00, 0x00, 0x00, 0x72, 0xff, 0xff, 0xd0, 0x14, 0x00, 0x00, 0x12, 0xff, 0xff, 0x26,  //....+@@@....@@. 
  0x00, 0x00, 0x04, 0x90, 0xff, 0xfc, 0xe8, 0xff, 0xd8, 0x24, 0x00, 0x12, 0xff, 0xff, 0x26,  //...%@@@@@...@@. 
  0x00, 0x42, 0xd2, 0xff, 0xf6, 0x54, 0x1a, 0xd4, 0xff, 0xf6, 0x7a, 0x12, 0xff, 0xff, 0x26,  //.+@@@+.@@@+.@@. 
  0x86, 0xff, 0xff, 0xd8, 0x36, 0x00, 0x00, 0x10, 0xaa, 0xff, 0x7e, 0x12, 0xff, 0xff, 0x26,  //%@@@....%@+.@@. 
  0x10, 0xc8, 0x6e, 0x04, 0x00, 0x00, 0x00, 0x00, 0x00, 0x3c, 0x00, 0x12, 0xff, 0xff, 0x26,  //.@+.........@@. 
  0x00, 0x00, 0x00, 0x00, 0x00, 0x00, 0x00, 0x00, 0x00, 0x00, 0x00, 0x12, 0xff, 0xff, 0x26,  //............@@. 
  0x00, 0x00, 0x00, 0x42, 0xf2, 0xea, 0x00, 0x00, 0x00, 0x00, 0x00, 0x12, 0xff, 0xff, 0x26,  //...+@@......@@. 
  0x00, 0x00, 0x00, 0x46, 0xff, 0xf6, 0x00, 0x00, 0x00, 0x00, 0x00, 0x00, 0x1a, 0x1a, 0x02,  //...+@@......... 
  0x00, 0x00, 0x00, 0x46, 0xff, 0xf6, 0x00, 0x00, 0x00, 0x00, 0x00, 0x00, 0x00, 0x00, 0x00,  //...+@@......... 
  0x00, 0x00, 0x00, 0x46, 0xff, 0xff, 0xfa, 0xfa, 0xfa, 0xfa, 0xfa, 0xfa, 0xfa, 0xfa, 0x78,  //...+@@@@@@@@@@+ 
  0x00, 0x00, 0x00, 0x40, 0xe6, 0xe6, 0xe6, 0xe6, 0xe6, 0xe6, 0xe6, 0xe6, 0xe6, 0xe6, 0x6e,  //...+@@@@@@@@@@+ 
  0x00, 0x00, 0x00, 0x00, 0x00, 0x00, 0x00, 0x00, 0x00, 0x00, 0x00, 0x00, 0x00, 0x00, 0x00,  //............... 


  /*Unicode: U+cc3e (찾) , Width: 16 */
  0x00, 0x00, 0x00, 0x00, 0x00, 0x00, 0x00, 0x00, 0x00, 0x00, 0x00, 0x00, 0x00, 0x00, 0x00, 0x00,  //................ 
  0x00, 0x00, 0x2c, 0xae, 0xae, 0xae, 0xae, 0x92, 0x00, 0x00, 0x00, 0x80, 0x9e, 0x40, 0x00, 0x00,  //...%%%%%...%%+.. 
  0x00, 0x00, 0x42, 0xff, 0xff, 0xff, 0xff, 0xd6, 0x00, 0x00, 0x00, 0xce, 0xff, 0x66, 0x00, 0x00,  //..+@@@@@...@@+.. 
  0x00, 0x00, 0x04, 0x06, 0x06, 0x06, 0x06, 0x08, 0x0a, 0x00, 0x00, 0xce, 0xff, 0x66, 0x00, 0x00,  //...........@@+.. 
  0x00, 0xb6, 0xff, 0xff, 0xff, 0xff, 0xff, 0xff, 0xf4, 0x00, 0x00, 0xce, 0xff, 0x66, 0x00, 0x00,  //.%@@@@@@@..@@+.. 
  0x00, 0x7c, 0xae, 0xae, 0xae, 0xa8, 0xe8, 0xff, 0xae, 0x00, 0x00, 0xce, 0xff, 0x8c, 0x3e, 0x38,  //.+%%%%@@%..@@%.. 
  0x00, 0x00, 0x00, 0x00, 0x00, 0x3a, 0xfa, 0xfa, 0x30, 0x00, 0x00, 0xce, 0xff, 0xff, 0xff, 0xe6,  //......@@...@@@@@ 
  0x00, 0x00, 0x00, 0x00, 0x3e, 0xec, 0xff, 0x82, 0x00, 0x00, 0x00, 0xce, 0xff, 0xc6, 0x9e, 0x90,  //.....@@%...@@@%% 
  0x00, 0x00, 0x0e, 0x8c, 0xfc, 0xfc, 0xff, 0xf4, 0x7c, 0x0e, 0x00, 0xce, 0xff, 0x66, 0x00, 0x00,  //...%@@@@+..@@+.. 
  0x2a, 0x92, 0xf2, 0xff, 0xd8, 0x3a, 0x4e, 0xe6, 0xff, 0xf2, 0x5e, 0xce, 0xff, 0x66, 0x00, 0x00,  //.%@@@.+@@@+@@+.. 
  0x2a, 0xf4, 0xe0, 0x74, 0x06, 0x00, 0x00, 0x0e, 0x7e, 0xd4, 0x14, 0xce, 0xff, 0x66, 0x00, 0x00,  //.@@+....+@.@@+.. 
  0x00, 0x24, 0x02, 0x0e, 0x12, 0x12, 0x12, 0x12, 0x12, 0x12, 0x12, 0x46, 0x54, 0x18, 0x00, 0x00,  //...........++... 
  0x00, 0x00, 0x00, 0xc2, 0xff, 0xff, 0xff, 0xff, 0xff, 0xff, 0xff, 0xff, 0xff, 0x40, 0x00, 0x00,  //...@@@@@@@@@@+.. 
  0x00, 0x00, 0x00, 0x82, 0xaa, 0xaa, 0xaa, 0xaa, 0xa6, 0xc0, 0xff, 0xff, 0xac, 0x00, 0x00, 0x00,  //...%%%%%%@@@%... 
  0x00, 0x00, 0x00, 0x00, 0x00, 0x00, 0x00, 0x2e, 0x98, 0xf6, 0xfc, 0x8e, 0x02, 0x00, 0x00, 0x00,  //........%@@%.... 
  0x00, 0x00, 0x00, 0x02, 0x36, 0x80, 0xd2, 0xff, 0xff, 0xff, 0xee, 0x8c, 0x3e, 0x04, 0x00, 0x00,  //.....%@@@@@%.... 
  0x00, 0x1a, 0xb8, 0xf0, 0xff, 0xff, 0xf6, 0xa4, 0x58, 0xa0, 0xf4, 0xff, 0xff, 0xf4, 0xb6, 0x08,  //..%@@@@%+%@@@@%. 
  0x00, 0x00, 0xa0, 0xee, 0xaa, 0x62, 0x0e, 0x00, 0x00, 0x00, 0x0c, 0x5e, 0xaa, 0xf0, 0x6e, 0x00,  //..%@%+.....+%@+. 
  0x00, 0x00, 0x06, 0x02, 0x00, 0x00, 0x00, 0x00, 0x00, 0x00, 0x00, 0x00, 0x00, 0x04, 0x00, 0x00,  //................ 


  /*Unicode: U+cd08 (초) , Width: 16 */
  0x00, 0x00, 0x00, 0x00, 0x00, 0x00, 0x00, 0x00, 0x00, 0x00, 0x00, 0x00, 0x00, 0x00, 0x00, 0x00,  //................ 
  0x00, 0x00, 0x00, 0x00, 0x00, 0x00, 0x00, 0x00, 0x00, 0x00, 0x00, 0x00, 0x00, 0x00, 0x00, 0x00,  //................ 
  0x00, 0x00, 0x00, 0x00, 0x24, 0x46, 0x46, 0x46, 0x46, 0x46, 0x46, 0x00, 0x00, 0x00, 0x00, 0x00,  //.....++++++..... 
  0x00, 0x00, 0x00, 0x00, 0x86, 0xff, 0xff, 0xff, 0xff, 0xff, 0xff, 0x06, 0x00, 0x00, 0x00, 0x00,  //....%@@@@@@..... 
  0x00, 0x00, 0x00, 0x00, 0x4a, 0x8e, 0x8e, 0x8e, 0x8e, 0x8e, 0x8e, 0x02, 0x00, 0x00, 0x00, 0x00,  //....+%%%%%%..... 
  0x00, 0x00, 0x2a, 0x76, 0x76, 0x76, 0x76, 0x76, 0x76, 0x76, 0x78, 0x7c, 0x6a, 0x00, 0x00, 0x00,  //...++++++++++... 
  0x00, 0x00, 0x5a, 0xff, 0xff, 0xff, 0xff, 0xff, 0xff, 0xff, 0xff, 0xff, 0x7a, 0x00, 0x00, 0x00,  //..+@@@@@@@@@+... 
  0x00, 0x00, 0x22, 0x62, 0x62, 0x62, 0x62, 0x62, 0x62, 0xde, 0xff, 0xd2, 0x06, 0x00, 0x00, 0x00,  //...++++++@@@.... 
  0x00, 0x00, 0x00, 0x00, 0x00, 0x00, 0x00, 0x1a, 0xb6, 0xff, 0xe2, 0x20, 0x00, 0x00, 0x00, 0x00,  //........%@@..... 
  0x00, 0x00, 0x00, 0x00, 0x00, 0x22, 0x8e, 0xf4, 0xff, 0xff, 0xc2, 0x30, 0x00, 0x00, 0x00, 0x00,  //......%@@@@..... 
  0x00, 0x00, 0x16, 0x64, 0xbc, 0xfc, 0xff, 0xf0, 0x8a, 0xd8, 0xff, 0xfc, 0xb2, 0x50, 0x04, 0x00,  //...+%@@@%@@@%+.. 
  0x00, 0x64, 0xfc, 0xff, 0xff, 0xe8, 0x82, 0x14, 0x00, 0x04, 0x72, 0xea, 0xff, 0xff, 0x9c, 0x00,  //.+@@@@%...+@@@%. 
  0x00, 0x0c, 0xd6, 0xa2, 0x4c, 0x04, 0x00, 0xd4, 0xde, 0x40, 0x00, 0x06, 0x62, 0xba, 0x12, 0x00,  //..@%+..@@+..+%.. 
  0x00, 0x00, 0x00, 0x00, 0x00, 0x00, 0x00, 0xf2, 0xff, 0x4a, 0x00, 0x00, 0x00, 0x00, 0x00, 0x00,  //.......@@+...... 
  0x14, 0x1a, 0x1a, 0x1a, 0x1a, 0x1a, 0x1a, 0xf4, 0xff, 0x5e, 0x1a, 0x1a, 0x1a, 0x1a, 0x1a, 0x12,  //.......@@+...... 
  0xbe, 0xff, 0xff, 0xff, 0xff, 0xff, 0xff, 0xff, 0xff, 0xff, 0xff, 0xff, 0xff, 0xff, 0xff, 0xb2,  //%@@@@@@@@@@@@@@% 
  0x8c, 0xba, 0xba, 0xba, 0xba, 0xba, 0xba, 0xba, 0xba, 0xba, 0xba, 0xba, 0xba, 0xba, 0xba, 0x82,  //%%%%%%%%%%%%%%%% 
  0x00, 0x00, 0x00, 0x00, 0x00, 0x00, 0x00, 0x00, 0x00, 0x00, 0x00, 0x00, 0x00, 0x00, 0x00, 0x00,  //................ 
  0x00, 0x00, 0x00, 0x00, 0x00, 0x00, 0x00, 0x00, 0x00, 0x00, 0x00, 0x00, 0x00, 0x00, 0x00, 0x00,  //................ 


  /*Unicode: U+cd1d (총) , Width: 16 */
  0x00, 0x00, 0x00, 0x00, 0x00, 0x00, 0x00, 0x00, 0x00, 0x00, 0x00, 0x00, 0x00, 0x00, 0x00, 0x00,  //................ 
  0x00, 0x00, 0x00, 0x00, 0x56, 0xbe, 0xbe, 0xbe, 0xbe, 0xbe, 0xaa, 0x00, 0x00, 0x00, 0x00, 0x00,  //....+%%%%%%..... 
  0x00, 0x00, 0x00, 0x00, 0x6a, 0xee, 0xee, 0xee, 0xee, 0xee, 0xd4, 0x00, 0x00, 0x00, 0x00, 0x00,  //....+@@@@@@..... 
  0x00, 0x00, 0x28, 0x5a, 0x5a, 0x5a, 0x5a, 0x5a, 0x5a, 0x5c, 0x60, 0x62, 0x48, 0x00, 0x00, 0x00,  //...++++++++++... 
  0x00, 0x00, 0x72, 0xff, 0xff, 0xff, 0xff, 0xff, 0xff, 0xff, 0xff, 0xff, 0x98, 0x00, 0x00, 0x00,  //..+@@@@@@@@@%... 
  0x00, 0x00, 0x1e, 0x46, 0x46, 0x46, 0x42, 0x42, 0x98, 0xfa, 0xff, 0xa2, 0x04, 0x00, 0x00, 0x00,  //...+++++%@@%.... 
  0x00, 0x00, 0x00, 0x00, 0x12, 0x4e, 0x96, 0xe8, 0xff, 0xff, 0xc6, 0x3a, 0x06, 0x00, 0x00, 0x00,  //.....+%@@@@..... 
  0x00, 0x58, 0xbc, 0xe2, 0xff, 0xff, 0xfc, 0xbe, 0x8e, 0xdc, 0xff, 0xff, 0xfa, 0xd4, 0x70, 0x00,  //.+%@@@@%%@@@@@+. 
  0x00, 0x1e, 0xea, 0xd4, 0xa4, 0x68, 0x16, 0x96, 0x96, 0x24, 0x34, 0x7a, 0xb2, 0xdc, 0x22, 0x00,  //..@@%+.%%..+%@.. 
  0x1e, 0x22, 0x22, 0x22, 0x22, 0x22, 0x22, 0xff, 0xff, 0x5a, 0x22, 0x22, 0x22, 0x22, 0x22, 0x1e,  //.......@@+...... 
  0xe2, 0xff, 0xff, 0xff, 0xff, 0xff, 0xff, 0xff, 0xff, 0xff, 0xff, 0xff, 0xff, 0xff, 0xff, 0xe2,  //@@@@@@@@@@@@@@@@ 
  0x88, 0x9a, 0x9a, 0x9a, 0x9a, 0x9a, 0x9a, 0x9a, 0x9a, 0x9a, 0x9a, 0x9a, 0x9a, 0x9a, 0x9a, 0x88,  //%%%%%%%%%%%%%%%% 
  0x00, 0x00, 0x00, 0x00, 0x38, 0x7c, 0xa2, 0xb2, 0xb2, 0xa2, 0x7c, 0x38, 0x00, 0x00, 0x00, 0x00,  //.....+%%%%+..... 
  0x00, 0x00, 0x0e, 0xbc, 0xff, 0xff, 0xff, 0xfa, 0xfa, 0xff, 0xff, 0xff, 0xba, 0x0e, 0x00, 0x00,  //...%@@@@@@@@%... 
  0x00, 0x00, 0x8c, 0xff, 0xea, 0x56, 0x12, 0x00, 0x00, 0x12, 0x54, 0xea, 0xff, 0x8c, 0x00, 0x00,  //..%@@+....+@@%.. 
  0x00, 0x00, 0xaa, 0xff, 0xbe, 0x00, 0x00, 0x00, 0x00, 0x00, 0x02, 0xc0, 0xff, 0xa8, 0x00, 0x00,  //..%@%......@@%.. 
  0x00, 0x00, 0x44, 0xfa, 0xff, 0xda, 0x9a, 0x86, 0x86, 0x9a, 0xd8, 0xff, 0xfa, 0x42, 0x00, 0x00,  //..+@@@%%%%@@@+.. 
  0x00, 0x00, 0x00, 0x3a, 0xb6, 0xf6, 0xff, 0xff, 0xff, 0xff, 0xf6, 0xb6, 0x38, 0x00, 0x00, 0x00,  //....%@@@@@@%.... 
  0x00, 0x00, 0x00, 0x00, 0x00, 0x04, 0x22, 0x32, 0x32, 0x22, 0x04, 0x00, 0x00, 0x00, 0x00, 0x00,  //................ 


  /*Unicode: U+cd5c (최) , Width: 15 */
  0x00, 0x00, 0x00, 0x00, 0x00, 0x00, 0x00, 0x00, 0x00, 0x00, 0x00, 0x00, 0x00, 0x00, 0x00,  //............... 
  0x00, 0x00, 0x00, 0x10, 0x1e, 0x1e, 0x1e, 0x1e, 0x16, 0x00, 0x00, 0x00, 0x6a, 0x9e, 0x56,  //............+%+ 
  0x00, 0x00, 0x00, 0x8e, 0xff, 0xff, 0xff, 0xff, 0xbe, 0x00, 0x00, 0x00, 0xaa, 0xff, 0x8a,  //...%@@@@%...%@% 
  0x00, 0x00, 0x00, 0x64, 0xb2, 0xb2, 0xb2, 0xb2, 0x86, 0x00, 0x00, 0x00, 0xaa, 0xff, 0x8a,  //...+%%%%%...%@% 
  0x00, 0x04, 0x8e, 0x8e, 0x8e, 0x8e, 0x8e, 0x8e, 0x90, 0x84, 0x00, 0x00, 0xaa, 0xff, 0x8a,  //..%%%%%%%%..%@% 
  0x00, 0x0a, 0xff, 0xff, 0xff, 0xff, 0xff, 0xff, 0xff, 0xb4, 0x00, 0x00, 0xaa, 0xff, 0x8a,  //..@@@@@@@%..%@% 
  0x00, 0x02, 0x3e, 0x3e, 0x3e, 0x3e, 0x60, 0xfc, 0xff, 0x44, 0x00, 0x00, 0xaa, 0xff, 0x8a,  //......+@@+..%@% 
  0x00, 0x00, 0x00, 0x00, 0x00, 0x32, 0xe0, 0xff, 0x9a, 0x00, 0x00, 0x00, 0xaa, 0xff, 0x8a,  //......@@%...%@% 
  0x00, 0x00, 0x00, 0x0e, 0x80, 0xf8, 0xff, 0xff, 0xda, 0x4a, 0x00, 0x00, 0xaa, 0xff, 0x8a,  //....%@@@@+..%@% 
  0x02, 0x42, 0x94, 0xee, 0xff, 0xf4, 0x7a, 0xb0, 0xff, 0xff, 0xce, 0x32, 0xaa, 0xff, 0x8a,  //.+%@@@+%@@@.%@% 
  0x04, 0xc4, 0xff, 0xfa, 0xa6, 0x3a, 0x2a, 0x1a, 0x50, 0xd2, 0xd0, 0x08, 0xaa, 0xff, 0x8a,  //.@@@%...+@@.%@% 
  0x00, 0x16, 0x70, 0x16, 0x00, 0xa2, 0xff, 0x9e, 0x00, 0x00, 0x10, 0x00, 0xaa, 0xff, 0x8a,  //..+..%@%....%@% 
  0x00, 0x00, 0x00, 0x00, 0x00, 0xa2, 0xff, 0x9e, 0x00, 0x0a, 0x20, 0x2c, 0xaa, 0xff, 0x8a,  //.....%@%....%@% 
  0x5e, 0xca, 0xca, 0xca, 0xcc, 0xee, 0xff, 0xf8, 0xf8, 0xff, 0xff, 0xca, 0xaa, 0xff, 0x8a,  //+@@@@@@@@@@@%@% 
  0x76, 0xff, 0xff, 0xff, 0xff, 0xff, 0xfc, 0xf2, 0xe0, 0xcc, 0xb0, 0x74, 0xaa, 0xff, 0x8a,  //+@@@@@@@@@%+%@% 
  0x08, 0x12, 0x12, 0x12, 0x0e, 0x08, 0x00, 0x00, 0x00, 0x00, 0x00, 0x00, 0xaa, 0xff, 0x8a,  //............%@% 
  0x00, 0x00, 0x00, 0x00, 0x00, 0x00, 0x00, 0x00, 0x00, 0x00, 0x00, 0x00, 0xaa, 0xff, 0x8a,  //............%@% 
  0x00, 0x00, 0x00, 0x00, 0x00, 0x00, 0x00, 0x00, 0x00, 0x00, 0x00, 0x00, 0xaa, 0xff, 0x8a,  //............%@% 
  0x00, 0x00, 0x00, 0x00, 0x00, 0x00, 0x00, 0x00, 0x00, 0x00, 0x00, 0x00, 0x08, 0x0e, 0x06,  //............... 


  /*Unicode: U+cde8 (취) , Width: 15 */
  0x00, 0x00, 0x00, 0x00, 0x00, 0x00, 0x00, 0x00, 0x00, 0x00, 0x00, 0x00, 0x00, 0x00, 0x00,  //............... 
  0x00, 0x00, 0x00, 0x3e, 0x4e, 0x4e, 0x4e, 0x4e, 0x40, 0x00, 0x00, 0x00, 0x6a, 0x9e, 0x56,  //....+++++...+%+ 
  0x00, 0x00, 0x00, 0xca, 0xff, 0xff, 0xff, 0xff, 0xce, 0x00, 0x00, 0x00, 0xaa, 0xff, 0x8a,  //...@@@@@@...%@% 
  0x00, 0x00, 0x00, 0x58, 0x6e, 0x6e, 0x6e, 0x6e, 0x5a, 0x00, 0x00, 0x00, 0xaa, 0xff, 0x8a,  //...++++++...%@% 
  0x00, 0x00, 0xcc, 0xd2, 0xd2, 0xd2, 0xd2, 0xd2, 0xd4, 0xae, 0x00, 0x00, 0xaa, 0xff, 0x8a,  //..@@@@@@@%..%@% 
  0x00, 0x00, 0xd8, 0xde, 0xde, 0xde, 0xe0, 0xff, 0xff, 0x74, 0x00, 0x00, 0xaa, 0xff, 0x8a,  //..@@@@@@@+..%@% 
  0x00, 0x00, 0x00, 0x00, 0x00, 0x0a, 0xa2, 0xff, 0xc8, 0x04, 0x00, 0x00, 0xaa, 0xff, 0x8a,  //......%@@...%@% 
  0x00, 0x00, 0x00, 0x04, 0x62, 0xe2, 0xff, 0xff, 0x76, 0x08, 0x00, 0x00, 0xaa, 0xff, 0x8a,  //....+@@@+...%@% 
  0x00, 0x26, 0x80, 0xe2, 0xff, 0xf4, 0xae, 0xf8, 0xff, 0xee, 0xa0, 0x2e, 0xaa, 0xff, 0x8a,  //..%@@@%@@@%.%@% 
  0x00, 0xa8, 0xff, 0xf4, 0x96, 0x18, 0x00, 0x22, 0x9e, 0xf2, 0xec, 0x14, 0xaa, 0xff, 0x8a,  //.%@@%...%@@.%@% 
  0x00, 0x14, 0x68, 0x0e, 0x00, 0x00, 0x00, 0x00, 0x00, 0x08, 0x38, 0x1e, 0xaa, 0xff, 0x8a,  //..+.........%@% 
  0x56, 0xba, 0xba, 0xba, 0xbe, 0xc4, 0xcc, 0xd6, 0xe6, 0xf6, 0xff, 0xc6, 0xaa, 0xff, 0x8a,  //+%%%%@@@@@@@%@% 
  0x76, 0xff, 0xff, 0xff, 0xff, 0xff, 0xff, 0xff, 0xf4, 0xe0, 0xc6, 0x84, 0xaa, 0xff, 0x8a,  //+@@@@@@@@@@%%@% 
  0x10, 0x26, 0x26, 0x26, 0x24, 0xd4, 0xff, 0x6e, 0x00, 0x00, 0x00, 0x00, 0xaa, 0xff, 0x8a,  //.....@@+....%@% 
  0x00, 0x00, 0x00, 0x00, 0x00, 0xce, 0xff, 0x6a, 0x00, 0x00, 0x00, 0x00, 0xaa, 0xff, 0x8a,  //.....@@+....%@% 
  0x00, 0x00, 0x00, 0x00, 0x00, 0xce, 0xff, 0x6a, 0x00, 0x00, 0x00, 0x00, 0xaa, 0xff, 0x8a,  //.....@@+....%@% 
  0x00, 0x00, 0x00, 0x00, 0x00, 0xce, 0xff, 0x6a, 0x00, 0x00, 0x00, 0x00, 0xaa, 0xff, 0x8a,  //.....@@+....%@% 
  0x00, 0x00, 0x00, 0x00, 0x00, 0x90, 0xb2, 0x4a, 0x00, 0x00, 0x00, 0x00, 0xaa, 0xff, 0x8a,  //.....%%+....%@% 
  0x00, 0x00, 0x00, 0x00, 0x00, 0x00, 0x00, 0x00, 0x00, 0x00, 0x00, 0x00, 0x08, 0x0e, 0x06,  //............... 


  /*Unicode: U+ce58 (치) , Width: 15 */
  0x00, 0x00, 0x00, 0x00, 0x00, 0x00, 0x00, 0x00, 0x00, 0x00, 0x00, 0x00, 0x00, 0x00, 0x00,  //............... 
  0x00, 0x00, 0x02, 0x0a, 0x0a, 0x0a, 0x0a, 0x0a, 0x00, 0x00, 0x00, 0x06, 0x9e, 0x9e, 0x18,  //............%%. 
  0x00, 0x00, 0x4e, 0xff, 0xff, 0xff, 0xff, 0xff, 0x26, 0x00, 0x00, 0x0a, 0xff, 0xff, 0x26,  //..+@@@@@....@@. 
  0x00, 0x00, 0x42, 0xd6, 0xd6, 0xd6, 0xd6, 0xd6, 0x20, 0x00, 0x00, 0x0a, 0xff, 0xff, 0x26,  //..+@@@@@....@@. 
  0x00, 0x0e, 0x16, 0x16, 0x16, 0x16, 0x16, 0x18, 0x1a, 0x06, 0x00, 0x0a, 0xff, 0xff, 0x26,  //............@@. 
  0x00, 0xae, 0xff, 0xff, 0xff, 0xff, 0xff, 0xff, 0xff, 0x22, 0x00, 0x0a, 0xff, 0xff, 0x26,  //.%@@@@@@@...@@. 
  0x00, 0x88, 0xc6, 0xc6, 0xc6, 0xc6, 0xda, 0xff, 0xea, 0x00, 0x00, 0x0a, 0xff, 0xff, 0x26,  //.%@@@@@@@...@@. 
  0x00, 0x00, 0x00, 0x00, 0x00, 0x00, 0x9a, 0xff, 0x9a, 0x00, 0x00, 0x0a, 0xff, 0xff, 0x26,  //......%@%...@@. 
  0x00, 0x00, 0x00, 0x00, 0x00, 0x1c, 0xf6, 0xfc, 0x28, 0x00, 0x00, 0x0a, 0xff, 0xff, 0x26,  //......@@....@@. 
  0x00, 0x00, 0x00, 0x00, 0x00, 0xb8, 0xff, 0xc6, 0x00, 0x00, 0x00, 0x0a, 0xff, 0xff, 0x26,  //.....%@@....@@. 
  0x00, 0x00, 0x00, 0x00, 0x94, 0xff, 0xff, 0xff, 0x52, 0x00, 0x00, 0x0a, 0xff, 0xff, 0x26,  //....%@@@+...@@. 
  0x00, 0x00, 0x04, 0xa4, 0xff, 0xf6, 0xa2, 0xff, 0xf6, 0x4c, 0x00, 0x0a, 0xff, 0xff, 0x26,  //...%@@%@@+..@@. 
  0x00, 0x2e, 0xc8, 0xff, 0xf2, 0x40, 0x00, 0x98, 0xff, 0xfc, 0x78, 0x0a, 0xff, 0xff, 0x26,  //..@@@+.%@@+.@@. 
  0x54, 0xfa, 0xff, 0xdc, 0x34, 0x00, 0x00, 0x02, 0x9a, 0xff, 0xde, 0x1e, 0xff, 0xff, 0x26,  //+@@@....%@@.@@. 
  0x06, 0xba, 0x90, 0x0a, 0x00, 0x00, 0x00, 0x00, 0x00, 0x6e, 0x22, 0x0a, 0xff, 0xff, 0x26,  //.%%......+..@@. 
  0x00, 0x00, 0x00, 0x00, 0x00, 0x00, 0x00, 0x00, 0x00, 0x00, 0x00, 0x0a, 0xff, 0xff, 0x26,  //............@@. 
  0x00, 0x00, 0x00, 0x00, 0x00, 0x00, 0x00, 0x00, 0x00, 0x00, 0x00, 0x0a, 0xff, 0xff, 0x26,  //............@@. 
  0x00, 0x00, 0x00, 0x00, 0x00, 0x00, 0x00, 0x00, 0x00, 0x00, 0x00, 0x0a, 0xff, 0xff, 0x26,  //............@@. 
  0x00, 0x00, 0x00, 0x00, 0x00, 0x00, 0x00, 0x00, 0x00, 0x00, 0x00, 0x00, 0x0e, 0x0e, 0x00,  //............... 


  /*Unicode: U+ce69 (칩) , Width: 15 */
  0x00, 0x00, 0x00, 0x00, 0x00, 0x00, 0x00, 0x00, 0x00, 0x00, 0x00, 0x00, 0x00, 0x00, 0x00,  //............... 
  0x00, 0x00, 0x00, 0x74, 0x7a, 0x7a, 0x7a, 0x7a, 0x26, 0x00, 0x00, 0x08, 0x7a, 0x7a, 0x12,  //...+++++....++. 
  0x00, 0x00, 0x00, 0xf2, 0xff, 0xff, 0xff, 0xff, 0x52, 0x00, 0x00, 0x12, 0xff, 0xff, 0x26,  //...@@@@@+...@@. 
  0x00, 0x00, 0x00, 0x3c, 0x3e, 0x3e, 0x3e, 0x3e, 0x14, 0x00, 0x00, 0x12, 0xff, 0xff, 0x26,  //............@@. 
  0x00, 0x62, 0xf2, 0xf2, 0xf2, 0xf2, 0xf2, 0xf2, 0xf4, 0x94, 0x00, 0x12, 0xff, 0xff, 0x26,  //.+@@@@@@@%..@@. 
  0x00, 0x50, 0xc6, 0xc6, 0xc6, 0xc6, 0xd6, 0xff, 0xff, 0x34, 0x00, 0x12, 0xff, 0xff, 0x26,  //.+@@@@@@@...@@. 
  0x00, 0x00, 0x00, 0x00, 0x00, 0x0a, 0xc4, 0xff, 0x92, 0x00, 0x00, 0x12, 0xff, 0xff, 0x26,  //......@@%...@@. 
  0x00, 0x00, 0x00, 0x00, 0x24, 0xcc, 0xff, 0xf8, 0x26, 0x00, 0x00, 0x12, 0xff, 0xff, 0x26,  //.....@@@....@@. 
  0x00, 0x00, 0x10, 0x82, 0xf6, 0xff, 0xee, 0xff, 0xf4, 0x7e, 0x12, 0x12, 0xff, 0xff, 0x26,  //...%@@@@@+..@@. 
  0x22, 0xa0, 0xf4, 0xff, 0xec, 0x60, 0x06, 0x84, 0xfa, 0xff, 0xee, 0x30, 0xff, 0xff, 0x26,  //.%@@@+.%@@@.@@. 
  0x04, 0xb0, 0xe6, 0x80, 0x14, 0x00, 0x00, 0x00, 0x20, 0x96, 0x50, 0x0a, 0x8e, 0x8e, 0x14,  //.%@%.....%+.%%. 
  0x00, 0x04, 0x04, 0x4a, 0xa2, 0x74, 0x00, 0x00, 0x00, 0x00, 0x00, 0x0a, 0xb6, 0xb6, 0x1a,  //...+%+......%%. 
  0x00, 0x00, 0x00, 0x76, 0xff, 0xc6, 0x3a, 0x3a, 0x3a, 0x3a, 0x3a, 0x46, 0xff, 0xff, 0x26,  //...+@@.....+@@. 
  0x00, 0x00, 0x00, 0x76, 0xff, 0xff, 0xff, 0xff, 0xff, 0xff, 0xff, 0xff, 0xff, 0xff, 0x26,  //...+@@@@@@@@@@. 
  0x00, 0x00, 0x00, 0x76, 0xff, 0xde, 0x8a, 0x8a, 0x8a, 0x8a, 0x8a, 0x92, 0xff, 0xff, 0x26,  //...+@@%%%%%%@@. 
  0x00, 0x00, 0x00, 0x76, 0xff, 0xb6, 0x00, 0x00, 0x00, 0x00, 0x00, 0x0e, 0xff, 0xff, 0x26,  //...+@%......@@. 
  0x00, 0x00, 0x00, 0x76, 0xff, 0xf8, 0xe6, 0xe6, 0xe6, 0xe6, 0xe6, 0xe8, 0xff, 0xff, 0x26,  //...+@@@@@@@@@@. 
  0x00, 0x00, 0x00, 0x6e, 0xee, 0xee, 0xee, 0xee, 0xee, 0xee, 0xee, 0xee, 0xee, 0xee, 0x24,  //...+@@@@@@@@@@. 
  0x00, 0x00, 0x00, 0x00, 0x00, 0x00, 0x00, 0x00, 0x00, 0x00, 0x00, 0x00, 0x00, 0x00, 0x00,  //............... 


  /*Unicode: U+ce74 (카) , Width: 17 */
  0x00, 0x00, 0x00, 0x00, 0x00, 0x00, 0x00, 0x00, 0x00, 0x00, 0x00, 0x00, 0x00, 0x00, 0x00, 0x00, 0x00,  //................. 
  0x00, 0x00, 0x00, 0x00, 0x00, 0x00, 0x00, 0x00, 0x00, 0x00, 0x00, 0x7e, 0x9e, 0x44, 0x00, 0x00, 0x00,  //...........+%+... 
  0x00, 0x28, 0x36, 0x36, 0x36, 0x36, 0x36, 0x38, 0x3a, 0x2e, 0x00, 0xca, 0xff, 0x6e, 0x00, 0x00, 0x00,  //...........@@+... 
  0x00, 0xbe, 0xff, 0xff, 0xff, 0xff, 0xff, 0xff, 0xff, 0xb4, 0x00, 0xca, 0xff, 0x6e, 0x00, 0x00, 0x00,  //.%@@@@@@@%.@@+... 
  0x00, 0x7c, 0xa6, 0xa6, 0xa6, 0xa6, 0xa4, 0xdc, 0xff, 0x9c, 0x00, 0xca, 0xff, 0x6e, 0x00, 0x00, 0x00,  //.+%%%%%@@%.@@+... 
  0x00, 0x00, 0x00, 0x00, 0x00, 0x00, 0x00, 0xc4, 0xff, 0x6c, 0x00, 0xca, 0xff, 0x6e, 0x00, 0x00, 0x00,  //.......@@+.@@+... 
  0x00, 0x1c, 0x1e, 0x1e, 0x22, 0x2a, 0x40, 0xf4, 0xff, 0x2e, 0x00, 0xca, 0xff, 0x6e, 0x00, 0x00, 0x00,  //......+@@..@@+... 
  0x00, 0xea, 0xff, 0xff, 0xff, 0xff, 0xff, 0xff, 0xd2, 0x00, 0x00, 0xca, 0xff, 0xae, 0x6e, 0x6e, 0x04,  //.@@@@@@@@..@@%++. 
  0x00, 0xa8, 0xb6, 0xb4, 0xaa, 0xa8, 0xff, 0xff, 0x5c, 0x00, 0x00, 0xca, 0xff, 0xff, 0xff, 0xff, 0x0a,  //.%%%%%@@+..@@@@@. 
  0x00, 0x00, 0x00, 0x00, 0x04, 0xb6, 0xff, 0xc6, 0x00, 0x00, 0x00, 0xca, 0xff, 0xb2, 0x76, 0x76, 0x04,  //.....%@@...@@%++. 
  0x00, 0x00, 0x00, 0x0a, 0xb6, 0xff, 0xec, 0x1e, 0x00, 0x00, 0x00, 0xca, 0xff, 0x6e, 0x00, 0x00, 0x00,  //....%@@....@@+... 
  0x00, 0x00, 0x36, 0xd8, 0xff, 0xec, 0x32, 0x00, 0x00, 0x00, 0x00, 0xca, 0xff, 0x6e, 0x00, 0x00, 0x00,  //...@@@.....@@+... 
  0x22, 0xa4, 0xfc, 0xff, 0xd2, 0x28, 0x00, 0x00, 0x00, 0x00, 0x00, 0xca, 0xff, 0x6e, 0x00, 0x00, 0x00,  //.%@@@......@@+... 
  0x24, 0xe4, 0xf8, 0x8c, 0x08, 0x00, 0x00, 0x00, 0x00, 0x00, 0x00, 0xca, 0xff, 0x6e, 0x00, 0x00, 0x00,  //.@@%.......@@+... 
  0x00, 0x24, 0x24, 0x00, 0x00, 0x00, 0x00, 0x00, 0x00, 0x00, 0x00, 0xca, 0xff, 0x6e, 0x00, 0x00, 0x00,  //...........@@+... 
  0x00, 0x00, 0x00, 0x00, 0x00, 0x00, 0x00, 0x00, 0x00, 0x00, 0x00, 0xca, 0xff, 0x6e, 0x00, 0x00, 0x00,  //...........@@+... 
  0x00, 0x00, 0x00, 0x00, 0x00, 0x00, 0x00, 0x00, 0x00, 0x00, 0x00, 0xca, 0xff, 0x6e, 0x00, 0x00, 0x00,  //...........@@+... 
  0x00, 0x00, 0x00, 0x00, 0x00, 0x00, 0x00, 0x00, 0x00, 0x00, 0x00, 0xca, 0xff, 0x6e, 0x00, 0x00, 0x00,  //...........@@+... 
  0x00, 0x00, 0x00, 0x00, 0x00, 0x00, 0x00, 0x00, 0x00, 0x00, 0x00, 0x0a, 0x0e, 0x06, 0x00, 0x00, 0x00,  //................. 


  /*Unicode: U+cee4 (커) , Width: 15 */
  0x00, 0x00, 0x00, 0x00, 0x00, 0x00, 0x00, 0x00, 0x00, 0x00, 0x00, 0x00, 0x00, 0x00, 0x00,  //............... 
  0x00, 0x00, 0x00, 0x00, 0x00, 0x00, 0x00, 0x00, 0x00, 0x00, 0x00, 0x0a, 0x9e, 0x9e, 0x18,  //............%%. 
  0x00, 0x24, 0x36, 0x36, 0x36, 0x36, 0x36, 0x36, 0x3a, 0x32, 0x00, 0x12, 0xff, 0xff, 0x26,  //............@@. 
  0x00, 0xaa, 0xff, 0xff, 0xff, 0xff, 0xff, 0xff, 0xff, 0xc8, 0x00, 0x12, 0xff, 0xff, 0x26,  //.%@@@@@@@@..@@. 
  0x00, 0x6e, 0xa6, 0xa6, 0xa6, 0xa6, 0xa2, 0xd2, 0xff, 0xae, 0x00, 0x12, 0xff, 0xff, 0x26,  //.+%%%%%@@%..@@. 
  0x00, 0x00, 0x00, 0x00, 0x00, 0x00, 0x00, 0xa4, 0xff, 0x7e, 0x00, 0x12, 0xff, 0xff, 0x26,  //.......%@+..@@. 
  0x00, 0x1a, 0x1e, 0x1e, 0x22, 0x34, 0x4a, 0xe4, 0xff, 0x42, 0x00, 0x12, 0xff, 0xff, 0x26,  //......+@@+..@@. 
  0x00, 0xde, 0xff, 0xff, 0xff, 0xff, 0xff, 0xff, 0xe4, 0x36, 0x3a, 0x4a, 0xff, 0xff, 0x26,  //.@@@@@@@@..+@@. 
  0x00, 0x9c, 0xb2, 0xac, 0xa0, 0x8c, 0xf6, 0xff, 0x74, 0xe2, 0xff, 0xff, 0xff, 0xff, 0x26,  //.%%%%%@@+@@@@@. 
  0x00, 0x00, 0x00, 0x00, 0x00, 0x9c, 0xff, 0xd8, 0x06, 0x94, 0xa6, 0xac, 0xff, 0xff, 0x26,  //.....%@@.%%%@@. 
  0x00, 0x00, 0x00, 0x02, 0x9a, 0xff, 0xf2, 0x2a, 0x00, 0x00, 0x00, 0x12, 0xff, 0xff, 0x26,  //....%@@.....@@. 
  0x00, 0x00, 0x26, 0xc8, 0xff, 0xf0, 0x3c, 0x00, 0x00, 0x00, 0x00, 0x12, 0xff, 0xff, 0x26,  //...@@@......@@. 
  0x1c, 0x98, 0xf8, 0xff, 0xd8, 0x2e, 0x00, 0x00, 0x00, 0x00, 0x00, 0x12, 0xff, 0xff, 0x26,  //.%@@@.......@@. 
  0x20, 0xe8, 0xfa, 0x92, 0x0a, 0x00, 0x00, 0x00, 0x00, 0x00, 0x00, 0x12, 0xff, 0xff, 0x26,  //.@@%........@@. 
  0x00, 0x2e, 0x28, 0x00, 0x00, 0x00, 0x00, 0x00, 0x00, 0x00, 0x00, 0x12, 0xff, 0xff, 0x26,  //............@@. 
  0x00, 0x00, 0x00, 0x00, 0x00, 0x00, 0x00, 0x00, 0x00, 0x00, 0x00, 0x12, 0xff, 0xff, 0x26,  //............@@. 
  0x00, 0x00, 0x00, 0x00, 0x00, 0x00, 0x00, 0x00, 0x00, 0x00, 0x00, 0x12, 0xff, 0xff, 0x26,  //............@@. 
  0x00, 0x00, 0x00, 0x00, 0x00, 0x00, 0x00, 0x00, 0x00, 0x00, 0x00, 0x12, 0xff, 0xff, 0x26,  //............@@. 
  0x00, 0x00, 0x00, 0x00, 0x00, 0x00, 0x00, 0x00, 0x00, 0x00, 0x00, 0x00, 0x0e, 0x0e, 0x00,  //............... 


  /*Unicode: U+cee8 (컨) , Width: 15 */
  0x00, 0x00, 0x00, 0x00, 0x00, 0x00, 0x00, 0x00, 0x00, 0x00, 0x00, 0x00, 0x00, 0x00, 0x00,  //............... 
  0x00, 0x00, 0x00, 0x00, 0x00, 0x00, 0x00, 0x00, 0x00, 0x00, 0x00, 0x08, 0x72, 0x72, 0x10,  //............++. 
  0x00, 0x32, 0x8e, 0x8e, 0x8e, 0x8e, 0x8e, 0x90, 0x94, 0x5c, 0x00, 0x12, 0xff, 0xff, 0x26,  //..%%%%%%%+..@@. 
  0x00, 0x5a, 0xff, 0xff, 0xff, 0xff, 0xff, 0xff, 0xff, 0x80, 0x00, 0x12, 0xff, 0xff, 0x26,  //.+@@@@@@@%..@@. 
  0x00, 0x1a, 0x4a, 0x4a, 0x4a, 0x4a, 0x46, 0xe8, 0xff, 0x4e, 0x00, 0x12, 0xff, 0xff, 0x26,  //..+++++@@+..@@. 
  0x00, 0x0a, 0x12, 0x12, 0x14, 0x1c, 0x40, 0xfc, 0xf6, 0x0c, 0x00, 0x12, 0xff, 0xff, 0x26,  //......+@@...@@. 
  0x00, 0x96, 0xff, 0xff, 0xff, 0xff, 0xff, 0xff, 0x98, 0x5e, 0x62, 0x6e, 0xff, 0xff, 0x26,  //.%@@@@@@%+++@@. 
  0x00, 0x6e, 0xba, 0xba, 0xb4, 0xe0, 0xff, 0xf0, 0x1c, 0xf2, 0xff, 0xff, 0xff, 0xff, 0x26,  //.+%%%@@@.@@@@@. 
  0x00, 0x00, 0x00, 0x00, 0x68, 0xfa, 0xfc, 0x58, 0x00, 0x7c, 0x82, 0x8c, 0xff, 0xff, 0x26,  //....+@@+.+%%@@. 
  0x00, 0x00, 0x26, 0xb2, 0xff, 0xfc, 0x6a, 0x00, 0x00, 0x00, 0x00, 0x12, 0xff, 0xff, 0x26,  //...%@@+.....@@. 
  0x28, 0xac, 0xfa, 0xff, 0xe8, 0x48, 0x00, 0x00, 0x00, 0x00, 0x00, 0x12, 0xff, 0xff, 0x26,  //.%@@@+......@@. 
  0x12, 0xe6, 0xf4, 0x8e, 0x0e, 0x00, 0x00, 0x00, 0x00, 0x00, 0x00, 0x12, 0xff, 0xff, 0x26,  //.@@%........@@. 
  0x00, 0x2c, 0x12, 0x1e, 0x72, 0x6e, 0x00, 0x00, 0x00, 0x00, 0x00, 0x12, 0xff, 0xff, 0x26,  //....++......@@. 
  0x00, 0x00, 0x00, 0x46, 0xff, 0xf6, 0x00, 0x00, 0x00, 0x00, 0x00, 0x0e, 0xd2, 0xd2, 0x20,  //...+@@......@@. 
  0x00, 0x00, 0x00, 0x46, 0xff, 0xf6, 0x00, 0x00, 0x00, 0x00, 0x00, 0x00, 0x00, 0x00, 0x00,  //...+@@......... 
  0x00, 0x00, 0x00, 0x46, 0xff, 0xf6, 0x00, 0x00, 0x00, 0x00, 0x00, 0x00, 0x00, 0x00, 0x00,  //...+@@......... 
  0x00, 0x00, 0x00, 0x46, 0xff, 0xff, 0xfa, 0xfa, 0xfa, 0xfa, 0xfa, 0xfa, 0xfa, 0xfa, 0x78,  //...+@@@@@@@@@@+ 
  0x00, 0x00, 0x00, 0x40, 0xe6, 0xe6, 0xe6, 0xe6, 0xe6, 0xe6, 0xe6, 0xe6, 0xe6, 0xe6, 0x6e,  //...+@@@@@@@@@@+ 
  0x00, 0x00, 0x00, 0x00, 0x00, 0x00, 0x00, 0x00, 0x00, 0x00, 0x00, 0x00, 0x00, 0x00, 0x00,  //............... 


  /*Unicode: U+cf54 (코) , Width: 16 */
  0x00, 0x00, 0x00, 0x00, 0x00, 0x00, 0x00, 0x00, 0x00, 0x00, 0x00, 0x00, 0x00, 0x00, 0x00, 0x00,  //................ 
  0x00, 0x00, 0x00, 0x00, 0x00, 0x00, 0x00, 0x00, 0x00, 0x00, 0x00, 0x00, 0x00, 0x00, 0x00, 0x00,  //................ 
  0x00, 0x00, 0x00, 0x00, 0x00, 0x00, 0x00, 0x00, 0x00, 0x00, 0x00, 0x00, 0x00, 0x00, 0x00, 0x00,  //................ 
  0x00, 0x00, 0x60, 0xb2, 0xb2, 0xb2, 0xb2, 0xb2, 0xb2, 0xb2, 0xb2, 0xb2, 0xb2, 0x46, 0x00, 0x00,  //..+%%%%%%%%%%+.. 
  0x00, 0x00, 0x8a, 0xff, 0xff, 0xff, 0xff, 0xff, 0xff, 0xff, 0xff, 0xff, 0xff, 0x5c, 0x00, 0x00,  //..%@@@@@@@@@@+.. 
  0x00, 0x00, 0x16, 0x2a, 0x2a, 0x2a, 0x2a, 0x2a, 0x2a, 0x2a, 0x2a, 0xd8, 0xff, 0x50, 0x00, 0x00,  //...........@@+.. 
  0x00, 0x00, 0x00, 0x00, 0x00, 0x00, 0x00, 0x00, 0x00, 0x00, 0x00, 0xda, 0xff, 0x3e, 0x00, 0x00,  //...........@@... 
  0x00, 0x00, 0x7e, 0xa2, 0xa2, 0xa2, 0xa2, 0xa6, 0xa8, 0xb8, 0xcc, 0xfa, 0xff, 0x2c, 0x00, 0x00,  //..+%%%%%%%@@@... 
  0x00, 0x00, 0xc6, 0xff, 0xff, 0xff, 0xff, 0xff, 0xff, 0xff, 0xf6, 0xff, 0xff, 0x16, 0x00, 0x00,  //..@@@@@@@@@@@... 
  0x00, 0x00, 0x2a, 0x36, 0x36, 0x36, 0x34, 0x2e, 0x26, 0x10, 0x22, 0xff, 0xf4, 0x00, 0x00, 0x00,  //...........@@... 
  0x00, 0x00, 0x00, 0x00, 0x00, 0x44, 0x72, 0x4a, 0x00, 0x00, 0x48, 0xff, 0xd4, 0x00, 0x00, 0x00,  //.....+++..+@@... 
  0x00, 0x00, 0x00, 0x00, 0x00, 0x9a, 0xff, 0xa6, 0x00, 0x00, 0x78, 0xff, 0xaa, 0x00, 0x00, 0x00,  //.....%@%..+@%... 
  0x00, 0x00, 0x00, 0x00, 0x00, 0x9a, 0xff, 0xa6, 0x00, 0x00, 0xa2, 0xee, 0x76, 0x00, 0x00, 0x00,  //.....%@%..%@+... 
  0x00, 0x00, 0x00, 0x00, 0x00, 0x9a, 0xff, 0xa6, 0x00, 0x00, 0x00, 0x00, 0x00, 0x00, 0x00, 0x00,  //.....%@%........ 
  0x82, 0xae, 0xae, 0xae, 0xae, 0xde, 0xff, 0xe2, 0xae, 0xae, 0xae, 0xae, 0xae, 0xae, 0xae, 0x7a,  //%%%%%@@@%%%%%%%+ 
  0xbe, 0xff, 0xff, 0xff, 0xff, 0xff, 0xff, 0xff, 0xff, 0xff, 0xff, 0xff, 0xff, 0xff, 0xff, 0xb2,  //%@@@@@@@@@@@@@@% 
  0x1c, 0x26, 0x26, 0x26, 0x26, 0x26, 0x26, 0x26, 0x26, 0x26, 0x26, 0x26, 0x26, 0x26, 0x26, 0x1a,  //................ 
  0x00, 0x00, 0x00, 0x00, 0x00, 0x00, 0x00, 0x00, 0x00, 0x00, 0x00, 0x00, 0x00, 0x00, 0x00, 0x00,  //................ 
  0x00, 0x00, 0x00, 0x00, 0x00, 0x00, 0x00, 0x00, 0x00, 0x00, 0x00, 0x00, 0x00, 0x00, 0x00, 0x00,  //................ 


  /*Unicode: U+cf58 (콘) , Width: 16 */
  0x00, 0x00, 0x00, 0x00, 0x00, 0x00, 0x00, 0x00, 0x00, 0x00, 0x00, 0x00, 0x00, 0x00, 0x00, 0x00,  //................ 
  0x00, 0x00, 0x24, 0x42, 0x42, 0x42, 0x42, 0x42, 0x42, 0x42, 0x42, 0x42, 0x42, 0x22, 0x00, 0x00,  //...++++++++++... 
  0x00, 0x00, 0x8a, 0xff, 0xff, 0xff, 0xff, 0xff, 0xff, 0xff, 0xff, 0xff, 0xff, 0x84, 0x00, 0x00,  //..%@@@@@@@@@@%.. 
  0x00, 0x00, 0x48, 0x86, 0x86, 0x86, 0x86, 0x86, 0x86, 0x86, 0x86, 0xd8, 0xff, 0x7c, 0x00, 0x00,  //..+%%%%%%%%@@+.. 
  0x00, 0x00, 0x00, 0x00, 0x00, 0x00, 0x00, 0x00, 0x00, 0x00, 0x14, 0xba, 0xff, 0x70, 0x00, 0x00,  //...........%@+.. 
  0x00, 0x00, 0xa4, 0xe6, 0xe6, 0xe6, 0xe6, 0xea, 0xf0, 0xfc, 0xff, 0xff, 0xff, 0x62, 0x00, 0x00,  //..%@@@@@@@@@@+.. 
  0x00, 0x00, 0x90, 0xca, 0xca, 0xca, 0xc8, 0xc2, 0xbc, 0xa4, 0x86, 0xf0, 0xff, 0x4c, 0x00, 0x00,  //..%@@@@@%%%@@+.. 
  0x00, 0x00, 0x00, 0x00, 0x00, 0x00, 0x66, 0x7a, 0x30, 0x00, 0x00, 0xf8, 0xff, 0x32, 0x00, 0x00,  //......++...@@... 
  0x00, 0x00, 0x00, 0x00, 0x00, 0x00, 0xd6, 0xff, 0x66, 0x00, 0x18, 0xee, 0xee, 0x10, 0x00, 0x00,  //......@@+..@@... 
  0x26, 0x2a, 0x2a, 0x2a, 0x2a, 0x2a, 0xdc, 0xff, 0x80, 0x2a, 0x2a, 0x2a, 0x2a, 0x2a, 0x2a, 0x26,  //......@@%....... 
  0xe2, 0xff, 0xff, 0xff, 0xff, 0xff, 0xff, 0xff, 0xff, 0xff, 0xff, 0xff, 0xff, 0xff, 0xff, 0xe2,  //@@@@@@@@@@@@@@@@ 
  0x9e, 0xb2, 0xb2, 0xb2, 0xb2, 0xb2, 0xb2, 0xb2, 0xb2, 0xb2, 0xb2, 0xb2, 0xb2, 0xb2, 0xb2, 0x9e,  //%%%%%%%%%%%%%%%% 
  0x00, 0x00, 0x06, 0x0e, 0x0a, 0x00, 0x00, 0x00, 0x00, 0x00, 0x00, 0x00, 0x00, 0x00, 0x00, 0x00,  //................ 
  0x00, 0x00, 0x6e, 0xff, 0xbe, 0x00, 0x00, 0x00, 0x00, 0x00, 0x00, 0x00, 0x00, 0x00, 0x00, 0x00,  //..+@%........... 
  0x00, 0x00, 0x6e, 0xff, 0xbe, 0x00, 0x00, 0x00, 0x00, 0x00, 0x00, 0x00, 0x00, 0x00, 0x00, 0x00,  //..+@%........... 
  0x00, 0x00, 0x6e, 0xff, 0xca, 0x2a, 0x2a, 0x2a, 0x2a, 0x2a, 0x2a, 0x2a, 0x2a, 0x1e, 0x00, 0x00,  //..+@@........... 
  0x00, 0x00, 0x6e, 0xff, 0xff, 0xff, 0xff, 0xff, 0xff, 0xff, 0xff, 0xff, 0xff, 0xba, 0x00, 0x00,  //..+@@@@@@@@@@%.. 
  0x00, 0x00, 0x4e, 0xb6, 0xb6, 0xb6, 0xb6, 0xb6, 0xb6, 0xb6, 0xb6, 0xb6, 0xb6, 0x86, 0x00, 0x00,  //..+%%%%%%%%%%%.. 
  0x00, 0x00, 0x00, 0x00, 0x00, 0x00, 0x00, 0x00, 0x00, 0x00, 0x00, 0x00, 0x00, 0x00, 0x00, 0x00,  //................ 


  /*Unicode: U+d06c (크) , Width: 16 */
  0x00, 0x00, 0x00, 0x00, 0x00, 0x00, 0x00, 0x00, 0x00, 0x00, 0x00, 0x00, 0x00, 0x00, 0x00, 0x00,  //................ 
  0x00, 0x00, 0x00, 0x00, 0x00, 0x00, 0x00, 0x00, 0x00, 0x00, 0x00, 0x00, 0x00, 0x00, 0x00, 0x00,  //................ 
  0x00, 0x00, 0x00, 0x00, 0x00, 0x00, 0x00, 0x00, 0x00, 0x00, 0x00, 0x00, 0x00, 0x00, 0x00, 0x00,  //................ 
  0x00, 0x00, 0x58, 0xa2, 0xa2, 0xa2, 0xa2, 0xa2, 0xa2, 0xa2, 0xa2, 0xa2, 0xa2, 0x40, 0x00, 0x00,  //..+%%%%%%%%%%+.. 
  0x00, 0x00, 0x8a, 0xff, 0xff, 0xff, 0xff, 0xff, 0xff, 0xff, 0xff, 0xff, 0xff, 0x5a, 0x00, 0x00,  //..%@@@@@@@@@@+.. 
  0x00, 0x00, 0x1e, 0x3a, 0x3a, 0x3a, 0x3a, 0x3a, 0x3a, 0x3a, 0x3a, 0xda, 0xff, 0x4a, 0x00, 0x00,  //...........@@+.. 
  0x00, 0x00, 0x00, 0x00, 0x00, 0x00, 0x00, 0x00, 0x00, 0x00, 0x00, 0xd8, 0xff, 0x3a, 0x00, 0x00,  //...........@@... 
  0x00, 0x00, 0x00, 0x00, 0x00, 0x00, 0x00, 0x00, 0x00, 0x00, 0x00, 0xec, 0xff, 0x24, 0x00, 0x00,  //...........@@... 
  0x00, 0x00, 0x6c, 0x8a, 0x8a, 0x8a, 0x8a, 0x8c, 0x90, 0x9c, 0xae, 0xff, 0xff, 0x0e, 0x00, 0x00,  //..+%%%%%%%%@@... 
  0x00, 0x00, 0xc6, 0xff, 0xff, 0xff, 0xff, 0xff, 0xff, 0xff, 0xff, 0xff, 0xf4, 0x00, 0x00, 0x00,  //..@@@@@@@@@@@... 
  0x00, 0x00, 0x3c, 0x4e, 0x4e, 0x4e, 0x4e, 0x4a, 0x44, 0x32, 0x5e, 0xff, 0xd6, 0x00, 0x00, 0x00,  //...++++++.+@@... 
  0x00, 0x00, 0x00, 0x00, 0x00, 0x00, 0x00, 0x00, 0x00, 0x00, 0x70, 0xff, 0xb6, 0x00, 0x00, 0x00,  //..........+@%... 
  0x00, 0x00, 0x00, 0x00, 0x00, 0x00, 0x00, 0x00, 0x00, 0x00, 0x9a, 0xff, 0x92, 0x00, 0x00, 0x00,  //..........%@%... 
  0x00, 0x00, 0x00, 0x00, 0x00, 0x00, 0x00, 0x00, 0x00, 0x00, 0xc8, 0xff, 0x6e, 0x00, 0x00, 0x00,  //..........@@+... 
  0x92, 0xc2, 0xc2, 0xc2, 0xc2, 0xc2, 0xc2, 0xc2, 0xc2, 0xc2, 0xf8, 0xff, 0xd6, 0xc2, 0xc2, 0x88,  //%@@@@@@@@@@@@@@% 
  0xbe, 0xff, 0xff, 0xff, 0xff, 0xff, 0xff, 0xff, 0xff, 0xff, 0xff, 0xff, 0xff, 0xff, 0xff, 0xb2,  //%@@@@@@@@@@@@@@% 
  0x10, 0x16, 0x16, 0x16, 0x16, 0x16, 0x16, 0x16, 0x16, 0x16, 0x16, 0x16, 0x16, 0x16, 0x16, 0x0e,  //................ 
  0x00, 0x00, 0x00, 0x00, 0x00, 0x00, 0x00, 0x00, 0x00, 0x00, 0x00, 0x00, 0x00, 0x00, 0x00, 0x00,  //................ 
  0x00, 0x00, 0x00, 0x00, 0x00, 0x00, 0x00, 0x00, 0x00, 0x00, 0x00, 0x00, 0x00, 0x00, 0x00, 0x00,  //................ 


  /*Unicode: U+d0a4 (키) , Width: 15 */
  0x00, 0x00, 0x00, 0x00, 0x00, 0x00, 0x00, 0x00, 0x00, 0x00, 0x00, 0x00, 0x00, 0x00, 0x00,  //............... 
  0x00, 0x00, 0x00, 0x00, 0x00, 0x00, 0x00, 0x00, 0x00, 0x00, 0x00, 0x0a, 0x9e, 0x9e, 0x18,  //............%%. 
  0x00, 0x22, 0x36, 0x36, 0x36, 0x36, 0x36, 0x36, 0x3a, 0x36, 0x00, 0x12, 0xff, 0xff, 0x26,  //............@@. 
  0x00, 0x9e, 0xff, 0xff, 0xff, 0xff, 0xff, 0xff, 0xff, 0xda, 0x00, 0x12, 0xff, 0xff, 0x26,  //.%@@@@@@@@..@@. 
  0x00, 0x68, 0xa6, 0xa6, 0xa6, 0xa6, 0xa4, 0xca, 0xff, 0xc2, 0x00, 0x12, 0xff, 0xff, 0x26,  //.+%%%%%@@@..@@. 
  0x00, 0x00, 0x00, 0x00, 0x00, 0x00, 0x00, 0x8a, 0xff, 0x90, 0x00, 0x12, 0xff, 0xff, 0x26,  //.......%@%..@@. 
  0x00, 0x18, 0x1e, 0x1e, 0x20, 0x28, 0x3c, 0xd4, 0xff, 0x52, 0x00, 0x12, 0xff, 0xff, 0x26,  //.......@@+..@@. 
  0x00, 0xce, 0xff, 0xff, 0xff, 0xff, 0xff, 0xff, 0xee, 0x06, 0x00, 0x12, 0xff, 0xff, 0x26,  //.@@@@@@@@...@@. 
  0x00, 0x94, 0xb6, 0xb4, 0xac, 0xa0, 0xf8, 0xff, 0x7e, 0x00, 0x00, 0x12, 0xff, 0xff, 0x26,  //.%%%%%@@+...@@. 
  0x00, 0x00, 0x00, 0x00, 0x00, 0x96, 0xff, 0xde, 0x0a, 0x00, 0x00, 0x12, 0xff, 0xff, 0x26,  //.....%@@....@@. 
  0x00, 0x00, 0x00, 0x02, 0x98, 0xff, 0xf6, 0x30, 0x00, 0x00, 0x00, 0x12, 0xff, 0xff, 0x26,  //....%@@.....@@. 
  0x00, 0x00, 0x26, 0xc6, 0xff, 0xf4, 0x44, 0x00, 0x00, 0x00, 0x00, 0x12, 0xff, 0xff, 0x26,  //...@@@+.....@@. 
  0x16, 0x94, 0xf8, 0xff, 0xde, 0x34, 0x00, 0x00, 0x00, 0x00, 0x00, 0x12, 0xff, 0xff, 0x26,  //.%@@@.......@@. 
  0x16, 0xd8, 0xfc, 0x98, 0x0e, 0x00, 0x00, 0x00, 0x00, 0x00, 0x00, 0x12, 0xff, 0xff, 0x26,  //.@@%........@@. 
  0x00, 0x1a, 0x2e, 0x00, 0x00, 0x00, 0x00, 0x00, 0x00, 0x00, 0x00, 0x12, 0xff, 0xff, 0x26,  //............@@. 
  0x00, 0x00, 0x00, 0x00, 0x00, 0x00, 0x00, 0x00, 0x00, 0x00, 0x00, 0x12, 0xff, 0xff, 0x26,  //............@@. 
  0x00, 0x00, 0x00, 0x00, 0x00, 0x00, 0x00, 0x00, 0x00, 0x00, 0x00, 0x12, 0xff, 0xff, 0x26,  //............@@. 
  0x00, 0x00, 0x00, 0x00, 0x00, 0x00, 0x00, 0x00, 0x00, 0x00, 0x00, 0x12, 0xff, 0xff, 0x26,  //............@@. 
  0x00, 0x00, 0x00, 0x00, 0x00, 0x00, 0x00, 0x00, 0x00, 0x00, 0x00, 0x00, 0x0e, 0x0e, 0x00,  //............... 


  /*Unicode: U+d0b7 (킷) , Width: 16 */
  0x00, 0x00, 0x00, 0x00, 0x00, 0x00, 0x00, 0x00, 0x00, 0x00, 0x00, 0x00, 0x00, 0x00, 0x00, 0x00,  //................ 
  0x00, 0x00, 0x00, 0x00, 0x00, 0x00, 0x00, 0x00, 0x00, 0x00, 0x00, 0x0a, 0x9e, 0x9e, 0x18, 0x00,  //............%%.. 
  0x00, 0x54, 0xda, 0xda, 0xda, 0xda, 0xda, 0xda, 0xda, 0xd8, 0x00, 0x12, 0xff, 0xff, 0x26, 0x00,  //.+@@@@@@@@..@@.. 
  0x00, 0x5e, 0xf2, 0xf2, 0xf2, 0xf2, 0xf0, 0xf6, 0xff, 0xd4, 0x00, 0x12, 0xff, 0xff, 0x26, 0x00,  //.+@@@@@@@@..@@.. 
  0x00, 0x00, 0x00, 0x00, 0x00, 0x00, 0x00, 0xb2, 0xff, 0x8e, 0x00, 0x12, 0xff, 0xff, 0x26, 0x00,  //.......%@%..@@.. 
  0x00, 0x56, 0x86, 0x86, 0x8a, 0x92, 0xa2, 0xf4, 0xff, 0x30, 0x00, 0x12, 0xff, 0xff, 0x26, 0x00,  //.+%%%%%@@...@@.. 
  0x00, 0xa2, 0xff, 0xff, 0xff, 0xff, 0xff, 0xff, 0xa8, 0x00, 0x00, 0x12, 0xff, 0xff, 0x26, 0x00,  //.%@@@@@@%...@@.. 
  0x00, 0x28, 0x3e, 0x3e, 0x3e, 0xc2, 0xff, 0xe2, 0x14, 0x00, 0x00, 0x12, 0xff, 0xff, 0x26, 0x00,  //.....@@@....@@.. 
  0x00, 0x00, 0x00, 0x34, 0xca, 0xff, 0xe8, 0x2c, 0x00, 0x00, 0x00, 0x12, 0xff, 0xff, 0x26, 0x00,  //....@@@.....@@.. 
  0x06, 0x4e, 0xb8, 0xff, 0xff, 0xc8, 0x22, 0x00, 0x00, 0x00, 0x00, 0x12, 0xff, 0xff, 0x26, 0x00,  //.+%@@@......@@.. 
  0x64, 0xff, 0xff, 0xe6, 0x6c, 0x02, 0x00, 0x00, 0x00, 0x00, 0x00, 0x12, 0xff, 0xff, 0x26, 0x00,  //+@@@+.......@@.. 
  0x00, 0x6c, 0x56, 0x06, 0x00, 0x00, 0x00, 0x40, 0xff, 0xff, 0x14, 0x12, 0xff, 0xff, 0x26, 0x00,  //.++....+@@..@@.. 
  0x00, 0x00, 0x00, 0x00, 0x00, 0x00, 0x00, 0x7c, 0xff, 0xe2, 0x00, 0x04, 0x4a, 0x4a, 0x0a, 0x00,  //.......+@@..++.. 
  0x00, 0x00, 0x00, 0x00, 0x00, 0x00, 0x12, 0xe8, 0xff, 0xfc, 0x4c, 0x00, 0x00, 0x00, 0x00, 0x00,  //.......@@@+..... 
  0x00, 0x00, 0x00, 0x00, 0x00, 0x18, 0xca, 0xff, 0xf0, 0xff, 0xf2, 0x54, 0x00, 0x00, 0x00, 0x00,  //......@@@@@+.... 
  0x00, 0x00, 0x00, 0x14, 0x76, 0xec, 0xff, 0xe2, 0x22, 0x92, 0xff, 0xff, 0xaa, 0x32, 0x00, 0x00,  //....+@@@.%@@%... 
  0x00, 0x00, 0xa0, 0xfa, 0xff, 0xff, 0xb4, 0x16, 0x00, 0x00, 0x6c, 0xf6, 0xff, 0xff, 0xe2, 0x26,  //..%@@@%...+@@@@. 
  0x00, 0x00, 0x32, 0xee, 0xae, 0x42, 0x00, 0x00, 0x00, 0x00, 0x00, 0x18, 0x88, 0xde, 0x9c, 0x00,  //...@%+......%@%. 
  0x00, 0x00, 0x00, 0x02, 0x00, 0x00, 0x00, 0x00, 0x00, 0x00, 0x00, 0x00, 0x00, 0x00, 0x02, 0x00,  //................ 


  /*Unicode: U+d0c0 (타) , Width: 16 */
  0x00, 0x00, 0x00, 0x00, 0x00, 0x00, 0x00, 0x00, 0x00, 0x00, 0x00, 0x00, 0x00, 0x00, 0x00, 0x00,  //................ 
  0x00, 0x00, 0x00, 0x00, 0x00, 0x00, 0x00, 0x00, 0x00, 0x00, 0x7e, 0x9e, 0x44, 0x00, 0x00, 0x00,  //..........+%+... 
  0x46, 0x4e, 0x4e, 0x4e, 0x4e, 0x4e, 0x4e, 0x44, 0x00, 0x00, 0xca, 0xff, 0x6e, 0x00, 0x00, 0x00,  //++++++++..@@+... 
  0xe6, 0xff, 0xff, 0xff, 0xff, 0xff, 0xff, 0xde, 0x00, 0x00, 0xca, 0xff, 0x6e, 0x00, 0x00, 0x00,  //@@@@@@@@..@@+... 
  0xe6, 0xff, 0xae, 0x8a, 0x8a, 0x8a, 0x8a, 0x78, 0x00, 0x00, 0xca, 0xff, 0x6e, 0x00, 0x00, 0x00,  //@@%%%%%+..@@+... 
  0xe6, 0xff, 0x4e, 0x00, 0x00, 0x00, 0x00, 0x00, 0x00, 0x00, 0xca, 0xff, 0x6e, 0x00, 0x00, 0x00,  //@@+.......@@+... 
  0xe6, 0xff, 0x4e, 0x00, 0x00, 0x00, 0x00, 0x00, 0x00, 0x00, 0xca, 0xff, 0x6e, 0x00, 0x00, 0x00,  //@@+.......@@+... 
  0xe6, 0xff, 0xba, 0x9a, 0x9a, 0x9a, 0x9a, 0x64, 0x00, 0x00, 0xca, 0xff, 0xc2, 0x92, 0x92, 0x04,  //@@%%%%%+..@@@%%. 
  0xe6, 0xff, 0xff, 0xff, 0xff, 0xff, 0xff, 0xa6, 0x00, 0x00, 0xca, 0xff, 0xff, 0xff, 0xff, 0x0a,  //@@@@@@@%..@@@@@. 
  0xe6, 0xff, 0x7a, 0x3e, 0x3e, 0x3e, 0x3e, 0x28, 0x00, 0x00, 0xca, 0xff, 0x9c, 0x4e, 0x4e, 0x02,  //@@+.......@@%++. 
  0xe6, 0xff, 0x4e, 0x00, 0x00, 0x00, 0x00, 0x00, 0x00, 0x00, 0xca, 0xff, 0x6e, 0x00, 0x00, 0x00,  //@@+.......@@+... 
  0xe6, 0xff, 0x4e, 0x00, 0x00, 0x00, 0x06, 0x2e, 0x5a, 0x46, 0xca, 0xff, 0x6e, 0x00, 0x00, 0x00,  //@@+.....++@@+... 
  0xe6, 0xff, 0xe2, 0xd6, 0xe0, 0xf0, 0xff, 0xff, 0xff, 0x8e, 0xca, 0xff, 0x6e, 0x00, 0x00, 0x00,  //@@@@@@@@@%@@+... 
  0xe6, 0xff, 0xff, 0xff, 0xf2, 0xe4, 0xd2, 0xa8, 0x78, 0x2e, 0xca, 0xff, 0x6e, 0x00, 0x00, 0x00,  //@@@@@@@%+.@@+... 
  0x02, 0x02, 0x02, 0x00, 0x00, 0x00, 0x00, 0x00, 0x00, 0x00, 0xca, 0xff, 0x6e, 0x00, 0x00, 0x00,  //..........@@+... 
  0x00, 0x00, 0x00, 0x00, 0x00, 0x00, 0x00, 0x00, 0x00, 0x00, 0xca, 0xff, 0x6e, 0x00, 0x00, 0x00,  //..........@@+... 
  0x00, 0x00, 0x00, 0x00, 0x00, 0x00, 0x00, 0x00, 0x00, 0x00, 0xca, 0xff, 0x6e, 0x00, 0x00, 0x00,  //..........@@+... 
  0x00, 0x00, 0x00, 0x00, 0x00, 0x00, 0x00, 0x00, 0x00, 0x00, 0xca, 0xff, 0x6e, 0x00, 0x00, 0x00,  //..........@@+... 
  0x00, 0x00, 0x00, 0x00, 0x00, 0x00, 0x00, 0x00, 0x00, 0x00, 0x0a, 0x0e, 0x06, 0x00, 0x00, 0x00,  //................ 


  /*Unicode: U+d0dc (태) , Width: 14 */
  0x00, 0x00, 0x00, 0x00, 0x00, 0x00, 0x00, 0x00, 0x00, 0x00, 0x00, 0x00, 0x00, 0x00,  //.............. 
  0x00, 0x00, 0x00, 0x00, 0x00, 0x00, 0x00, 0x04, 0x6e, 0x6e, 0x08, 0x76, 0x9e, 0x3c,  //........++.+%. 
  0x34, 0x42, 0x42, 0x42, 0x42, 0x42, 0x20, 0x0a, 0xff, 0xff, 0x16, 0xbe, 0xff, 0x62,  //.+++++..@@.%@+ 
  0xca, 0xff, 0xff, 0xff, 0xff, 0xff, 0x7e, 0x0a, 0xff, 0xff, 0x16, 0xbe, 0xff, 0x62,  //@@@@@@+.@@.%@+ 
  0xca, 0xff, 0xbc, 0x8a, 0x8a, 0x8a, 0x44, 0x0a, 0xff, 0xff, 0x16, 0xbe, 0xff, 0x62,  //@@%%%%+.@@.%@+ 
  0xca, 0xff, 0x6e, 0x00, 0x00, 0x00, 0x00, 0x0a, 0xff, 0xff, 0x16, 0xbe, 0xff, 0x62,  //@@+.....@@.%@+ 
  0xca, 0xff, 0x6e, 0x00, 0x00, 0x00, 0x00, 0x0a, 0xff, 0xff, 0x16, 0xbe, 0xff, 0x62,  //@@+.....@@.%@+ 
  0xca, 0xff, 0xca, 0xa2, 0xa2, 0xa2, 0x12, 0x0a, 0xff, 0xff, 0xb2, 0xea, 0xff, 0x62,  //@@@%%%..@@%@@+ 
  0xca, 0xff, 0xff, 0xff, 0xff, 0xff, 0x1e, 0x0a, 0xff, 0xff, 0xff, 0xff, 0xff, 0x62,  //@@@@@@..@@@@@+ 
  0xca, 0xff, 0x84, 0x26, 0x26, 0x26, 0x04, 0x0a, 0xff, 0xff, 0x48, 0xcc, 0xff, 0x62,  //@@%.....@@+@@+ 
  0xca, 0xff, 0x6e, 0x00, 0x00, 0x00, 0x00, 0x0a, 0xff, 0xff, 0x16, 0xbe, 0xff, 0x62,  //@@+.....@@.%@+ 
  0xca, 0xff, 0x6e, 0x00, 0x00, 0x04, 0x32, 0x2c, 0xff, 0xff, 0x16, 0xbe, 0xff, 0x62,  //@@+.....@@.%@+ 
  0xca, 0xff, 0xda, 0xca, 0xdc, 0xf8, 0xff, 0x6e, 0xff, 0xff, 0x16, 0xbe, 0xff, 0x62,  //@@@@@@@+@@.%@+ 
  0xca, 0xff, 0xff, 0xff, 0xf8, 0xd6, 0xa2, 0x3a, 0xff, 0xff, 0x16, 0xbe, 0xff, 0x62,  //@@@@@@%.@@.%@+ 
  0x18, 0x1e, 0x1a, 0x10, 0x00, 0x00, 0x00, 0x0a, 0xff, 0xff, 0x16, 0xbe, 0xff, 0x62,  //........@@.%@+ 
  0x00, 0x00, 0x00, 0x00, 0x00, 0x00, 0x00, 0x0a, 0xff, 0xff, 0x16, 0xbe, 0xff, 0x62,  //........@@.%@+ 
  0x00, 0x00, 0x00, 0x00, 0x00, 0x00, 0x00, 0x0a, 0xff, 0xff, 0x16, 0xbe, 0xff, 0x62,  //........@@.%@+ 
  0x00, 0x00, 0x00, 0x00, 0x00, 0x00, 0x00, 0x06, 0xa6, 0xa6, 0x0e, 0xbe, 0xff, 0x62,  //........%%.%@+ 
  0x00, 0x00, 0x00, 0x00, 0x00, 0x00, 0x00, 0x00, 0x00, 0x00, 0x00, 0x0a, 0x0e, 0x04,  //.............. 


  /*Unicode: U+d0dd (택) , Width: 14 */
  0x00, 0x00, 0x00, 0x00, 0x00, 0x00, 0x00, 0x00, 0x00, 0x00, 0x00, 0x00, 0x00, 0x00,  //.............. 
  0x00, 0x00, 0x00, 0x00, 0x00, 0x00, 0x00, 0x00, 0x72, 0x72, 0x08, 0x5a, 0xa2, 0x56,  //........++.+%+ 
  0x84, 0xc6, 0xc6, 0xc6, 0xc6, 0xc6, 0x50, 0x00, 0xff, 0xff, 0x12, 0x8e, 0xff, 0x86,  //%@@@@@+.@@.%@% 
  0xaa, 0xff, 0xf6, 0xee, 0xee, 0xee, 0x60, 0x00, 0xff, 0xff, 0x12, 0x8e, 0xff, 0x86,  //%@@@@@+.@@.%@% 
  0xaa, 0xff, 0x8a, 0x00, 0x00, 0x00, 0x00, 0x00, 0xff, 0xff, 0x12, 0x8e, 0xff, 0x86,  //%@%.....@@.%@% 
  0xaa, 0xff, 0xb8, 0x62, 0x62, 0x62, 0x1a, 0x00, 0xff, 0xff, 0xa2, 0xd2, 0xff, 0x86,  //%@%+++..@@%@@% 
  0xaa, 0xff, 0xff, 0xff, 0xff, 0xff, 0x46, 0x00, 0xff, 0xff, 0xff, 0xff, 0xff, 0x86,  //%@@@@@+.@@@@@% 
  0xaa, 0xff, 0xa8, 0x42, 0x42, 0x42, 0x12, 0x00, 0xff, 0xff, 0x3a, 0xa2, 0xff, 0x86,  //%@%+++..@@.%@% 
  0xaa, 0xff, 0x8a, 0x00, 0x08, 0x1e, 0x4c, 0x46, 0xff, 0xff, 0x12, 0x8e, 0xff, 0x86,  //%@%...++@@.%@% 
  0xaa, 0xff, 0xfa, 0xfc, 0xff, 0xff, 0xff, 0x9e, 0xff, 0xff, 0x12, 0x8e, 0xff, 0x86,  //%@@@@@@%@@.%@% 
  0x80, 0xbe, 0xb8, 0xb0, 0xa6, 0x8a, 0x5c, 0x22, 0xff, 0xff, 0x12, 0x8e, 0xff, 0x86,  //%%%%%%+.@@.%@% 
  0x00, 0x00, 0x00, 0x00, 0x00, 0x00, 0x00, 0x00, 0xa2, 0xa2, 0x0a, 0x5a, 0xa2, 0x56,  //........%%.+%+ 
  0x00, 0x00, 0x74, 0xa2, 0xa2, 0xa2, 0xa2, 0xa2, 0xa2, 0xa2, 0xa2, 0xa2, 0xa2, 0x56,  //..+%%%%%%%%%%+ 
  0x00, 0x00, 0xb6, 0xff, 0xff, 0xff, 0xff, 0xff, 0xff, 0xff, 0xff, 0xff, 0xff, 0x86,  //..%@@@@@@@@@@% 
  0x00, 0x00, 0x20, 0x2e, 0x2e, 0x2e, 0x2e, 0x2e, 0x2e, 0x2e, 0x2e, 0xbe, 0xff, 0x86,  //...........%@% 
  0x00, 0x00, 0x00, 0x00, 0x00, 0x00, 0x00, 0x00, 0x00, 0x00, 0x00, 0xae, 0xff, 0x86,  //...........%@% 
  0x00, 0x00, 0x00, 0x00, 0x00, 0x00, 0x00, 0x00, 0x00, 0x00, 0x00, 0xae, 0xff, 0x86,  //...........%@% 
  0x00, 0x00, 0x00, 0x00, 0x00, 0x00, 0x00, 0x00, 0x00, 0x00, 0x00, 0xae, 0xff, 0x86,  //...........%@% 
  0x00, 0x00, 0x00, 0x00, 0x00, 0x00, 0x00, 0x00, 0x00, 0x00, 0x00, 0x0c, 0x12, 0x08,  //.............. 


  /*Unicode: U+d130 (터) , Width: 14 */
  0x00, 0x00, 0x00, 0x00, 0x00, 0x00, 0x00, 0x00, 0x00, 0x00, 0x00, 0x00, 0x00, 0x00,  //.............. 
  0x00, 0x00, 0x00, 0x00, 0x00, 0x00, 0x00, 0x00, 0x00, 0x00, 0x0a, 0x9e, 0x9e, 0x18,  //...........%%. 
  0x42, 0x4e, 0x4e, 0x4e, 0x4e, 0x4e, 0x4e, 0x1e, 0x00, 0x00, 0x12, 0xff, 0xff, 0x26,  //+++++++....@@. 
  0xda, 0xff, 0xff, 0xff, 0xff, 0xff, 0xff, 0x62, 0x00, 0x00, 0x12, 0xff, 0xff, 0x26,  //@@@@@@@+...@@. 
  0xda, 0xff, 0xb6, 0x8a, 0x8a, 0x8a, 0x8a, 0x34, 0x00, 0x00, 0x12, 0xff, 0xff, 0x26,  //@@%%%%%....@@. 
  0xda, 0xff, 0x5e, 0x00, 0x00, 0x00, 0x00, 0x00, 0x00, 0x00, 0x12, 0xff, 0xff, 0x26,  //@@+........@@. 
  0xda, 0xff, 0x5e, 0x00, 0x00, 0x00, 0x00, 0x00, 0x04, 0x06, 0x1a, 0xff, 0xff, 0x26,  //@@+........@@. 
  0xda, 0xff, 0xc0, 0x9a, 0x9a, 0x9a, 0x9a, 0x00, 0xb2, 0xff, 0xff, 0xff, 0xff, 0x26,  //@@@%%%%.%@@@@. 
  0xda, 0xff, 0xff, 0xff, 0xff, 0xff, 0xff, 0x00, 0x98, 0xda, 0xdc, 0xff, 0xff, 0x26,  //@@@@@@@.%@@@@. 
  0xda, 0xff, 0x86, 0x3e, 0x3e, 0x3e, 0x3e, 0x00, 0x00, 0x00, 0x12, 0xff, 0xff, 0x26,  //@@%........@@. 
  0xda, 0xff, 0x5e, 0x00, 0x00, 0x00, 0x00, 0x00, 0x00, 0x00, 0x12, 0xff, 0xff, 0x26,  //@@+........@@. 
  0xda, 0xff, 0x5e, 0x00, 0x00, 0x00, 0x00, 0x1e, 0x48, 0x60, 0x12, 0xff, 0xff, 0x26,  //@@+.....++.@@. 
  0xda, 0xff, 0xe6, 0xd6, 0xdc, 0xec, 0xfc, 0xff, 0xff, 0xd2, 0x12, 0xff, 0xff, 0x26,  //@@@@@@@@@@.@@. 
  0xda, 0xff, 0xff, 0xff, 0xf6, 0xe8, 0xda, 0xb6, 0x86, 0x4a, 0x12, 0xff, 0xff, 0x26,  //@@@@@@@%%+.@@. 
  0x02, 0x02, 0x02, 0x00, 0x00, 0x00, 0x00, 0x00, 0x00, 0x00, 0x12, 0xff, 0xff, 0x26,  //...........@@. 
  0x00, 0x00, 0x00, 0x00, 0x00, 0x00, 0x00, 0x00, 0x00, 0x00, 0x12, 0xff, 0xff, 0x26,  //...........@@. 
  0x00, 0x00, 0x00, 0x00, 0x00, 0x00, 0x00, 0x00, 0x00, 0x00, 0x12, 0xff, 0xff, 0x26,  //...........@@. 
  0x00, 0x00, 0x00, 0x00, 0x00, 0x00, 0x00, 0x00, 0x00, 0x00, 0x12, 0xff, 0xff, 0x26,  //...........@@. 
  0x00, 0x00, 0x00, 0x00, 0x00, 0x00, 0x00, 0x00, 0x00, 0x00, 0x00, 0x0e, 0x0e, 0x00,  //.............. 


  /*Unicode: U+d14c (테) , Width: 14 */
  0x00, 0x00, 0x00, 0x00, 0x00, 0x00, 0x00, 0x00, 0x00, 0x00, 0x00, 0x00, 0x00, 0x00,  //.............. 
  0x00, 0x00, 0x00, 0x00, 0x00, 0x00, 0x00, 0x00, 0x52, 0x6e, 0x22, 0x42, 0x9e, 0x6a,  //........++.+%+ 
  0x28, 0x42, 0x42, 0x42, 0x42, 0x42, 0x12, 0x00, 0xbe, 0xff, 0x4e, 0x6a, 0xff, 0xaa,  //.+++++..%@++@% 
  0x9a, 0xff, 0xff, 0xff, 0xff, 0xff, 0x46, 0x00, 0xbe, 0xff, 0x4e, 0x6a, 0xff, 0xaa,  //%@@@@@+.%@++@% 
  0x9a, 0xff, 0xd0, 0x8a, 0x8a, 0x8a, 0x26, 0x00, 0xbe, 0xff, 0x4e, 0x6a, 0xff, 0xaa,  //%@@%%%..%@++@% 
  0x9a, 0xff, 0x9a, 0x00, 0x00, 0x00, 0x00, 0x00, 0xbe, 0xff, 0x4e, 0x6a, 0xff, 0xaa,  //%@%.....%@++@% 
  0x9a, 0xff, 0x9a, 0x00, 0x00, 0x00, 0x00, 0x00, 0xbe, 0xff, 0x4e, 0x6a, 0xff, 0xaa,  //%@%.....%@++@% 
  0x9a, 0xff, 0xda, 0xa2, 0xa2, 0x5c, 0x70, 0xd6, 0xf4, 0xff, 0x4e, 0x6a, 0xff, 0xaa,  //%@@%%++@@@++@% 
  0x9a, 0xff, 0xff, 0xff, 0xff, 0x92, 0x7e, 0xee, 0xfa, 0xff, 0x4e, 0x6a, 0xff, 0xaa,  //%@@@@%+@@@++@% 
  0x9a, 0xff, 0xaa, 0x26, 0x26, 0x16, 0x00, 0x00, 0xbe, 0xff, 0x4e, 0x6a, 0xff, 0xaa,  //%@%.....%@++@% 
  0x9a, 0xff, 0x9a, 0x00, 0x00, 0x00, 0x00, 0x00, 0xbe, 0xff, 0x4e, 0x6a, 0xff, 0xaa,  //%@%.....%@++@% 
  0x9a, 0xff, 0x9a, 0x00, 0x00, 0x04, 0x2e, 0x26, 0xbe, 0xff, 0x4e, 0x6a, 0xff, 0xaa,  //%@%.....%@++@% 
  0x9a, 0xff, 0xe4, 0xca, 0xdc, 0xf6, 0xff, 0x76, 0xbe, 0xff, 0x4e, 0x6a, 0xff, 0xaa,  //%@@@@@@+%@++@% 
  0x9a, 0xff, 0xff, 0xff, 0xfa, 0xd8, 0xa6, 0x38, 0xbe, 0xff, 0x4e, 0x6a, 0xff, 0xaa,  //%@@@@@%.%@++@% 
  0x12, 0x1e, 0x1a, 0x10, 0x00, 0x00, 0x00, 0x00, 0xbe, 0xff, 0x4e, 0x6a, 0xff, 0xaa,  //........%@++@% 
  0x00, 0x00, 0x00, 0x00, 0x00, 0x00, 0x00, 0x00, 0xbe, 0xff, 0x4e, 0x6a, 0xff, 0xaa,  //........%@++@% 
  0x00, 0x00, 0x00, 0x00, 0x00, 0x00, 0x00, 0x00, 0xbe, 0xff, 0x4e, 0x6a, 0xff, 0xaa,  //........%@++@% 
  0x00, 0x00, 0x00, 0x00, 0x00, 0x00, 0x00, 0x00, 0x7c, 0xa6, 0x32, 0x6a, 0xff, 0xaa,  //........+%.+@% 
  0x00, 0x00, 0x00, 0x00, 0x00, 0x00, 0x00, 0x00, 0x00, 0x00, 0x00, 0x04, 0x0e, 0x08,  //.............. 


  /*Unicode: U+d15c (템) , Width: 14 */
  0x00, 0x00, 0x00, 0x00, 0x00, 0x00, 0x00, 0x00, 0x00, 0x00, 0x00, 0x00, 0x00, 0x00,  //.............. 
  0x00, 0x00, 0x00, 0x00, 0x00, 0x00, 0x00, 0x00, 0x2e, 0x4e, 0x1e, 0x3a, 0x7a, 0x40,  //.........+..++ 
  0x88, 0xb6, 0xb6, 0xb6, 0xb6, 0xb6, 0x38, 0x00, 0x96, 0xff, 0x66, 0x7a, 0xff, 0x86,  //%%%%%%..%@++@% 
  0xbe, 0xff, 0xff, 0xff, 0xff, 0xff, 0x4e, 0x00, 0x96, 0xff, 0x66, 0x7a, 0xff, 0x86,  //%@@@@@+.%@++@% 
  0xbe, 0xff, 0x70, 0x02, 0x02, 0x02, 0x00, 0x00, 0x96, 0xff, 0x66, 0x7a, 0xff, 0x86,  //%@+.....%@++@% 
  0xbe, 0xff, 0xa8, 0x66, 0x66, 0x48, 0x46, 0xa2, 0xd8, 0xff, 0x66, 0x7a, 0xff, 0x86,  //%@%++++%@@++@% 
  0xbe, 0xff, 0xff, 0xff, 0xff, 0xb2, 0x6e, 0xff, 0xff, 0xff, 0x66, 0x7a, 0xff, 0x86,  //%@@@@%+@@@++@% 
  0xbe, 0xff, 0x98, 0x4a, 0x4a, 0x34, 0x0c, 0x1e, 0xa4, 0xff, 0x66, 0x7a, 0xff, 0x86,  //%@%++...%@++@% 
  0xbe, 0xff, 0x7a, 0x1a, 0x26, 0x3c, 0x66, 0x5e, 0x96, 0xff, 0x66, 0x7a, 0xff, 0x86,  //%@+...++%@++@% 
  0xbe, 0xff, 0xff, 0xff, 0xff, 0xff, 0xff, 0xae, 0x96, 0xff, 0x66, 0x7a, 0xff, 0x86,  //%@@@@@@%%@++@% 
  0x7c, 0xa6, 0x9e, 0x94, 0x8a, 0x72, 0x4e, 0x16, 0x96, 0xff, 0x66, 0x7a, 0xff, 0x86,  //+%%%%++.%@++@% 
  0x00, 0x00, 0x04, 0x12, 0x12, 0x12, 0x12, 0x12, 0x34, 0x4a, 0x28, 0x2e, 0x4a, 0x26,  //.........+..+. 
  0x00, 0x00, 0x52, 0xff, 0xff, 0xff, 0xff, 0xff, 0xff, 0xff, 0xff, 0xff, 0xff, 0x86,  //..+@@@@@@@@@@% 
  0x00, 0x00, 0x52, 0xff, 0xf8, 0xba, 0xba, 0xba, 0xba, 0xba, 0xba, 0xe8, 0xff, 0x86,  //..+@@%%%%%%@@% 
  0x00, 0x00, 0x52, 0xff, 0xe6, 0x00, 0x00, 0x00, 0x00, 0x00, 0x00, 0xaa, 0xff, 0x86,  //..+@@......%@% 
  0x00, 0x00, 0x52, 0xff, 0xe6, 0x00, 0x00, 0x00, 0x00, 0x00, 0x00, 0xaa, 0xff, 0x86,  //..+@@......%@% 
  0x00, 0x00, 0x52, 0xff, 0xfa, 0xda, 0xda, 0xda, 0xda, 0xda, 0xda, 0xf2, 0xff, 0x86,  //..+@@@@@@@@@@% 
  0x00, 0x00, 0x4c, 0xee, 0xee, 0xee, 0xee, 0xee, 0xee, 0xee, 0xee, 0xee, 0xee, 0x7e,  //..+@@@@@@@@@@+ 
  0x00, 0x00, 0x00, 0x00, 0x00, 0x00, 0x00, 0x00, 0x00, 0x00, 0x00, 0x00, 0x00, 0x00,  //.............. 


  /*Unicode: U+d22c (투) , Width: 16 */
  0x00, 0x00, 0x00, 0x00, 0x00, 0x00, 0x00, 0x00, 0x00, 0x00, 0x00, 0x00, 0x00, 0x00, 0x00, 0x00,  //................ 
  0x00, 0x00, 0x10, 0x3e, 0x3e, 0x3e, 0x3e, 0x3e, 0x3e, 0x3e, 0x3e, 0x3e, 0x3e, 0x1c, 0x00, 0x00,  //................ 
  0x00, 0x00, 0x42, 0xff, 0xff, 0xff, 0xff, 0xff, 0xff, 0xff, 0xff, 0xff, 0xff, 0x72, 0x00, 0x00,  //..+@@@@@@@@@@+.. 
  0x00, 0x00, 0x42, 0xff, 0xf8, 0x96, 0x96, 0x96, 0x96, 0x96, 0x96, 0x96, 0x96, 0x42, 0x00, 0x00,  //..+@@%%%%%%%%+.. 
  0x00, 0x00, 0x42, 0xff, 0xf0, 0x26, 0x26, 0x26, 0x26, 0x26, 0x26, 0x26, 0x26, 0x0a, 0x00, 0x00,  //..+@@........... 
  0x00, 0x00, 0x42, 0xff, 0xff, 0xff, 0xff, 0xff, 0xff, 0xff, 0xff, 0xff, 0xff, 0x46, 0x00, 0x00,  //..+@@@@@@@@@@+.. 
  0x00, 0x00, 0x42, 0xff, 0xf8, 0x9e, 0x9e, 0x9e, 0x9e, 0x9e, 0x9e, 0x9e, 0x9e, 0x2c, 0x00, 0x00,  //..+@@%%%%%%%%... 
  0x00, 0x00, 0x42, 0xff, 0xf0, 0x1a, 0x1a, 0x1a, 0x1a, 0x1a, 0x1a, 0x1a, 0x1a, 0x12, 0x00, 0x00,  //..+@@........... 
  0x00, 0x00, 0x42, 0xff, 0xff, 0xff, 0xff, 0xff, 0xff, 0xff, 0xff, 0xff, 0xff, 0xba, 0x00, 0x00,  //..+@@@@@@@@@@%.. 
  0x00, 0x00, 0x30, 0xba, 0xba, 0xba, 0xba, 0xba, 0xba, 0xba, 0xba, 0xba, 0xba, 0x88, 0x00, 0x00,  //...%%%%%%%%%%%.. 
  0x00, 0x00, 0x00, 0x00, 0x00, 0x00, 0x00, 0x00, 0x00, 0x00, 0x00, 0x00, 0x00, 0x00, 0x00, 0x00,  //................ 
  0xa0, 0xd6, 0xd6, 0xd6, 0xd6, 0xd6, 0xd6, 0xd6, 0xd6, 0xd6, 0xd6, 0xd6, 0xd6, 0xd6, 0xd6, 0x96,  //%@@@@@@@@@@@@@@% 
  0xbe, 0xff, 0xff, 0xff, 0xff, 0xff, 0xff, 0xff, 0xff, 0xff, 0xff, 0xff, 0xff, 0xff, 0xff, 0xb2,  //%@@@@@@@@@@@@@@% 
  0x02, 0x02, 0x02, 0x02, 0x02, 0x02, 0x02, 0xf6, 0xff, 0x42, 0x02, 0x02, 0x02, 0x02, 0x02, 0x00,  //.......@@+...... 
  0x00, 0x00, 0x00, 0x00, 0x00, 0x00, 0x00, 0xf6, 0xff, 0x3e, 0x00, 0x00, 0x00, 0x00, 0x00, 0x00,  //.......@@....... 
  0x00, 0x00, 0x00, 0x00, 0x00, 0x00, 0x00, 0xf6, 0xff, 0x3e, 0x00, 0x00, 0x00, 0x00, 0x00, 0x00,  //.......@@....... 
  0x00, 0x00, 0x00, 0x00, 0x00, 0x00, 0x00, 0xf6, 0xff, 0x3e, 0x00, 0x00, 0x00, 0x00, 0x00, 0x00,  //.......@@....... 
  0x00, 0x00, 0x00, 0x00, 0x00, 0x00, 0x00, 0xb0, 0xb6, 0x2c, 0x00, 0x00, 0x00, 0x00, 0x00, 0x00,  //.......%%....... 
  0x00, 0x00, 0x00, 0x00, 0x00, 0x00, 0x00, 0x00, 0x00, 0x00, 0x00, 0x00, 0x00, 0x00, 0x00, 0x00,  //................ 


  /*Unicode: U+d2b8 (트) , Width: 16 */
  0x00, 0x00, 0x00, 0x00, 0x00, 0x00, 0x00, 0x00, 0x00, 0x00, 0x00, 0x00, 0x00, 0x00, 0x00, 0x00,  //................ 
  0x00, 0x00, 0x00, 0x00, 0x00, 0x00, 0x00, 0x00, 0x00, 0x00, 0x00, 0x00, 0x00, 0x00, 0x00, 0x00,  //................ 
  0x00, 0x00, 0x00, 0x00, 0x00, 0x00, 0x00, 0x00, 0x00, 0x00, 0x00, 0x00, 0x00, 0x00, 0x00, 0x00,  //................ 
  0x00, 0x00, 0x3c, 0xd2, 0xd2, 0xd2, 0xd2, 0xd2, 0xd2, 0xd2, 0xd2, 0xd2, 0xd2, 0x40, 0x00, 0x00,  //...@@@@@@@@@@+.. 
  0x00, 0x00, 0x4a, 0xff, 0xff, 0xff, 0xff, 0xff, 0xff, 0xff, 0xff, 0xff, 0xff, 0x4e, 0x00, 0x00,  //..+@@@@@@@@@@+.. 
  0x00, 0x00, 0x4a, 0xff, 0xe4, 0x0a, 0x0a, 0x0a, 0x0a, 0x0a, 0x0a, 0x0a, 0x0a, 0x02, 0x00, 0x00,  //..+@@........... 
  0x00, 0x00, 0x4a, 0xff, 0xea, 0x4e, 0x4e, 0x4e, 0x4e, 0x4e, 0x4e, 0x4e, 0x4e, 0x00, 0x00, 0x00,  //..+@@++++++++... 
  0x00, 0x00, 0x4a, 0xff, 0xff, 0xff, 0xff, 0xff, 0xff, 0xff, 0xff, 0xff, 0xff, 0x02, 0x00, 0x00,  //..+@@@@@@@@@@... 
  0x00, 0x00, 0x4a, 0xff, 0xf0, 0x7e, 0x7e, 0x7e, 0x7e, 0x7e, 0x7e, 0x7e, 0x7e, 0x00, 0x00, 0x00,  //..+@@++++++++... 
  0x00, 0x00, 0x4a, 0xff, 0xe2, 0x00, 0x00, 0x00, 0x00, 0x00, 0x00, 0x00, 0x00, 0x00, 0x00, 0x00,  //..+@@........... 
  0x00, 0x00, 0x4a, 0xff, 0xf2, 0x96, 0x96, 0x96, 0x96, 0x96, 0x96, 0x96, 0x96, 0x4c, 0x00, 0x00,  //..+@@%%%%%%%%+.. 
  0x00, 0x00, 0x4a, 0xff, 0xff, 0xff, 0xff, 0xff, 0xff, 0xff, 0xff, 0xff, 0xff, 0x82, 0x00, 0x00,  //..+@@@@@@@@@@%.. 
  0x00, 0x00, 0x10, 0x3a, 0x3a, 0x3a, 0x3a, 0x3a, 0x3a, 0x3a, 0x3a, 0x3a, 0x3a, 0x1c, 0x00, 0x00,  //................ 
  0x00, 0x00, 0x00, 0x00, 0x00, 0x00, 0x00, 0x00, 0x00, 0x00, 0x00, 0x00, 0x00, 0x00, 0x00, 0x00,  //................ 
  0x6a, 0x8e, 0x8e, 0x8e, 0x8e, 0x8e, 0x8e, 0x8e, 0x8e, 0x8e, 0x8e, 0x8e, 0x8e, 0x8e, 0x8e, 0x64,  //+%%%%%%%%%%%%%%+ 
  0xbe, 0xff, 0xff, 0xff, 0xff, 0xff, 0xff, 0xff, 0xff, 0xff, 0xff, 0xff, 0xff, 0xff, 0xff, 0xb2,  //%@@@@@@@@@@@@@@% 
  0x38, 0x4a, 0x4a, 0x4a, 0x4a, 0x4a, 0x4a, 0x4a, 0x4a, 0x4a, 0x4a, 0x4a, 0x4a, 0x4a, 0x4a, 0x34,  //.++++++++++++++. 
  0x00, 0x00, 0x00, 0x00, 0x00, 0x00, 0x00, 0x00, 0x00, 0x00, 0x00, 0x00, 0x00, 0x00, 0x00, 0x00,  //................ 
  0x00, 0x00, 0x00, 0x00, 0x00, 0x00, 0x00, 0x00, 0x00, 0x00, 0x00, 0x00, 0x00, 0x00, 0x00, 0x00,  //................ 


  /*Unicode: U+d2f0 (티) , Width: 14 */
  0x00, 0x00, 0x00, 0x00, 0x00, 0x00, 0x00, 0x00, 0x00, 0x00, 0x00, 0x00, 0x00, 0x00,  //.............. 
  0x00, 0x00, 0x00, 0x00, 0x00, 0x00, 0x00, 0x00, 0x00, 0x00, 0x0a, 0x9e, 0x9e, 0x18,  //...........%%. 
  0x3e, 0x4e, 0x4e, 0x4e, 0x4e, 0x4e, 0x4e, 0x4e, 0x0a, 0x00, 0x12, 0xff, 0xff, 0x26,  //.+++++++...@@. 
  0xca, 0xff, 0xff, 0xff, 0xff, 0xff, 0xff, 0xff, 0x26, 0x00, 0x12, 0xff, 0xff, 0x26,  //@@@@@@@@...@@. 
  0xca, 0xff, 0xba, 0x8a, 0x8a, 0x8a, 0x8a, 0x8a, 0x14, 0x00, 0x12, 0xff, 0xff, 0x26,  //@@%%%%%%...@@. 
  0xca, 0xff, 0x66, 0x00, 0x00, 0x00, 0x00, 0x00, 0x00, 0x00, 0x12, 0xff, 0xff, 0x26,  //@@+........@@. 
  0xca, 0xff, 0x66, 0x00, 0x00, 0x00, 0x00, 0x00, 0x00, 0x00, 0x12, 0xff, 0xff, 0x26,  //@@+........@@. 
  0xca, 0xff, 0xc2, 0x9a, 0x9a, 0x9a, 0x9a, 0x90, 0x00, 0x00, 0x12, 0xff, 0xff, 0x26,  //@@@%%%%%...@@. 
  0xca, 0xff, 0xff, 0xff, 0xff, 0xff, 0xff, 0xee, 0x00, 0x00, 0x12, 0xff, 0xff, 0x26,  //@@@@@@@@...@@. 
  0xca, 0xff, 0x8c, 0x3e, 0x3e, 0x3e, 0x3e, 0x3a, 0x00, 0x00, 0x12, 0xff, 0xff, 0x26,  //@@%........@@. 
  0xca, 0xff, 0x66, 0x00, 0x00, 0x00, 0x00, 0x00, 0x00, 0x00, 0x12, 0xff, 0xff, 0x26,  //@@+........@@. 
  0xca, 0xff, 0x66, 0x00, 0x00, 0x00, 0x00, 0x14, 0x3e, 0x68, 0x38, 0xff, 0xff, 0x26,  //@@+......+.@@. 
  0xca, 0xff, 0xe6, 0xd6, 0xd8, 0xe2, 0xf6, 0xff, 0xff, 0xff, 0x5a, 0xff, 0xff, 0x26,  //@@@@@@@@@@+@@. 
  0xca, 0xff, 0xff, 0xff, 0xfc, 0xf2, 0xe0, 0xc8, 0xa4, 0x72, 0x28, 0xff, 0xff, 0x26,  //@@@@@@@@%+.@@. 
  0x02, 0x02, 0x02, 0x02, 0x00, 0x00, 0x00, 0x00, 0x00, 0x00, 0x12, 0xff, 0xff, 0x26,  //...........@@. 
  0x00, 0x00, 0x00, 0x00, 0x00, 0x00, 0x00, 0x00, 0x00, 0x00, 0x12, 0xff, 0xff, 0x26,  //...........@@. 
  0x00, 0x00, 0x00, 0x00, 0x00, 0x00, 0x00, 0x00, 0x00, 0x00, 0x12, 0xff, 0xff, 0x26,  //...........@@. 
  0x00, 0x00, 0x00, 0x00, 0x00, 0x00, 0x00, 0x00, 0x00, 0x00, 0x12, 0xff, 0xff, 0x26,  //...........@@. 
  0x00, 0x00, 0x00, 0x00, 0x00, 0x00, 0x00, 0x00, 0x00, 0x00, 0x00, 0x0e, 0x0e, 0x00,  //.............. 


  /*Unicode: U+d2f1 (틱) , Width: 14 */
  0x00, 0x00, 0x00, 0x00, 0x00, 0x00, 0x00, 0x00, 0x00, 0x00, 0x00, 0x00, 0x00, 0x00,  //.............. 
  0x00, 0x00, 0x00, 0x00, 0x00, 0x00, 0x00, 0x00, 0x00, 0x00, 0x0a, 0xa2, 0xa2, 0x18,  //...........%%. 
  0xa8, 0xe6, 0xe6, 0xe6, 0xe6, 0xe6, 0xe6, 0xe6, 0x84, 0x00, 0x12, 0xff, 0xff, 0x26,  //%@@@@@@@%..@@. 
  0xba, 0xff, 0xf2, 0xe6, 0xe6, 0xe6, 0xe6, 0xe6, 0x84, 0x00, 0x12, 0xff, 0xff, 0x26,  //%@@@@@@@%..@@. 
  0xba, 0xff, 0x86, 0x00, 0x00, 0x00, 0x00, 0x00, 0x00, 0x00, 0x12, 0xff, 0xff, 0x26,  //%@%........@@. 
  0xba, 0xff, 0xc8, 0x8a, 0x8a, 0x8a, 0x8a, 0x8a, 0x22, 0x00, 0x12, 0xff, 0xff, 0x26,  //%@@%%%%%...@@. 
  0xba, 0xff, 0xff, 0xff, 0xff, 0xff, 0xff, 0xff, 0x3e, 0x00, 0x12, 0xff, 0xff, 0x26,  //%@@@@@@@...@@. 
  0xba, 0xff, 0xa0, 0x36, 0x36, 0x36, 0x36, 0x36, 0x0c, 0x00, 0x12, 0xff, 0xff, 0x26,  //%@%........@@. 
  0xba, 0xff, 0x92, 0x16, 0x18, 0x24, 0x34, 0x4a, 0x72, 0x9c, 0x68, 0xff, 0xff, 0x26,  //%@%....++%+@@. 
  0xba, 0xff, 0xff, 0xff, 0xff, 0xff, 0xff, 0xff, 0xff, 0xff, 0x84, 0xff, 0xff, 0x26,  //%@@@@@@@@@%@@. 
  0x80, 0xae, 0xae, 0xae, 0xa8, 0x9c, 0x8e, 0x78, 0x4c, 0x1e, 0x12, 0xff, 0xff, 0x26,  //%%%%%%%++..@@. 
  0x00, 0x00, 0x00, 0x00, 0x00, 0x00, 0x00, 0x00, 0x00, 0x00, 0x08, 0x76, 0x76, 0x10,  //...........++. 
  0x00, 0x00, 0xa6, 0xd2, 0xd2, 0xd2, 0xd2, 0xd2, 0xd2, 0xd2, 0xd2, 0xd2, 0xd2, 0x20,  //..%@@@@@@@@@@. 
  0x00, 0x00, 0xca, 0xff, 0xff, 0xff, 0xff, 0xff, 0xff, 0xff, 0xff, 0xff, 0xff, 0x26,  //..@@@@@@@@@@@. 
  0x00, 0x00, 0x04, 0x06, 0x06, 0x06, 0x06, 0x06, 0x06, 0x06, 0x1a, 0xff, 0xff, 0x26,  //...........@@. 
  0x00, 0x00, 0x00, 0x00, 0x00, 0x00, 0x00, 0x00, 0x00, 0x00, 0x12, 0xff, 0xff, 0x26,  //...........@@. 
  0x00, 0x00, 0x00, 0x00, 0x00, 0x00, 0x00, 0x00, 0x00, 0x00, 0x12, 0xff, 0xff, 0x26,  //...........@@. 
  0x00, 0x00, 0x00, 0x00, 0x00, 0x00, 0x00, 0x00, 0x00, 0x00, 0x12, 0xff, 0xff, 0x26,  //...........@@. 
  0x00, 0x00, 0x00, 0x00, 0x00, 0x00, 0x00, 0x00, 0x00, 0x00, 0x00, 0x12, 0x12, 0x02,  //.............. 


  /*Unicode: U+d30c (파) , Width: 17 */
  0x00, 0x00, 0x00, 0x00, 0x00, 0x00, 0x00, 0x00, 0x00, 0x00, 0x00, 0x00, 0x00, 0x00, 0x00, 0x00, 0x00,  //................. 
  0x00, 0x00, 0x00, 0x00, 0x00, 0x00, 0x00, 0x00, 0x00, 0x00, 0x00, 0x68, 0x9e, 0x5a, 0x00, 0x00, 0x00,  //...........+%+... 
  0x2c, 0x3a, 0x3a, 0x3a, 0x3a, 0x3a, 0x3a, 0x3a, 0x3a, 0x3a, 0x0e, 0xa6, 0xff, 0x92, 0x00, 0x00, 0x00,  //...........%@%... 
  0xbe, 0xff, 0xff, 0xff, 0xff, 0xff, 0xff, 0xff, 0xff, 0xff, 0x3e, 0xa6, 0xff, 0x92, 0x00, 0x00, 0x00,  //%@@@@@@@@@.%@%... 
  0x74, 0x9a, 0x9a, 0x9a, 0x9a, 0x9a, 0x9a, 0x9a, 0x9a, 0x9a, 0x26, 0xa6, 0xff, 0x92, 0x00, 0x00, 0x00,  //+%%%%%%%%%.%@%... 
  0x00, 0x4a, 0xda, 0xb2, 0x00, 0x00, 0x74, 0xda, 0x8c, 0x00, 0x00, 0xa6, 0xff, 0x92, 0x00, 0x00, 0x00,  //.+@%..+@%..%@%... 
  0x00, 0x50, 0xff, 0xd6, 0x00, 0x00, 0x8a, 0xff, 0xa0, 0x00, 0x00, 0xa6, 0xff, 0x92, 0x00, 0x00, 0x00,  //.+@@..%@%..%@%... 
  0x00, 0x4a, 0xff, 0xdc, 0x00, 0x00, 0x8e, 0xff, 0x9c, 0x00, 0x00, 0xa6, 0xff, 0xe6, 0xc6, 0xc6, 0x08,  //.+@@..%@%..%@@@@. 
  0x00, 0x42, 0xff, 0xe2, 0x00, 0x00, 0x90, 0xff, 0x98, 0x00, 0x00, 0xa6, 0xff, 0xff, 0xff, 0xff, 0x0a,  //.+@@..%@%..%@@@@. 
  0x00, 0x3c, 0xff, 0xe8, 0x00, 0x00, 0x94, 0xff, 0x92, 0x00, 0x00, 0xa6, 0xff, 0xa0, 0x1e, 0x1e, 0x00,  //..@@..%@%..%@%... 
  0x00, 0x34, 0xff, 0xee, 0x00, 0x00, 0x96, 0xff, 0x8e, 0x00, 0x00, 0xa6, 0xff, 0x92, 0x00, 0x00, 0x00,  //..@@..%@%..%@%... 
  0x34, 0x5a, 0xff, 0xf6, 0x36, 0x36, 0xb2, 0xff, 0xc0, 0x94, 0x86, 0xa6, 0xff, 0x92, 0x00, 0x00, 0x00,  //.+@@..%@@%%%@%... 
  0xf2, 0xff, 0xff, 0xff, 0xff, 0xff, 0xff, 0xff, 0xff, 0xff, 0xb6, 0xa6, 0xff, 0x92, 0x00, 0x00, 0x00,  //@@@@@@@@@@%%@%... 
  0x9e, 0xa6, 0xa6, 0xa6, 0xa6, 0xa0, 0x96, 0x8a, 0x74, 0x4e, 0x16, 0xa6, 0xff, 0x92, 0x00, 0x00, 0x00,  //%%%%%%%%++.%@%... 
  0x00, 0x00, 0x00, 0x00, 0x00, 0x00, 0x00, 0x00, 0x00, 0x00, 0x00, 0xa6, 0xff, 0x92, 0x00, 0x00, 0x00,  //...........%@%... 
  0x00, 0x00, 0x00, 0x00, 0x00, 0x00, 0x00, 0x00, 0x00, 0x00, 0x00, 0xa6, 0xff, 0x92, 0x00, 0x00, 0x00,  //...........%@%... 
  0x00, 0x00, 0x00, 0x00, 0x00, 0x00, 0x00, 0x00, 0x00, 0x00, 0x00, 0xa6, 0xff, 0x92, 0x00, 0x00, 0x00,  //...........%@%... 
  0x00, 0x00, 0x00, 0x00, 0x00, 0x00, 0x00, 0x00, 0x00, 0x00, 0x00, 0xa6, 0xff, 0x92, 0x00, 0x00, 0x00,  //...........%@%... 
  0x00, 0x00, 0x00, 0x00, 0x00, 0x00, 0x00, 0x00, 0x00, 0x00, 0x00, 0x08, 0x0e, 0x08, 0x00, 0x00, 0x00,  //................. 


  /*Unicode: U+d328 (패) , Width: 15 */
  0x00, 0x00, 0x00, 0x00, 0x00, 0x00, 0x00, 0x00, 0x00, 0x00, 0x00, 0x00, 0x00, 0x00, 0x00,  //............... 
  0x00, 0x00, 0x00, 0x00, 0x00, 0x00, 0x00, 0x00, 0x00, 0x62, 0x6e, 0x12, 0x6a, 0x9e, 0x42,  //.........++.+%+ 
  0x2c, 0x36, 0x36, 0x36, 0x36, 0x36, 0x36, 0x36, 0x0c, 0xe2, 0xff, 0x2a, 0xaa, 0xff, 0x6a,  //.........@@.%@+ 
  0xce, 0xff, 0xff, 0xff, 0xff, 0xff, 0xff, 0xff, 0x3e, 0xe2, 0xff, 0x2a, 0xaa, 0xff, 0x6a,  //@@@@@@@@.@@.%@+ 
  0x80, 0x9e, 0x9e, 0x9e, 0x9e, 0x9e, 0x9e, 0x9e, 0x26, 0xe2, 0xff, 0x2a, 0xaa, 0xff, 0x6a,  //%%%%%%%%.@@.%@+ 
  0x00, 0x98, 0xd6, 0x46, 0x00, 0xc6, 0xd6, 0x18, 0x00, 0xe2, 0xff, 0x2a, 0xaa, 0xff, 0x6a,  //.%@+.@@..@@.%@+ 
  0x00, 0xb0, 0xff, 0x58, 0x00, 0xea, 0xff, 0x18, 0x00, 0xe2, 0xff, 0x2a, 0xaa, 0xff, 0x6a,  //.%@+.@@..@@.%@+ 
  0x00, 0xaa, 0xff, 0x5c, 0x00, 0xea, 0xff, 0x16, 0x00, 0xe2, 0xff, 0xf0, 0xf8, 0xff, 0x6a,  //.%@+.@@..@@@@@+ 
  0x00, 0xa4, 0xff, 0x60, 0x00, 0xea, 0xff, 0x12, 0x00, 0xe2, 0xff, 0xf0, 0xf8, 0xff, 0x6a,  //.%@+.@@..@@@@@+ 
  0x00, 0xa0, 0xff, 0x64, 0x00, 0xea, 0xff, 0x0e, 0x00, 0xe2, 0xff, 0x2a, 0xaa, 0xff, 0x6a,  //.%@+.@@..@@.%@+ 
  0x00, 0x9a, 0xff, 0x68, 0x00, 0xea, 0xff, 0x0a, 0x00, 0xe2, 0xff, 0x2a, 0xaa, 0xff, 0x6a,  //.%@+.@@..@@.%@+ 
  0x32, 0xac, 0xff, 0x8c, 0x36, 0xee, 0xff, 0x76, 0x60, 0xe2, 0xff, 0x2a, 0xaa, 0xff, 0x6a,  //.%@%.@@++@@.%@+ 
  0xee, 0xff, 0xff, 0xff, 0xff, 0xff, 0xff, 0xff, 0xa2, 0xe2, 0xff, 0x2a, 0xaa, 0xff, 0x6a,  //@@@@@@@@%@@.%@+ 
  0x98, 0xa2, 0xa2, 0xa2, 0x9e, 0x94, 0x84, 0x5a, 0x20, 0xe2, 0xff, 0x2a, 0xaa, 0xff, 0x6a,  //%%%%%%%+.@@.%@+ 
  0x00, 0x00, 0x00, 0x00, 0x00, 0x00, 0x00, 0x00, 0x00, 0xe2, 0xff, 0x2a, 0xaa, 0xff, 0x6a,  //.........@@.%@+ 
  0x00, 0x00, 0x00, 0x00, 0x00, 0x00, 0x00, 0x00, 0x00, 0xe2, 0xff, 0x2a, 0xaa, 0xff, 0x6a,  //.........@@.%@+ 
  0x00, 0x00, 0x00, 0x00, 0x00, 0x00, 0x00, 0x00, 0x00, 0xe2, 0xff, 0x2a, 0xaa, 0xff, 0x6a,  //.........@@.%@+ 
  0x00, 0x00, 0x00, 0x00, 0x00, 0x00, 0x00, 0x00, 0x00, 0x94, 0xa6, 0x1a, 0xaa, 0xff, 0x6a,  //.........%%.%@+ 
  0x00, 0x00, 0x00, 0x00, 0x00, 0x00, 0x00, 0x00, 0x00, 0x00, 0x00, 0x00, 0x08, 0x0e, 0x04,  //............... 


  /*Unicode: U+d37c (퍼) , Width: 15 */
  0x00, 0x00, 0x00, 0x00, 0x00, 0x00, 0x00, 0x00, 0x00, 0x00, 0x00, 0x00, 0x00, 0x00, 0x00,  //............... 
  0x00, 0x00, 0x00, 0x00, 0x00, 0x00, 0x00, 0x00, 0x00, 0x00, 0x00, 0x0a, 0x9e, 0x9e, 0x18,  //............%%. 
  0x24, 0x3a, 0x3a, 0x3a, 0x3a, 0x3a, 0x3a, 0x3a, 0x3a, 0x3a, 0x0a, 0x12, 0xff, 0xff, 0x26,  //............@@. 
  0xa2, 0xff, 0xff, 0xff, 0xff, 0xff, 0xff, 0xff, 0xff, 0xff, 0x2e, 0x12, 0xff, 0xff, 0x26,  //%@@@@@@@@@..@@. 
  0x62, 0x9a, 0x9a, 0x9a, 0x9a, 0x9a, 0x9a, 0x9a, 0x9a, 0x9a, 0x1c, 0x12, 0xff, 0xff, 0x26,  //+%%%%%%%%%..@@. 
  0x00, 0x32, 0xda, 0xc8, 0x00, 0x00, 0x5a, 0xda, 0xa8, 0x00, 0x00, 0x12, 0xff, 0xff, 0x26,  //..@@..+@%...@@. 
  0x00, 0x34, 0xff, 0xee, 0x00, 0x00, 0x6c, 0xff, 0xbe, 0x00, 0x00, 0x12, 0xff, 0xff, 0x26,  //..@@..+@%...@@. 
  0x00, 0x2e, 0xff, 0xf6, 0x00, 0x00, 0x70, 0xff, 0xba, 0x68, 0xf2, 0xf2, 0xff, 0xff, 0x26,  //..@@..+@%+@@@@. 
  0x00, 0x26, 0xff, 0xfc, 0x00, 0x00, 0x76, 0xff, 0xb4, 0x68, 0xee, 0xf0, 0xff, 0xff, 0x26,  //..@@..+@%+@@@@. 
  0x00, 0x20, 0xff, 0xff, 0x02, 0x00, 0x7a, 0xff, 0xb0, 0x00, 0x00, 0x12, 0xff, 0xff, 0x26,  //..@@..+@%...@@. 
  0x00, 0x18, 0xff, 0xff, 0x0a, 0x00, 0x7e, 0xff, 0xaa, 0x00, 0x00, 0x12, 0xff, 0xff, 0x26,  //..@@..+@%...@@. 
  0x2e, 0x44, 0xff, 0xff, 0x44, 0x36, 0x9e, 0xff, 0xce, 0x90, 0x98, 0x12, 0xff, 0xff, 0x26,  //.+@@+.%@@%%.@@. 
  0xd6, 0xff, 0xff, 0xff, 0xff, 0xff, 0xff, 0xff, 0xff, 0xff, 0xd2, 0x12, 0xff, 0xff, 0x26,  //@@@@@@@@@@@.@@. 
  0x8c, 0xa6, 0xa6, 0xa6, 0xa6, 0xa2, 0x96, 0x8c, 0x76, 0x54, 0x1c, 0x12, 0xff, 0xff, 0x26,  //%%%%%%%%++..@@. 
  0x00, 0x00, 0x00, 0x00, 0x00, 0x00, 0x00, 0x00, 0x00, 0x00, 0x00, 0x12, 0xff, 0xff, 0x26,  //............@@. 
  0x00, 0x00, 0x00, 0x00, 0x00, 0x00, 0x00, 0x00, 0x00, 0x00, 0x00, 0x12, 0xff, 0xff, 0x26,  //............@@. 
  0x00, 0x00, 0x00, 0x00, 0x00, 0x00, 0x00, 0x00, 0x00, 0x00, 0x00, 0x12, 0xff, 0xff, 0x26,  //............@@. 
  0x00, 0x00, 0x00, 0x00, 0x00, 0x00, 0x00, 0x00, 0x00, 0x00, 0x00, 0x12, 0xff, 0xff, 0x26,  //............@@. 
  0x00, 0x00, 0x00, 0x00, 0x00, 0x00, 0x00, 0x00, 0x00, 0x00, 0x00, 0x00, 0x0e, 0x0e, 0x00,  //............... 


  /*Unicode: U+d38c (펌) , Width: 15 */
  0x00, 0x00, 0x00, 0x00, 0x00, 0x00, 0x00, 0x00, 0x00, 0x00, 0x00, 0x00, 0x00, 0x00, 0x00,  //............... 
  0x00, 0x00, 0x00, 0x00, 0x00, 0x00, 0x00, 0x00, 0x00, 0x00, 0x00, 0x08, 0x7a, 0x7a, 0x12,  //............++. 
  0x46, 0xbe, 0xbe, 0xbe, 0xbe, 0xbe, 0xbe, 0xbe, 0xbe, 0xbe, 0x2c, 0x12, 0xff, 0xff, 0x26,  //+%%%%%%%%%..@@. 
  0x5e, 0xff, 0xff, 0xff, 0xff, 0xff, 0xff, 0xff, 0xff, 0xff, 0x3a, 0x12, 0xff, 0xff, 0x26,  //+@@@@@@@@@..@@. 
  0x02, 0x0a, 0x70, 0x76, 0x22, 0x0a, 0x38, 0x76, 0x5a, 0x0a, 0x00, 0x12, 0xff, 0xff, 0x26,  //..++...++...@@. 
  0x00, 0x00, 0xec, 0xff, 0x3c, 0x00, 0x70, 0xff, 0xb8, 0x3a, 0xa6, 0xac, 0xff, 0xff, 0x26,  //..@@..+@%.%%@@. 
  0x00, 0x00, 0xe4, 0xff, 0x42, 0x00, 0x76, 0xff, 0xb0, 0x5a, 0xff, 0xff, 0xff, 0xff, 0x26,  //..@@+.+@%+@@@@. 
  0x00, 0x00, 0xdc, 0xff, 0x46, 0x00, 0x7c, 0xff, 0xa8, 0x0a, 0x1e, 0x30, 0xff, 0xff, 0x26,  //..@@+.+@%...@@. 
  0x38, 0x4e, 0xe2, 0xff, 0x84, 0x4e, 0xa8, 0xff, 0xd0, 0x94, 0xbe, 0x24, 0xff, 0xff, 0x26,  //.+@@%+%@@%%.@@. 
  0xb6, 0xff, 0xff, 0xff, 0xff, 0xff, 0xff, 0xff, 0xff, 0xff, 0xf6, 0x24, 0xff, 0xff, 0x26,  //%@@@@@@@@@@.@@. 
  0x4e, 0x6e, 0x6e, 0x6e, 0x6e, 0x6c, 0x64, 0x5a, 0x4a, 0x24, 0x02, 0x12, 0xff, 0xff, 0x26,  //+++++++++...@@. 
  0x00, 0x00, 0x00, 0x10, 0x2a, 0x2a, 0x2a, 0x2a, 0x2a, 0x2a, 0x2a, 0x2c, 0x4a, 0x4a, 0x0a,  //............++. 
  0x00, 0x00, 0x00, 0x6a, 0xff, 0xff, 0xff, 0xff, 0xff, 0xff, 0xff, 0xff, 0xff, 0xff, 0x26,  //...+@@@@@@@@@@. 
  0x00, 0x00, 0x00, 0x6a, 0xff, 0xec, 0xb2, 0xb2, 0xb2, 0xb2, 0xb2, 0xb8, 0xff, 0xff, 0x26,  //...+@@%%%%%%@@. 
  0x00, 0x00, 0x00, 0x6a, 0xff, 0xc2, 0x00, 0x00, 0x00, 0x00, 0x00, 0x12, 0xff, 0xff, 0x26,  //...+@@......@@. 
  0x00, 0x00, 0x00, 0x6a, 0xff, 0xc2, 0x00, 0x00, 0x00, 0x00, 0x00, 0x12, 0xff, 0xff, 0x26,  //...+@@......@@. 
  0x00, 0x00, 0x00, 0x6a, 0xff, 0xf8, 0xe6, 0xe6, 0xe6, 0xe6, 0xe6, 0xe8, 0xff, 0xff, 0x26,  //...+@@@@@@@@@@. 
  0x00, 0x00, 0x00, 0x64, 0xee, 0xee, 0xee, 0xee, 0xee, 0xee, 0xee, 0xee, 0xee, 0xee, 0x24,  //...+@@@@@@@@@@. 
  0x00, 0x00, 0x00, 0x00, 0x00, 0x00, 0x00, 0x00, 0x00, 0x00, 0x00, 0x00, 0x00, 0x00, 0x00,  //............... 


  /*Unicode: U+d3c9 (평) , Width: 15 */
  0x00, 0x00, 0x00, 0x00, 0x00, 0x00, 0x00, 0x00, 0x00, 0x00, 0x00, 0x00, 0x00, 0x00, 0x00,  //............... 
  0x00, 0x00, 0x00, 0x00, 0x00, 0x00, 0x00, 0x00, 0x00, 0x00, 0x00, 0x0c, 0xae, 0xae, 0x1a,  //............%%. 
  0x5a, 0xf2, 0xf2, 0xf2, 0xf2, 0xf2, 0xf2, 0xf2, 0xf2, 0xf2, 0x38, 0x12, 0xff, 0xff, 0x26,  //+@@@@@@@@@..@@. 
  0x50, 0xda, 0xda, 0xda, 0xda, 0xda, 0xda, 0xda, 0xda, 0xda, 0x32, 0x12, 0xff, 0xff, 0x26,  //+@@@@@@@@@..@@. 
  0x00, 0x00, 0x92, 0x9a, 0x22, 0x00, 0x50, 0x9a, 0x62, 0x44, 0xba, 0xc0, 0xff, 0xff, 0x26,  //..%%..+%++%@@@. 
  0x00, 0x00, 0xec, 0xff, 0x3c, 0x00, 0x8a, 0xff, 0x9e, 0x50, 0xd6, 0xd8, 0xff, 0xff, 0x26,  //..@@..%@%+@@@@. 
  0x00, 0x00, 0xe4, 0xff, 0x42, 0x00, 0x90, 0xff, 0x96, 0x2a, 0x72, 0x7a, 0xff, 0xff, 0x26,  //..@@+.%@%.++@@. 
  0x00, 0x00, 0xde, 0xff, 0x48, 0x00, 0x96, 0xff, 0x90, 0x5e, 0xff, 0xff, 0xff, 0xff, 0x26,  //..@@+.%@%+@@@@. 
  0x00, 0x00, 0xd6, 0xff, 0x4e, 0x00, 0x9c, 0xff, 0x96, 0x40, 0x86, 0x40, 0xff, 0xff, 0x26,  //..@@+.%@%+%+@@. 
  0xa8, 0xea, 0xfa, 0xff, 0xf0, 0xea, 0xf8, 0xff, 0xff, 0xff, 0xff, 0x26, 0xff, 0xff, 0x26,  //%@@@@@@@@@@.@@. 
  0x90, 0xca, 0xca, 0xca, 0xca, 0xc8, 0xbe, 0xb4, 0xa2, 0x7c, 0x52, 0x16, 0xff, 0xff, 0x26,  //%@@@@@%%%++.@@. 
  0x00, 0x00, 0x00, 0x00, 0x00, 0x00, 0x1c, 0x42, 0x4e, 0x48, 0x2c, 0x12, 0xae, 0xae, 0x1a,  //.......+++..%%. 
  0x00, 0x00, 0x00, 0x00, 0x5e, 0xd6, 0xff, 0xff, 0xff, 0xff, 0xff, 0xee, 0x92, 0x0e, 0x00,  //....+@@@@@@@%.. 
  0x00, 0x00, 0x00, 0x72, 0xff, 0xff, 0xbc, 0x82, 0x70, 0x76, 0xa0, 0xf0, 0xff, 0xd0, 0x04,  //...+@@%%++%@@@. 
  0x00, 0x00, 0x00, 0xe2, 0xff, 0x7a, 0x00, 0x00, 0x00, 0x00, 0x00, 0x24, 0xfc, 0xff, 0x48,  //...@@+......@@+ 
  0x00, 0x00, 0x00, 0xd6, 0xff, 0x9a, 0x00, 0x00, 0x00, 0x00, 0x00, 0x46, 0xff, 0xff, 0x3c,  //...@@%.....+@@. 
  0x00, 0x00, 0x00, 0x52, 0xfa, 0xff, 0xe6, 0xb0, 0x9e, 0xa4, 0xce, 0xff, 0xff, 0xae, 0x00,  //...+@@@%%%@@@%. 
  0x00, 0x00, 0x00, 0x00, 0x32, 0xa4, 0xe8, 0xff, 0xff, 0xff, 0xf6, 0xc2, 0x62, 0x00, 0x00,  //.....%@@@@@@+.. 
  0x00, 0x00, 0x00, 0x00, 0x00, 0x00, 0x00, 0x0e, 0x1a, 0x14, 0x00, 0x00, 0x00, 0x00, 0x00,  //............... 


  /*Unicode: U+d3ec (포) , Width: 16 */
  0x00, 0x00, 0x00, 0x00, 0x00, 0x00, 0x00, 0x00, 0x00, 0x00, 0x00, 0x00, 0x00, 0x00, 0x00, 0x00,  //................ 
  0x00, 0x00, 0x00, 0x00, 0x00, 0x00, 0x00, 0x00, 0x00, 0x00, 0x00, 0x00, 0x00, 0x00, 0x00, 0x00,  //................ 
  0x00, 0x00, 0x00, 0x00, 0x00, 0x00, 0x00, 0x00, 0x00, 0x00, 0x00, 0x00, 0x00, 0x00, 0x00, 0x00,  //................ 
  0x00, 0x00, 0x9a, 0xce, 0xce, 0xce, 0xce, 0xce, 0xce, 0xce, 0xce, 0xce, 0xce, 0x9a, 0x00, 0x00,  //..%@@@@@@@@@@%.. 
  0x00, 0x00, 0xbe, 0xff, 0xff, 0xff, 0xff, 0xff, 0xff, 0xff, 0xff, 0xff, 0xff, 0xbe, 0x00, 0x00,  //..%@@@@@@@@@@%.. 
  0x00, 0x00, 0x08, 0x0a, 0x72, 0x76, 0x28, 0x0a, 0x0a, 0x24, 0x76, 0x72, 0x0a, 0x08, 0x00, 0x00,  //....++....++.... 
  0x00, 0x00, 0x00, 0x00, 0xf0, 0xff, 0x48, 0x00, 0x00, 0x42, 0xff, 0xec, 0x00, 0x00, 0x00, 0x00,  //....@@+..+@@.... 
  0x00, 0x00, 0x00, 0x00, 0xe8, 0xff, 0x4c, 0x00, 0x00, 0x4c, 0xff, 0xe0, 0x00, 0x00, 0x00, 0x00,  //....@@+..+@@.... 
  0x00, 0x00, 0x00, 0x00, 0xe0, 0xff, 0x52, 0x00, 0x00, 0x54, 0xff, 0xd4, 0x00, 0x00, 0x00, 0x00,  //....@@+..+@@.... 
  0x00, 0x00, 0x46, 0x46, 0xe4, 0xff, 0x84, 0x42, 0x42, 0x86, 0xff, 0xd8, 0x46, 0x46, 0x00, 0x00,  //..++@@%++%@@++.. 
  0x00, 0x06, 0xff, 0xff, 0xff, 0xff, 0xff, 0xff, 0xff, 0xff, 0xff, 0xff, 0xff, 0xff, 0x06, 0x00,  //..@@@@@@@@@@@@.. 
  0x00, 0x02, 0x92, 0x92, 0x92, 0x92, 0xaa, 0xff, 0xff, 0x98, 0x92, 0x92, 0x92, 0x92, 0x02, 0x00,  //..%%%%%@@%%%%%.. 
  0x00, 0x00, 0x00, 0x00, 0x00, 0x00, 0x36, 0xff, 0xff, 0x0e, 0x00, 0x00, 0x00, 0x00, 0x00, 0x00,  //.......@@....... 
  0x00, 0x00, 0x00, 0x00, 0x00, 0x00, 0x36, 0xff, 0xff, 0x0e, 0x00, 0x00, 0x00, 0x00, 0x00, 0x00,  //.......@@....... 
  0x6e, 0x92, 0x92, 0x92, 0x92, 0x92, 0xaa, 0xff, 0xff, 0x98, 0x92, 0x92, 0x92, 0x92, 0x92, 0x66,  //+%%%%%%@@%%%%%%+ 
  0xbe, 0xff, 0xff, 0xff, 0xff, 0xff, 0xff, 0xff, 0xff, 0xff, 0xff, 0xff, 0xff, 0xff, 0xff, 0xb2,  //%@@@@@@@@@@@@@@% 
  0x34, 0x46, 0x46, 0x46, 0x46, 0x46, 0x46, 0x46, 0x46, 0x46, 0x46, 0x46, 0x46, 0x46, 0x46, 0x30,  //.++++++++++++++. 
  0x00, 0x00, 0x00, 0x00, 0x00, 0x00, 0x00, 0x00, 0x00, 0x00, 0x00, 0x00, 0x00, 0x00, 0x00, 0x00,  //................ 
  0x00, 0x00, 0x00, 0x00, 0x00, 0x00, 0x00, 0x00, 0x00, 0x00, 0x00, 0x00, 0x00, 0x00, 0x00, 0x00,  //................ 


  /*Unicode: U+d3f4 (폴) , Width: 16 */
  0x00, 0x00, 0x00, 0x00, 0x00, 0x00, 0x00, 0x00, 0x00, 0x00, 0x00, 0x00, 0x00, 0x00, 0x00, 0x00,  //................ 
  0x00, 0x00, 0x58, 0x6a, 0x6a, 0x6a, 0x6a, 0x6a, 0x6a, 0x6a, 0x6a, 0x6a, 0x6a, 0x5c, 0x00, 0x00,  //..++++++++++++.. 
  0x00, 0x00, 0xd2, 0xff, 0xff, 0xff, 0xff, 0xff, 0xff, 0xff, 0xff, 0xff, 0xff, 0xde, 0x00, 0x00,  //..@@@@@@@@@@@@.. 
  0x00, 0x00, 0x40, 0x4e, 0x96, 0x96, 0x60, 0x4e, 0x4e, 0x5e, 0x96, 0x96, 0x4e, 0x44, 0x00, 0x00,  //..++%%++++%%++.. 
  0x00, 0x00, 0x00, 0x00, 0xf2, 0xff, 0x46, 0x00, 0x00, 0x3e, 0xff, 0xf4, 0x00, 0x00, 0x00, 0x00,  //....@@+...@@.... 
  0x00, 0x02, 0x66, 0x66, 0xf0, 0xff, 0x96, 0x66, 0x66, 0x92, 0xff, 0xf0, 0x66, 0x66, 0x02, 0x00,  //..++@@%++%@@++.. 
  0x00, 0x06, 0xff, 0xff, 0xff, 0xff, 0xff, 0xff, 0xff, 0xff, 0xff, 0xff, 0xff, 0xff, 0x0a, 0x00,  //..@@@@@@@@@@@@.. 
  0x00, 0x00, 0x2e, 0x2e, 0x2e, 0x2e, 0x52, 0xff, 0xff, 0x3e, 0x2e, 0x2e, 0x2e, 0x2e, 0x00, 0x00,  //......+@@....... 
  0x8c, 0x9e, 0x9e, 0x9e, 0x9e, 0x9e, 0xae, 0xff, 0xff, 0xa6, 0x9e, 0x9e, 0x9e, 0x9e, 0x9e, 0x8c,  //%%%%%%%@@%%%%%%% 
  0xe2, 0xff, 0xff, 0xff, 0xff, 0xff, 0xff, 0xff, 0xff, 0xff, 0xff, 0xff, 0xff, 0xff, 0xff, 0xe2,  //@@@@@@@@@@@@@@@@ 
  0x16, 0x1a, 0x1c, 0x1e, 0x1e, 0x1e, 0x1e, 0x1e, 0x1e, 0x1e, 0x1e, 0x1e, 0x1e, 0x1c, 0x1a, 0x16,  //................ 
  0x00, 0x00, 0x76, 0xff, 0xff, 0xff, 0xff, 0xff, 0xff, 0xff, 0xff, 0xff, 0xff, 0x72, 0x00, 0x00,  //..+@@@@@@@@@@+.. 
  0x00, 0x00, 0x5c, 0xc6, 0xc6, 0xc6, 0xc6, 0xc6, 0xc6, 0xc6, 0xc6, 0xf2, 0xff, 0x72, 0x00, 0x00,  //..+@@@@@@@@@@+.. 
  0x00, 0x00, 0x30, 0x6a, 0x6a, 0x6a, 0x6a, 0x6a, 0x6a, 0x6a, 0x6a, 0xde, 0xff, 0x72, 0x00, 0x00,  //...++++++++@@+.. 
  0x00, 0x00, 0x76, 0xff, 0xff, 0xff, 0xff, 0xff, 0xff, 0xff, 0xff, 0xff, 0xff, 0x72, 0x00, 0x00,  //..+@@@@@@@@@@+.. 
  0x00, 0x00, 0x76, 0xff, 0xca, 0x3a, 0x3a, 0x3a, 0x3a, 0x3a, 0x3a, 0x3a, 0x3a, 0x1a, 0x00, 0x00,  //..+@@........... 
  0x00, 0x00, 0x76, 0xff, 0xf8, 0xe6, 0xe6, 0xe6, 0xe6, 0xe6, 0xe6, 0xe6, 0xe6, 0xca, 0x00, 0x00,  //..+@@@@@@@@@@@.. 
  0x00, 0x00, 0x68, 0xde, 0xde, 0xde, 0xde, 0xde, 0xde, 0xde, 0xde, 0xde, 0xde, 0xc2, 0x00, 0x00,  //..+@@@@@@@@@@@.. 
  0x00, 0x00, 0x00, 0x00, 0x00, 0x00, 0x00, 0x00, 0x00, 0x00, 0x00, 0x00, 0x00, 0x00, 0x00, 0x00,  //................ 


  /*Unicode: U+d45c (표) , Width: 16 */
  0x00, 0x00, 0x00, 0x00, 0x00, 0x00, 0x00, 0x00, 0x00, 0x00, 0x00, 0x00, 0x00, 0x00, 0x00, 0x00,  //................ 
  0x00, 0x00, 0x00, 0x00, 0x00, 0x00, 0x00, 0x00, 0x00, 0x00, 0x00, 0x00, 0x00, 0x00, 0x00, 0x00,  //................ 
  0x00, 0x00, 0x00, 0x00, 0x00, 0x00, 0x00, 0x00, 0x00, 0x00, 0x00, 0x00, 0x00, 0x00, 0x00, 0x00,  //................ 
  0x00, 0x00, 0xa4, 0xda, 0xda, 0xda, 0xda, 0xda, 0xda, 0xda, 0xda, 0xda, 0xda, 0xaa, 0x00, 0x00,  //..%@@@@@@@@@@%.. 
  0x00, 0x00, 0xbc, 0xfa, 0xfa, 0xfa, 0xfa, 0xfa, 0xfa, 0xfa, 0xfa, 0xfa, 0xfa, 0xc2, 0x00, 0x00,  //..%@@@@@@@@@@@.. 
  0x00, 0x00, 0x00, 0x00, 0x76, 0x76, 0x1a, 0x00, 0x00, 0x18, 0x76, 0x76, 0x00, 0x00, 0x00, 0x00,  //....++....++.... 
  0x00, 0x00, 0x00, 0x00, 0xf8, 0xff, 0x40, 0x00, 0x00, 0x3a, 0xff, 0xfa, 0x00, 0x00, 0x00, 0x00,  //....@@+...@@.... 
  0x00, 0x00, 0x00, 0x00, 0xee, 0xff, 0x46, 0x00, 0x00, 0x3e, 0xff, 0xf2, 0x00, 0x00, 0x00, 0x00,  //....@@+...@@.... 
  0x00, 0x00, 0x00, 0x00, 0xe6, 0xff, 0x4c, 0x00, 0x00, 0x42, 0xff, 0xea, 0x00, 0x00, 0x00, 0x00,  //....@@+..+@@.... 
  0x00, 0x02, 0x86, 0x86, 0xf0, 0xff, 0xaa, 0x82, 0x82, 0xa4, 0xff, 0xf2, 0x86, 0x86, 0x04, 0x00,  //..%%@@%%%%@@%%.. 
  0x00, 0x06, 0xff, 0xff, 0xff, 0xff, 0xff, 0xff, 0xff, 0xff, 0xff, 0xff, 0xff, 0xff, 0x0a, 0x00,  //..@@@@@@@@@@@@.. 
  0x00, 0x00, 0x42, 0x42, 0xa0, 0xff, 0xc4, 0x42, 0x42, 0xa2, 0xff, 0xba, 0x42, 0x42, 0x02, 0x00,  //..++%@@++%@%++.. 
  0x00, 0x00, 0x00, 0x00, 0x7e, 0xff, 0xae, 0x00, 0x00, 0x82, 0xff, 0xa2, 0x00, 0x00, 0x00, 0x00,  //....+@%..%@%.... 
  0x00, 0x00, 0x00, 0x00, 0x7e, 0xff, 0xae, 0x00, 0x00, 0x82, 0xff, 0xa2, 0x00, 0x00, 0x00, 0x00,  //....+@%..%@%.... 
  0x64, 0x86, 0x86, 0x86, 0xc2, 0xff, 0xd8, 0x86, 0x86, 0xc4, 0xff, 0xd2, 0x86, 0x86, 0x86, 0x5e,  //+%%%@@@%%@@@%%%+ 
  0xbe, 0xff, 0xff, 0xff, 0xff, 0xff, 0xff, 0xff, 0xff, 0xff, 0xff, 0xff, 0xff, 0xff, 0xff, 0xb2,  //%@@@@@@@@@@@@@@% 
  0x3e, 0x52, 0x52, 0x52, 0x52, 0x52, 0x52, 0x52, 0x52, 0x52, 0x52, 0x52, 0x52, 0x52, 0x52, 0x3a,  //.++++++++++++++. 
  0x00, 0x00, 0x00, 0x00, 0x00, 0x00, 0x00, 0x00, 0x00, 0x00, 0x00, 0x00, 0x00, 0x00, 0x00, 0x00,  //................ 
  0x00, 0x00, 0x00, 0x00, 0x00, 0x00, 0x00, 0x00, 0x00, 0x00, 0x00, 0x00, 0x00, 0x00, 0x00, 0x00,  //................ 


  /*Unicode: U+d488 (품) , Width: 16 */
  0x00, 0x00, 0x00, 0x00, 0x00, 0x00, 0x00, 0x00, 0x00, 0x00, 0x00, 0x00, 0x00, 0x00, 0x00, 0x00,  //................ 
  0x00, 0x00, 0x36, 0x42, 0x42, 0x42, 0x42, 0x42, 0x42, 0x42, 0x42, 0x42, 0x42, 0x3a, 0x00, 0x00,  //...++++++++++... 
  0x00, 0x00, 0xd2, 0xff, 0xff, 0xff, 0xff, 0xff, 0xff, 0xff, 0xff, 0xff, 0xff, 0xde, 0x00, 0x00,  //..@@@@@@@@@@@@.. 
  0x00, 0x00, 0x6e, 0x86, 0x86, 0x86, 0x86, 0x86, 0x86, 0x86, 0x86, 0x86, 0x86, 0x76, 0x00, 0x00,  //..+%%%%%%%%%%+.. 
  0x00, 0x00, 0x00, 0x00, 0xdc, 0xea, 0x44, 0x00, 0x00, 0x3c, 0xea, 0xde, 0x00, 0x00, 0x00, 0x00,  //....@@+...@@.... 
  0x00, 0x00, 0x00, 0x00, 0xe2, 0xff, 0x54, 0x00, 0x00, 0x4e, 0xff, 0xe2, 0x00, 0x00, 0x00, 0x00,  //....@@+..+@@.... 
  0x00, 0x04, 0xd0, 0xd0, 0xf6, 0xff, 0xe0, 0xce, 0xce, 0xde, 0xff, 0xf6, 0xce, 0xce, 0x08, 0x00,  //..@@@@@@@@@@@@.. 
  0x00, 0x06, 0xf2, 0xf2, 0xf2, 0xf2, 0xf2, 0xf2, 0xf2, 0xf2, 0xf2, 0xf2, 0xf2, 0xf2, 0x0a, 0x00,  //..@@@@@@@@@@@@.. 
  0x00, 0x00, 0x00, 0x00, 0x00, 0x00, 0x00, 0x00, 0x00, 0x00, 0x00, 0x00, 0x00, 0x00, 0x00, 0x00,  //................ 
  0xcc, 0xe6, 0xe6, 0xe6, 0xe6, 0xe6, 0xe6, 0xe6, 0xe6, 0xe6, 0xe6, 0xe6, 0xe6, 0xe6, 0xe6, 0xcc,  //@@@@@@@@@@@@@@@@ 
  0xca, 0xe2, 0xe2, 0xe2, 0xe2, 0xe2, 0xe6, 0xff, 0xff, 0xe4, 0xe2, 0xe2, 0xe2, 0xe2, 0xe2, 0xca,  //@@@@@@@@@@@@@@@@ 
  0x00, 0x00, 0x00, 0x00, 0x00, 0x00, 0x2a, 0xff, 0xff, 0x12, 0x00, 0x00, 0x00, 0x00, 0x00, 0x00,  //.......@@....... 
  0x00, 0x00, 0x52, 0xb6, 0xb6, 0xb6, 0xc2, 0xff, 0xff, 0xbc, 0xb6, 0xb6, 0xb6, 0x4e, 0x00, 0x00,  //..+%%%@@@%%%%+.. 
  0x00, 0x00, 0x72, 0xff, 0xff, 0xff, 0xff, 0xff, 0xff, 0xff, 0xff, 0xff, 0xff, 0x6e, 0x00, 0x00,  //..+@@@@@@@@@@+.. 
  0x00, 0x00, 0x72, 0xff, 0xc0, 0x12, 0x12, 0x12, 0x12, 0x12, 0x12, 0xca, 0xff, 0x6e, 0x00, 0x00,  //..+@@......@@+.. 
  0x00, 0x00, 0x72, 0xff, 0xc2, 0x1e, 0x1e, 0x1e, 0x1e, 0x1e, 0x1e, 0xce, 0xff, 0x6e, 0x00, 0x00,  //..+@@......@@+.. 
  0x00, 0x00, 0x72, 0xff, 0xff, 0xff, 0xff, 0xff, 0xff, 0xff, 0xff, 0xff, 0xff, 0x6e, 0x00, 0x00,  //..+@@@@@@@@@@+.. 
  0x00, 0x00, 0x52, 0xb6, 0xb6, 0xb6, 0xb6, 0xb6, 0xb6, 0xb6, 0xb6, 0xb6, 0xb6, 0x4e, 0x00, 0x00,  //..+%%%%%%%%%%+.. 
  0x00, 0x00, 0x00, 0x00, 0x00, 0x00, 0x00, 0x00, 0x00, 0x00, 0x00, 0x00, 0x00, 0x00, 0x00, 0x00,  //................ 


  /*Unicode: U+d4e8 (퓨) , Width: 16 */
  0x00, 0x00, 0x00, 0x00, 0x00, 0x00, 0x00, 0x00, 0x00, 0x00, 0x00, 0x00, 0x00, 0x00, 0x00, 0x00,  //................ 
  0x00, 0x00, 0x32, 0x46, 0x46, 0x46, 0x46, 0x46, 0x46, 0x46, 0x46, 0x46, 0x46, 0x32, 0x00, 0x00,  //...++++++++++... 
  0x00, 0x00, 0xb6, 0xff, 0xff, 0xff, 0xff, 0xff, 0xff, 0xff, 0xff, 0xff, 0xff, 0xba, 0x00, 0x00,  //..%@@@@@@@@@@%.. 
  0x00, 0x00, 0x68, 0x92, 0x92, 0x92, 0x92, 0x92, 0x92, 0x92, 0x92, 0x92, 0x92, 0x6a, 0x00, 0x00,  //..+%%%%%%%%%%+.. 
  0x00, 0x00, 0x00, 0x00, 0xd6, 0xe2, 0x40, 0x00, 0x00, 0x38, 0xe2, 0xd4, 0x00, 0x00, 0x00, 0x00,  //....@@+...@@.... 
  0x00, 0x00, 0x00, 0x00, 0xe8, 0xff, 0x50, 0x00, 0x00, 0x4a, 0xff, 0xe0, 0x00, 0x00, 0x00, 0x00,  //....@@+..+@@.... 
  0x00, 0x00, 0x00, 0x00, 0xde, 0xff, 0x58, 0x00, 0x00, 0x56, 0xff, 0xd2, 0x00, 0x00, 0x00, 0x00,  //....@@+..+@@.... 
  0x00, 0x00, 0xbe, 0xbe, 0xf4, 0xff, 0xd6, 0xbe, 0xbe, 0xd6, 0xff, 0xf0, 0xbe, 0xbe, 0x02, 0x00,  //..%%@@@%%@@@%%.. 
  0x00, 0x00, 0xff, 0xff, 0xff, 0xff, 0xff, 0xff, 0xff, 0xff, 0xff, 0xff, 0xff, 0xff, 0x02, 0x00,  //..@@@@@@@@@@@@.. 
  0x00, 0x00, 0x12, 0x12, 0x12, 0x12, 0x12, 0x12, 0x12, 0x12, 0x12, 0x12, 0x12, 0x12, 0x00, 0x00,  //................ 
  0x74, 0x9a, 0x9a, 0x9a, 0x9a, 0x9a, 0x9a, 0x9a, 0x9a, 0x9a, 0x9a, 0x9a, 0x9a, 0x9a, 0x9a, 0x6c,  //+%%%%%%%%%%%%%%+ 
  0xbe, 0xff, 0xff, 0xff, 0xff, 0xff, 0xff, 0xff, 0xff, 0xff, 0xff, 0xff, 0xff, 0xff, 0xff, 0xb2,  //%@@@@@@@@@@@@@@% 
  0x2e, 0x3e, 0x3e, 0x3e, 0xb6, 0xff, 0xb0, 0x3e, 0x3e, 0x6c, 0xff, 0xfc, 0x3e, 0x3e, 0x3e, 0x2c,  //....%@%..+@@.... 
  0x00, 0x00, 0x00, 0x00, 0x9e, 0xff, 0x96, 0x00, 0x00, 0x3a, 0xff, 0xfa, 0x00, 0x00, 0x00, 0x00,  //....%@%...@@.... 
  0x00, 0x00, 0x00, 0x00, 0x9e, 0xff, 0x96, 0x00, 0x00, 0x3a, 0xff, 0xfa, 0x00, 0x00, 0x00, 0x00,  //....%@%...@@.... 
  0x00, 0x00, 0x00, 0x00, 0x9e, 0xff, 0x96, 0x00, 0x00, 0x3a, 0xff, 0xfa, 0x00, 0x00, 0x00, 0x00,  //....%@%...@@.... 
  0x00, 0x00, 0x00, 0x00, 0x9e, 0xff, 0x96, 0x00, 0x00, 0x3a, 0xff, 0xfa, 0x00, 0x00, 0x00, 0x00,  //....%@%...@@.... 
  0x00, 0x00, 0x00, 0x00, 0x76, 0xbe, 0x70, 0x00, 0x00, 0x2c, 0xbe, 0xbc, 0x00, 0x00, 0x00, 0x00,  //....+%+...%%.... 
  0x00, 0x00, 0x00, 0x00, 0x00, 0x00, 0x00, 0x00, 0x00, 0x00, 0x00, 0x00, 0x00, 0x00, 0x00, 0x00,  //................ 


  /*Unicode: U+d504 (프) , Width: 16 */
  0x00, 0x00, 0x00, 0x00, 0x00, 0x00, 0x00, 0x00, 0x00, 0x00, 0x00, 0x00, 0x00, 0x00, 0x00, 0x00,  //................ 
  0x00, 0x00, 0x00, 0x00, 0x00, 0x00, 0x00, 0x00, 0x00, 0x00, 0x00, 0x00, 0x00, 0x00, 0x00, 0x00,  //................ 
  0x00, 0x00, 0x00, 0x00, 0x00, 0x00, 0x00, 0x00, 0x00, 0x00, 0x00, 0x00, 0x00, 0x00, 0x00, 0x00,  //................ 
  0x00, 0x00, 0x8e, 0xbe, 0xbe, 0xbe, 0xbe, 0xbe, 0xbe, 0xbe, 0xbe, 0xbe, 0xbe, 0x94, 0x00, 0x00,  //..%%%%%%%%%%%%.. 
  0x00, 0x00, 0xbe, 0xff, 0xff, 0xff, 0xff, 0xff, 0xff, 0xff, 0xff, 0xff, 0xff, 0xc6, 0x00, 0x00,  //..%@@@@@@@@@@@.. 
  0x00, 0x00, 0x14, 0x1e, 0x76, 0x76, 0x2c, 0x1a, 0x1a, 0x28, 0x76, 0x76, 0x22, 0x14, 0x00, 0x00,  //....++....++.... 
  0x00, 0x00, 0x00, 0x04, 0xff, 0xff, 0x32, 0x00, 0x00, 0x2a, 0xff, 0xff, 0x0c, 0x00, 0x00, 0x00,  //....@@....@@.... 
  0x00, 0x00, 0x00, 0x00, 0xfc, 0xff, 0x36, 0x00, 0x00, 0x32, 0xff, 0xfc, 0x00, 0x00, 0x00, 0x00,  //....@@....@@.... 
  0x00, 0x00, 0x00, 0x00, 0xf6, 0xff, 0x3c, 0x00, 0x00, 0x3c, 0xff, 0xf2, 0x00, 0x00, 0x00, 0x00,  //....@@....@@.... 
  0x00, 0x00, 0x26, 0x26, 0xf0, 0xff, 0x5a, 0x22, 0x22, 0x5c, 0xff, 0xea, 0x26, 0x26, 0x00, 0x00,  //....@@+..+@@.... 
  0x00, 0x06, 0xff, 0xff, 0xff, 0xff, 0xff, 0xff, 0xff, 0xff, 0xff, 0xff, 0xff, 0xff, 0x0a, 0x00,  //..@@@@@@@@@@@@.. 
  0x00, 0x04, 0xae, 0xae, 0xae, 0xae, 0xae, 0xae, 0xae, 0xae, 0xae, 0xae, 0xae, 0xae, 0x06, 0x00,  //..%%%%%%%%%%%%.. 
  0x00, 0x00, 0x00, 0x00, 0x00, 0x00, 0x00, 0x00, 0x00, 0x00, 0x00, 0x00, 0x00, 0x00, 0x00, 0x00,  //................ 
  0x00, 0x00, 0x00, 0x00, 0x00, 0x00, 0x00, 0x00, 0x00, 0x00, 0x00, 0x00, 0x00, 0x00, 0x00, 0x00,  //................ 
  0x7c, 0xa6, 0xa6, 0xa6, 0xa6, 0xa6, 0xa6, 0xa6, 0xa6, 0xa6, 0xa6, 0xa6, 0xa6, 0xa6, 0xa6, 0x74,  //+%%%%%%%%%%%%%%+ 
  0xbe, 0xff, 0xff, 0xff, 0xff, 0xff, 0xff, 0xff, 0xff, 0xff, 0xff, 0xff, 0xff, 0xff, 0xff, 0xb2,  //%@@@@@@@@@@@@@@% 
  0x28, 0x36, 0x36, 0x36, 0x36, 0x36, 0x36, 0x36, 0x36, 0x36, 0x36, 0x36, 0x36, 0x36, 0x36, 0x26,  //................ 
  0x00, 0x00, 0x00, 0x00, 0x00, 0x00, 0x00, 0x00, 0x00, 0x00, 0x00, 0x00, 0x00, 0x00, 0x00, 0x00,  //................ 
  0x00, 0x00, 0x00, 0x00, 0x00, 0x00, 0x00, 0x00, 0x00, 0x00, 0x00, 0x00, 0x00, 0x00, 0x00, 0x00,  //................ 


  /*Unicode: U+d50c (플) , Width: 16 */
  0x00, 0x00, 0x00, 0x00, 0x00, 0x00, 0x00, 0x00, 0x00, 0x00, 0x00, 0x00, 0x00, 0x00, 0x00, 0x00,  //................ 
  0x00, 0x00, 0x58, 0x6a, 0x6a, 0x6a, 0x6a, 0x6a, 0x6a, 0x6a, 0x6a, 0x6a, 0x6a, 0x5c, 0x00, 0x00,  //..++++++++++++.. 
  0x00, 0x00, 0xd2, 0xff, 0xff, 0xff, 0xff, 0xff, 0xff, 0xff, 0xff, 0xff, 0xff, 0xde, 0x00, 0x00,  //..@@@@@@@@@@@@.. 
  0x00, 0x00, 0x40, 0x4e, 0x96, 0x96, 0x60, 0x4e, 0x4e, 0x5e, 0x96, 0x96, 0x4e, 0x44, 0x00, 0x00,  //..++%%++++%%++.. 
  0x00, 0x00, 0x00, 0x00, 0xf4, 0xff, 0x46, 0x00, 0x00, 0x3e, 0xff, 0xf4, 0x00, 0x00, 0x00, 0x00,  //....@@+...@@.... 
  0x00, 0x02, 0x5e, 0x5e, 0xf0, 0xff, 0x90, 0x5e, 0x5e, 0x8c, 0xff, 0xf0, 0x5e, 0x5e, 0x02, 0x00,  //..++@@%++%@@++.. 
  0x00, 0x06, 0xff, 0xff, 0xff, 0xff, 0xff, 0xff, 0xff, 0xff, 0xff, 0xff, 0xff, 0xff, 0x0a, 0x00,  //..@@@@@@@@@@@@.. 
  0x00, 0x00, 0x3a, 0x3a, 0x3a, 0x3a, 0x3a, 0x3a, 0x3a, 0x3a, 0x3a, 0x3a, 0x3a, 0x3a, 0x00, 0x00,  //................ 
  0xc2, 0xda, 0xda, 0xda, 0xda, 0xda, 0xda, 0xda, 0xda, 0xda, 0xda, 0xda, 0xda, 0xda, 0xda, 0xc2,  //@@@@@@@@@@@@@@@@ 
  0xc6, 0xde, 0xde, 0xde, 0xde, 0xde, 0xde, 0xde, 0xde, 0xde, 0xde, 0xde, 0xde, 0xde, 0xde, 0xc6,  //@@@@@@@@@@@@@@@@ 
  0x00, 0x00, 0x08, 0x12, 0x12, 0x12, 0x12, 0x12, 0x12, 0x12, 0x12, 0x12, 0x12, 0x08, 0x00, 0x00,  //................ 
  0x00, 0x00, 0x76, 0xff, 0xff, 0xff, 0xff, 0xff, 0xff, 0xff, 0xff, 0xff, 0xff, 0x72, 0x00, 0x00,  //..+@@@@@@@@@@+.. 
  0x00, 0x00, 0x52, 0xb2, 0xb2, 0xb2, 0xb2, 0xb2, 0xb2, 0xb2, 0xb2, 0xee, 0xff, 0x72, 0x00, 0x00,  //..+%%%%%%%%@@+.. 
  0x00, 0x00, 0x34, 0x72, 0x72, 0x72, 0x72, 0x72, 0x72, 0x72, 0x72, 0xe0, 0xff, 0x72, 0x00, 0x00,  //...++++++++@@+.. 
  0x00, 0x00, 0x76, 0xff, 0xff, 0xff, 0xff, 0xff, 0xff, 0xff, 0xff, 0xff, 0xff, 0x72, 0x00, 0x00,  //..+@@@@@@@@@@+.. 
  0x00, 0x00, 0x76, 0xff, 0xc6, 0x2e, 0x2e, 0x2e, 0x2e, 0x2e, 0x2e, 0x2e, 0x2e, 0x14, 0x00, 0x00,  //..+@@........... 
  0x00, 0x00, 0x76, 0xff, 0xf8, 0xe6, 0xe6, 0xe6, 0xe6, 0xe6, 0xe6, 0xe6, 0xe6, 0xca, 0x00, 0x00,  //..+@@@@@@@@@@@.. 
  0x00, 0x00, 0x68, 0xde, 0xde, 0xde, 0xde, 0xde, 0xde, 0xde, 0xde, 0xde, 0xde, 0xc2, 0x00, 0x00,  //..+@@@@@@@@@@@.. 
  0x00, 0x00, 0x00, 0x00, 0x00, 0x00, 0x00, 0x00, 0x00, 0x00, 0x00, 0x00, 0x00, 0x00, 0x00, 0x00,  //................ 


  /*Unicode: U+d544 (필) , Width: 15 */
  0x00, 0x00, 0x00, 0x00, 0x00, 0x00, 0x00, 0x00, 0x00, 0x00, 0x00, 0x00, 0x00, 0x00, 0x00,  //............... 
  0x00, 0x00, 0x00, 0x00, 0x00, 0x00, 0x00, 0x00, 0x00, 0x00, 0x00, 0x08, 0x86, 0x86, 0x14,  //............%%. 
  0x4a, 0xc6, 0xc6, 0xc6, 0xc6, 0xc6, 0xc6, 0xc6, 0xc6, 0xc6, 0x62, 0x12, 0xff, 0xff, 0x26,  //+@@@@@@@@@+.@@. 
  0x5e, 0xff, 0xff, 0xff, 0xff, 0xff, 0xff, 0xff, 0xff, 0xff, 0x7e, 0x12, 0xff, 0xff, 0x26,  //+@@@@@@@@@+.@@. 
  0x00, 0x00, 0x72, 0x76, 0x14, 0x00, 0x00, 0x6a, 0x76, 0x1c, 0x00, 0x12, 0xff, 0xff, 0x26,  //..++...++...@@. 
  0x00, 0x00, 0xf4, 0xff, 0x32, 0x00, 0x00, 0xe6, 0xff, 0x3a, 0x00, 0x12, 0xff, 0xff, 0x26,  //..@@...@@...@@. 
  0x00, 0x00, 0xf2, 0xff, 0x36, 0x00, 0x00, 0xea, 0xff, 0x36, 0x00, 0x12, 0xff, 0xff, 0x26,  //..@@...@@...@@. 
  0x34, 0x4a, 0xf4, 0xff, 0x74, 0x4a, 0x4a, 0xf2, 0xff, 0x9e, 0xa4, 0x6c, 0xff, 0xff, 0x26,  //.+@@+++@@%%+@@. 
  0xb6, 0xff, 0xff, 0xff, 0xff, 0xff, 0xff, 0xff, 0xff, 0xff, 0xff, 0x82, 0xff, 0xff, 0x26,  //%@@@@@@@@@@%@@. 
  0x58, 0x7a, 0x7a, 0x7a, 0x7a, 0x7a, 0x74, 0x6a, 0x5e, 0x3e, 0x12, 0x0e, 0xd2, 0xd2, 0x20,  //+++++++++...@@. 
  0x00, 0x00, 0x00, 0x3a, 0x76, 0x76, 0x76, 0x76, 0x76, 0x76, 0x76, 0x76, 0x76, 0x76, 0x10,  //....++++++++++. 
  0x00, 0x00, 0x00, 0x7e, 0xff, 0xff, 0xff, 0xff, 0xff, 0xff, 0xff, 0xff, 0xff, 0xff, 0x26,  //...+@@@@@@@@@@. 
  0x00, 0x00, 0x00, 0x2c, 0x5a, 0x5a, 0x5a, 0x5a, 0x5a, 0x5a, 0x5a, 0x64, 0xff, 0xff, 0x26,  //....++++++++@@. 
  0x00, 0x00, 0x00, 0x52, 0xa6, 0xa6, 0xa6, 0xa6, 0xa6, 0xa6, 0xa6, 0xac, 0xff, 0xff, 0x26,  //...+%%%%%%%%@@. 
  0x00, 0x00, 0x00, 0x7e, 0xff, 0xff, 0xff, 0xff, 0xff, 0xff, 0xff, 0xff, 0xff, 0xff, 0x26,  //...+@@@@@@@@@@. 
  0x00, 0x00, 0x00, 0x7e, 0xff, 0xb8, 0x26, 0x26, 0x26, 0x26, 0x26, 0x26, 0x26, 0x26, 0x04,  //...+@%......... 
  0x00, 0x00, 0x00, 0x7e, 0xff, 0xf2, 0xda, 0xda, 0xda, 0xda, 0xda, 0xda, 0xda, 0xda, 0x68,  //...+@@@@@@@@@@+ 
  0x00, 0x00, 0x00, 0x7c, 0xfa, 0xfa, 0xfa, 0xfa, 0xfa, 0xfa, 0xfa, 0xfa, 0xfa, 0xfa, 0x78,  //...+@@@@@@@@@@+ 
  0x00, 0x00, 0x00, 0x00, 0x00, 0x00, 0x00, 0x00, 0x00, 0x00, 0x00, 0x00, 0x00, 0x00, 0x00,  //............... 


  /*Unicode: U+d558 (하) , Width: 16 */
  0x00, 0x00, 0x00, 0x00, 0x00, 0x00, 0x00, 0x00, 0x00, 0x00, 0x00, 0x00, 0x00, 0x00, 0x00, 0x00,  //................ 
  0x00, 0x00, 0x02, 0x06, 0x06, 0x06, 0x06, 0x06, 0x02, 0x00, 0x00, 0x78, 0x96, 0x40, 0x00, 0x00,  //...........+%+.. 
  0x00, 0x00, 0x8e, 0xff, 0xff, 0xff, 0xff, 0xff, 0x6e, 0x00, 0x00, 0xca, 0xff, 0x6e, 0x00, 0x00,  //..%@@@@@+..@@+.. 
  0x00, 0x00, 0x7c, 0xde, 0xde, 0xde, 0xde, 0xde, 0x60, 0x00, 0x00, 0xca, 0xff, 0x6e, 0x00, 0x00,  //..+@@@@@+..@@+.. 
  0x12, 0x1a, 0x1a, 0x1a, 0x1a, 0x1a, 0x1a, 0x1a, 0x1a, 0x1a, 0x10, 0xca, 0xff, 0x6e, 0x00, 0x00,  //...........@@+.. 
  0xb6, 0xff, 0xff, 0xff, 0xff, 0xff, 0xff, 0xff, 0xff, 0xff, 0x9a, 0xca, 0xff, 0x6e, 0x00, 0x00,  //%@@@@@@@@@%@@+.. 
  0x86, 0xba, 0xba, 0xba, 0xba, 0xba, 0xba, 0xba, 0xba, 0xba, 0x70, 0xca, 0xff, 0x6e, 0x00, 0x00,  //%%%%%%%%%%+@@+.. 
  0x00, 0x00, 0x00, 0x28, 0x7a, 0x90, 0x76, 0x24, 0x00, 0x00, 0x00, 0xca, 0xff, 0x6e, 0x00, 0x00,  //....+%+....@@+.. 
  0x00, 0x00, 0x78, 0xfa, 0xff, 0xff, 0xff, 0xfa, 0x66, 0x00, 0x00, 0xca, 0xff, 0xea, 0xda, 0xda,  //..+@@@@@+..@@@@@ 
  0x00, 0x40, 0xff, 0xfa, 0x78, 0x3c, 0x84, 0xff, 0xf8, 0x28, 0x00, 0xca, 0xff, 0xff, 0xff, 0xff,  //.+@@+.%@@..@@@@@ 
  0x00, 0x98, 0xff, 0xa0, 0x00, 0x00, 0x00, 0xb6, 0xff, 0x82, 0x00, 0xca, 0xff, 0x70, 0x02, 0x02,  //.%@%...%@%.@@+.. 
  0x00, 0x9e, 0xff, 0x92, 0x00, 0x00, 0x00, 0xa6, 0xff, 0x8a, 0x00, 0xca, 0xff, 0x6e, 0x00, 0x00,  //.%@%...%@%.@@+.. 
  0x00, 0x56, 0xff, 0xf0, 0x46, 0x0e, 0x52, 0xf8, 0xff, 0x40, 0x00, 0xca, 0xff, 0x6e, 0x00, 0x00,  //.+@@+.+@@+.@@+.. 
  0x00, 0x00, 0xa6, 0xff, 0xff, 0xff, 0xff, 0xff, 0x94, 0x00, 0x00, 0xca, 0xff, 0x6e, 0x00, 0x00,  //..%@@@@@%..@@+.. 
  0x00, 0x00, 0x00, 0x54, 0xac, 0xc0, 0xa8, 0x52, 0x00, 0x00, 0x00, 0xca, 0xff, 0x6e, 0x00, 0x00,  //...+%@%+...@@+.. 
  0x00, 0x00, 0x00, 0x00, 0x00, 0x00, 0x00, 0x00, 0x00, 0x00, 0x00, 0xca, 0xff, 0x6e, 0x00, 0x00,  //...........@@+.. 
  0x00, 0x00, 0x00, 0x00, 0x00, 0x00, 0x00, 0x00, 0x00, 0x00, 0x00, 0xca, 0xff, 0x6e, 0x00, 0x00,  //...........@@+.. 
  0x00, 0x00, 0x00, 0x00, 0x00, 0x00, 0x00, 0x00, 0x00, 0x00, 0x00, 0xca, 0xff, 0x6e, 0x00, 0x00,  //...........@@+.. 
  0x00, 0x00, 0x00, 0x00, 0x00, 0x00, 0x00, 0x00, 0x00, 0x00, 0x00, 0x08, 0x0a, 0x04, 0x00, 0x00,  //................ 


  /*Unicode: U+d55c (한) , Width: 16 */
  0x00, 0x00, 0x00, 0x00, 0x00, 0x00, 0x00, 0x00, 0x00, 0x00, 0x00, 0x00, 0x00, 0x00, 0x00, 0x00,  //................ 
  0x00, 0x00, 0x32, 0x52, 0x52, 0x52, 0x52, 0x52, 0x1a, 0x00, 0x00, 0x5c, 0x72, 0x2c, 0x00, 0x00,  //...+++++...++... 
  0x00, 0x00, 0x9a, 0xff, 0xff, 0xff, 0xff, 0xff, 0x56, 0x00, 0x00, 0xce, 0xff, 0x62, 0x00, 0x00,  //..%@@@@@+..@@+.. 
  0x00, 0x00, 0x44, 0x72, 0x72, 0x72, 0x72, 0x72, 0x26, 0x00, 0x00, 0xce, 0xff, 0x62, 0x00, 0x00,  //..++++++...@@+.. 
  0x88, 0xb2, 0xb2, 0xb2, 0xb2, 0xb2, 0xb2, 0xb2, 0xb2, 0xb2, 0x3e, 0xce, 0xff, 0x62, 0x00, 0x00,  //%%%%%%%%%%.@@+.. 
  0xc2, 0xff, 0xff, 0xff, 0xff, 0xff, 0xff, 0xff, 0xff, 0xff, 0x5a, 0xce, 0xff, 0x62, 0x00, 0x00,  //@@@@@@@@@@+@@+.. 
  0x02, 0x02, 0x02, 0x30, 0x66, 0x7c, 0x5c, 0x1a, 0x02, 0x02, 0x00, 0xce, 0xff, 0x62, 0x00, 0x00,  //....+++....@@+.. 
  0x00, 0x00, 0x9e, 0xfc, 0xff, 0xff, 0xff, 0xf2, 0x6a, 0x00, 0x00, 0xce, 0xff, 0xf2, 0xea, 0xd4,  //..%@@@@@+..@@@@@ 
  0x00, 0x66, 0xff, 0xd8, 0x42, 0x26, 0x5e, 0xf6, 0xfc, 0x2a, 0x00, 0xce, 0xff, 0xfc, 0xfa, 0xe2,  //.+@@+.+@@..@@@@@ 
  0x00, 0x98, 0xff, 0x80, 0x00, 0x00, 0x00, 0xc6, 0xff, 0x5a, 0x00, 0xce, 0xff, 0x62, 0x00, 0x00,  //.%@%...@@+.@@+.. 
  0x00, 0x5a, 0xff, 0xe6, 0x60, 0x46, 0x7e, 0xfc, 0xf8, 0x20, 0x00, 0xce, 0xff, 0x62, 0x00, 0x00,  //.+@@+++@@..@@+.. 
  0x00, 0x00, 0x80, 0xf6, 0xff, 0xff, 0xff, 0xe2, 0x52, 0x00, 0x00, 0xce, 0xff, 0x62, 0x00, 0x00,  //..%@@@@@+..@@+.. 
  0x00, 0x00, 0x00, 0x10, 0x3e, 0x54, 0x34, 0x06, 0x00, 0x00, 0x00, 0xce, 0xff, 0x62, 0x00, 0x00,  //.....+.....@@+.. 
  0x00, 0x00, 0x00, 0x56, 0x56, 0x12, 0x00, 0x00, 0x00, 0x00, 0x00, 0xce, 0xff, 0x62, 0x00, 0x00,  //...++......@@+.. 
  0x00, 0x00, 0x06, 0xff, 0xff, 0x36, 0x00, 0x00, 0x00, 0x00, 0x00, 0x28, 0x32, 0x12, 0x00, 0x00,  //...@@........... 
  0x00, 0x00, 0x06, 0xff, 0xff, 0x36, 0x00, 0x00, 0x00, 0x00, 0x00, 0x00, 0x00, 0x00, 0x00, 0x00,  //...@@........... 
  0x00, 0x00, 0x06, 0xff, 0xff, 0xfa, 0xfa, 0xfa, 0xfa, 0xfa, 0xfa, 0xfa, 0xfa, 0xb8, 0x00, 0x00,  //...@@@@@@@@@@%.. 
  0x00, 0x00, 0x06, 0xe6, 0xe6, 0xe6, 0xe6, 0xe6, 0xe6, 0xe6, 0xe6, 0xe6, 0xe6, 0xa8, 0x00, 0x00,  //...@@@@@@@@@@%.. 
  0x00, 0x00, 0x00, 0x00, 0x00, 0x00, 0x00, 0x00, 0x00, 0x00, 0x00, 0x00, 0x00, 0x00, 0x00, 0x00,  //................ 


  /*Unicode: U+d560 (할) , Width: 16 */
  0x00, 0x00, 0x00, 0x00, 0x00, 0x00, 0x00, 0x00, 0x00, 0x00, 0x00, 0x00, 0x00, 0x00, 0x00, 0x00,  //................ 
  0x00, 0x00, 0x56, 0x8e, 0x8e, 0x8e, 0x8e, 0x8e, 0x30, 0x00, 0x00, 0x62, 0x7a, 0x2e, 0x00, 0x00,  //..+%%%%%...++... 
  0x00, 0x00, 0x9a, 0xff, 0xff, 0xff, 0xff, 0xff, 0x56, 0x00, 0x00, 0xce, 0xff, 0x62, 0x00, 0x00,  //..%@@@@@+..@@+.. 
  0x38, 0x4a, 0x4a, 0x4a, 0x4a, 0x4a, 0x4a, 0x4a, 0x4a, 0x4a, 0x1a, 0xce, 0xff, 0x62, 0x00, 0x00,  //.+++++++++.@@+.. 
  0xc2, 0xff, 0xff, 0xff, 0xff, 0xff, 0xff, 0xff, 0xff, 0xff, 0x5a, 0xce, 0xff, 0x62, 0x00, 0x00,  //@@@@@@@@@@+@@+.. 
  0x28, 0x36, 0x36, 0x5a, 0x88, 0x9a, 0x80, 0x48, 0x36, 0x36, 0x12, 0xce, 0xff, 0xa2, 0x66, 0x5c,  //...+%%%+...@@%++ 
  0x00, 0x06, 0xaa, 0xfc, 0xff, 0xff, 0xff, 0xf2, 0x7a, 0x00, 0x00, 0xce, 0xff, 0xff, 0xff, 0xe6,  //..%@@@@@+..@@@@@ 
  0x00, 0x76, 0xff, 0xc6, 0x24, 0x0c, 0x3e, 0xee, 0xff, 0x36, 0x00, 0xce, 0xff, 0xac, 0x76, 0x6a,  //.+@@...@@..@@%++ 
  0x00, 0x82, 0xff, 0xb2, 0x06, 0x00, 0x1a, 0xe6, 0xff, 0x44, 0x00, 0xce, 0xff, 0x62, 0x00, 0x00,  //.%@%...@@+.@@+.. 
  0x00, 0x14, 0xd2, 0xff, 0xf6, 0xe8, 0xfc, 0xff, 0xa4, 0x00, 0x00, 0xce, 0xff, 0x62, 0x00, 0x00,  //..@@@@@@%..@@+.. 
  0x00, 0x00, 0x02, 0x4e, 0x7e, 0x92, 0x76, 0x32, 0x00, 0x00, 0x00, 0x6a, 0x82, 0x32, 0x00, 0x00,  //...++%+....+%... 
  0x00, 0x00, 0x1e, 0xc6, 0xc6, 0xc6, 0xc6, 0xc6, 0xc6, 0xc6, 0xc6, 0xc6, 0xc6, 0x4c, 0x00, 0x00,  //...@@@@@@@@@@+.. 
  0x00, 0x00, 0x24, 0xf2, 0xf2, 0xf2, 0xf2, 0xf2, 0xf2, 0xf2, 0xf2, 0xfc, 0xff, 0x62, 0x00, 0x00,  //...@@@@@@@@@@+.. 
  0x00, 0x00, 0x08, 0x42, 0x42, 0x42, 0x42, 0x42, 0x42, 0x42, 0x42, 0xd8, 0xff, 0x62, 0x00, 0x00,  //...++++++++@@+.. 
  0x00, 0x00, 0x26, 0xff, 0xff, 0xff, 0xff, 0xff, 0xff, 0xff, 0xff, 0xff, 0xff, 0x62, 0x00, 0x00,  //...@@@@@@@@@@+.. 
  0x00, 0x00, 0x26, 0xff, 0xff, 0x68, 0x5e, 0x5e, 0x5e, 0x5e, 0x5e, 0x5e, 0x5e, 0x24, 0x00, 0x00,  //...@@++++++++... 
  0x00, 0x00, 0x26, 0xff, 0xff, 0xba, 0xb6, 0xb6, 0xb6, 0xb6, 0xb6, 0xb6, 0xb6, 0x86, 0x00, 0x00,  //...@@%%%%%%%%%.. 
  0x00, 0x00, 0x26, 0xff, 0xff, 0xff, 0xff, 0xff, 0xff, 0xff, 0xff, 0xff, 0xff, 0xba, 0x00, 0x00,  //...@@@@@@@@@@%.. 
  0x00, 0x00, 0x00, 0x02, 0x02, 0x02, 0x02, 0x02, 0x02, 0x02, 0x02, 0x02, 0x02, 0x00, 0x00, 0x00,  //................ 


  /*Unicode: U+d569 (합) , Width: 16 */
  0x00, 0x00, 0x00, 0x00, 0x00, 0x00, 0x00, 0x00, 0x00, 0x00, 0x00, 0x00, 0x00, 0x00, 0x00, 0x00,  //................ 
  0x00, 0x00, 0x50, 0x86, 0x86, 0x86, 0x86, 0x86, 0x2c, 0x00, 0x00, 0x5c, 0x72, 0x2c, 0x00, 0x00,  //..+%%%%%...++... 
  0x00, 0x00, 0x9a, 0xff, 0xff, 0xff, 0xff, 0xff, 0x56, 0x00, 0x00, 0xce, 0xff, 0x62, 0x00, 0x00,  //..%@@@@@+..@@+.. 
  0x1a, 0x22, 0x2e, 0x36, 0x36, 0x36, 0x36, 0x36, 0x28, 0x22, 0x0a, 0xce, 0xff, 0x62, 0x00, 0x00,  //...........@@+.. 
  0xc2, 0xff, 0xff, 0xff, 0xff, 0xff, 0xff, 0xff, 0xff, 0xff, 0x5a, 0xce, 0xff, 0x62, 0x00, 0x00,  //@@@@@@@@@@+@@+.. 
  0x50, 0x6a, 0x6a, 0x6a, 0x76, 0x8a, 0x70, 0x6a, 0x6a, 0x6a, 0x24, 0xce, 0xff, 0x92, 0x4e, 0x46,  //+++++%++++.@@%++ 
  0x00, 0x00, 0x5a, 0xd8, 0xff, 0xff, 0xfc, 0xba, 0x32, 0x00, 0x00, 0xce, 0xff, 0xff, 0xff, 0xe6,  //..+@@@@%...@@@@@ 
  0x00, 0x4a, 0xff, 0xec, 0x7c, 0x64, 0x96, 0xff, 0xf2, 0x18, 0x00, 0xce, 0xff, 0xb4, 0x86, 0x7a,  //.+@@++%@@..@@%%+ 
  0x00, 0x8e, 0xff, 0x90, 0x00, 0x00, 0x00, 0xd4, 0xff, 0x52, 0x00, 0xce, 0xff, 0x62, 0x00, 0x00,  //.%@%...@@+.@@+.. 
  0x00, 0x48, 0xff, 0xf2, 0x8a, 0x70, 0xa6, 0xff, 0xf0, 0x18, 0x00, 0xce, 0xff, 0x62, 0x00, 0x00,  //.+@@%+%@@..@@+.. 
  0x00, 0x00, 0x56, 0xd4, 0xff, 0xff, 0xfa, 0xb6, 0x30, 0x00, 0x00, 0xce, 0xff, 0x62, 0x00, 0x00,  //..+@@@@%...@@+.. 
  0x00, 0x00, 0x00, 0x0a, 0x14, 0x1c, 0x02, 0x00, 0x00, 0x00, 0x00, 0x3c, 0x4a, 0x1c, 0x00, 0x00,  //............+... 
  0x00, 0x00, 0x16, 0xff, 0xff, 0x22, 0x00, 0x00, 0x00, 0x00, 0x00, 0xca, 0xff, 0x62, 0x00, 0x00,  //...@@......@@+.. 
  0x00, 0x00, 0x16, 0xff, 0xff, 0xd2, 0xca, 0xca, 0xca, 0xca, 0xca, 0xf4, 0xff, 0x62, 0x00, 0x00,  //...@@@@@@@@@@+.. 
  0x00, 0x00, 0x16, 0xff, 0xff, 0xea, 0xe6, 0xe6, 0xe6, 0xe6, 0xe6, 0xfa, 0xff, 0x62, 0x00, 0x00,  //...@@@@@@@@@@+.. 
  0x00, 0x00, 0x16, 0xff, 0xff, 0x1e, 0x00, 0x00, 0x00, 0x00, 0x00, 0xca, 0xff, 0x62, 0x00, 0x00,  //...@@......@@+.. 
  0x00, 0x00, 0x16, 0xff, 0xff, 0xc6, 0xc0, 0xc0, 0xc2, 0xc4, 0xc4, 0xf2, 0xff, 0x62, 0x00, 0x00,  //...@@@@@@@@@@+.. 
  0x00, 0x00, 0x16, 0xfa, 0xfa, 0xfa, 0xfa, 0xfa, 0xfa, 0xfa, 0xfa, 0xfa, 0xfa, 0x60, 0x00, 0x00,  //...@@@@@@@@@@+.. 
  0x00, 0x00, 0x00, 0x00, 0x00, 0x00, 0x00, 0x00, 0x00, 0x00, 0x00, 0x00, 0x00, 0x00, 0x00, 0x00,  //................ 


  /*Unicode: U+d574 (해) , Width: 15 */
  0x00, 0x00, 0x00, 0x00, 0x00, 0x00, 0x00, 0x00, 0x00, 0x00, 0x00, 0x00, 0x00, 0x00, 0x00,  //............... 
  0x00, 0x00, 0x00, 0x00, 0x00, 0x00, 0x00, 0x00, 0x0a, 0x6e, 0x6e, 0x02, 0x74, 0x9e, 0x3c,  //.........++.+%. 
  0x00, 0x36, 0xea, 0xea, 0xea, 0xea, 0xb6, 0x00, 0x1a, 0xff, 0xff, 0x06, 0xba, 0xff, 0x62,  //..@@@@%..@@.%@+ 
  0x00, 0x38, 0xf2, 0xf2, 0xf2, 0xf2, 0xbc, 0x00, 0x1a, 0xff, 0xff, 0x06, 0xba, 0xff, 0x62,  //..@@@@%..@@.%@+ 
  0x00, 0x00, 0x00, 0x00, 0x00, 0x00, 0x00, 0x00, 0x1a, 0xff, 0xff, 0x06, 0xba, 0xff, 0x62,  //.........@@.%@+ 
  0xde, 0xfa, 0xfa, 0xfa, 0xfa, 0xfa, 0xfa, 0xfa, 0x4e, 0xff, 0xff, 0x06, 0xba, 0xff, 0x62,  //@@@@@@@@+@@.%@+ 
  0xba, 0xd2, 0xd2, 0xd2, 0xd2, 0xd2, 0xd2, 0xd2, 0x46, 0xff, 0xff, 0x06, 0xba, 0xff, 0x62,  //%@@@@@@@+@@.%@+ 
  0x00, 0x00, 0x1a, 0x78, 0x90, 0x66, 0x06, 0x00, 0x1a, 0xff, 0xff, 0x06, 0xba, 0xff, 0x62,  //...+%+...@@.%@+ 
  0x00, 0x40, 0xf0, 0xff, 0xff, 0xff, 0xd8, 0x10, 0x1a, 0xff, 0xff, 0xf6, 0xfc, 0xff, 0x62,  //.+@@@@@..@@@@@+ 
  0x00, 0xd6, 0xff, 0x86, 0x38, 0xbc, 0xff, 0x94, 0x1a, 0xff, 0xff, 0xff, 0xff, 0xff, 0x62,  //.@@%.%@%.@@@@@+ 
  0x0e, 0xff, 0xf6, 0x00, 0x00, 0x40, 0xff, 0xd2, 0x1a, 0xff, 0xff, 0x0a, 0xbe, 0xff, 0x62,  //.@@..+@@.@@.%@+ 
  0x04, 0xf8, 0xfc, 0x14, 0x00, 0x5a, 0xff, 0xc4, 0x1a, 0xff, 0xff, 0x00, 0xba, 0xff, 0x62,  //.@@..+@@.@@.%@+ 
  0x00, 0xaa, 0xff, 0xd4, 0x96, 0xee, 0xff, 0x62, 0x1a, 0xff, 0xff, 0x00, 0xba, 0xff, 0x62,  //.%@@%@@+.@@.%@+ 
  0x00, 0x12, 0xac, 0xff, 0xff, 0xf6, 0x80, 0x00, 0x1a, 0xff, 0xff, 0x00, 0xba, 0xff, 0x62,  //..%@@@%..@@.%@+ 
  0x00, 0x00, 0x00, 0x0c, 0x26, 0x04, 0x00, 0x00, 0x1a, 0xff, 0xff, 0x00, 0xba, 0xff, 0x62,  //.........@@.%@+ 
  0x00, 0x00, 0x00, 0x00, 0x00, 0x00, 0x00, 0x00, 0x1a, 0xff, 0xff, 0x00, 0xba, 0xff, 0x62,  //.........@@.%@+ 
  0x00, 0x00, 0x00, 0x00, 0x00, 0x00, 0x00, 0x00, 0x1a, 0xff, 0xff, 0x00, 0xba, 0xff, 0x62,  //.........@@.%@+ 
  0x00, 0x00, 0x00, 0x00, 0x00, 0x00, 0x00, 0x00, 0x10, 0xa6, 0xa6, 0x00, 0xba, 0xff, 0x62,  //.........%%.%@+ 
  0x00, 0x00, 0x00, 0x00, 0x00, 0x00, 0x00, 0x00, 0x00, 0x00, 0x00, 0x00, 0x0a, 0x0e, 0x04,  //............... 


  /*Unicode: U+d588 (했) , Width: 16 */
  0x00, 0x00, 0x00, 0x00, 0x00, 0x00, 0x00, 0x00, 0x00, 0x00, 0x00, 0x00, 0x00, 0x00, 0x00, 0x00,  //................ 
  0x00, 0x00, 0x64, 0x86, 0x86, 0x86, 0x86, 0x02, 0x00, 0x58, 0x6e, 0x1a, 0x50, 0x9e, 0x56, 0x00,  //..+%%%%..++.+%+. 
  0x00, 0x00, 0xbe, 0xff, 0xff, 0xff, 0xff, 0x06, 0x00, 0xca, 0xff, 0x3e, 0x82, 0xff, 0x8a, 0x00,  //..%@@@@..@@.%@%. 
  0x1e, 0x3a, 0x50, 0x56, 0x56, 0x56, 0x56, 0x3a, 0x20, 0xca, 0xff, 0x3e, 0x82, 0xff, 0x8a, 0x00,  //..+++++..@@.%@%. 
  0x8a, 0xff, 0xff, 0xff, 0xff, 0xff, 0xff, 0xff, 0x8e, 0xca, 0xff, 0x3e, 0x82, 0xff, 0x8a, 0x00,  //%@@@@@@@%@@.%@%. 
  0x2e, 0x56, 0x56, 0x66, 0x8a, 0x74, 0x58, 0x56, 0x30, 0xca, 0xff, 0x44, 0x86, 0xff, 0x8a, 0x00,  //.+++%+++.@@+%@%. 
  0x00, 0x02, 0x98, 0xfc, 0xff, 0xff, 0xd0, 0x2a, 0x00, 0xca, 0xff, 0xff, 0xff, 0xff, 0x8a, 0x00,  //..%@@@@..@@@@@%. 
  0x00, 0x6e, 0xff, 0xc0, 0x54, 0x84, 0xff, 0xce, 0x00, 0xca, 0xff, 0xd2, 0xe0, 0xff, 0x8a, 0x00,  //.+@@+%@@.@@@@@%. 
  0x00, 0xa6, 0xff, 0x46, 0x00, 0x00, 0xe6, 0xff, 0x06, 0xca, 0xff, 0x3e, 0x82, 0xff, 0x8a, 0x00,  //.%@+..@@.@@.%@%. 
  0x00, 0x76, 0xff, 0xbe, 0x54, 0x82, 0xff, 0xd6, 0x00, 0xca, 0xff, 0x3e, 0x82, 0xff, 0x8a, 0x00,  //.+@%+%@@.@@.%@%. 
  0x00, 0x06, 0xac, 0xff, 0xff, 0xff, 0xde, 0x34, 0x00, 0xca, 0xff, 0x3e, 0x82, 0xff, 0x8a, 0x00,  //..%@@@@..@@.%@%. 
  0x00, 0x00, 0x00, 0x1e, 0x40, 0x2e, 0x04, 0x00, 0x00, 0x58, 0x6e, 0x1a, 0x38, 0x6e, 0x3c, 0x00,  //....+....++..+.. 
  0x00, 0x00, 0x00, 0x00, 0x00, 0xca, 0xda, 0x44, 0x00, 0x00, 0x90, 0xde, 0x7c, 0x00, 0x00, 0x00,  //.....@@+..%@+... 
  0x00, 0x00, 0x00, 0x00, 0x16, 0xfc, 0xff, 0x3e, 0x00, 0x00, 0xb8, 0xff, 0x7c, 0x00, 0x00, 0x00,  //.....@@...%@+... 
  0x00, 0x00, 0x00, 0x00, 0x9c, 0xff, 0xff, 0xb8, 0x00, 0x1a, 0xf6, 0xff, 0xe4, 0x1a, 0x00, 0x00,  //....%@@%..@@@... 
  0x00, 0x00, 0x12, 0x9c, 0xff, 0xfc, 0xee, 0xff, 0x9c, 0xca, 0xff, 0xf0, 0xff, 0xe0, 0x48, 0x00,  //...%@@@@%@@@@@+. 
  0x00, 0x3c, 0xf2, 0xff, 0xfc, 0x62, 0x2e, 0xf0, 0xff, 0xff, 0xc6, 0x10, 0xac, 0xff, 0xff, 0xa4,  //..@@@+.@@@@.%@@% 
  0x00, 0x00, 0x9c, 0xbe, 0x36, 0x00, 0x00, 0x2c, 0xd2, 0x94, 0x0c, 0x00, 0x00, 0x62, 0xdc, 0x34,  //..%%....@%...+@. 
  0x00, 0x00, 0x00, 0x00, 0x00, 0x00, 0x00, 0x00, 0x00, 0x00, 0x00, 0x00, 0x00, 0x00, 0x00, 0x00,  //................ 


  /*Unicode: U+d589 (행) , Width: 15 */
  0x00, 0x00, 0x00, 0x00, 0x00, 0x00, 0x00, 0x00, 0x00, 0x00, 0x00, 0x00, 0x00, 0x00, 0x00,  //............... 
  0x00, 0x00, 0x70, 0x96, 0x96, 0x96, 0x96, 0x02, 0x00, 0x64, 0x7e, 0x1e, 0x58, 0xae, 0x5e,  //..+%%%%..++.+%+ 
  0x00, 0x00, 0xbe, 0xff, 0xff, 0xff, 0xff, 0x06, 0x00, 0xca, 0xff, 0x3e, 0x82, 0xff, 0x8a,  //..%@@@@..@@.%@% 
  0x2c, 0x52, 0x58, 0x5a, 0x5a, 0x5a, 0x5a, 0x52, 0x2e, 0xca, 0xff, 0x3e, 0x82, 0xff, 0x8a,  //.+++++++.@@.%@% 
  0x8a, 0xff, 0xff, 0xff, 0xff, 0xff, 0xff, 0xff, 0x8e, 0xca, 0xff, 0x3e, 0x82, 0xff, 0x8a,  //%@@@@@@@%@@.%@% 
  0x26, 0x46, 0x46, 0x64, 0x8a, 0x74, 0x4c, 0x46, 0x26, 0xca, 0xff, 0x50, 0x8e, 0xff, 0x8a,  //.+++%+++.@@+%@% 
  0x00, 0x04, 0xa8, 0xff, 0xff, 0xff, 0xdc, 0x32, 0x00, 0xca, 0xff, 0xff, 0xff, 0xff, 0x8a,  //..%@@@@..@@@@@% 
  0x00, 0x74, 0xff, 0xb4, 0x44, 0x74, 0xff, 0xd4, 0x00, 0xca, 0xff, 0xc6, 0xda, 0xff, 0x8a,  //.+@%++@@.@@@@@% 
  0x00, 0xa4, 0xff, 0x46, 0x00, 0x00, 0xe6, 0xff, 0x06, 0xca, 0xff, 0x3e, 0x82, 0xff, 0x8a,  //.%@+..@@.@@.%@% 
  0x00, 0x6e, 0xff, 0xc8, 0x64, 0x92, 0xff, 0xce, 0x00, 0xca, 0xff, 0x3e, 0x82, 0xff, 0x8a,  //.+@@+%@@.@@.%@% 
  0x00, 0x02, 0x9e, 0xfc, 0xff, 0xff, 0xd2, 0x2c, 0x00, 0xca, 0xff, 0x3e, 0x82, 0xff, 0x8a,  //..%@@@@..@@.%@% 
  0x00, 0x00, 0x00, 0x10, 0x30, 0x1e, 0x00, 0x06, 0x16, 0x3e, 0x3a, 0x0c, 0x70, 0xda, 0x76,  //............+@+ 
  0x00, 0x00, 0x00, 0x00, 0x22, 0x92, 0xdc, 0xfc, 0xff, 0xff, 0xf8, 0xcc, 0x7a, 0x0e, 0x00,  //.....%@@@@@@+.. 
  0x00, 0x00, 0x00, 0x3e, 0xf4, 0xff, 0xf0, 0xb8, 0xa2, 0xa4, 0xc2, 0xf6, 0xff, 0xdc, 0x16,  //....@@@%%%@@@@. 
  0x00, 0x00, 0x00, 0xc2, 0xff, 0xae, 0x06, 0x00, 0x00, 0x00, 0x00, 0x1a, 0xde, 0xff, 0x84,  //...@@%......@@% 
  0x00, 0x00, 0x00, 0xc4, 0xff, 0xa8, 0x02, 0x00, 0x00, 0x00, 0x00, 0x12, 0xda, 0xff, 0x86,  //...@@%......@@% 
  0x00, 0x00, 0x00, 0x44, 0xf6, 0xff, 0xe8, 0xac, 0x96, 0x98, 0xb6, 0xf2, 0xff, 0xe2, 0x1a,  //...+@@@%%%%@@@. 
  0x00, 0x00, 0x00, 0x00, 0x28, 0x9c, 0xe4, 0xff, 0xff, 0xff, 0xfc, 0xd6, 0x82, 0x10, 0x00,  //.....%@@@@@@%.. 
  0x00, 0x00, 0x00, 0x00, 0x00, 0x00, 0x00, 0x0a, 0x1a, 0x18, 0x06, 0x00, 0x00, 0x00, 0x00,  //............... 


  /*Unicode: U+d5ec (헬) , Width: 15 */
  0x00, 0x00, 0x00, 0x00, 0x00, 0x00, 0x00, 0x00, 0x00, 0x00, 0x00, 0x00, 0x00, 0x00, 0x00,  //............... 
  0x00, 0x00, 0x58, 0x6e, 0x6e, 0x6e, 0x6e, 0x08, 0x00, 0x1e, 0x56, 0x36, 0x3c, 0x86, 0x48,  //..+++++...+..%+ 
  0x00, 0x00, 0xca, 0xff, 0xff, 0xff, 0xff, 0x16, 0x00, 0x5a, 0xff, 0xa2, 0x72, 0xff, 0x8a,  //..@@@@@..+@%+@% 
  0x38, 0x66, 0x72, 0x76, 0x76, 0x76, 0x76, 0x68, 0x3c, 0x5a, 0xff, 0xa2, 0x72, 0xff, 0x8a,  //.+++++++.+@%+@% 
  0x8e, 0xff, 0xff, 0xff, 0xff, 0xff, 0xff, 0xff, 0x96, 0x5a, 0xff, 0xa2, 0x72, 0xff, 0x8a,  //%@@@@@@@%+@%+@% 
  0x0a, 0x12, 0x20, 0x6c, 0x88, 0x6e, 0x24, 0x12, 0x0a, 0x5a, 0xff, 0xa2, 0x72, 0xff, 0x8a,  //...+%+...+@%+@% 
  0x00, 0x28, 0xe8, 0xff, 0xf6, 0xff, 0xee, 0x34, 0x5a, 0xa0, 0xff, 0xa2, 0x72, 0xff, 0x8a,  //..@@@@@.+%@%+@% 
  0x00, 0xa2, 0xff, 0x5e, 0x00, 0x4a, 0xff, 0xb6, 0xd6, 0xff, 0xff, 0xa2, 0x72, 0xff, 0x8a,  //.%@+.+@%@@@%+@% 
  0x00, 0xa6, 0xff, 0x52, 0x00, 0x3a, 0xff, 0xbc, 0x56, 0x9c, 0xff, 0xa2, 0x72, 0xff, 0x8a,  //.%@+..@%+%@%+@% 
  0x00, 0x36, 0xf6, 0xfc, 0xe2, 0xfa, 0xf8, 0x44, 0x00, 0x5a, 0xff, 0xa2, 0x72, 0xff, 0x8a,  //..@@@@@+.+@%+@% 
  0x00, 0x00, 0x1c, 0x74, 0x92, 0x78, 0x22, 0x00, 0x00, 0x36, 0x9a, 0x62, 0x44, 0x9a, 0x54,  //...+%+....%++%+ 
  0x00, 0x00, 0x00, 0x3a, 0xb6, 0xb6, 0xb6, 0xb6, 0xb6, 0xb6, 0xb6, 0xb6, 0xb6, 0xb6, 0x62,  //....%%%%%%%%%%+ 
  0x00, 0x00, 0x00, 0x50, 0xfa, 0xfa, 0xfa, 0xfa, 0xfa, 0xfa, 0xfa, 0xfa, 0xfc, 0xff, 0x8a,  //...+@@@@@@@@@@% 
  0x00, 0x00, 0x00, 0x0c, 0x2a, 0x2a, 0x2a, 0x2a, 0x2a, 0x2a, 0x2a, 0x2a, 0xb6, 0xff, 0x8a,  //............%@% 
  0x00, 0x00, 0x00, 0x52, 0xff, 0xff, 0xff, 0xff, 0xff, 0xff, 0xff, 0xff, 0xff, 0xff, 0x8a,  //...+@@@@@@@@@@% 
  0x00, 0x00, 0x00, 0x52, 0xff, 0xe6, 0x52, 0x52, 0x52, 0x52, 0x52, 0x52, 0x52, 0x52, 0x2c,  //...+@@++++++++. 
  0x00, 0x00, 0x00, 0x52, 0xff, 0xf4, 0xb6, 0xb6, 0xb6, 0xb6, 0xb6, 0xb6, 0xb6, 0xb6, 0xa4,  //...+@@%%%%%%%%% 
  0x00, 0x00, 0x00, 0x50, 0xfa, 0xfa, 0xfa, 0xfa, 0xfa, 0xfa, 0xfa, 0xfa, 0xfa, 0xfa, 0xe2,  //...+@@@@@@@@@@@ 
  0x00, 0x00, 0x00, 0x00, 0x00, 0x00, 0x00, 0x00, 0x00, 0x00, 0x00, 0x00, 0x00, 0x00, 0x00,  //............... 


  /*Unicode: U+d604 (현) , Width: 15 */
  0x00, 0x00, 0x00, 0x00, 0x00, 0x00, 0x00, 0x00, 0x00, 0x00, 0x00, 0x00, 0x00, 0x00, 0x00,  //............... 
  0x00, 0x00, 0x2a, 0x52, 0x52, 0x52, 0x52, 0x52, 0x22, 0x00, 0x00, 0x08, 0x72, 0x72, 0x10,  //...+++++....++. 
  0x00, 0x00, 0x82, 0xff, 0xff, 0xff, 0xff, 0xff, 0x6e, 0x00, 0x00, 0x12, 0xff, 0xff, 0x26,  //..%@@@@@+...@@. 
  0x00, 0x00, 0x38, 0x6e, 0x6e, 0x6e, 0x6e, 0x6e, 0x30, 0x00, 0x00, 0x12, 0xff, 0xff, 0x26,  //...+++++....@@. 
  0x6c, 0xa6, 0xa6, 0xa6, 0xa6, 0xa6, 0xa6, 0xa6, 0xa6, 0xa6, 0x4a, 0x12, 0xff, 0xff, 0x26,  //+%%%%%%%%%+.@@. 
  0xa6, 0xff, 0xff, 0xff, 0xff, 0xff, 0xff, 0xff, 0xff, 0xff, 0x72, 0x12, 0xff, 0xff, 0x26,  //%@@@@@@@@@+.@@. 
  0x06, 0x0a, 0x0a, 0x20, 0x54, 0x6c, 0x4e, 0x16, 0x0a, 0x0e, 0x20, 0x2c, 0xff, 0xff, 0x26,  //....+++.....@@. 
  0x00, 0x00, 0x72, 0xf4, 0xff, 0xff, 0xff, 0xe8, 0x56, 0x22, 0xff, 0xff, 0xff, 0xff, 0x26,  //..+@@@@@+.@@@@. 
  0x00, 0x3c, 0xff, 0xec, 0x5c, 0x3a, 0x72, 0xfc, 0xf8, 0x34, 0xb6, 0xba, 0xff, 0xff, 0x26,  //..@@+.+@@.%%@@. 
  0x00, 0x78, 0xff, 0x98, 0x00, 0x00, 0x00, 0xc8, 0xff, 0x4c, 0x00, 0x0a, 0xff, 0xff, 0x26,  //.+@%...@@+..@@. 
  0x00, 0x48, 0xff, 0xe4, 0x48, 0x26, 0x5e, 0xf8, 0xfc, 0x40, 0xde, 0xe0, 0xff, 0xff, 0x26,  //.+@@+.+@@+@@@@. 
  0x00, 0x00, 0x92, 0xfc, 0xff, 0xff, 0xff, 0xf6, 0x70, 0x22, 0xfa, 0xfa, 0xff, 0xff, 0x26,  //..%@@@@@+.@@@@. 
  0x00, 0x00, 0x00, 0x2e, 0x6c, 0x84, 0x66, 0x1e, 0x00, 0x00, 0x00, 0x12, 0xff, 0xff, 0x26,  //....+%+.....@@. 
  0x00, 0x00, 0x00, 0x24, 0x56, 0x44, 0x00, 0x00, 0x00, 0x00, 0x00, 0x12, 0xff, 0xff, 0x26,  //....++......@@. 
  0x00, 0x00, 0x00, 0x6a, 0xff, 0xca, 0x00, 0x00, 0x00, 0x00, 0x00, 0x00, 0x16, 0x16, 0x02,  //...+@@......... 
  0x00, 0x00, 0x00, 0x6a, 0xff, 0xca, 0x00, 0x00, 0x00, 0x00, 0x00, 0x00, 0x00, 0x00, 0x00,  //...+@@......... 
  0x00, 0x00, 0x00, 0x6a, 0xff, 0xff, 0xfa, 0xfa, 0xfa, 0xfa, 0xfa, 0xfa, 0xfa, 0xfa, 0x78,  //...+@@@@@@@@@@+ 
  0x00, 0x00, 0x00, 0x60, 0xe6, 0xe6, 0xe6, 0xe6, 0xe6, 0xe6, 0xe6, 0xe6, 0xe6, 0xe6, 0x6e,  //...+@@@@@@@@@@+ 
  0x00, 0x00, 0x00, 0x00, 0x00, 0x00, 0x00, 0x00, 0x00, 0x00, 0x00, 0x00, 0x00, 0x00, 0x00,  //............... 


  /*Unicode: U+d615 (형) , Width: 15 */
  0x00, 0x00, 0x00, 0x00, 0x00, 0x00, 0x00, 0x00, 0x00, 0x00, 0x00, 0x00, 0x00, 0x00, 0x00,  //............... 
  0x00, 0x00, 0x5c, 0xb6, 0xb6, 0xb6, 0xb6, 0xb6, 0x4e, 0x00, 0x00, 0x0c, 0xa6, 0xa6, 0x18,  //..+%%%%%+...%%. 
  0x00, 0x00, 0x7a, 0xee, 0xee, 0xee, 0xee, 0xee, 0x68, 0x00, 0x00, 0x12, 0xff, 0xff, 0x26,  //..+@@@@@+...@@. 
  0x22, 0x36, 0x36, 0x36, 0x36, 0x36, 0x36, 0x36, 0x36, 0x36, 0x18, 0x12, 0xff, 0xff, 0x26,  //............@@. 
  0xa6, 0xff, 0xff, 0xff, 0xff, 0xff, 0xff, 0xff, 0xff, 0xff, 0x72, 0x12, 0xff, 0xff, 0x26,  //%@@@@@@@@@+.@@. 
  0x3a, 0x5a, 0x5a, 0x5a, 0x5c, 0x68, 0x5a, 0x5a, 0x5a, 0x5a, 0x28, 0x12, 0xff, 0xff, 0x26,  //.+++++++++..@@. 
  0x00, 0x00, 0x3a, 0xbc, 0xf4, 0xff, 0xee, 0xa6, 0x20, 0x1c, 0xda, 0xdc, 0xff, 0xff, 0x26,  //...%@@@%..@@@@. 
  0x00, 0x26, 0xf4, 0xfa, 0x96, 0x76, 0xa8, 0xff, 0xde, 0x2a, 0xde, 0xe0, 0xff, 0xff, 0x26,  //..@@%+%@@.@@@@. 
  0x00, 0x6e, 0xff, 0xa8, 0x00, 0x00, 0x00, 0xdc, 0xff, 0x3e, 0x00, 0x0a, 0xff, 0xff, 0x26,  //.+@%...@@...@@. 
  0x00, 0x42, 0xff, 0xe8, 0x50, 0x30, 0x68, 0xfa, 0xf8, 0x3a, 0xf2, 0xf2, 0xff, 0xff, 0x26,  //.+@@+.+@@.@@@@. 
  0x00, 0x00, 0x7c, 0xf6, 0xff, 0xff, 0xff, 0xea, 0x54, 0x1a, 0xbe, 0xc4, 0xff, 0xff, 0x26,  //..+@@@@@+.%@@@. 
  0x00, 0x00, 0x00, 0x14, 0x44, 0x5a, 0x3e, 0x0a, 0x02, 0x00, 0x00, 0x12, 0xff, 0xff, 0x26,  //....++......@@. 
  0x00, 0x00, 0x00, 0x00, 0x20, 0x8a, 0xce, 0xf4, 0xff, 0xfc, 0xe0, 0xaa, 0x4e, 0x00, 0x00,  //.....%@@@@@%+.. 
  0x00, 0x00, 0x00, 0x48, 0xf6, 0xff, 0xf6, 0xc6, 0xb4, 0xbc, 0xe2, 0xff, 0xff, 0xa2, 0x00,  //...+@@@@%%@@@%. 
  0x00, 0x00, 0x00, 0xd6, 0xff, 0xa8, 0x0a, 0x00, 0x00, 0x00, 0x00, 0x54, 0xff, 0xff, 0x3c,  //...@@%.....+@@. 
  0x00, 0x00, 0x00, 0xde, 0xff, 0x8c, 0x00, 0x00, 0x00, 0x00, 0x00, 0x30, 0xfc, 0xff, 0x46,  //...@@%......@@+ 
  0x00, 0x00, 0x00, 0x64, 0xff, 0xff, 0xd4, 0x96, 0x84, 0x8c, 0xb4, 0xf8, 0xff, 0xc2, 0x02,  //...+@@@%%%%@@@. 
  0x00, 0x00, 0x00, 0x00, 0x40, 0xb2, 0xf4, 0xff, 0xff, 0xff, 0xfc, 0xd2, 0x76, 0x06, 0x00,  //....+%@@@@@@+.. 
  0x00, 0x00, 0x00, 0x00, 0x00, 0x00, 0x00, 0x1a, 0x28, 0x20, 0x08, 0x00, 0x00, 0x00, 0x00,  //............... 


  /*Unicode: U+d638 (호) , Width: 16 */
  0x00, 0x00, 0x00, 0x00, 0x00, 0x00, 0x00, 0x00, 0x00, 0x00, 0x00, 0x00, 0x00, 0x00, 0x00, 0x00,  //................ 
  0x00, 0x00, 0x00, 0x00, 0x00, 0x00, 0x00, 0x00, 0x00, 0x00, 0x00, 0x00, 0x00, 0x00, 0x00, 0x00,  //................ 
  0x00, 0x00, 0x00, 0x00, 0x22, 0x62, 0x62, 0x62, 0x62, 0x62, 0x62, 0x1e, 0x00, 0x00, 0x00, 0x00,  //.....++++++..... 
  0x00, 0x00, 0x00, 0x00, 0x5a, 0xff, 0xff, 0xff, 0xff, 0xff, 0xff, 0x52, 0x00, 0x00, 0x00, 0x00,  //....+@@@@@@+.... 
  0x00, 0x00, 0x00, 0x00, 0x2a, 0x7a, 0x7a, 0x7a, 0x7a, 0x7a, 0x7a, 0x26, 0x00, 0x00, 0x00, 0x00,  //.....++++++..... 
  0x00, 0x1a, 0xa2, 0xa2, 0xa2, 0xa2, 0xa2, 0xa2, 0xa2, 0xa2, 0xa2, 0xa2, 0xa2, 0xa2, 0x18, 0x00,  //..%%%%%%%%%%%%.. 
  0x00, 0x2a, 0xff, 0xff, 0xff, 0xff, 0xff, 0xff, 0xff, 0xff, 0xff, 0xff, 0xff, 0xff, 0x26, 0x00,  //..@@@@@@@@@@@@.. 
  0x00, 0x06, 0x2a, 0x2a, 0x2a, 0x2e, 0x56, 0x70, 0x6e, 0x52, 0x2c, 0x2a, 0x2a, 0x2a, 0x04, 0x00,  //......++++...... 
  0x00, 0x00, 0x00, 0x00, 0x74, 0xe8, 0xff, 0xff, 0xff, 0xff, 0xe4, 0x6a, 0x00, 0x00, 0x00, 0x00,  //....+@@@@@@+.... 
  0x00, 0x00, 0x00, 0x76, 0xff, 0xf6, 0x9c, 0x72, 0x6e, 0x9e, 0xf8, 0xff, 0x6e, 0x00, 0x00, 0x00,  //...+@@%++%@@+... 
  0x00, 0x00, 0x00, 0xcc, 0xff, 0x7c, 0x00, 0x00, 0x00, 0x00, 0x84, 0xff, 0xc6, 0x00, 0x00, 0x00,  //...@@+....%@@... 
  0x00, 0x00, 0x00, 0xa6, 0xff, 0xc4, 0x24, 0x00, 0x00, 0x28, 0xca, 0xff, 0x9c, 0x00, 0x00, 0x00,  //...%@@....@@%... 
  0x00, 0x00, 0x00, 0x1c, 0xd8, 0xff, 0xff, 0xf8, 0xf4, 0xff, 0xff, 0xd0, 0x14, 0x00, 0x00, 0x00,  //....@@@@@@@@.... 
  0x00, 0x00, 0x00, 0x00, 0x04, 0x58, 0xa0, 0xff, 0xff, 0x9c, 0x54, 0x02, 0x00, 0x00, 0x00, 0x00,  //.....+%@@%+..... 
  0x02, 0x02, 0x02, 0x02, 0x02, 0x02, 0x26, 0xff, 0xff, 0x1e, 0x02, 0x02, 0x02, 0x02, 0x02, 0x00,  //.......@@....... 
  0xbe, 0xff, 0xff, 0xff, 0xff, 0xff, 0xff, 0xff, 0xff, 0xff, 0xff, 0xff, 0xff, 0xff, 0xff, 0xb2,  //%@@@@@@@@@@@@@@% 
  0xa0, 0xd6, 0xd6, 0xd6, 0xd6, 0xd6, 0xd6, 0xd6, 0xd6, 0xd6, 0xd6, 0xd6, 0xd6, 0xd6, 0xd6, 0x96,  //%@@@@@@@@@@@@@@% 
  0x00, 0x00, 0x00, 0x00, 0x00, 0x00, 0x00, 0x00, 0x00, 0x00, 0x00, 0x00, 0x00, 0x00, 0x00, 0x00,  //................ 
  0x00, 0x00, 0x00, 0x00, 0x00, 0x00, 0x00, 0x00, 0x00, 0x00, 0x00, 0x00, 0x00, 0x00, 0x00, 0x00,  //................ 


  /*Unicode: U+d639 (혹) , Width: 16 */
  0x00, 0x00, 0x00, 0x00, 0x00, 0x00, 0x00, 0x00, 0x00, 0x00, 0x00, 0x00, 0x00, 0x00, 0x00, 0x00,  //................ 
  0x00, 0x00, 0x00, 0x00, 0x96, 0xba, 0xba, 0xba, 0xba, 0xba, 0xba, 0x6e, 0x00, 0x00, 0x00, 0x00,  //....%%%%%%%+.... 
  0x00, 0x00, 0x00, 0x00, 0xc2, 0xee, 0xee, 0xee, 0xee, 0xee, 0xee, 0x8c, 0x00, 0x00, 0x00, 0x00,  //....@@@@@@@%.... 
  0x00, 0x2c, 0x5e, 0x5e, 0x5e, 0x5e, 0x5e, 0x5e, 0x5e, 0x5e, 0x5e, 0x5e, 0x5e, 0x5e, 0x16, 0x00,  //..++++++++++++.. 
  0x00, 0x7a, 0xff, 0xff, 0xff, 0xff, 0xff, 0xff, 0xff, 0xff, 0xff, 0xff, 0xff, 0xff, 0x3e, 0x00,  //.+@@@@@@@@@@@@.. 
  0x00, 0x16, 0x2e, 0x2e, 0x34, 0x5e, 0x7c, 0x86, 0x86, 0x76, 0x54, 0x30, 0x2e, 0x2e, 0x0a, 0x00,  //.....++%%++..... 
  0x00, 0x00, 0x00, 0x78, 0xee, 0xff, 0xff, 0xff, 0xff, 0xff, 0xff, 0xde, 0x48, 0x00, 0x00, 0x00,  //...+@@@@@@@@+... 
  0x00, 0x00, 0x24, 0xff, 0xff, 0x6c, 0x1e, 0x0c, 0x0e, 0x28, 0x9e, 0xff, 0xe4, 0x00, 0x00, 0x00,  //...@@+....%@@... 
  0x00, 0x00, 0x06, 0xd8, 0xff, 0xde, 0xa4, 0x94, 0x96, 0xb0, 0xee, 0xff, 0x9e, 0x00, 0x00, 0x00,  //...@@@%%%%@@%... 
  0x00, 0x00, 0x00, 0x0e, 0x70, 0xb0, 0xda, 0xff, 0xff, 0xd0, 0xa6, 0x5c, 0x02, 0x00, 0x00, 0x00,  //....+%@@@@%+.... 
  0x46, 0x4e, 0x4e, 0x4e, 0x4e, 0x4e, 0x78, 0xff, 0xff, 0x56, 0x4e, 0x4e, 0x4e, 0x4e, 0x4e, 0x46,  //+++++++@@+++++++ 
  0xe2, 0xff, 0xff, 0xff, 0xff, 0xff, 0xff, 0xff, 0xff, 0xff, 0xff, 0xff, 0xff, 0xff, 0xff, 0xe2,  //@@@@@@@@@@@@@@@@ 
  0x5a, 0x66, 0x66, 0x66, 0x66, 0x66, 0x66, 0x66, 0x66, 0x66, 0x66, 0x66, 0x66, 0x66, 0x66, 0x5a,  //++++++++++++++++ 
  0x00, 0x00, 0x74, 0xa2, 0xa2, 0xa2, 0xa2, 0xa2, 0xa2, 0xa2, 0xa2, 0xa2, 0xa2, 0x60, 0x00, 0x00,  //..+%%%%%%%%%%+.. 
  0x00, 0x00, 0xb6, 0xff, 0xff, 0xff, 0xff, 0xff, 0xff, 0xff, 0xff, 0xff, 0xff, 0x96, 0x00, 0x00,  //..%@@@@@@@@@@%.. 
  0x00, 0x00, 0x10, 0x16, 0x16, 0x16, 0x16, 0x16, 0x16, 0x16, 0x16, 0xa0, 0xff, 0x96, 0x00, 0x00,  //...........%@%.. 
  0x00, 0x00, 0x00, 0x00, 0x00, 0x00, 0x00, 0x00, 0x00, 0x00, 0x00, 0x96, 0xff, 0x96, 0x00, 0x00,  //...........%@%.. 
  0x00, 0x00, 0x00, 0x00, 0x00, 0x00, 0x00, 0x00, 0x00, 0x00, 0x00, 0x96, 0xff, 0x96, 0x00, 0x00,  //...........%@%.. 
  0x00, 0x00, 0x00, 0x00, 0x00, 0x00, 0x00, 0x00, 0x00, 0x00, 0x00, 0x1a, 0x2e, 0x1a, 0x00, 0x00,  //................ 


  /*Unicode: U+d654 (화) , Width: 16 */
  0x00, 0x00, 0x00, 0x00, 0x00, 0x00, 0x00, 0x00, 0x00, 0x00, 0x00, 0x00, 0x00, 0x00, 0x00, 0x00,  //................ 
  0x00, 0x00, 0x10, 0x26, 0x26, 0x26, 0x26, 0x26, 0x08, 0x00, 0x00, 0x64, 0x9e, 0x50, 0x00, 0x00,  //...........+%+.. 
  0x00, 0x00, 0x76, 0xff, 0xff, 0xff, 0xff, 0xff, 0x3e, 0x00, 0x00, 0xa2, 0xff, 0x82, 0x00, 0x00,  //..+@@@@@...%@%.. 
  0x00, 0x00, 0x48, 0x9a, 0x9a, 0x9a, 0x9a, 0x9a, 0x26, 0x00, 0x00, 0xa2, 0xff, 0x82, 0x00, 0x00,  //..+%%%%%...%@%.. 
  0x58, 0x96, 0x96, 0x96, 0x96, 0x96, 0x96, 0x96, 0x96, 0x96, 0x38, 0xa2, 0xff, 0x82, 0x00, 0x00,  //+%%%%%%%%%.%@%.. 
  0x96, 0xff, 0xff, 0xff, 0xff, 0xff, 0xff, 0xff, 0xff, 0xff, 0x5e, 0xa2, 0xff, 0x82, 0x00, 0x00,  //%@@@@@@@@@+%@%.. 
  0x12, 0x1e, 0x1e, 0x38, 0x6e, 0x84, 0x68, 0x2e, 0x1e, 0x1e, 0x0a, 0xa2, 0xff, 0x82, 0x00, 0x00,  //....+%+....%@%.. 
  0x00, 0x00, 0x7c, 0xf8, 0xff, 0xff, 0xff, 0xee, 0x5c, 0x00, 0x00, 0xa2, 0xff, 0x82, 0x00, 0x00,  //..+@@@@@+..%@%.. 
  0x00, 0x3c, 0xff, 0xee, 0x56, 0x32, 0x68, 0xfa, 0xf8, 0x20, 0x00, 0xa2, 0xff, 0xde, 0xba, 0xae,  //..@@+.+@@..%@@%% 
  0x00, 0x6e, 0xff, 0xa8, 0x00, 0x00, 0x00, 0xcc, 0xff, 0x4c, 0x00, 0xa2, 0xff, 0xff, 0xff, 0xee,  //.+@%...@@+.%@@@@ 
  0x00, 0x38, 0xff, 0xf2, 0x68, 0x44, 0x7a, 0xfc, 0xf6, 0x1a, 0x00, 0xa2, 0xff, 0x92, 0x1e, 0x1c,  //..@@+++@@..%@%.. 
  0x00, 0x00, 0x74, 0xf8, 0xff, 0xff, 0xff, 0xee, 0x54, 0x00, 0x00, 0xa2, 0xff, 0x82, 0x00, 0x00,  //..+@@@@@+..%@%.. 
  0x00, 0x00, 0x00, 0x0c, 0xb8, 0xff, 0xae, 0x06, 0x00, 0x00, 0x00, 0xa2, 0xff, 0x82, 0x00, 0x00,  //....%@%....%@%.. 
  0x42, 0x4a, 0x4a, 0x4a, 0xbe, 0xff, 0xc2, 0x72, 0x84, 0x9e, 0xaa, 0xa2, 0xff, 0x82, 0x00, 0x00,  //++++%@@+%%%%@%.. 
  0xe2, 0xff, 0xff, 0xff, 0xff, 0xff, 0xff, 0xff, 0xff, 0xff, 0xea, 0xa2, 0xff, 0x82, 0x00, 0x00,  //@@@@@@@@@@@%@%.. 
  0x7a, 0x8a, 0x8a, 0x86, 0x82, 0x78, 0x6c, 0x5c, 0x4a, 0x30, 0x10, 0xa2, 0xff, 0x82, 0x00, 0x00,  //+%%%%++++..%@%.. 
  0x00, 0x00, 0x00, 0x00, 0x00, 0x00, 0x00, 0x00, 0x00, 0x00, 0x00, 0xa2, 0xff, 0x82, 0x00, 0x00,  //...........%@%.. 
  0x00, 0x00, 0x00, 0x00, 0x00, 0x00, 0x00, 0x00, 0x00, 0x00, 0x00, 0xa2, 0xff, 0x82, 0x00, 0x00,  //...........%@%.. 
  0x00, 0x00, 0x00, 0x00, 0x00, 0x00, 0x00, 0x00, 0x00, 0x00, 0x00, 0x08, 0x0e, 0x06, 0x00, 0x00,  //................ 


  /*Unicode: U+d655 (확) , Width: 16 */
  0x00, 0x00, 0x00, 0x00, 0x00, 0x00, 0x00, 0x00, 0x00, 0x00, 0x00, 0x00, 0x00, 0x00, 0x00, 0x00,  //................ 
  0x00, 0x00, 0x44, 0xa6, 0xa6, 0xa6, 0xa6, 0xa6, 0x58, 0x00, 0x00, 0x5a, 0x9a, 0x5a, 0x00, 0x00,  //..+%%%%%+..+%+.. 
  0x00, 0x00, 0x64, 0xf2, 0xf2, 0xf2, 0xf2, 0xf2, 0x80, 0x00, 0x00, 0x96, 0xff, 0x96, 0x00, 0x00,  //..+@@@@@%..%@%.. 
  0x2e, 0x66, 0x66, 0x66, 0x66, 0x66, 0x66, 0x66, 0x66, 0x66, 0x3a, 0x96, 0xff, 0x96, 0x00, 0x00,  //.+++++++++.%@%.. 
  0x72, 0xff, 0xff, 0xff, 0xff, 0xff, 0xff, 0xff, 0xff, 0xff, 0x92, 0x96, 0xff, 0x96, 0x00, 0x00,  //+@@@@@@@@@%%@%.. 
  0x14, 0x2e, 0x2e, 0x4a, 0x78, 0x8c, 0x7c, 0x56, 0x2e, 0x2e, 0x1a, 0x96, 0xff, 0x96, 0x00, 0x00,  //...++%++...%@%.. 
  0x00, 0x06, 0xa8, 0xfc, 0xff, 0xff, 0xff, 0xff, 0xc2, 0x1a, 0x00, 0x96, 0xff, 0xaa, 0x2e, 0x2a,  //..%@@@@@@..%@%.. 
  0x00, 0x5c, 0xff, 0xd8, 0x3c, 0x22, 0x34, 0xba, 0xff, 0x94, 0x00, 0x96, 0xff, 0xff, 0xff, 0xe6,  //.+@@...%@%.%@@@@ 
  0x00, 0x3a, 0xfc, 0xf2, 0x8a, 0x6e, 0x80, 0xe2, 0xff, 0x6e, 0x00, 0x96, 0xff, 0xdc, 0xaa, 0x9a,  //..@@%+%@@+.%@@%% 
  0x00, 0x00, 0x54, 0xca, 0xfa, 0xff, 0xfc, 0xd6, 0x72, 0x00, 0x00, 0x96, 0xff, 0x96, 0x00, 0x00,  //..+@@@@@+..%@%.. 
  0x00, 0x00, 0x00, 0x00, 0x8a, 0xff, 0xc0, 0x1e, 0x30, 0x46, 0x5a, 0x96, 0xff, 0x96, 0x00, 0x00,  //....%@@..++%@%.. 
  0xc8, 0xf6, 0xf6, 0xf6, 0xfc, 0xff, 0xff, 0xff, 0xff, 0xff, 0xea, 0x96, 0xff, 0x96, 0x00, 0x00,  //@@@@@@@@@@@%@%.. 
  0x86, 0xa6, 0xa6, 0xa4, 0xa2, 0x98, 0x8c, 0x7c, 0x66, 0x4c, 0x2c, 0x74, 0xc6, 0x74, 0x00, 0x00,  //%%%%%%%+++.+@+.. 
  0x00, 0x00, 0x28, 0x86, 0x86, 0x86, 0x86, 0x86, 0x86, 0x86, 0x86, 0x86, 0x86, 0x4e, 0x00, 0x00,  //...%%%%%%%%%%+.. 
  0x00, 0x00, 0x4e, 0xff, 0xff, 0xff, 0xff, 0xff, 0xff, 0xff, 0xff, 0xff, 0xff, 0x96, 0x00, 0x00,  //..+@@@@@@@@@@%.. 
  0x00, 0x00, 0x12, 0x3e, 0x3e, 0x3e, 0x3e, 0x3e, 0x3e, 0x3e, 0x3e, 0xb0, 0xff, 0x96, 0x00, 0x00,  //...........%@%.. 
  0x00, 0x00, 0x00, 0x00, 0x00, 0x00, 0x00, 0x00, 0x00, 0x00, 0x00, 0x96, 0xff, 0x96, 0x00, 0x00,  //...........%@%.. 
  0x00, 0x00, 0x00, 0x00, 0x00, 0x00, 0x00, 0x00, 0x00, 0x00, 0x00, 0x96, 0xff, 0x96, 0x00, 0x00,  //...........%@%.. 
  0x00, 0x00, 0x00, 0x00, 0x00, 0x00, 0x00, 0x00, 0x00, 0x00, 0x00, 0x12, 0x1e, 0x12, 0x00, 0x00,  //................ 


  /*Unicode: U+d68c (회) , Width: 15 */
  0x00, 0x00, 0x00, 0x00, 0x00, 0x00, 0x00, 0x00, 0x00, 0x00, 0x00, 0x00, 0x00, 0x00, 0x00,  //............... 
  0x00, 0x00, 0x00, 0x26, 0x26, 0x26, 0x26, 0x26, 0x26, 0x02, 0x00, 0x00, 0x6a, 0x9e, 0x56,  //............+%+ 
  0x00, 0x00, 0x0a, 0xff, 0xff, 0xff, 0xff, 0xff, 0xff, 0x12, 0x00, 0x00, 0xaa, 0xff, 0x8a,  //...@@@@@@...%@% 
  0x00, 0x00, 0x06, 0x9a, 0x9a, 0x9a, 0x9a, 0x9a, 0x9a, 0x0a, 0x00, 0x00, 0xaa, 0xff, 0x8a,  //...%%%%%%...%@% 
  0x0a, 0x96, 0x96, 0x96, 0x96, 0x96, 0x96, 0x96, 0x96, 0x96, 0x96, 0x26, 0xaa, 0xff, 0x8a,  //.%%%%%%%%%%.%@% 
  0x12, 0xff, 0xff, 0xff, 0xff, 0xff, 0xff, 0xff, 0xff, 0xff, 0xff, 0x42, 0xaa, 0xff, 0x8a,  //.@@@@@@@@@@+%@% 
  0x00, 0x1e, 0x1e, 0x1e, 0x54, 0x7a, 0x82, 0x62, 0x26, 0x1e, 0x1e, 0x06, 0xaa, 0xff, 0x8a,  //....++%+....%@% 
  0x00, 0x00, 0x20, 0xce, 0xff, 0xff, 0xff, 0xff, 0xe4, 0x4e, 0x00, 0x00, 0xaa, 0xff, 0x8a,  //...@@@@@@+..%@% 
  0x00, 0x00, 0xca, 0xff, 0xb6, 0x3c, 0x34, 0x8c, 0xff, 0xf4, 0x10, 0x00, 0xaa, 0xff, 0x8a,  //..@@%..%@@..%@% 
  0x00, 0x00, 0xf8, 0xff, 0x40, 0x00, 0x00, 0x04, 0xfc, 0xff, 0x34, 0x00, 0xaa, 0xff, 0x8a,  //..@@+...@@..%@% 
  0x00, 0x00, 0xbc, 0xff, 0xc4, 0x56, 0x50, 0xa0, 0xff, 0xea, 0x0a, 0x00, 0xaa, 0xff, 0x8a,  //..%@@++%@@..%@% 
  0x00, 0x00, 0x1e, 0xc6, 0xff, 0xff, 0xff, 0xff, 0xe0, 0x3c, 0x00, 0x00, 0xaa, 0xff, 0x8a,  //...@@@@@@...%@% 
  0x00, 0x00, 0x00, 0x00, 0x24, 0xf0, 0xff, 0x6a, 0x00, 0x00, 0x00, 0x00, 0xaa, 0xff, 0x8a,  //.....@@+....%@% 
  0x22, 0x4a, 0x4a, 0x4a, 0x4c, 0xf0, 0xff, 0x94, 0x76, 0x88, 0xa2, 0x98, 0xaa, 0xff, 0x8a,  //.++++@@%+%%%%@% 
  0x76, 0xff, 0xff, 0xff, 0xff, 0xff, 0xff, 0xff, 0xff, 0xff, 0xff, 0xce, 0xaa, 0xff, 0x8a,  //+@@@@@@@@@@@%@% 
  0x40, 0x8a, 0x8a, 0x8a, 0x86, 0x80, 0x78, 0x6c, 0x5a, 0x48, 0x2c, 0x0c, 0xaa, 0xff, 0x8a,  //+%%%%%++++..%@% 
  0x00, 0x00, 0x00, 0x00, 0x00, 0x00, 0x00, 0x00, 0x00, 0x00, 0x00, 0x00, 0xaa, 0xff, 0x8a,  //............%@% 
  0x00, 0x00, 0x00, 0x00, 0x00, 0x00, 0x00, 0x00, 0x00, 0x00, 0x00, 0x00, 0xaa, 0xff, 0x8a,  //............%@% 
  0x00, 0x00, 0x00, 0x00, 0x00, 0x00, 0x00, 0x00, 0x00, 0x00, 0x00, 0x00, 0x08, 0x0e, 0x06,  //............... 


  /*Unicode: U+d69f (횟) , Width: 16 */
  0x00, 0x00, 0x00, 0x00, 0x00, 0x00, 0x00, 0x00, 0x00, 0x00, 0x00, 0x00, 0x00, 0x00, 0x00, 0x00,  //................ 
  0x00, 0x00, 0x00, 0x8a, 0xa6, 0xa6, 0xa6, 0xa6, 0xa6, 0x3e, 0x00, 0x00, 0x64, 0x96, 0x52, 0x00,  //...%%%%%%...+%+. 
  0x00, 0x00, 0x00, 0xc2, 0xea, 0xea, 0xea, 0xea, 0xea, 0x56, 0x00, 0x00, 0xaa, 0xff, 0x8a, 0x00,  //...@@@@@@+..%@%. 
  0x00, 0x66, 0x76, 0x76, 0x76, 0x76, 0x76, 0x76, 0x76, 0x76, 0x76, 0x2e, 0xaa, 0xff, 0x8a, 0x00,  //.++++++++++.%@%. 
  0x00, 0xda, 0xff, 0xff, 0xff, 0xff, 0xff, 0xff, 0xff, 0xff, 0xff, 0x66, 0xaa, 0xff, 0x8a, 0x00,  //.@@@@@@@@@@+%@%. 
  0x00, 0x16, 0x1a, 0x20, 0x60, 0x80, 0x8c, 0x78, 0x46, 0x1a, 0x1a, 0x0a, 0xaa, 0xff, 0x8a, 0x00,  //....+%%++...%@%. 
  0x00, 0x00, 0x3e, 0xe8, 0xff, 0xff, 0xff, 0xff, 0xff, 0xc2, 0x10, 0x00, 0xaa, 0xff, 0x8a, 0x00,  //...@@@@@@@..%@%. 
  0x00, 0x00, 0xbc, 0xff, 0xa4, 0x14, 0x04, 0x26, 0xe2, 0xff, 0x6a, 0x00, 0xaa, 0xff, 0x8a, 0x00,  //..%@%...@@+.%@%. 
  0x00, 0x00, 0x7e, 0xff, 0xf0, 0xa8, 0x9a, 0xba, 0xff, 0xf8, 0x32, 0x00, 0xaa, 0xff, 0x8a, 0x00,  //..+@@%%%@@..%@%. 
  0x00, 0x00, 0x00, 0x56, 0xa8, 0xf6, 0xff, 0xd8, 0x94, 0x2c, 0x00, 0x00, 0xaa, 0xff, 0x8a, 0x00,  //...+%@@@%...%@%. 
  0x16, 0x3e, 0x3e, 0x3e, 0x40, 0xe0, 0xff, 0x9c, 0x68, 0x78, 0x90, 0x94, 0xaa, 0xff, 0x8a, 0x00,  //....+@@%++%%%@%. 
  0x5e, 0xff, 0xff, 0xff, 0xff, 0xff, 0xff, 0xff, 0xff, 0xff, 0xfc, 0xca, 0xaa, 0xff, 0x8a, 0x00,  //+@@@@@@@@@@@%@%. 
  0x24, 0x62, 0x62, 0x62, 0x5e, 0x5a, 0x50, 0x4c, 0x54, 0x40, 0x0a, 0x00, 0xaa, 0xff, 0x8a, 0x00,  //.+++++++++..%@%. 
  0x00, 0x00, 0x00, 0x00, 0x00, 0x00, 0x00, 0x66, 0xff, 0xf8, 0x06, 0x00, 0x18, 0x26, 0x14, 0x00,  //.......+@@...... 
  0x00, 0x00, 0x00, 0x00, 0x00, 0x00, 0x24, 0xe6, 0xff, 0xff, 0x94, 0x02, 0x00, 0x00, 0x00, 0x00,  //.......@@@%..... 
  0x00, 0x00, 0x00, 0x00, 0x28, 0x86, 0xf2, 0xff, 0xc6, 0xf0, 0xff, 0xd4, 0x62, 0x14, 0x00, 0x00,  //.....%@@@@@@+... 
  0x00, 0x08, 0xaa, 0xe4, 0xff, 0xff, 0xf6, 0x86, 0x04, 0x26, 0xbc, 0xff, 0xff, 0xfc, 0xde, 0x5e,  //..%@@@@%..%@@@@+ 
  0x00, 0x00, 0x80, 0xf4, 0xbe, 0x70, 0x16, 0x00, 0x00, 0x00, 0x00, 0x32, 0x88, 0xc8, 0xe0, 0x10,  //..%@%+......%@@. 
  0x00, 0x00, 0x02, 0x02, 0x00, 0x00, 0x00, 0x00, 0x00, 0x00, 0x00, 0x00, 0x00, 0x00, 0x00, 0x00,  //................ 


#endif
};


/*Store the glyph descriptions*/
static const lv_font_glyph_dsc_t ubuntu_mono_glyph_dsc[] =
{
#if USE_UBUNTU_MONO == 8
  {.w_px = 5,	.glyph_index = 0},	/*Unicode: U+0020 ( )*/
  {.w_px = 10,	.glyph_index = 95},	/*Unicode: U+0021 (!)*/
  {.w_px = 6,	.glyph_index = 285},	/*Unicode: U+0022 (")*/
  {.w_px = 10,	.glyph_index = 399},	/*Unicode: U+0023 (#)*/
  {.w_px = 10,	.glyph_index = 589},	/*Unicode: U+0024 ($)*/
  {.w_px = 10,	.glyph_index = 779},	/*Unicode: U+0025 (%)*/
  {.w_px = 11,	.glyph_index = 969},	/*Unicode: U+0026 (&)*/
  {.w_px = 4,	.glyph_index = 1178},	/*Unicode: U+0027 (')*/
  {.w_px = 6,	.glyph_index = 1254},	/*Unicode: U+0028 (()*/
  {.w_px = 6,	.glyph_index = 1368},	/*Unicode: U+0029 ())*/
  {.w_px = 8,	.glyph_index = 1482},	/*Unicode: U+002a (*)*/
  {.w_px = 10,	.glyph_index = 1634},	/*Unicode: U+002b (+)*/
  {.w_px = 6,	.glyph_index = 1824},	/*Unicode: U+002c (,)*/
  {.w_px = 6,	.glyph_index = 1938},	/*Unicode: U+002d (-)*/
  {.w_px = 4,	.glyph_index = 2052},	/*Unicode: U+002e (.)*/
  {.w_px = 9,	.glyph_index = 2128},	/*Unicode: U+002f (/)*/
  {.w_px = 10,	.glyph_index = 2299},	/*Unicode: U+0030 (0)*/
  {.w_px = 8,	.glyph_index = 2489},	/*Unicode: U+0031 (1)*/
  {.w_px = 8,	.glyph_index = 2641},	/*Unicode: U+0032 (2)*/
  {.w_px = 8,	.glyph_index = 2793},	/*Unicode: U+0033 (3)*/
  {.w_px = 10,	.glyph_index = 2945},	/*Unicode: U+0034 (4)*/
  {.w_px = 8,	.glyph_index = 3135},	/*Unicode: U+0035 (5)*/
  {.w_px = 10,	.glyph_index = 3287},	/*Unicode: U+0036 (6)*/
  {.w_px = 9,	.glyph_index = 3477},	/*Unicode: U+0037 (7)*/
  {.w_px = 9,	.glyph_index = 3648},	/*Unicode: U+0038 (8)*/
  {.w_px = 9,	.glyph_index = 3819},	/*Unicode: U+0039 (9)*/
  {.w_px = 4,	.glyph_index = 3990},	/*Unicode: U+003a (:)*/
  {.w_px = 6,	.glyph_index = 4066},	/*Unicode: U+003b (;)*/
  {.w_px = 8,	.glyph_index = 4180},	/*Unicode: U+003c (<)*/
  {.w_px = 8,	.glyph_index = 4332},	/*Unicode: U+003d (=)*/
  {.w_px = 8,	.glyph_index = 4484},	/*Unicode: U+003e (>)*/
  {.w_px = 7,	.glyph_index = 4636},	/*Unicode: U+003f (?)*/
  {.w_px = 10,	.glyph_index = 4769},	/*Unicode: U+0040 (@)*/
  {.w_px = 10,	.glyph_index = 4959},	/*Unicode: U+0041 (A)*/
  {.w_px = 9,	.glyph_index = 5149},	/*Unicode: U+0042 (B)*/
  {.w_px = 9,	.glyph_index = 5320},	/*Unicode: U+0043 (C)*/
  {.w_px = 10,	.glyph_index = 5491},	/*Unicode: U+0044 (D)*/
  {.w_px = 8,	.glyph_index = 5681},	/*Unicode: U+0045 (E)*/
  {.w_px = 8,	.glyph_index = 5833},	/*Unicode: U+0046 (F)*/
  {.w_px = 10,	.glyph_index = 5985},	/*Unicode: U+0047 (G)*/
  {.w_px = 10,	.glyph_index = 6175},	/*Unicode: U+0048 (H)*/
  {.w_px = 8,	.glyph_index = 6365},	/*Unicode: U+0049 (I)*/
  {.w_px = 7,	.glyph_index = 6517},	/*Unicode: U+004a (J)*/
  {.w_px = 9,	.glyph_index = 6650},	/*Unicode: U+004b (K)*/
  {.w_px = 8,	.glyph_index = 6821},	/*Unicode: U+004c (L)*/
  {.w_px = 10,	.glyph_index = 6973},	/*Unicode: U+004d (M)*/
  {.w_px = 10,	.glyph_index = 7163},	/*Unicode: U+004e (N)*/
  {.w_px = 10,	.glyph_index = 7353},	/*Unicode: U+004f (O)*/
  {.w_px = 9,	.glyph_index = 7543},	/*Unicode: U+0050 (P)*/
  {.w_px = 10,	.glyph_index = 7714},	/*Unicode: U+0051 (Q)*/
  {.w_px = 9,	.glyph_index = 7904},	/*Unicode: U+0052 (R)*/
  {.w_px = 9,	.glyph_index = 8075},	/*Unicode: U+0053 (S)*/
  {.w_px = 10,	.glyph_index = 8246},	/*Unicode: U+0054 (T)*/
  {.w_px = 10,	.glyph_index = 8436},	/*Unicode: U+0055 (U)*/
  {.w_px = 10,	.glyph_index = 8626},	/*Unicode: U+0056 (V)*/
  {.w_px = 10,	.glyph_index = 8816},	/*Unicode: U+0057 (W)*/
  {.w_px = 10,	.glyph_index = 9006},	/*Unicode: U+0058 (X)*/
  {.w_px = 10,	.glyph_index = 9196},	/*Unicode: U+0059 (Y)*/
  {.w_px = 9,	.glyph_index = 9386},	/*Unicode: U+005a (Z)*/
  {.w_px = 6,	.glyph_index = 9557},	/*Unicode: U+005b ([)*/
  {.w_px = 9,	.glyph_index = 9671},	/*Unicode: U+005c (\)*/
  {.w_px = 5,	.glyph_index = 9842},	/*Unicode: U+005d (])*/
  {.w_px = 10,	.glyph_index = 9937},	/*Unicode: U+005e (^)*/
  {.w_px = 10,	.glyph_index = 10127},	/*Unicode: U+005f (_)*/
  {.w_px = 6,	.glyph_index = 10317},	/*Unicode: U+0060 (`)*/
  {.w_px = 8,	.glyph_index = 10431},	/*Unicode: U+0061 (a)*/
  {.w_px = 9,	.glyph_index = 10583},	/*Unicode: U+0062 (b)*/
  {.w_px = 8,	.glyph_index = 10754},	/*Unicode: U+0063 (c)*/
  {.w_px = 9,	.glyph_index = 10906},	/*Unicode: U+0064 (d)*/
  {.w_px = 9,	.glyph_index = 11077},	/*Unicode: U+0065 (e)*/
  {.w_px = 10,	.glyph_index = 11248},	/*Unicode: U+0066 (f)*/
  {.w_px = 10,	.glyph_index = 11438},	/*Unicode: U+0067 (g)*/
  {.w_px = 8,	.glyph_index = 11628},	/*Unicode: U+0068 (h)*/
  {.w_px = 8,	.glyph_index = 11780},	/*Unicode: U+0069 (i)*/
  {.w_px = 7,	.glyph_index = 11932},	/*Unicode: U+006a (j)*/
  {.w_px = 9,	.glyph_index = 12065},	/*Unicode: U+006b (k)*/
  {.w_px = 8,	.glyph_index = 12236},	/*Unicode: U+006c (l)*/
  {.w_px = 10,	.glyph_index = 12388},	/*Unicode: U+006d (m)*/
  {.w_px = 8,	.glyph_index = 12578},	/*Unicode: U+006e (n)*/
  {.w_px = 10,	.glyph_index = 12730},	/*Unicode: U+006f (o)*/
  {.w_px = 9,	.glyph_index = 12920},	/*Unicode: U+0070 (p)*/
  {.w_px = 9,	.glyph_index = 13091},	/*Unicode: U+0071 (q)*/
  {.w_px = 9,	.glyph_index = 13262},	/*Unicode: U+0072 (r)*/
  {.w_px = 8,	.glyph_index = 13433},	/*Unicode: U+0073 (s)*/
  {.w_px = 9,	.glyph_index = 13585},	/*Unicode: U+0074 (t)*/
  {.w_px = 8,	.glyph_index = 13756},	/*Unicode: U+0075 (u)*/
  {.w_px = 10,	.glyph_index = 13908},	/*Unicode: U+0076 (v)*/
  {.w_px = 10,	.glyph_index = 14098},	/*Unicode: U+0077 (w)*/
  {.w_px = 10,	.glyph_index = 14288},	/*Unicode: U+0078 (x)*/
  {.w_px = 10,	.glyph_index = 14478},	/*Unicode: U+0079 (y)*/
  {.w_px = 8,	.glyph_index = 14668},	/*Unicode: U+007a (z)*/
  {.w_px = 7,	.glyph_index = 14820},	/*Unicode: U+007b ({)*/
  {.w_px = 3,	.glyph_index = 14953},	/*Unicode: U+007c (|)*/
  {.w_px = 8,	.glyph_index = 15010},	/*Unicode: U+007d (})*/
  {.w_px = 10,	.glyph_index = 15162},	/*Unicode: U+007e (~)*/
  {.w_px = 8,	.glyph_index = 15352},	/*Unicode: U+00b0 (°)*/
  {.w_px = 4,	.glyph_index = 15504},	/*Unicode: U+00b7 (·)*/
  {.w_px = 8,	.glyph_index = 15580},	/*Unicode: U+00d7 (×)*/
  {.w_px = 9,	.glyph_index = 15732},	/*Unicode: U+00e8 (è)*/
  {.w_px = 5,	.glyph_index = 15903},	/*Unicode: U+02da (˚)*/
  {.w_px = 17,	.glyph_index = 15998},	/*Unicode: U+ac00 (가)*/
  {.w_px = 16,	.glyph_index = 16321},	/*Unicode: U+ac04 (간)*/
  {.w_px = 16,	.glyph_index = 16625},	/*Unicode: U+ac12 (값)*/
  {.w_px = 15,	.glyph_index = 16929},	/*Unicode: U+ac1c (개)*/
  {.w_px = 15,	.glyph_index = 17214},	/*Unicode: U+ac70 (거)*/
  {.w_px = 15,	.glyph_index = 17499},	/*Unicode: U+ac80 (검)*/
  {.w_px = 16,	.glyph_index = 17784},	/*Unicode: U+ace0 (고)*/
  {.w_px = 16,	.glyph_index = 18088},	/*Unicode: U+ace8 (골)*/
  {.w_px = 16,	.glyph_index = 18392},	/*Unicode: U+acf5 (공)*/
  {.w_px = 16,	.glyph_index = 18696},	/*Unicode: U+acfc (과)*/
  {.w_px = 16,	.glyph_index = 19000},	/*Unicode: U+ad6c (구)*/
  {.w_px = 16,	.glyph_index = 19304},	/*Unicode: U+addc (규)*/
  {.w_px = 16,	.glyph_index = 19608},	/*Unicode: U+ade0 (균)*/
  {.w_px = 16,	.glyph_index = 19912},	/*Unicode: U+ae08 (금)*/
  {.w_px = 16,	.glyph_index = 20216},	/*Unicode: U+ae09 (급)*/
  {.w_px = 15,	.glyph_index = 20520},	/*Unicode: U+ae30 (기)*/
  {.w_px = 15,	.glyph_index = 20805},	/*Unicode: U+ae40 (김)*/
  {.w_px = 17,	.glyph_index = 21090},	/*Unicode: U+ae4c (까)*/
  {.w_px = 16,	.glyph_index = 21413},	/*Unicode: U+b098 (나)*/
  {.w_px = 15,	.glyph_index = 21717},	/*Unicode: U+b0b4 (내)*/
  {.w_px = 14,	.glyph_index = 22002},	/*Unicode: U+b118 (넘)*/
  {.w_px = 16,	.glyph_index = 22268},	/*Unicode: U+b204 (누)*/
  {.w_px = 16,	.glyph_index = 22572},	/*Unicode: U+b294 (는)*/
  {.w_px = 16,	.glyph_index = 22876},	/*Unicode: U+b2a5 (능)*/
  {.w_px = 14,	.glyph_index = 23180},	/*Unicode: U+b2c8 (니)*/
  {.w_px = 16,	.glyph_index = 23446},	/*Unicode: U+b2e4 (다)*/
  {.w_px = 15,	.glyph_index = 23750},	/*Unicode: U+b2e8 (단)*/
  {.w_px = 14,	.glyph_index = 24035},	/*Unicode: U+b300 (대)*/
  {.w_px = 14,	.glyph_index = 24301},	/*Unicode: U+b354 (더)*/
  {.w_px = 14,	.glyph_index = 24567},	/*Unicode: U+b364 (덤)*/
  {.w_px = 14,	.glyph_index = 24833},	/*Unicode: U+b370 (데)*/
  {.w_px = 16,	.glyph_index = 25099},	/*Unicode: U+b3c4 (도)*/
  {.w_px = 16,	.glyph_index = 25403},	/*Unicode: U+b3d9 (동)*/
  {.w_px = 15,	.glyph_index = 25707},	/*Unicode: U+b418 (되)*/
  {.w_px = 15,	.glyph_index = 25992},	/*Unicode: U+b41c (된)*/
  {.w_px = 15,	.glyph_index = 26277},	/*Unicode: U+b420 (될)*/
  {.w_px = 15,	.glyph_index = 26562},	/*Unicode: U+b429 (됩)*/
  {.w_px = 16,	.glyph_index = 26847},	/*Unicode: U+b4dc (드)*/
  {.w_px = 16,	.glyph_index = 27151},	/*Unicode: U+b4e0 (든)*/
  {.w_px = 14,	.glyph_index = 27455},	/*Unicode: U+b514 (디)*/
  {.w_px = 16,	.glyph_index = 27721},	/*Unicode: U+b77d (락)*/
  {.w_px = 16,	.glyph_index = 28025},	/*Unicode: U+b78d (랍)*/
  {.w_px = 14,	.glyph_index = 28329},	/*Unicode: U+b79c (랜)*/
  {.w_px = 16,	.glyph_index = 28595},	/*Unicode: U+b7c9 (량)*/
  {.w_px = 14,	.glyph_index = 28899},	/*Unicode: U+b7ec (러)*/
  {.w_px = 14,	.glyph_index = 29165},	/*Unicode: U+b825 (력)*/
  {.w_px = 14,	.glyph_index = 29431},	/*Unicode: U+b82c (렬)*/
  {.w_px = 16,	.glyph_index = 29697},	/*Unicode: U+b85c (로)*/
  {.w_px = 16,	.glyph_index = 30001},	/*Unicode: U+b85d (록)*/
  {.w_px = 16,	.glyph_index = 30305},	/*Unicode: U+b864 (롤)*/
  {.w_px = 16,	.glyph_index = 30609},	/*Unicode: U+b86c (롬)*/
  {.w_px = 16,	.glyph_index = 30913},	/*Unicode: U+b86f (롯)*/
  {.w_px = 16,	.glyph_index = 31217},	/*Unicode: U+b8cc (료)*/
  {.w_px = 16,	.glyph_index = 31521},	/*Unicode: U+b8e8 (루)*/
  {.w_px = 16,	.glyph_index = 31825},	/*Unicode: U+b958 (류)*/
  {.w_px = 16,	.glyph_index = 32129},	/*Unicode: U+b97c (를)*/
  {.w_px = 16,	.glyph_index = 32433},	/*Unicode: U+b984 (름)*/
  {.w_px = 14,	.glyph_index = 32737},	/*Unicode: U+b9ac (리)*/
  {.w_px = 16,	.glyph_index = 33003},	/*Unicode: U+b9c8 (마)*/
  {.w_px = 16,	.glyph_index = 33307},	/*Unicode: U+b9de (맞)*/
  {.w_px = 14,	.glyph_index = 33611},	/*Unicode: U+b9e4 (매)*/
  {.w_px = 15,	.glyph_index = 33877},	/*Unicode: U+b9f7 (맷)*/
  {.w_px = 14,	.glyph_index = 34162},	/*Unicode: U+ba74 (면)*/
  {.w_px = 14,	.glyph_index = 34428},	/*Unicode: U+ba85 (명)*/
  {.w_px = 16,	.glyph_index = 34694},	/*Unicode: U+baa8 (모)*/
  {.w_px = 16,	.glyph_index = 34998},	/*Unicode: U+babb (못)*/
  {.w_px = 16,	.glyph_index = 35302},	/*Unicode: U+bb3c (물)*/
  {.w_px = 15,	.glyph_index = 35606},	/*Unicode: U+bc0f (및)*/
  {.w_px = 16,	.glyph_index = 35891},	/*Unicode: U+bc14 (바)*/
  {.w_px = 16,	.glyph_index = 36195},	/*Unicode: U+bc1c (발)*/
  {.w_px = 14,	.glyph_index = 36499},	/*Unicode: U+bc30 (배)*/
  {.w_px = 14,	.glyph_index = 36765},	/*Unicode: U+bc31 (백)*/
  {.w_px = 14,	.glyph_index = 37031},	/*Unicode: U+bc38 (밸)*/
  {.w_px = 14,	.glyph_index = 37297},	/*Unicode: U+bc84 (버)*/
  {.w_px = 14,	.glyph_index = 37563},	/*Unicode: U+bc88 (번)*/
  {.w_px = 14,	.glyph_index = 37829},	/*Unicode: U+bca4 (벤)*/
  {.w_px = 16,	.glyph_index = 38095},	/*Unicode: U+bcf4 (보)*/
  {.w_px = 16,	.glyph_index = 38399},	/*Unicode: U+bcf5 (복)*/
  {.w_px = 16,	.glyph_index = 38703},	/*Unicode: U+bd80 (부)*/
  {.w_px = 16,	.glyph_index = 39007},	/*Unicode: U+bd84 (분)*/
  {.w_px = 16,	.glyph_index = 39311},	/*Unicode: U+bd88 (불)*/
  {.w_px = 16,	.glyph_index = 39615},	/*Unicode: U+be0c (브)*/
  {.w_px = 16,	.glyph_index = 39919},	/*Unicode: U+be14 (블)*/
  {.w_px = 14,	.glyph_index = 40223},	/*Unicode: U+be44 (비)*/
  {.w_px = 14,	.glyph_index = 40489},	/*Unicode: U+be4c (빌)*/
  {.w_px = 14,	.glyph_index = 40755},	/*Unicode: U+be59 (빙)*/
  {.w_px = 18,	.glyph_index = 41021},	/*Unicode: U+c0ac (사)*/
  {.w_px = 16,	.glyph_index = 41363},	/*Unicode: U+c0ad (삭)*/
  {.w_px = 16,	.glyph_index = 41667},	/*Unicode: U+c0c1 (상)*/
  {.w_px = 15,	.glyph_index = 41971},	/*Unicode: U+c0d8 (샘)*/
  {.w_px = 15,	.glyph_index = 42256},	/*Unicode: U+c0dd (생)*/
  {.w_px = 16,	.glyph_index = 42541},	/*Unicode: U+c11c (서)*/
  {.w_px = 15,	.glyph_index = 42845},	/*Unicode: U+c120 (선)*/
  {.w_px = 15,	.glyph_index = 43130},	/*Unicode: U+c124 (설)*/
  {.w_px = 15,	.glyph_index = 43415},	/*Unicode: U+c131 (성)*/
  {.w_px = 15,	.glyph_index = 43700},	/*Unicode: U+c138 (세)*/
  {.w_px = 15,	.glyph_index = 43985},	/*Unicode: U+c139 (섹)*/
  {.w_px = 16,	.glyph_index = 44270},	/*Unicode: U+c14b (셋)*/
  {.w_px = 15,	.glyph_index = 44574},	/*Unicode: U+c158 (션)*/
  {.w_px = 16,	.glyph_index = 44859},	/*Unicode: U+c18c (소)*/
  {.w_px = 16,	.glyph_index = 45163},	/*Unicode: U+c18d (속)*/
  {.w_px = 16,	.glyph_index = 45467},	/*Unicode: U+c190 (손)*/
  {.w_px = 16,	.glyph_index = 45771},	/*Unicode: U+c1a1 (송)*/
  {.w_px = 16,	.glyph_index = 46075},	/*Unicode: U+c218 (수)*/
  {.w_px = 16,	.glyph_index = 46379},	/*Unicode: U+c2a4 (스)*/
  {.w_px = 16,	.glyph_index = 46683},	/*Unicode: U+c2ac (슬)*/
  {.w_px = 16,	.glyph_index = 46987},	/*Unicode: U+c2b5 (습)*/
  {.w_px = 16,	.glyph_index = 47291},	/*Unicode: U+c2dc (시)*/
  {.w_px = 15,	.glyph_index = 47595},	/*Unicode: U+c2e0 (신)*/
  {.w_px = 15,	.glyph_index = 47880},	/*Unicode: U+c2e4 (실)*/
  {.w_px = 16,	.glyph_index = 48165},	/*Unicode: U+c4f0 (쓰)*/
  {.w_px = 16,	.glyph_index = 48469},	/*Unicode: U+c4f8 (쓸)*/
  {.w_px = 16,	.glyph_index = 48773},	/*Unicode: U+c548 (안)*/
  {.w_px = 16,	.glyph_index = 49077},	/*Unicode: U+c54a (않)*/
  {.w_px = 16,	.glyph_index = 49381},	/*Unicode: U+c554 (암)*/
  {.w_px = 16,	.glyph_index = 49685},	/*Unicode: U+c558 (았)*/
  {.w_px = 16,	.glyph_index = 49989},	/*Unicode: U+c57c (야)*/
  {.w_px = 15,	.glyph_index = 50293},	/*Unicode: U+c5b4 (어)*/
  {.w_px = 14,	.glyph_index = 50578},	/*Unicode: U+c5bc (얼)*/
  {.w_px = 14,	.glyph_index = 50844},	/*Unicode: U+c5c5 (업)*/
  {.w_px = 15,	.glyph_index = 51110},	/*Unicode: U+c5c6 (없)*/
  {.w_px = 15,	.glyph_index = 51395},	/*Unicode: U+c5c8 (었)*/
  {.w_px = 15,	.glyph_index = 51680},	/*Unicode: U+c5d0 (에)*/
  {.w_px = 15,	.glyph_index = 51965},	/*Unicode: U+c5ec (여)*/
  {.w_px = 15,	.glyph_index = 52250},	/*Unicode: U+c5f0 (연)*/
  {.w_px = 14,	.glyph_index = 52535},	/*Unicode: U+c5f4 (열)*/
  {.w_px = 16,	.glyph_index = 52801},	/*Unicode: U+c624 (오)*/
  {.w_px = 16,	.glyph_index = 53105},	/*Unicode: U+c628 (온)*/
  {.w_px = 16,	.glyph_index = 53409},	/*Unicode: U+c62c (올)*/
  {.w_px = 16,	.glyph_index = 53713},	/*Unicode: U+c640 (와)*/
  {.w_px = 16,	.glyph_index = 54017},	/*Unicode: U+c644 (완)*/
  {.w_px = 16,	.glyph_index = 54321},	/*Unicode: U+c694 (요)*/
  {.w_px = 16,	.glyph_index = 54625},	/*Unicode: U+c6a9 (용)*/
  {.w_px = 16,	.glyph_index = 54929},	/*Unicode: U+c6b4 (운)*/
  {.w_px = 15,	.glyph_index = 55233},	/*Unicode: U+c6d0 (원)*/
  {.w_px = 15,	.glyph_index = 55518},	/*Unicode: U+c6e8 (웨)*/
  {.w_px = 15,	.glyph_index = 55803},	/*Unicode: U+c704 (위)*/
  {.w_px = 16,	.glyph_index = 56088},	/*Unicode: U+c720 (유)*/
  {.w_px = 16,	.glyph_index = 56392},	/*Unicode: U+c740 (은)*/
  {.w_px = 16,	.glyph_index = 56696},	/*Unicode: U+c744 (을)*/
  {.w_px = 16,	.glyph_index = 57000},	/*Unicode: U+c74c (음)*/
  {.w_px = 15,	.glyph_index = 57304},	/*Unicode: U+c758 (의)*/
  {.w_px = 15,	.glyph_index = 57589},	/*Unicode: U+c774 (이)*/
  {.w_px = 15,	.glyph_index = 57874},	/*Unicode: U+c778 (인)*/
  {.w_px = 14,	.glyph_index = 58159},	/*Unicode: U+c77c (일)*/
  {.w_px = 14,	.glyph_index = 58425},	/*Unicode: U+c77d (읽)*/
  {.w_px = 14,	.glyph_index = 58691},	/*Unicode: U+c785 (입)*/
  {.w_px = 15,	.glyph_index = 58957},	/*Unicode: U+c788 (있)*/
  {.w_px = 16,	.glyph_index = 59242},	/*Unicode: U+c791 (작)*/
  {.w_px = 16,	.glyph_index = 59546},	/*Unicode: U+c798 (잘)*/
  {.w_px = 16,	.glyph_index = 59850},	/*Unicode: U+c7a0 (잠)*/
  {.w_px = 16,	.glyph_index = 60154},	/*Unicode: U+c7a5 (장)*/
  {.w_px = 15,	.glyph_index = 60458},	/*Unicode: U+c7ac (재)*/
  {.w_px = 15,	.glyph_index = 60743},	/*Unicode: U+c801 (적)*/
  {.w_px = 15,	.glyph_index = 61028},	/*Unicode: U+c804 (전)*/
  {.w_px = 15,	.glyph_index = 61313},	/*Unicode: U+c815 (정)*/
  {.w_px = 15,	.glyph_index = 61598},	/*Unicode: U+c81c (제)*/
  {.w_px = 16,	.glyph_index = 61883},	/*Unicode: U+c870 (조)*/
  {.w_px = 16,	.glyph_index = 62187},	/*Unicode: U+c871 (족)*/
  {.w_px = 16,	.glyph_index = 62491},	/*Unicode: U+c885 (종)*/
  {.w_px = 16,	.glyph_index = 62795},	/*Unicode: U+c88c (좌)*/
  {.w_px = 16,	.glyph_index = 63099},	/*Unicode: U+c8fc (주)*/
  {.w_px = 16,	.glyph_index = 63403},	/*Unicode: U+c900 (준)*/
  {.w_px = 16,	.glyph_index = 63707},	/*Unicode: U+c911 (중)*/
  {.w_px = 16,	.glyph_index = 64011},	/*Unicode: U+c988 (즈)*/
  {.w_px = 16,	.glyph_index = 64315},	/*Unicode: U+c989 (즉)*/
  {.w_px = 15,	.glyph_index = 64619},	/*Unicode: U+c9c0 (지)*/
  {.w_px = 15,	.glyph_index = 64904},	/*Unicode: U+c9c4 (진)*/
  {.w_px = 16,	.glyph_index = 65189},	/*Unicode: U+cc3e (찾)*/
  {.w_px = 16,	.glyph_index = 65493},	/*Unicode: U+cd08 (초)*/
  {.w_px = 16,	.glyph_index = 65797},	/*Unicode: U+cd1d (총)*/
  {.w_px = 15,	.glyph_index = 66101},	/*Unicode: U+cd5c (최)*/
  {.w_px = 15,	.glyph_index = 66386},	/*Unicode: U+cde8 (취)*/
  {.w_px = 15,	.glyph_index = 66671},	/*Unicode: U+ce58 (치)*/
  {.w_px = 15,	.glyph_index = 66956},	/*Unicode: U+ce69 (칩)*/
  {.w_px = 17,	.glyph_index = 67241},	/*Unicode: U+ce74 (카)*/
  {.w_px = 15,	.glyph_index = 67564},	/*Unicode: U+cee4 (커)*/
  {.w_px = 15,	.glyph_index = 67849},	/*Unicode: U+cee8 (컨)*/
  {.w_px = 16,	.glyph_index = 68134},	/*Unicode: U+cf54 (코)*/
  {.w_px = 16,	.glyph_index = 68438},	/*Unicode: U+cf58 (콘)*/
  {.w_px = 16,	.glyph_index = 68742},	/*Unicode: U+d06c (크)*/
  {.w_px = 15,	.glyph_index = 69046},	/*Unicode: U+d0a4 (키)*/
  {.w_px = 16,	.glyph_index = 69331},	/*Unicode: U+d0b7 (킷)*/
  {.w_px = 16,	.glyph_index = 69635},	/*Unicode: U+d0c0 (타)*/
  {.w_px = 14,	.glyph_index = 69939},	/*Unicode: U+d0dc (태)*/
  {.w_px = 14,	.glyph_index = 70205},	/*Unicode: U+d0dd (택)*/
  {.w_px = 14,	.glyph_index = 70471},	/*Unicode: U+d130 (터)*/
  {.w_px = 14,	.glyph_index = 70737},	/*Unicode: U+d14c (테)*/
  {.w_px = 14,	.glyph_index = 71003},	/*Unicode: U+d15c (템)*/
  {.w_px = 16,	.glyph_index = 71269},	/*Unicode: U+d22c (투)*/
  {.w_px = 16,	.glyph_index = 71573},	/*Unicode: U+d2b8 (트)*/
  {.w_px = 14,	.glyph_index = 71877},	/*Unicode: U+d2f0 (티)*/
  {.w_px = 14,	.glyph_index = 72143},	/*Unicode: U+d2f1 (틱)*/
  {.w_px = 17,	.glyph_index = 72409},	/*Unicode: U+d30c (파)*/
  {.w_px = 15,	.glyph_index = 72732},	/*Unicode: U+d328 (패)*/
  {.w_px = 15,	.glyph_index = 73017},	/*Unicode: U+d37c (퍼)*/
  {.w_px = 15,	.glyph_index = 73302},	/*Unicode: U+d38c (펌)*/
  {.w_px = 15,	.glyph_index = 73587},	/*Unicode: U+d3c9 (평)*/
  {.w_px = 16,	.glyph_index = 73872},	/*Unicode: U+d3ec (포)*/
  {.w_px = 16,	.glyph_index = 74176},	/*Unicode: U+d3f4 (폴)*/
  {.w_px = 16,	.glyph_index = 74480},	/*Unicode: U+d45c (표)*/
  {.w_px = 16,	.glyph_index = 74784},	/*Unicode: U+d488 (품)*/
  {.w_px = 16,	.glyph_index = 75088},	/*Unicode: U+d4e8 (퓨)*/
  {.w_px = 16,	.glyph_index = 75392},	/*Unicode: U+d504 (프)*/
  {.w_px = 16,	.glyph_index = 75696},	/*Unicode: U+d50c (플)*/
  {.w_px = 15,	.glyph_index = 76000},	/*Unicode: U+d544 (필)*/
  {.w_px = 16,	.glyph_index = 76285},	/*Unicode: U+d558 (하)*/
  {.w_px = 16,	.glyph_index = 76589},	/*Unicode: U+d55c (한)*/
  {.w_px = 16,	.glyph_index = 76893},	/*Unicode: U+d560 (할)*/
  {.w_px = 16,	.glyph_index = 77197},	/*Unicode: U+d569 (합)*/
  {.w_px = 15,	.glyph_index = 77501},	/*Unicode: U+d574 (해)*/
  {.w_px = 16,	.glyph_index = 77786},	/*Unicode: U+d588 (했)*/
  {.w_px = 15,	.glyph_index = 78090},	/*Unicode: U+d589 (행)*/
  {.w_px = 15,	.glyph_index = 78375},	/*Unicode: U+d5ec (헬)*/
  {.w_px = 15,	.glyph_index = 78660},	/*Unicode: U+d604 (현)*/
  {.w_px = 15,	.glyph_index = 78945},	/*Unicode: U+d615 (형)*/
  {.w_px = 16,	.glyph_index = 79230},	/*Unicode: U+d638 (호)*/
  {.w_px = 16,	.glyph_index = 79534},	/*Unicode: U+d639 (혹)*/
  {.w_px = 16,	.glyph_index = 79838},	/*Unicode: U+d654 (화)*/
  {.w_px = 16,	.glyph_index = 80142},	/*Unicode: U+d655 (확)*/
  {.w_px = 15,	.glyph_index = 80446},	/*Unicode: U+d68c (회)*/
  {.w_px = 16,	.glyph_index = 80731},	/*Unicode: U+d69f (횟)*/

#endif
};

/*List of unicode characters*/
static const uint32_t ubuntu_mono_unicode_list[] =
{
  0x0020, /*( )*/
  0x0021, /*(!)*/
  0x0022, /*(")*/
  0x0023, /*(#)*/
  0x0024, /*($)*/
  0x0025, /*(%)*/
  0x0026, /*(&)*/
  0x0027, /*(')*/
  0x0028, /*(()*/
  0x0029, /*())*/
  0x002a, /*(*)*/
  0x002b, /*(+)*/
  0x002c, /*(,)*/
  0x002d, /*(-)*/
  0x002e, /*(.)*/
  0x002f, /*(/)*/
  0x0030, /*(0)*/
  0x0031, /*(1)*/
  0x0032, /*(2)*/
  0x0033, /*(3)*/
  0x0034, /*(4)*/
  0x0035, /*(5)*/
  0x0036, /*(6)*/
  0x0037, /*(7)*/
  0x0038, /*(8)*/
  0x0039, /*(9)*/
  0x003a, /*(:)*/
  0x003b, /*(;)*/
  0x003c, /*(<)*/
  0x003d, /*(=)*/
  0x003e, /*(>)*/
  0x003f, /*(?)*/
  0x0040, /*(@)*/
  0x0041, /*(A)*/
  0x0042, /*(B)*/
  0x0043, /*(C)*/
  0x0044, /*(D)*/
  0x0045, /*(E)*/
  0x0046, /*(F)*/
  0x0047, /*(G)*/
  0x0048, /*(H)*/
  0x0049, /*(I)*/
  0x004a, /*(J)*/
  0x004b, /*(K)*/
  0x004c, /*(L)*/
  0x004d, /*(M)*/
  0x004e, /*(N)*/
  0x004f, /*(O)*/
  0x0050, /*(P)*/
  0x0051, /*(Q)*/
  0x0052, /*(R)*/
  0x0053, /*(S)*/
  0x0054, /*(T)*/
  0x0055, /*(U)*/
  0x0056, /*(V)*/
  0x0057, /*(W)*/
  0x0058, /*(X)*/
  0x0059, /*(Y)*/
  0x005a, /*(Z)*/
  0x005b, /*([)*/
  0x005c, /*(\)*/
  0x005d, /*(])*/
  0x005e, /*(^)*/
  0x005f, /*(_)*/
  0x0060, /*(`)*/
  0x0061, /*(a)*/
  0x0062, /*(b)*/
  0x0063, /*(c)*/
  0x0064, /*(d)*/
  0x0065, /*(e)*/
  0x0066, /*(f)*/
  0x0067, /*(g)*/
  0x0068, /*(h)*/
  0x0069, /*(i)*/
  0x006a, /*(j)*/
  0x006b, /*(k)*/
  0x006c, /*(l)*/
  0x006d, /*(m)*/
  0x006e, /*(n)*/
  0x006f, /*(o)*/
  0x0070, /*(p)*/
  0x0071, /*(q)*/
  0x0072, /*(r)*/
  0x0073, /*(s)*/
  0x0074, /*(t)*/
  0x0075, /*(u)*/
  0x0076, /*(v)*/
  0x0077, /*(w)*/
  0x0078, /*(x)*/
  0x0079, /*(y)*/
  0x007a, /*(z)*/
  0x007b, /*({)*/
  0x007c, /*(|)*/
  0x007d, /*(})*/
  0x007e, /*(~)*/
  0x00b0, /*(°)*/
  0x00b7, /*(·)*/
  0x00d7, /*(×)*/
  0x00e8, /*(è)*/
  0x02da, /*(˚)*/
  0xac00, /*(가)*/
  0xac04, /*(간)*/
  0xac12, /*(값)*/
  0xac1c, /*(개)*/
  0xac70, /*(거)*/
  0xac80, /*(검)*/
  0xace0, /*(고)*/
  0xace8, /*(골)*/
  0xacf5, /*(공)*/
  0xacfc, /*(과)*/
  0xad6c, /*(구)*/
  0xaddc, /*(규)*/
  0xade0, /*(균)*/
  0xae08, /*(금)*/
  0xae09, /*(급)*/
  0xae30, /*(기)*/
  0xae40, /*(김)*/
  0xae4c, /*(까)*/
  0xb098, /*(나)*/
  0xb0b4, /*(내)*/
  0xb118, /*(넘)*/
  0xb204, /*(누)*/
  0xb294, /*(는)*/
  0xb2a5, /*(능)*/
  0xb2c8, /*(니)*/
  0xb2e4, /*(다)*/
  0xb2e8, /*(단)*/
  0xb300, /*(대)*/
  0xb354, /*(더)*/
  0xb364, /*(덤)*/
  0xb370, /*(데)*/
  0xb3c4, /*(도)*/
  0xb3d9, /*(동)*/
  0xb418, /*(되)*/
  0xb41c, /*(된)*/
  0xb420, /*(될)*/
  0xb429, /*(됩)*/
  0xb4dc, /*(드)*/
  0xb4e0, /*(든)*/
  0xb514, /*(디)*/
  0xb77d, /*(락)*/
  0xb78d, /*(랍)*/
  0xb79c, /*(랜)*/
  0xb7c9, /*(량)*/
  0xb7ec, /*(러)*/
  0xb825, /*(력)*/
  0xb82c, /*(렬)*/
  0xb85c, /*(로)*/
  0xb85d, /*(록)*/
  0xb864, /*(롤)*/
  0xb86c, /*(롬)*/
  0xb86f, /*(롯)*/
  0xb8cc, /*(료)*/
  0xb8e8, /*(루)*/
  0xb958, /*(류)*/
  0xb97c, /*(를)*/
  0xb984, /*(름)*/
  0xb9ac, /*(리)*/
  0xb9c8, /*(마)*/
  0xb9de, /*(맞)*/
  0xb9e4, /*(매)*/
  0xb9f7, /*(맷)*/
  0xba74, /*(면)*/
  0xba85, /*(명)*/
  0xbaa8, /*(모)*/
  0xbabb, /*(못)*/
  0xbb3c, /*(물)*/
  0xbc0f, /*(및)*/
  0xbc14, /*(바)*/
  0xbc1c, /*(발)*/
  0xbc30, /*(배)*/
  0xbc31, /*(백)*/
  0xbc38, /*(밸)*/
  0xbc84, /*(버)*/
  0xbc88, /*(번)*/
  0xbca4, /*(벤)*/
  0xbcf4, /*(보)*/
  0xbcf5, /*(복)*/
  0xbd80, /*(부)*/
  0xbd84, /*(분)*/
  0xbd88, /*(불)*/
  0xbe0c, /*(브)*/
  0xbe14, /*(블)*/
  0xbe44, /*(비)*/
  0xbe4c, /*(빌)*/
  0xbe59, /*(빙)*/
  0xc0ac, /*(사)*/
  0xc0ad, /*(삭)*/
  0xc0c1, /*(상)*/
  0xc0d8, /*(샘)*/
  0xc0dd, /*(생)*/
  0xc11c, /*(서)*/
  0xc120, /*(선)*/
  0xc124, /*(설)*/
  0xc131, /*(성)*/
  0xc138, /*(세)*/
  0xc139, /*(섹)*/
  0xc14b, /*(셋)*/
  0xc158, /*(션)*/
  0xc18c, /*(소)*/
  0xc18d, /*(속)*/
  0xc190, /*(손)*/
  0xc1a1, /*(송)*/
  0xc218, /*(수)*/
  0xc2a4, /*(스)*/
  0xc2ac, /*(슬)*/
  0xc2b5, /*(습)*/
  0xc2dc, /*(시)*/
  0xc2e0, /*(신)*/
  0xc2e4, /*(실)*/
  0xc4f0, /*(쓰)*/
  0xc4f8, /*(쓸)*/
  0xc548, /*(안)*/
  0xc54a, /*(않)*/
  0xc554, /*(암)*/
  0xc558, /*(았)*/
  0xc57c, /*(야)*/
  0xc5b4, /*(어)*/
  0xc5bc, /*(얼)*/
  0xc5c5, /*(업)*/
  0xc5c6, /*(없)*/
  0xc5c8, /*(었)*/
  0xc5d0, /*(에)*/
  0xc5ec, /*(여)*/
  0xc5f0, /*(연)*/
  0xc5f4, /*(열)*/
  0xc624, /*(오)*/
  0xc628, /*(온)*/
  0xc62c, /*(올)*/
  0xc640, /*(와)*/
  0xc644, /*(완)*/
  0xc694, /*(요)*/
  0xc6a9, /*(용)*/
  0xc6b4, /*(운)*/
  0xc6d0, /*(원)*/
  0xc6e8, /*(웨)*/
  0xc704, /*(위)*/
  0xc720, /*(유)*/
  0xc740, /*(은)*/
  0xc744, /*(을)*/
  0xc74c, /*(음)*/
  0xc758, /*(의)*/
  0xc774, /*(이)*/
  0xc778, /*(인)*/
  0xc77c, /*(일)*/
  0xc77d, /*(읽)*/
  0xc785, /*(입)*/
  0xc788, /*(있)*/
  0xc791, /*(작)*/
  0xc798, /*(잘)*/
  0xc7a0, /*(잠)*/
  0xc7a5, /*(장)*/
  0xc7ac, /*(재)*/
  0xc801, /*(적)*/
  0xc804, /*(전)*/
  0xc815, /*(정)*/
  0xc81c, /*(제)*/
  0xc870, /*(조)*/
  0xc871, /*(족)*/
  0xc885, /*(종)*/
  0xc88c, /*(좌)*/
  0xc8fc, /*(주)*/
  0xc900, /*(준)*/
  0xc911, /*(중)*/
  0xc988, /*(즈)*/
  0xc989, /*(즉)*/
  0xc9c0, /*(지)*/
  0xc9c4, /*(진)*/
  0xcc3e, /*(찾)*/
  0xcd08, /*(초)*/
  0xcd1d, /*(총)*/
  0xcd5c, /*(최)*/
  0xcde8, /*(취)*/
  0xce58, /*(치)*/
  0xce69, /*(칩)*/
  0xce74, /*(카)*/
  0xcee4, /*(커)*/
  0xcee8, /*(컨)*/
  0xcf54, /*(코)*/
  0xcf58, /*(콘)*/
  0xd06c, /*(크)*/
  0xd0a4, /*(키)*/
  0xd0b7, /*(킷)*/
  0xd0c0, /*(타)*/
  0xd0dc, /*(태)*/
  0xd0dd, /*(택)*/
  0xd130, /*(터)*/
  0xd14c, /*(테)*/
  0xd15c, /*(템)*/
  0xd22c, /*(투)*/
  0xd2b8, /*(트)*/
  0xd2f0, /*(티)*/
  0xd2f1, /*(틱)*/
  0xd30c, /*(파)*/
  0xd328, /*(패)*/
  0xd37c, /*(퍼)*/
  0xd38c, /*(펌)*/
  0xd3c9, /*(평)*/
  0xd3ec, /*(포)*/
  0xd3f4, /*(폴)*/
  0xd45c, /*(표)*/
  0xd488, /*(품)*/
  0xd4e8, /*(퓨)*/
  0xd504, /*(프)*/
  0xd50c, /*(플)*/
  0xd544, /*(필)*/
  0xd558, /*(하)*/
  0xd55c, /*(한)*/
  0xd560, /*(할)*/
  0xd569, /*(합)*/
  0xd574, /*(해)*/
  0xd588, /*(했)*/
  0xd589, /*(행)*/
  0xd5ec, /*(헬)*/
  0xd604, /*(현)*/
  0xd615, /*(형)*/
  0xd638, /*(호)*/
  0xd639, /*(혹)*/
  0xd654, /*(화)*/
  0xd655, /*(확)*/
  0xd68c, /*(회)*/
  0xd69f, /*(횟)*/
  0,    /*End indicator*/
};

lv_font_t ubuntu_mono =
{
    .unicode_first = 32,	/*First Unicode letter in this font*/
    .unicode_last = 65364,	/*Last Unicode letter in this font*/
    .h_px = 19,				/*Font height in pixels*/
    .glyph_bitmap = ubuntu_mono_glyph_bitmap,	/*Bitmap of glyphs*/
    .glyph_dsc = ubuntu_mono_glyph_dsc,		/*Description of glyphs*/
    .glyph_cnt = 322,			/*Number of glyphs in the font*/
    .unicode_list = ubuntu_mono_unicode_list,	/*List of unicode characters*/
    .get_bitmap = lv_font_get_bitmap_sparse,	/*Function pointer to get glyph's bitmap*/
    .get_width = lv_font_get_width_sparse,	/*Function pointer to get glyph's width*/
#if USE_UBUNTU_MONO == 8
    .bpp = 8,				/*Bit per pixel*/
#endif
    .monospace = 10,				/*Fix width (0: if not used)*/
    .next_page = NULL,		/*Pointer to a font extension*/
};

#endif /*USE_UBUNTU_MONO*/